2025-11-14 01:12:09,747 - DCRNN-Occupancy - INFO - 혼잡도 전용 데이터셋 로드 중...
2025-11-14 01:12:10,801 - DCRNN-Occupancy - INFO - Train batches: 64
2025-11-14 01:12:10,801 - DCRNN-Occupancy - INFO - Val batches: 14
2025-11-14 01:12:10,803 - DCRNN-Occupancy - INFO - 혼잡도 전용 DCRNN 모델 구성 중...
2025-11-14 01:12:10,807 - DCRNN-Occupancy - INFO - Total parameters: 454,978
2025-11-14 01:12:10,807 - DCRNN-Occupancy - INFO - Trainable parameters: 454,978
2025-11-14 01:12:11,432 - DCRNN-Occupancy - INFO - 혼잡도 모델 훈련 설정 완료
2025-11-14 01:12:11,432 - DCRNN-Occupancy - INFO - 혼잡도 모델 훈련 시작...
2025-11-14 01:14:26,294 - DCRNN-Occupancy - INFO - 혼잡도 전용 데이터셋 로드 중...
2025-11-14 01:14:27,353 - DCRNN-Occupancy - INFO - Train batches: 64
2025-11-14 01:14:27,353 - DCRNN-Occupancy - INFO - Val batches: 14
2025-11-14 01:14:27,359 - DCRNN-Occupancy - INFO - 혼잡도 전용 DCRNN 모델 구성 중...
2025-11-14 01:14:27,361 - DCRNN-Occupancy - INFO - Total parameters: 454,978
2025-11-14 01:14:27,361 - DCRNN-Occupancy - INFO - Trainable parameters: 454,978
2025-11-14 01:14:27,705 - DCRNN-Occupancy - INFO - 혼잡도 모델 훈련 설정 완료
2025-11-14 01:14:27,705 - DCRNN-Occupancy - INFO - 혼잡도 모델 훈련 시작...
2025-11-14 01:14:27,705 - DCRNN-Occupancy - INFO - 총 200 에포크 훈련 예정
2025-11-14 01:14:27,705 - DCRNN-Occupancy - INFO - 디바이스: cpu
2025-11-14 01:14:32,001 - DCRNN-Occupancy - INFO - 첫 배치 처리 시작 - X shape: torch.Size([32, 12, 22, 1]), Y shape: torch.Size([32, 22, 1])
2025-11-14 01:14:55,075 - DCRNN-Occupancy - INFO - 혼잡도 전용 데이터셋 로드 중...
2025-11-14 01:14:56,136 - DCRNN-Occupancy - INFO - Train batches: 64
2025-11-14 01:14:56,136 - DCRNN-Occupancy - INFO - Val batches: 14
2025-11-14 01:14:56,139 - DCRNN-Occupancy - INFO - 혼잡도 전용 DCRNN 모델 구성 중...
2025-11-14 01:14:56,140 - DCRNN-Occupancy - INFO - Total parameters: 453,826
2025-11-14 01:14:56,140 - DCRNN-Occupancy - INFO - Trainable parameters: 453,826
2025-11-14 01:14:56,469 - DCRNN-Occupancy - INFO - 혼잡도 모델 훈련 설정 완료
2025-11-14 01:14:56,469 - DCRNN-Occupancy - INFO - 혼잡도 모델 훈련 시작...
2025-11-14 01:14:56,469 - DCRNN-Occupancy - INFO - 총 200 에포크 훈련 예정
2025-11-14 01:14:56,469 - DCRNN-Occupancy - INFO - 디바이스: cpu
2025-11-14 01:15:00,847 - DCRNN-Occupancy - INFO - 첫 배치 처리 시작 - X shape: torch.Size([32, 12, 22, 1]), Y shape: torch.Size([32, 22, 1])
2025-11-14 01:15:01,123 - DCRNN-Occupancy - INFO - Epoch 0, Batch 0/64, Loss: 36.6741, TF Ratio: 1.000
2025-11-14 01:15:09,223 - DCRNN-Occupancy - INFO - Epoch 0, Batch 50/64, Loss: 32.0741, TF Ratio: 1.000
2025-11-14 01:15:16,714 - DCRNN-Occupancy - INFO - Epoch 0: Train Loss: 38.8875, Val Loss: 40.6518, LR: 0.002000, Time: 20.2s
2025-11-14 01:15:16,714 - DCRNN-Occupancy - INFO - 혼잡도 예측 범위: [-1.4, 10.2]명
2025-11-14 01:15:16,737 - DCRNN-Occupancy - INFO - Best occupancy model saved: checkpoints/occupancy_model/best_occupancy_model.pth
2025-11-14 01:15:16,756 - DCRNN-Occupancy - INFO - Best occupancy model saved: checkpoints/occupancy_model/best_occupancy_model.pth
2025-11-14 01:15:21,910 - DCRNN-Occupancy - INFO - Epoch 1, Batch 0/64, Loss: 32.5939, TF Ratio: 1.000
2025-11-14 01:15:30,109 - DCRNN-Occupancy - INFO - Epoch 1, Batch 50/64, Loss: 36.7261, TF Ratio: 1.000
2025-11-14 01:15:37,103 - DCRNN-Occupancy - INFO - Epoch 1: Train Loss: 35.7628, Val Loss: 40.8211, LR: 0.001998, Time: 20.3s
2025-11-14 01:15:37,103 - DCRNN-Occupancy - INFO - 혼잡도 예측 범위: [-0.3, 17.6]명
2025-11-14 01:15:41,830 - DCRNN-Occupancy - INFO - Epoch 2, Batch 0/64, Loss: 36.3668, TF Ratio: 0.999
2025-11-14 01:15:49,865 - DCRNN-Occupancy - INFO - Epoch 2, Batch 50/64, Loss: 29.2131, TF Ratio: 0.999
2025-11-14 01:15:56,876 - DCRNN-Occupancy - INFO - Epoch 2: Train Loss: 33.6457, Val Loss: 40.8680, LR: 0.001996, Time: 19.8s
2025-11-14 01:15:56,876 - DCRNN-Occupancy - INFO - 혼잡도 예측 범위: [-0.2, 23.7]명
2025-11-14 01:16:01,534 - DCRNN-Occupancy - INFO - Epoch 3, Batch 0/64, Loss: 46.5443, TF Ratio: 0.998
2025-11-14 01:16:09,389 - DCRNN-Occupancy - INFO - Epoch 3, Batch 50/64, Loss: 37.3235, TF Ratio: 0.998
2025-11-14 01:16:16,535 - DCRNN-Occupancy - INFO - Epoch 3: Train Loss: 32.0404, Val Loss: 40.6954, LR: 0.001992, Time: 19.7s
2025-11-14 01:16:16,535 - DCRNN-Occupancy - INFO - 혼잡도 예측 범위: [-0.2, 28.3]명
2025-11-14 01:16:21,111 - DCRNN-Occupancy - INFO - Epoch 4, Batch 0/64, Loss: 26.5352, TF Ratio: 0.997
2025-11-14 01:16:29,023 - DCRNN-Occupancy - INFO - Epoch 4, Batch 50/64, Loss: 31.7784, TF Ratio: 0.997
2025-11-14 01:16:36,422 - DCRNN-Occupancy - INFO - Epoch 4: Train Loss: 30.7433, Val Loss: 40.5238, LR: 0.001988, Time: 19.9s
2025-11-14 01:16:36,422 - DCRNN-Occupancy - INFO - 혼잡도 예측 범위: [-0.1, 32.9]명
2025-11-14 01:16:36,439 - DCRNN-Occupancy - INFO - Best occupancy model saved: checkpoints/occupancy_model/best_occupancy_model.pth
2025-11-14 01:16:41,624 - DCRNN-Occupancy - INFO - Epoch 5, Batch 0/64, Loss: 34.3936, TF Ratio: 0.995
2025-11-14 01:16:49,927 - DCRNN-Occupancy - INFO - Epoch 5, Batch 50/64, Loss: 32.5461, TF Ratio: 0.995
2025-11-14 01:16:57,565 - DCRNN-Occupancy - INFO - Epoch 5: Train Loss: 29.8739, Val Loss: 40.5014, LR: 0.001982, Time: 21.1s
2025-11-14 01:16:57,565 - DCRNN-Occupancy - INFO - 혼잡도 예측 범위: [-0.2, 36.7]명
2025-11-14 01:16:57,583 - DCRNN-Occupancy - INFO - Best occupancy model saved: checkpoints/occupancy_model/best_occupancy_model.pth
2025-11-14 01:17:02,759 - DCRNN-Occupancy - INFO - Epoch 6, Batch 0/64, Loss: 25.5807, TF Ratio: 0.993
2025-11-14 01:17:12,015 - DCRNN-Occupancy - INFO - Epoch 6, Batch 50/64, Loss: 26.6314, TF Ratio: 0.993
2025-11-14 01:17:19,843 - DCRNN-Occupancy - INFO - Epoch 6: Train Loss: 29.1465, Val Loss: 40.5028, LR: 0.001976, Time: 22.3s
2025-11-14 01:17:19,843 - DCRNN-Occupancy - INFO - 혼잡도 예측 범위: [-0.1, 40.4]명
2025-11-14 01:17:24,842 - DCRNN-Occupancy - INFO - Epoch 7, Batch 0/64, Loss: 19.1659, TF Ratio: 0.990
2025-11-14 01:17:33,350 - DCRNN-Occupancy - INFO - Epoch 7, Batch 50/64, Loss: 28.5627, TF Ratio: 0.990
2025-11-14 01:17:40,809 - DCRNN-Occupancy - INFO - Epoch 7: Train Loss: 27.9755, Val Loss: 40.5026, LR: 0.001969, Time: 21.0s
2025-11-14 01:17:40,809 - DCRNN-Occupancy - INFO - 혼잡도 예측 범위: [-0.1, 44.0]명
2025-11-14 01:17:45,518 - DCRNN-Occupancy - INFO - Epoch 8, Batch 0/64, Loss: 23.7348, TF Ratio: 0.987
2025-11-14 01:17:53,794 - DCRNN-Occupancy - INFO - Epoch 8, Batch 50/64, Loss: 32.0439, TF Ratio: 0.987
2025-11-14 01:18:01,153 - DCRNN-Occupancy - INFO - Epoch 8: Train Loss: 27.3670, Val Loss: 40.4967, LR: 0.001960, Time: 20.3s
2025-11-14 01:18:01,153 - DCRNN-Occupancy - INFO - 혼잡도 예측 범위: [-0.1, 47.4]명
2025-11-14 01:18:01,172 - DCRNN-Occupancy - INFO - Best occupancy model saved: checkpoints/occupancy_model/best_occupancy_model.pth
2025-11-14 01:18:06,300 - DCRNN-Occupancy - INFO - Epoch 9, Batch 0/64, Loss: 27.2793, TF Ratio: 0.984
2025-11-14 01:18:15,141 - DCRNN-Occupancy - INFO - Epoch 9, Batch 50/64, Loss: 21.3726, TF Ratio: 0.984
2025-11-14 01:18:23,141 - DCRNN-Occupancy - INFO - Epoch 9: Train Loss: 26.4567, Val Loss: 40.4996, LR: 0.001951, Time: 22.0s
2025-11-14 01:18:23,141 - DCRNN-Occupancy - INFO - 혼잡도 예측 범위: [-0.1, 50.6]명
2025-11-14 01:18:28,362 - DCRNN-Occupancy - INFO - Epoch 10, Batch 0/64, Loss: 32.3529, TF Ratio: 0.980
2025-11-14 01:18:38,282 - DCRNN-Occupancy - INFO - Epoch 10, Batch 50/64, Loss: 21.4583, TF Ratio: 0.980
2025-11-14 01:18:45,900 - DCRNN-Occupancy - INFO - Epoch 10: Train Loss: 26.0912, Val Loss: 40.3697, LR: 0.001941, Time: 22.8s
2025-11-14 01:18:45,901 - DCRNN-Occupancy - INFO - 혼잡도 예측 범위: [-0.1, 53.7]명
2025-11-14 01:18:45,918 - DCRNN-Occupancy - INFO - Best occupancy model saved: checkpoints/occupancy_model/best_occupancy_model.pth
2025-11-14 01:18:45,933 - DCRNN-Occupancy - INFO - Best occupancy model saved: checkpoints/occupancy_model/best_occupancy_model.pth
2025-11-14 01:18:50,574 - DCRNN-Occupancy - INFO - Epoch 11, Batch 0/64, Loss: 26.8396, TF Ratio: 0.976
2025-11-14 01:18:58,519 - DCRNN-Occupancy - INFO - Epoch 11, Batch 50/64, Loss: 23.0498, TF Ratio: 0.976
2025-11-14 01:19:05,412 - DCRNN-Occupancy - INFO - Epoch 11: Train Loss: 25.4848, Val Loss: 40.3204, LR: 0.001930, Time: 19.5s
2025-11-14 01:19:05,413 - DCRNN-Occupancy - INFO - 혼잡도 예측 범위: [-0.3, 56.6]명
2025-11-14 01:19:05,429 - DCRNN-Occupancy - INFO - Best occupancy model saved: checkpoints/occupancy_model/best_occupancy_model.pth
2025-11-14 01:19:10,056 - DCRNN-Occupancy - INFO - Epoch 12, Batch 0/64, Loss: 22.5041, TF Ratio: 0.972
2025-11-14 01:19:18,645 - DCRNN-Occupancy - INFO - Epoch 12, Batch 50/64, Loss: 26.2005, TF Ratio: 0.972
2025-11-14 01:19:26,459 - DCRNN-Occupancy - INFO - Epoch 12: Train Loss: 25.2113, Val Loss: 40.1758, LR: 0.001918, Time: 21.0s
2025-11-14 01:19:26,459 - DCRNN-Occupancy - INFO - 혼잡도 예측 범위: [-0.2, 59.3]명
2025-11-14 01:19:26,477 - DCRNN-Occupancy - INFO - Best occupancy model saved: checkpoints/occupancy_model/best_occupancy_model.pth
2025-11-14 01:19:31,560 - DCRNN-Occupancy - INFO - Epoch 13, Batch 0/64, Loss: 23.1392, TF Ratio: 0.967
2025-11-14 01:19:40,704 - DCRNN-Occupancy - INFO - Epoch 13, Batch 50/64, Loss: 28.4827, TF Ratio: 0.967
2025-11-14 01:19:49,310 - DCRNN-Occupancy - INFO - Epoch 13: Train Loss: 25.2802, Val Loss: 39.6166, LR: 0.001905, Time: 22.8s
2025-11-14 01:19:49,310 - DCRNN-Occupancy - INFO - 혼잡도 예측 범위: [-0.2, 61.8]명
2025-11-14 01:19:49,328 - DCRNN-Occupancy - INFO - Best occupancy model saved: checkpoints/occupancy_model/best_occupancy_model.pth
2025-11-14 01:19:54,409 - DCRNN-Occupancy - INFO - Epoch 14, Batch 0/64, Loss: 21.9793, TF Ratio: 0.962
2025-11-14 01:20:02,674 - DCRNN-Occupancy - INFO - Epoch 14, Batch 50/64, Loss: 20.7318, TF Ratio: 0.962
2025-11-14 01:20:09,987 - DCRNN-Occupancy - INFO - Epoch 14: Train Loss: 24.5783, Val Loss: 40.1493, LR: 0.001891, Time: 20.7s
2025-11-14 01:20:09,987 - DCRNN-Occupancy - INFO - 혼잡도 예측 범위: [-0.6, 64.4]명
2025-11-14 01:20:14,877 - DCRNN-Occupancy - INFO - Epoch 15, Batch 0/64, Loss: 23.4254, TF Ratio: 0.956
2025-11-14 01:20:23,076 - DCRNN-Occupancy - INFO - Epoch 15, Batch 50/64, Loss: 16.8154, TF Ratio: 0.956
2025-11-14 01:20:30,298 - DCRNN-Occupancy - INFO - Epoch 15: Train Loss: 24.0996, Val Loss: 39.7067, LR: 0.001876, Time: 20.3s
2025-11-14 01:20:30,298 - DCRNN-Occupancy - INFO - 혼잡도 예측 범위: [-1.6, 66.6]명
2025-11-14 01:20:35,014 - DCRNN-Occupancy - INFO - Epoch 16, Batch 0/64, Loss: 22.5599, TF Ratio: 0.951
2025-11-14 01:20:43,896 - DCRNN-Occupancy - INFO - Epoch 16, Batch 50/64, Loss: 26.9480, TF Ratio: 0.951
2025-11-14 01:20:52,117 - DCRNN-Occupancy - INFO - Epoch 16: Train Loss: 24.0466, Val Loss: 38.3834, LR: 0.001861, Time: 21.8s
2025-11-14 01:20:52,117 - DCRNN-Occupancy - INFO - 혼잡도 예측 범위: [-0.3, 68.8]명
2025-11-14 01:20:52,135 - DCRNN-Occupancy - INFO - Best occupancy model saved: checkpoints/occupancy_model/best_occupancy_model.pth
2025-11-14 01:20:57,304 - DCRNN-Occupancy - INFO - Epoch 17, Batch 0/64, Loss: 16.7964, TF Ratio: 0.944
2025-11-14 01:21:07,268 - DCRNN-Occupancy - INFO - Epoch 17, Batch 50/64, Loss: 14.8054, TF Ratio: 0.944
2025-11-14 01:21:14,999 - DCRNN-Occupancy - INFO - Epoch 17: Train Loss: 24.3502, Val Loss: 37.0510, LR: 0.001844, Time: 22.9s
2025-11-14 01:21:14,999 - DCRNN-Occupancy - INFO - 혼잡도 예측 범위: [-0.2, 70.9]명
2025-11-14 01:21:15,017 - DCRNN-Occupancy - INFO - Best occupancy model saved: checkpoints/occupancy_model/best_occupancy_model.pth
2025-11-14 01:21:19,877 - DCRNN-Occupancy - INFO - Epoch 18, Batch 0/64, Loss: 28.1875, TF Ratio: 0.938
2025-11-14 01:21:28,043 - DCRNN-Occupancy - INFO - Epoch 18, Batch 50/64, Loss: 21.9683, TF Ratio: 0.938
2025-11-14 01:21:35,194 - DCRNN-Occupancy - INFO - Epoch 18: Train Loss: 23.7237, Val Loss: 36.7445, LR: 0.001827, Time: 20.2s
2025-11-14 01:21:35,194 - DCRNN-Occupancy - INFO - 혼잡도 예측 범위: [-0.2, 72.9]명
2025-11-14 01:21:35,212 - DCRNN-Occupancy - INFO - Best occupancy model saved: checkpoints/occupancy_model/best_occupancy_model.pth
2025-11-14 01:21:39,771 - DCRNN-Occupancy - INFO - Epoch 19, Batch 0/64, Loss: 21.8876, TF Ratio: 0.931
2025-11-14 01:21:48,257 - DCRNN-Occupancy - INFO - Epoch 19, Batch 50/64, Loss: 27.1714, TF Ratio: 0.931
2025-11-14 01:21:55,638 - DCRNN-Occupancy - INFO - Epoch 19: Train Loss: 22.8610, Val Loss: 39.6333, LR: 0.001809, Time: 20.4s
2025-11-14 01:21:55,638 - DCRNN-Occupancy - INFO - 혼잡도 예측 범위: [-0.4, 74.9]명
2025-11-14 01:22:00,258 - DCRNN-Occupancy - INFO - Epoch 20, Batch 0/64, Loss: 27.2140, TF Ratio: 0.924
2025-11-14 01:22:08,540 - DCRNN-Occupancy - INFO - Epoch 20, Batch 50/64, Loss: 18.9741, TF Ratio: 0.924
2025-11-14 01:22:15,758 - DCRNN-Occupancy - INFO - Epoch 20: Train Loss: 22.6964, Val Loss: 36.3057, LR: 0.001790, Time: 20.1s
2025-11-14 01:22:15,758 - DCRNN-Occupancy - INFO - 혼잡도 예측 범위: [-0.2, 76.8]명
2025-11-14 01:22:15,775 - DCRNN-Occupancy - INFO - Best occupancy model saved: checkpoints/occupancy_model/best_occupancy_model.pth
2025-11-14 01:22:15,790 - DCRNN-Occupancy - INFO - Best occupancy model saved: checkpoints/occupancy_model/best_occupancy_model.pth
2025-11-14 01:22:20,458 - DCRNN-Occupancy - INFO - Epoch 21, Batch 0/64, Loss: 16.9534, TF Ratio: 0.916
2025-11-14 01:22:28,590 - DCRNN-Occupancy - INFO - Epoch 21, Batch 50/64, Loss: 32.8374, TF Ratio: 0.916
2025-11-14 01:22:35,828 - DCRNN-Occupancy - INFO - Epoch 21: Train Loss: 22.4905, Val Loss: 40.9459, LR: 0.001771, Time: 20.0s
2025-11-14 01:22:35,828 - DCRNN-Occupancy - INFO - 혼잡도 예측 범위: [-0.3, 78.7]명
2025-11-14 01:22:40,547 - DCRNN-Occupancy - INFO - Epoch 22, Batch 0/64, Loss: 20.3779, TF Ratio: 0.908
2025-11-14 01:22:49,705 - DCRNN-Occupancy - INFO - Epoch 22, Batch 50/64, Loss: 17.3742, TF Ratio: 0.908
2025-11-14 01:22:57,879 - DCRNN-Occupancy - INFO - Epoch 22: Train Loss: 22.5205, Val Loss: 36.1284, LR: 0.001750, Time: 22.1s
2025-11-14 01:22:57,879 - DCRNN-Occupancy - INFO - 혼잡도 예측 범위: [-0.1, 80.5]명
2025-11-14 01:22:57,897 - DCRNN-Occupancy - INFO - Best occupancy model saved: checkpoints/occupancy_model/best_occupancy_model.pth
2025-11-14 01:23:03,341 - DCRNN-Occupancy - INFO - Epoch 23, Batch 0/64, Loss: 40.5656, TF Ratio: 0.900
2025-11-14 01:23:12,249 - DCRNN-Occupancy - INFO - Epoch 23, Batch 50/64, Loss: 18.1967, TF Ratio: 0.900
2025-11-14 01:23:20,413 - DCRNN-Occupancy - INFO - Epoch 23: Train Loss: 21.7587, Val Loss: 35.4801, LR: 0.001729, Time: 22.5s
2025-11-14 01:23:20,413 - DCRNN-Occupancy - INFO - 혼잡도 예측 범위: [-0.4, 82.4]명
2025-11-14 01:23:20,435 - DCRNN-Occupancy - INFO - Best occupancy model saved: checkpoints/occupancy_model/best_occupancy_model.pth
2025-11-14 01:23:25,907 - DCRNN-Occupancy - INFO - Epoch 24, Batch 0/64, Loss: 21.3125, TF Ratio: 0.892
2025-11-14 01:23:35,618 - DCRNN-Occupancy - INFO - Epoch 24, Batch 50/64, Loss: 33.4594, TF Ratio: 0.892
2025-11-14 01:23:43,509 - DCRNN-Occupancy - INFO - Epoch 24: Train Loss: 23.1891, Val Loss: 33.8570, LR: 0.001707, Time: 23.1s
2025-11-14 01:23:43,509 - DCRNN-Occupancy - INFO - 혼잡도 예측 범위: [-0.4, 83.9]명
2025-11-14 01:23:43,526 - DCRNN-Occupancy - INFO - Best occupancy model saved: checkpoints/occupancy_model/best_occupancy_model.pth
2025-11-14 01:23:48,508 - DCRNN-Occupancy - INFO - Epoch 25, Batch 0/64, Loss: 32.1249, TF Ratio: 0.883
2025-11-14 01:23:57,087 - DCRNN-Occupancy - INFO - Epoch 25, Batch 50/64, Loss: 19.6933, TF Ratio: 0.883
2025-11-14 01:24:04,314 - DCRNN-Occupancy - INFO - Epoch 25: Train Loss: 22.6750, Val Loss: 33.8462, LR: 0.001685, Time: 20.8s
2025-11-14 01:24:04,314 - DCRNN-Occupancy - INFO - 혼잡도 예측 범위: [-0.1, 85.5]명
2025-11-14 01:24:04,331 - DCRNN-Occupancy - INFO - Best occupancy model saved: checkpoints/occupancy_model/best_occupancy_model.pth
2025-11-14 01:24:09,028 - DCRNN-Occupancy - INFO - Epoch 26, Batch 0/64, Loss: 26.2145, TF Ratio: 0.874
2025-11-14 01:24:17,992 - DCRNN-Occupancy - INFO - Epoch 26, Batch 50/64, Loss: 19.3771, TF Ratio: 0.874
2025-11-14 01:24:25,644 - DCRNN-Occupancy - INFO - Epoch 26: Train Loss: 20.3673, Val Loss: 33.8295, LR: 0.001661, Time: 21.3s
2025-11-14 01:24:25,645 - DCRNN-Occupancy - INFO - 혼잡도 예측 범위: [-0.1, 87.1]명
2025-11-14 01:24:25,661 - DCRNN-Occupancy - INFO - Best occupancy model saved: checkpoints/occupancy_model/best_occupancy_model.pth
2025-11-14 01:24:30,485 - DCRNN-Occupancy - INFO - Epoch 27, Batch 0/64, Loss: 10.3609, TF Ratio: 0.865
2025-11-14 01:24:39,246 - DCRNN-Occupancy - INFO - Epoch 27, Batch 50/64, Loss: 24.3490, TF Ratio: 0.865
2025-11-14 01:24:46,682 - DCRNN-Occupancy - INFO - Epoch 27: Train Loss: 21.6988, Val Loss: 33.3047, LR: 0.001638, Time: 21.0s
2025-11-14 01:24:46,682 - DCRNN-Occupancy - INFO - 혼잡도 예측 범위: [-0.1, 88.7]명
2025-11-14 01:24:46,701 - DCRNN-Occupancy - INFO - Best occupancy model saved: checkpoints/occupancy_model/best_occupancy_model.pth
2025-11-14 01:24:51,777 - DCRNN-Occupancy - INFO - Epoch 28, Batch 0/64, Loss: 24.8251, TF Ratio: 0.855
2025-11-14 01:25:00,195 - DCRNN-Occupancy - INFO - Epoch 28, Batch 50/64, Loss: 24.4442, TF Ratio: 0.855
2025-11-14 01:25:07,196 - DCRNN-Occupancy - INFO - Epoch 28: Train Loss: 22.0413, Val Loss: 33.1171, LR: 0.001613, Time: 20.5s
2025-11-14 01:25:07,196 - DCRNN-Occupancy - INFO - 혼잡도 예측 범위: [-0.2, 90.0]명
2025-11-14 01:25:07,214 - DCRNN-Occupancy - INFO - Best occupancy model saved: checkpoints/occupancy_model/best_occupancy_model.pth
2025-11-14 01:25:11,641 - DCRNN-Occupancy - INFO - Epoch 29, Batch 0/64, Loss: 14.7451, TF Ratio: 0.845
2025-11-14 01:25:19,822 - DCRNN-Occupancy - INFO - Epoch 29, Batch 50/64, Loss: 16.2809, TF Ratio: 0.845
2025-11-14 01:25:26,997 - DCRNN-Occupancy - INFO - Epoch 29: Train Loss: 21.9020, Val Loss: 32.6273, LR: 0.001588, Time: 19.8s
2025-11-14 01:25:26,997 - DCRNN-Occupancy - INFO - 혼잡도 예측 범위: [-0.1, 91.4]명
2025-11-14 01:25:27,014 - DCRNN-Occupancy - INFO - Best occupancy model saved: checkpoints/occupancy_model/best_occupancy_model.pth
2025-11-14 01:25:31,475 - DCRNN-Occupancy - INFO - Epoch 30, Batch 0/64, Loss: 19.2010, TF Ratio: 0.835
2025-11-14 01:25:39,284 - DCRNN-Occupancy - INFO - Epoch 30, Batch 50/64, Loss: 32.3527, TF Ratio: 0.835
2025-11-14 01:25:46,182 - DCRNN-Occupancy - INFO - Epoch 30: Train Loss: 21.6365, Val Loss: 32.3840, LR: 0.001562, Time: 19.2s
2025-11-14 01:25:46,182 - DCRNN-Occupancy - INFO - 혼잡도 예측 범위: [-4.9, 92.6]명
2025-11-14 01:25:46,199 - DCRNN-Occupancy - INFO - Best occupancy model saved: checkpoints/occupancy_model/best_occupancy_model.pth
2025-11-14 01:25:46,215 - DCRNN-Occupancy - INFO - Best occupancy model saved: checkpoints/occupancy_model/best_occupancy_model.pth
2025-11-14 01:25:50,676 - DCRNN-Occupancy - INFO - Epoch 31, Batch 0/64, Loss: 18.4678, TF Ratio: 0.825
2025-11-14 01:25:58,549 - DCRNN-Occupancy - INFO - Epoch 31, Batch 50/64, Loss: 27.2309, TF Ratio: 0.825
2025-11-14 01:26:05,762 - DCRNN-Occupancy - INFO - Epoch 31: Train Loss: 21.6457, Val Loss: 31.9629, LR: 0.001536, Time: 19.5s
2025-11-14 01:26:05,762 - DCRNN-Occupancy - INFO - 혼잡도 예측 범위: [-0.1, 94.0]명
2025-11-14 01:26:05,779 - DCRNN-Occupancy - INFO - Best occupancy model saved: checkpoints/occupancy_model/best_occupancy_model.pth
2025-11-14 01:26:10,626 - DCRNN-Occupancy - INFO - Epoch 32, Batch 0/64, Loss: 13.4212, TF Ratio: 0.814
2025-11-14 01:26:18,816 - DCRNN-Occupancy - INFO - Epoch 32, Batch 50/64, Loss: 24.0588, TF Ratio: 0.814
2025-11-14 01:26:26,117 - DCRNN-Occupancy - INFO - Epoch 32: Train Loss: 20.7783, Val Loss: 31.9062, LR: 0.001509, Time: 20.3s
2025-11-14 01:26:26,117 - DCRNN-Occupancy - INFO - 혼잡도 예측 범위: [-0.5, 95.3]명
2025-11-14 01:26:26,133 - DCRNN-Occupancy - INFO - Best occupancy model saved: checkpoints/occupancy_model/best_occupancy_model.pth
2025-11-14 01:26:30,600 - DCRNN-Occupancy - INFO - Epoch 33, Batch 0/64, Loss: 27.9586, TF Ratio: 0.804
2025-11-14 01:26:38,595 - DCRNN-Occupancy - INFO - Epoch 33, Batch 50/64, Loss: 17.8869, TF Ratio: 0.804
2025-11-14 01:26:46,258 - DCRNN-Occupancy - INFO - Epoch 33: Train Loss: 21.5056, Val Loss: 31.9189, LR: 0.001482, Time: 20.1s
2025-11-14 01:26:46,258 - DCRNN-Occupancy - INFO - 혼잡도 예측 범위: [-0.4, 96.4]명
2025-11-14 01:26:51,190 - DCRNN-Occupancy - INFO - Epoch 34, Batch 0/64, Loss: 18.6056, TF Ratio: 0.793
2025-11-14 01:26:59,611 - DCRNN-Occupancy - INFO - Epoch 34, Batch 50/64, Loss: 18.0682, TF Ratio: 0.793
2025-11-14 01:27:07,314 - DCRNN-Occupancy - INFO - Epoch 34: Train Loss: 20.7143, Val Loss: 32.0301, LR: 0.001454, Time: 21.1s
2025-11-14 01:27:07,314 - DCRNN-Occupancy - INFO - 혼잡도 예측 범위: [-0.1, 97.7]명
2025-11-14 01:27:11,898 - DCRNN-Occupancy - INFO - Epoch 35, Batch 0/64, Loss: 20.9684, TF Ratio: 0.782
2025-11-14 01:27:20,136 - DCRNN-Occupancy - INFO - Epoch 35, Batch 50/64, Loss: 33.4934, TF Ratio: 0.782
2025-11-14 01:27:28,045 - DCRNN-Occupancy - INFO - Epoch 35: Train Loss: 22.5452, Val Loss: 31.1600, LR: 0.001426, Time: 20.7s
2025-11-14 01:27:28,045 - DCRNN-Occupancy - INFO - 혼잡도 예측 범위: [-0.1, 98.8]명
2025-11-14 01:27:28,063 - DCRNN-Occupancy - INFO - Best occupancy model saved: checkpoints/occupancy_model/best_occupancy_model.pth
2025-11-14 01:27:33,598 - DCRNN-Occupancy - INFO - Epoch 36, Batch 0/64, Loss: 29.7332, TF Ratio: 0.770
2025-11-14 01:27:42,257 - DCRNN-Occupancy - INFO - Epoch 36, Batch 50/64, Loss: 18.2246, TF Ratio: 0.770
2025-11-14 01:27:50,404 - DCRNN-Occupancy - INFO - Epoch 36: Train Loss: 21.1907, Val Loss: 30.7118, LR: 0.001397, Time: 22.3s
2025-11-14 01:27:50,404 - DCRNN-Occupancy - INFO - 혼잡도 예측 범위: [-0.0, 99.8]명
2025-11-14 01:27:50,422 - DCRNN-Occupancy - INFO - Best occupancy model saved: checkpoints/occupancy_model/best_occupancy_model.pth
2025-11-14 01:27:55,118 - DCRNN-Occupancy - INFO - Epoch 37, Batch 0/64, Loss: 31.4035, TF Ratio: 0.759
2025-11-14 01:28:03,727 - DCRNN-Occupancy - INFO - Epoch 37, Batch 50/64, Loss: 32.0298, TF Ratio: 0.759
2025-11-14 01:28:10,984 - DCRNN-Occupancy - INFO - Epoch 37: Train Loss: 21.9501, Val Loss: 30.4937, LR: 0.001368, Time: 20.6s
2025-11-14 01:28:10,984 - DCRNN-Occupancy - INFO - 혼잡도 예측 범위: [-0.2, 100.9]명
2025-11-14 01:28:11,002 - DCRNN-Occupancy - INFO - Best occupancy model saved: checkpoints/occupancy_model/best_occupancy_model.pth
2025-11-14 01:28:15,727 - DCRNN-Occupancy - INFO - Epoch 38, Batch 0/64, Loss: 35.3229, TF Ratio: 0.747
2025-11-14 01:28:24,095 - DCRNN-Occupancy - INFO - Epoch 38, Batch 50/64, Loss: 32.8961, TF Ratio: 0.747
2025-11-14 01:28:31,579 - DCRNN-Occupancy - INFO - Epoch 38: Train Loss: 21.5730, Val Loss: 30.3768, LR: 0.001339, Time: 20.6s
2025-11-14 01:28:31,579 - DCRNN-Occupancy - INFO - 혼잡도 예측 범위: [-0.1, 101.8]명
2025-11-14 01:28:31,598 - DCRNN-Occupancy - INFO - Best occupancy model saved: checkpoints/occupancy_model/best_occupancy_model.pth
2025-11-14 01:28:36,332 - DCRNN-Occupancy - INFO - Epoch 39, Batch 0/64, Loss: 28.7683, TF Ratio: 0.735
2025-11-14 01:28:45,332 - DCRNN-Occupancy - INFO - Epoch 39, Batch 50/64, Loss: 16.3276, TF Ratio: 0.735
2025-11-14 01:28:52,663 - DCRNN-Occupancy - INFO - Epoch 39: Train Loss: 21.5020, Val Loss: 30.2350, LR: 0.001309, Time: 21.1s
2025-11-14 01:28:52,663 - DCRNN-Occupancy - INFO - 혼잡도 예측 범위: [-0.1, 102.7]명
2025-11-14 01:28:52,692 - DCRNN-Occupancy - INFO - Best occupancy model saved: checkpoints/occupancy_model/best_occupancy_model.pth
2025-11-14 01:28:57,346 - DCRNN-Occupancy - INFO - Epoch 40, Batch 0/64, Loss: 35.6068, TF Ratio: 0.724
2025-11-14 01:29:05,733 - DCRNN-Occupancy - INFO - Epoch 40, Batch 50/64, Loss: 20.2695, TF Ratio: 0.724
2025-11-14 01:29:13,099 - DCRNN-Occupancy - INFO - Epoch 40: Train Loss: 20.6993, Val Loss: 29.9175, LR: 0.001279, Time: 20.4s
2025-11-14 01:29:13,099 - DCRNN-Occupancy - INFO - 혼잡도 예측 범위: [-0.1, 103.6]명
2025-11-14 01:29:13,117 - DCRNN-Occupancy - INFO - Best occupancy model saved: checkpoints/occupancy_model/best_occupancy_model.pth
2025-11-14 01:29:13,133 - DCRNN-Occupancy - INFO - Best occupancy model saved: checkpoints/occupancy_model/best_occupancy_model.pth
2025-11-14 01:29:17,863 - DCRNN-Occupancy - INFO - Epoch 41, Batch 0/64, Loss: 27.8288, TF Ratio: 0.712
2025-11-14 01:29:26,392 - DCRNN-Occupancy - INFO - Epoch 41, Batch 50/64, Loss: 29.5853, TF Ratio: 0.712
2025-11-14 01:29:34,371 - DCRNN-Occupancy - INFO - Epoch 41: Train Loss: 21.6993, Val Loss: 29.7489, LR: 0.001249, Time: 21.2s
2025-11-14 01:29:34,371 - DCRNN-Occupancy - INFO - 혼잡도 예측 범위: [-0.6, 104.5]명
2025-11-14 01:29:34,389 - DCRNN-Occupancy - INFO - Best occupancy model saved: checkpoints/occupancy_model/best_occupancy_model.pth
2025-11-14 01:29:39,069 - DCRNN-Occupancy - INFO - Epoch 42, Batch 0/64, Loss: 21.0639, TF Ratio: 0.699
2025-11-14 01:29:47,235 - DCRNN-Occupancy - INFO - Epoch 42, Batch 50/64, Loss: 13.1636, TF Ratio: 0.699
2025-11-14 01:29:54,423 - DCRNN-Occupancy - INFO - Epoch 42: Train Loss: 21.2100, Val Loss: 30.0516, LR: 0.001219, Time: 20.0s
2025-11-14 01:29:54,423 - DCRNN-Occupancy - INFO - 혼잡도 예측 범위: [-0.2, 105.3]명
2025-11-14 01:29:59,255 - DCRNN-Occupancy - INFO - Epoch 43, Batch 0/64, Loss: 18.8648, TF Ratio: 0.687
2025-11-14 01:30:07,106 - DCRNN-Occupancy - INFO - Epoch 43, Batch 50/64, Loss: 16.7148, TF Ratio: 0.687
2025-11-14 01:30:14,257 - DCRNN-Occupancy - INFO - Epoch 43: Train Loss: 21.2833, Val Loss: 29.6286, LR: 0.001188, Time: 19.8s
2025-11-14 01:30:14,257 - DCRNN-Occupancy - INFO - 혼잡도 예측 범위: [-0.3, 106.1]명
2025-11-14 01:30:14,273 - DCRNN-Occupancy - INFO - Best occupancy model saved: checkpoints/occupancy_model/best_occupancy_model.pth
2025-11-14 01:30:18,871 - DCRNN-Occupancy - INFO - Epoch 44, Batch 0/64, Loss: 19.6185, TF Ratio: 0.675
2025-11-14 01:30:26,895 - DCRNN-Occupancy - INFO - Epoch 44, Batch 50/64, Loss: 24.4455, TF Ratio: 0.675
2025-11-14 01:30:34,001 - DCRNN-Occupancy - INFO - Epoch 44: Train Loss: 22.0453, Val Loss: 29.4175, LR: 0.001157, Time: 19.7s
2025-11-14 01:30:34,001 - DCRNN-Occupancy - INFO - 혼잡도 예측 범위: [-0.6, 106.8]명
2025-11-14 01:30:34,018 - DCRNN-Occupancy - INFO - Best occupancy model saved: checkpoints/occupancy_model/best_occupancy_model.pth
2025-11-14 01:30:38,510 - DCRNN-Occupancy - INFO - Epoch 45, Batch 0/64, Loss: 18.9106, TF Ratio: 0.663
2025-11-14 01:30:47,121 - DCRNN-Occupancy - INFO - Epoch 45, Batch 50/64, Loss: 19.5975, TF Ratio: 0.663
2025-11-14 01:30:54,699 - DCRNN-Occupancy - INFO - Epoch 45: Train Loss: 21.9594, Val Loss: 29.2826, LR: 0.001126, Time: 20.7s
2025-11-14 01:30:54,699 - DCRNN-Occupancy - INFO - 혼잡도 예측 범위: [-0.6, 107.5]명
2025-11-14 01:30:54,716 - DCRNN-Occupancy - INFO - Best occupancy model saved: checkpoints/occupancy_model/best_occupancy_model.pth
2025-11-14 01:30:59,534 - DCRNN-Occupancy - INFO - Epoch 46, Batch 0/64, Loss: 14.6538, TF Ratio: 0.650
2025-11-14 01:31:08,172 - DCRNN-Occupancy - INFO - Epoch 46, Batch 50/64, Loss: 11.3464, TF Ratio: 0.650
2025-11-14 01:31:15,453 - DCRNN-Occupancy - INFO - Epoch 46: Train Loss: 22.1337, Val Loss: 29.0877, LR: 0.001095, Time: 20.7s
2025-11-14 01:31:15,453 - DCRNN-Occupancy - INFO - 혼잡도 예측 범위: [-0.4, 108.1]명
2025-11-14 01:31:15,471 - DCRNN-Occupancy - INFO - Best occupancy model saved: checkpoints/occupancy_model/best_occupancy_model.pth
2025-11-14 01:31:20,214 - DCRNN-Occupancy - INFO - Epoch 47, Batch 0/64, Loss: 14.8124, TF Ratio: 0.638
2025-11-14 01:31:28,791 - DCRNN-Occupancy - INFO - Epoch 47, Batch 50/64, Loss: 14.3899, TF Ratio: 0.638
2025-11-14 01:31:36,250 - DCRNN-Occupancy - INFO - Epoch 47: Train Loss: 21.7334, Val Loss: 29.0001, LR: 0.001063, Time: 20.8s
2025-11-14 01:31:36,250 - DCRNN-Occupancy - INFO - 혼잡도 예측 범위: [-0.3, 108.8]명
2025-11-14 01:31:36,269 - DCRNN-Occupancy - INFO - Best occupancy model saved: checkpoints/occupancy_model/best_occupancy_model.pth
2025-11-14 01:31:41,072 - DCRNN-Occupancy - INFO - Epoch 48, Batch 0/64, Loss: 16.6946, TF Ratio: 0.625
2025-11-14 01:31:49,591 - DCRNN-Occupancy - INFO - Epoch 48, Batch 50/64, Loss: 24.7984, TF Ratio: 0.625
2025-11-14 01:31:57,060 - DCRNN-Occupancy - INFO - Epoch 48: Train Loss: 22.1740, Val Loss: 28.7523, LR: 0.001032, Time: 20.8s
2025-11-14 01:31:57,061 - DCRNN-Occupancy - INFO - 혼잡도 예측 범위: [-0.3, 109.4]명
2025-11-14 01:31:57,081 - DCRNN-Occupancy - INFO - Best occupancy model saved: checkpoints/occupancy_model/best_occupancy_model.pth
2025-11-14 01:32:01,837 - DCRNN-Occupancy - INFO - Epoch 49, Batch 0/64, Loss: 36.4064, TF Ratio: 0.613
2025-11-14 01:32:10,836 - DCRNN-Occupancy - INFO - Epoch 49, Batch 50/64, Loss: 30.9146, TF Ratio: 0.613
2025-11-14 01:32:18,485 - DCRNN-Occupancy - INFO - Epoch 49: Train Loss: 22.6536, Val Loss: 28.7955, LR: 0.001001, Time: 21.4s
2025-11-14 01:32:18,485 - DCRNN-Occupancy - INFO - 혼잡도 예측 범위: [-0.9, 109.9]명
2025-11-14 01:32:23,432 - DCRNN-Occupancy - INFO - Epoch 50, Batch 0/64, Loss: 14.7550, TF Ratio: 0.600
2025-11-14 01:32:32,147 - DCRNN-Occupancy - INFO - Epoch 50, Batch 50/64, Loss: 34.7045, TF Ratio: 0.600
2025-11-14 01:32:39,355 - DCRNN-Occupancy - INFO - Epoch 50: Train Loss: 20.5335, Val Loss: 28.4780, LR: 0.000969, Time: 20.9s
2025-11-14 01:32:39,355 - DCRNN-Occupancy - INFO - 혼잡도 예측 범위: [-0.3, 110.6]명
2025-11-14 01:32:39,373 - DCRNN-Occupancy - INFO - Best occupancy model saved: checkpoints/occupancy_model/best_occupancy_model.pth
2025-11-14 01:32:39,389 - DCRNN-Occupancy - INFO - Best occupancy model saved: checkpoints/occupancy_model/best_occupancy_model.pth
2025-11-14 01:32:44,637 - DCRNN-Occupancy - INFO - Epoch 51, Batch 0/64, Loss: 19.2126, TF Ratio: 0.587
2025-11-14 01:32:54,125 - DCRNN-Occupancy - INFO - Epoch 51, Batch 50/64, Loss: 14.4546, TF Ratio: 0.587
2025-11-14 01:33:02,362 - DCRNN-Occupancy - INFO - Epoch 51: Train Loss: 21.5938, Val Loss: 28.6757, LR: 0.000938, Time: 23.0s
2025-11-14 01:33:02,362 - DCRNN-Occupancy - INFO - 혼잡도 예측 범위: [-0.4, 111.2]명
2025-11-14 01:33:07,577 - DCRNN-Occupancy - INFO - Epoch 52, Batch 0/64, Loss: 30.8636, TF Ratio: 0.575
2025-11-14 01:33:16,255 - DCRNN-Occupancy - INFO - Epoch 52, Batch 50/64, Loss: 21.1387, TF Ratio: 0.575
2025-11-14 01:33:24,042 - DCRNN-Occupancy - INFO - Epoch 52: Train Loss: 19.8824, Val Loss: 28.5609, LR: 0.000906, Time: 21.7s
2025-11-14 01:33:24,043 - DCRNN-Occupancy - INFO - 혼잡도 예측 범위: [-0.6, 111.9]명
2025-11-14 01:33:29,769 - DCRNN-Occupancy - INFO - Epoch 53, Batch 0/64, Loss: 24.2250, TF Ratio: 0.562
2025-11-14 01:33:38,919 - DCRNN-Occupancy - INFO - Epoch 53, Batch 50/64, Loss: 12.7052, TF Ratio: 0.562
2025-11-14 01:33:46,793 - DCRNN-Occupancy - INFO - Epoch 53: Train Loss: 21.8937, Val Loss: 28.5245, LR: 0.000875, Time: 22.8s
2025-11-14 01:33:46,793 - DCRNN-Occupancy - INFO - 혼잡도 예측 범위: [-0.7, 112.4]명
2025-11-14 01:33:52,184 - DCRNN-Occupancy - INFO - Epoch 54, Batch 0/64, Loss: 8.9095, TF Ratio: 0.550
2025-11-14 01:34:01,529 - DCRNN-Occupancy - INFO - Epoch 54, Batch 50/64, Loss: 27.2641, TF Ratio: 0.550
2025-11-14 01:37:31,355 - DCRNN-Occupancy - INFO - 혼잡도 전용 데이터셋 로드 중...
2025-11-14 01:37:44,269 - DCRNN-Occupancy - INFO - Train batches: 64
2025-11-14 01:37:44,270 - DCRNN-Occupancy - INFO - Val batches: 14
2025-11-14 01:37:44,273 - DCRNN-Occupancy - INFO - 혼잡도 전용 DCRNN 모델 구성 중...
2025-11-14 01:37:44,275 - DCRNN-Occupancy - INFO - Total parameters: 453,826
2025-11-14 01:37:44,275 - DCRNN-Occupancy - INFO - Trainable parameters: 453,826
2025-11-14 01:37:44,754 - DCRNN-Occupancy - INFO - 혼잡도 모델 훈련 설정 완료
2025-11-14 01:37:44,754 - DCRNN-Occupancy - INFO - 혼잡도 모델 훈련 시작...
2025-11-14 01:37:44,754 - DCRNN-Occupancy - INFO - 총 200 에포크 훈련 예정
2025-11-14 01:37:44,754 - DCRNN-Occupancy - INFO - 디바이스: cpu
2025-11-14 01:37:49,366 - DCRNN-Occupancy - INFO - 첫 배치 처리 시작 - X shape: torch.Size([32, 12, 22, 1]), Y shape: torch.Size([32, 22, 1])
2025-11-14 01:37:49,624 - DCRNN-Occupancy - INFO - Epoch 0, Batch 0/64, Loss: 0.9931, TF Ratio: 1.000
2025-11-14 01:37:58,112 - DCRNN-Occupancy - INFO - Epoch 0, Batch 50/64, Loss: 0.0676, TF Ratio: 1.000
2025-11-14 01:38:06,041 - DCRNN-Occupancy - INFO - Epoch 0: Train Loss: 0.1717, Val Loss: 1.0244, LR: 0.002000, Time: 21.3s
2025-11-14 01:38:06,041 - DCRNN-Occupancy - INFO - 혼잡도 예측 범위: [-1.9, 2.4]명
2025-11-14 01:38:06,062 - DCRNN-Occupancy - INFO - Best occupancy model saved: checkpoints/occupancy_model/best_occupancy_model.pth
2025-11-14 01:38:06,080 - DCRNN-Occupancy - INFO - Best occupancy model saved: checkpoints/occupancy_model/best_occupancy_model.pth
2025-11-14 01:38:10,673 - DCRNN-Occupancy - INFO - Epoch 1, Batch 0/64, Loss: 0.0676, TF Ratio: 1.000
2025-11-14 01:38:19,286 - DCRNN-Occupancy - INFO - Epoch 1, Batch 50/64, Loss: 0.0724, TF Ratio: 1.000
2025-11-14 01:38:26,433 - DCRNN-Occupancy - INFO - Epoch 1: Train Loss: 0.0531, Val Loss: 1.0332, LR: 0.001998, Time: 20.4s
2025-11-14 01:38:26,433 - DCRNN-Occupancy - INFO - 혼잡도 예측 범위: [-1.1, 2.5]명
2025-11-14 01:38:31,248 - DCRNN-Occupancy - INFO - Epoch 2, Batch 0/64, Loss: 0.0381, TF Ratio: 0.999
2025-11-14 01:38:40,408 - DCRNN-Occupancy - INFO - Epoch 2, Batch 50/64, Loss: 0.0377, TF Ratio: 0.999
2025-11-14 01:38:47,707 - DCRNN-Occupancy - INFO - Epoch 2: Train Loss: 0.0409, Val Loss: 1.0243, LR: 0.001996, Time: 21.3s
2025-11-14 01:38:47,707 - DCRNN-Occupancy - INFO - 혼잡도 예측 범위: [-1.0, 2.5]명
2025-11-14 01:38:47,723 - DCRNN-Occupancy - INFO - Best occupancy model saved: checkpoints/occupancy_model/best_occupancy_model.pth
2025-11-14 01:38:52,572 - DCRNN-Occupancy - INFO - Epoch 3, Batch 0/64, Loss: 0.0366, TF Ratio: 0.998
2025-11-14 01:39:01,124 - DCRNN-Occupancy - INFO - Epoch 3, Batch 50/64, Loss: 0.0394, TF Ratio: 0.998
2025-11-14 01:39:08,616 - DCRNN-Occupancy - INFO - Epoch 3: Train Loss: 0.0351, Val Loss: 1.0387, LR: 0.001992, Time: 20.9s
2025-11-14 01:39:08,616 - DCRNN-Occupancy - INFO - 혼잡도 예측 범위: [-1.0, 2.5]명
2025-11-14 01:39:13,403 - DCRNN-Occupancy - INFO - Epoch 4, Batch 0/64, Loss: 0.0311, TF Ratio: 0.997
2025-11-14 01:39:22,071 - DCRNN-Occupancy - INFO - Epoch 4, Batch 50/64, Loss: 0.0353, TF Ratio: 0.997
2025-11-14 01:39:29,969 - DCRNN-Occupancy - INFO - Epoch 4: Train Loss: 0.0329, Val Loss: 1.0451, LR: 0.001988, Time: 21.4s
2025-11-14 01:39:29,969 - DCRNN-Occupancy - INFO - 혼잡도 예측 범위: [-1.0, 2.5]명
2025-11-14 01:39:35,056 - DCRNN-Occupancy - INFO - Epoch 5, Batch 0/64, Loss: 0.0319, TF Ratio: 0.995
2025-11-14 01:39:44,145 - DCRNN-Occupancy - INFO - Epoch 5, Batch 50/64, Loss: 0.0299, TF Ratio: 0.995
2025-11-14 01:39:51,175 - DCRNN-Occupancy - INFO - 혼잡도 전용 데이터셋 로드 중...
2025-11-14 01:40:04,308 - DCRNN-Occupancy - INFO - Train batches: 64
2025-11-14 01:40:04,308 - DCRNN-Occupancy - INFO - Val batches: 14
2025-11-14 01:40:04,311 - DCRNN-Occupancy - INFO - 혼잡도 전용 DCRNN 모델 구성 중...
2025-11-14 01:40:04,314 - DCRNN-Occupancy - INFO - Total parameters: 453,826
2025-11-14 01:40:04,314 - DCRNN-Occupancy - INFO - Trainable parameters: 453,826
2025-11-14 01:40:04,816 - DCRNN-Occupancy - INFO - 혼잡도 모델 훈련 설정 완료
2025-11-14 01:40:04,816 - DCRNN-Occupancy - INFO - 혼잡도 모델 훈련 시작...
2025-11-14 01:40:04,816 - DCRNN-Occupancy - INFO - 총 200 에포크 훈련 예정
2025-11-14 01:40:04,816 - DCRNN-Occupancy - INFO - 디바이스: cpu
2025-11-14 01:40:09,611 - DCRNN-Occupancy - INFO - 첫 배치 처리 시작 - X shape: torch.Size([32, 12, 22, 1]), Y shape: torch.Size([32, 22, 1])
2025-11-14 01:40:09,880 - DCRNN-Occupancy - INFO - Epoch 0, Batch 0/64, Loss: 0.9931, TF Ratio: 1.000
2025-11-14 01:40:18,480 - DCRNN-Occupancy - INFO - Epoch 0, Batch 50/64, Loss: 0.0676, TF Ratio: 1.000
2025-11-14 01:40:26,029 - DCRNN-Occupancy - INFO - Epoch 0: Train Loss: 0.1717, Val Loss: 1.0244, LR: 0.002000, Time: 21.2s
2025-11-14 01:40:26,029 - DCRNN-Occupancy - INFO - 혼잡도 예측 범위: [-1.9, 2.4]명
2025-11-14 01:40:26,046 - DCRNN-Occupancy - INFO - Best occupancy model saved: checkpoints/occupancy_model/best_occupancy_model.pth
2025-11-14 01:40:26,060 - DCRNN-Occupancy - INFO - Best occupancy model saved: checkpoints/occupancy_model/best_occupancy_model.pth
2025-11-14 01:40:30,846 - DCRNN-Occupancy - INFO - Epoch 1, Batch 0/64, Loss: 0.0676, TF Ratio: 1.000
2025-11-14 01:40:39,361 - DCRNN-Occupancy - INFO - Epoch 1, Batch 50/64, Loss: 0.0724, TF Ratio: 1.000
2025-11-14 01:40:46,472 - DCRNN-Occupancy - INFO - Epoch 1: Train Loss: 0.0531, Val Loss: 1.0332, LR: 0.001998, Time: 20.4s
2025-11-14 01:40:46,472 - DCRNN-Occupancy - INFO - 혼잡도 예측 범위: [-1.1, 2.5]명
2025-11-14 01:40:51,177 - DCRNN-Occupancy - INFO - Epoch 2, Batch 0/64, Loss: 0.0381, TF Ratio: 0.999
2025-11-14 01:40:59,059 - DCRNN-Occupancy - INFO - Epoch 2, Batch 50/64, Loss: 0.0377, TF Ratio: 0.999
2025-11-14 01:41:05,896 - DCRNN-Occupancy - INFO - Epoch 2: Train Loss: 0.0409, Val Loss: 1.0243, LR: 0.001996, Time: 19.4s
2025-11-14 01:41:05,896 - DCRNN-Occupancy - INFO - 혼잡도 예측 범위: [-1.0, 2.5]명
2025-11-14 01:41:05,910 - DCRNN-Occupancy - INFO - Best occupancy model saved: checkpoints/occupancy_model/best_occupancy_model.pth
2025-11-14 01:41:10,492 - DCRNN-Occupancy - INFO - Epoch 3, Batch 0/64, Loss: 0.0366, TF Ratio: 0.998
2025-11-14 01:41:18,444 - DCRNN-Occupancy - INFO - Epoch 3, Batch 50/64, Loss: 0.0394, TF Ratio: 0.998
2025-11-14 01:41:25,442 - DCRNN-Occupancy - INFO - Epoch 3: Train Loss: 0.0351, Val Loss: 1.0387, LR: 0.001992, Time: 19.5s
2025-11-14 01:41:25,442 - DCRNN-Occupancy - INFO - 혼잡도 예측 범위: [-1.0, 2.5]명
2025-11-14 01:41:30,319 - DCRNN-Occupancy - INFO - Epoch 4, Batch 0/64, Loss: 0.0311, TF Ratio: 0.997
2025-11-14 01:41:38,665 - DCRNN-Occupancy - INFO - Epoch 4, Batch 50/64, Loss: 0.0353, TF Ratio: 0.997
2025-11-14 01:41:46,018 - DCRNN-Occupancy - INFO - Epoch 4: Train Loss: 0.0329, Val Loss: 1.0451, LR: 0.001988, Time: 20.6s
2025-11-14 01:41:46,018 - DCRNN-Occupancy - INFO - 혼잡도 예측 범위: [-1.0, 2.5]명
2025-11-14 01:41:50,970 - DCRNN-Occupancy - INFO - Epoch 5, Batch 0/64, Loss: 0.0319, TF Ratio: 0.995
2025-11-14 01:42:00,340 - DCRNN-Occupancy - INFO - Epoch 5, Batch 50/64, Loss: 0.0299, TF Ratio: 0.995
2025-11-14 01:42:11,126 - DCRNN-Occupancy - INFO - 혼잡도 전용 데이터셋 로드 중...
2025-11-14 01:42:23,553 - DCRNN-Occupancy - INFO - Train batches: 64
2025-11-14 01:42:23,553 - DCRNN-Occupancy - INFO - Val batches: 14
2025-11-14 01:42:23,556 - DCRNN-Occupancy - INFO - 혼잡도 전용 DCRNN 모델 구성 중...
2025-11-14 01:42:23,558 - DCRNN-Occupancy - INFO - Total parameters: 453,826
2025-11-14 01:42:23,558 - DCRNN-Occupancy - INFO - Trainable parameters: 453,826
2025-11-14 01:42:24,080 - DCRNN-Occupancy - INFO - 혼잡도 모델 훈련 설정 완료
2025-11-14 01:42:24,080 - DCRNN-Occupancy - INFO - 혼잡도 모델 훈련 시작...
2025-11-14 01:42:24,080 - DCRNN-Occupancy - INFO - 총 200 에포크 훈련 예정
2025-11-14 01:42:24,080 - DCRNN-Occupancy - INFO - 디바이스: cpu
2025-11-14 01:42:28,717 - DCRNN-Occupancy - INFO - 첫 배치 처리 시작 - X shape: torch.Size([32, 12, 22, 1]), Y shape: torch.Size([32, 22, 1])
2025-11-14 01:42:28,983 - DCRNN-Occupancy - INFO - Epoch 0, Batch 0/64, Loss: 0.9931, TF Ratio: 1.000
2025-11-14 01:42:37,480 - DCRNN-Occupancy - INFO - Epoch 0, Batch 50/64, Loss: 0.0676, TF Ratio: 1.000
2025-11-14 01:42:45,046 - DCRNN-Occupancy - INFO - Epoch 0: Train Loss: 0.1717, Val Loss: 1.0244, LR: 0.002000, Time: 21.0s
2025-11-14 01:43:20,575 - DCRNN-Occupancy - INFO - 혼잡도 전용 데이터셋 로드 중...
2025-11-14 01:43:32,704 - DCRNN-Occupancy - INFO - Train batches: 64
2025-11-14 01:43:32,704 - DCRNN-Occupancy - INFO - Val batches: 14
2025-11-14 01:43:32,707 - DCRNN-Occupancy - INFO - 혼잡도 전용 DCRNN 모델 구성 중...
2025-11-14 01:43:32,709 - DCRNN-Occupancy - INFO - Total parameters: 453,826
2025-11-14 01:43:32,709 - DCRNN-Occupancy - INFO - Trainable parameters: 453,826
2025-11-14 01:43:33,052 - DCRNN-Occupancy - INFO - 혼잡도 모델 훈련 설정 완료
2025-11-14 01:43:33,052 - DCRNN-Occupancy - INFO - 혼잡도 모델 훈련 시작...
2025-11-14 01:43:33,052 - DCRNN-Occupancy - INFO - 총 200 에포크 훈련 예정
2025-11-14 01:43:33,052 - DCRNN-Occupancy - INFO - 디바이스: cpu
2025-11-14 01:43:37,499 - DCRNN-Occupancy - INFO - 첫 배치 처리 시작 - X shape: torch.Size([32, 12, 22, 1]), Y shape: torch.Size([32, 22, 1])
2025-11-14 01:43:37,744 - DCRNN-Occupancy - INFO - Epoch 0, Batch 0/64, Loss: 0.9931, TF Ratio: 1.000
2025-11-14 01:43:46,468 - DCRNN-Occupancy - INFO - Epoch 0, Batch 50/64, Loss: 0.0676, TF Ratio: 1.000
2025-11-14 01:43:53,501 - DCRNN-Occupancy - INFO - Epoch 0: Train Loss: 0.1717, Val Loss: 1.0244, LR: 0.002000, Time: 20.4s
2025-11-14 01:43:53,502 - DCRNN-Occupancy - INFO - 혼잡도 예측 범위 (정규화): [-1.94, 2.38]
2025-11-14 01:43:53,502 - DCRNN-Occupancy - INFO - 혼잡도 예측 범위 (실제): [-0.9, 1115.4]명
2025-11-14 01:43:53,520 - DCRNN-Occupancy - INFO - Best occupancy model saved: checkpoints/occupancy_model/best_occupancy_model.pth
2025-11-14 01:43:53,534 - DCRNN-Occupancy - INFO - Best occupancy model saved: checkpoints/occupancy_model/best_occupancy_model.pth
2025-11-14 01:43:58,123 - DCRNN-Occupancy - INFO - Epoch 1, Batch 0/64, Loss: 0.0676, TF Ratio: 1.000
2025-11-14 01:44:06,383 - DCRNN-Occupancy - INFO - Epoch 1, Batch 50/64, Loss: 0.0724, TF Ratio: 1.000
2025-11-14 01:44:13,858 - DCRNN-Occupancy - INFO - Epoch 1: Train Loss: 0.0531, Val Loss: 1.0332, LR: 0.001998, Time: 20.3s
2025-11-14 01:44:13,858 - DCRNN-Occupancy - INFO - 혼잡도 예측 범위 (정규화): [-1.09, 2.49]
2025-11-14 01:44:13,858 - DCRNN-Occupancy - INFO - 혼잡도 예측 범위 (실제): [-0.3, 1394.3]명
2025-11-14 01:44:18,487 - DCRNN-Occupancy - INFO - Epoch 2, Batch 0/64, Loss: 0.0381, TF Ratio: 0.999
2025-11-14 01:44:26,842 - DCRNN-Occupancy - INFO - Epoch 2, Batch 50/64, Loss: 0.0377, TF Ratio: 0.999
2025-11-14 01:44:34,995 - DCRNN-Occupancy - INFO - Epoch 2: Train Loss: 0.0409, Val Loss: 1.0243, LR: 0.001996, Time: 21.1s
2025-11-14 01:44:34,995 - DCRNN-Occupancy - INFO - 혼잡도 예측 범위 (정규화): [-1.04, 2.51]
2025-11-14 01:44:34,995 - DCRNN-Occupancy - INFO - 혼잡도 예측 범위 (실제): [-0.2, 1470.3]명
2025-11-14 01:44:35,010 - DCRNN-Occupancy - INFO - Best occupancy model saved: checkpoints/occupancy_model/best_occupancy_model.pth
2025-11-14 01:44:41,167 - DCRNN-Occupancy - INFO - 혼잡도 전용 데이터셋 로드 중...
2025-11-14 01:44:54,492 - DCRNN-Occupancy - INFO - Train batches: 64
2025-11-14 01:44:54,492 - DCRNN-Occupancy - INFO - Val batches: 14
2025-11-14 01:44:54,495 - DCRNN-Occupancy - INFO - 혼잡도 전용 DCRNN 모델 구성 중...
2025-11-14 01:44:54,497 - DCRNN-Occupancy - INFO - Total parameters: 453,826
2025-11-14 01:44:54,497 - DCRNN-Occupancy - INFO - Trainable parameters: 453,826
2025-11-14 01:44:54,982 - DCRNN-Occupancy - INFO - 혼잡도 모델 훈련 설정 완료
2025-11-14 01:44:54,982 - DCRNN-Occupancy - INFO - 혼잡도 모델 훈련 시작...
2025-11-14 01:44:54,982 - DCRNN-Occupancy - INFO - 총 200 에포크 훈련 예정
2025-11-14 01:44:54,982 - DCRNN-Occupancy - INFO - 디바이스: cpu
2025-11-14 01:45:00,631 - DCRNN-Occupancy - INFO - 첫 배치 처리 시작 - X shape: torch.Size([32, 12, 22, 1]), Y shape: torch.Size([32, 22, 1])
2025-11-14 01:45:00,960 - DCRNN-Occupancy - INFO - Epoch 0, Batch 0/64, Loss: 0.9931, TF Ratio: 1.000
2025-11-14 01:45:11,458 - DCRNN-Occupancy - INFO - Epoch 0, Batch 50/64, Loss: 0.0676, TF Ratio: 1.000
2025-11-14 01:45:19,849 - DCRNN-Occupancy - INFO - Epoch 0: Train Loss: 0.1717, Val Loss: 1.0244, LR: 0.002000, Time: 24.9s
2025-11-14 01:45:19,850 - DCRNN-Occupancy - INFO - 혼잡도 예측 범위 (정규화): [-1.94, 2.38]
2025-11-14 01:45:19,850 - DCRNN-Occupancy - INFO - 혼잡도 예측 범위 (실제): [-0.9, 1115.4]명
2025-11-14 01:45:19,873 - DCRNN-Occupancy - INFO - Best occupancy model saved: checkpoints/occupancy_model/best_occupancy_model.pth
2025-11-14 01:45:19,895 - DCRNN-Occupancy - INFO - Best occupancy model saved: checkpoints/occupancy_model/best_occupancy_model.pth
2025-11-14 01:45:25,396 - DCRNN-Occupancy - INFO - Epoch 1, Batch 0/64, Loss: 0.0676, TF Ratio: 1.000
2025-11-14 01:45:35,526 - DCRNN-Occupancy - INFO - Epoch 1, Batch 50/64, Loss: 0.0724, TF Ratio: 1.000
2025-11-14 01:45:43,862 - DCRNN-Occupancy - INFO - Epoch 1: Train Loss: 0.0531, Val Loss: 1.0332, LR: 0.001998, Time: 24.0s
2025-11-14 01:45:43,862 - DCRNN-Occupancy - INFO - 혼잡도 예측 범위 (정규화): [-1.09, 2.49]
2025-11-14 01:45:43,862 - DCRNN-Occupancy - INFO - 혼잡도 예측 범위 (실제): [-0.3, 1394.3]명
2025-11-14 01:45:49,040 - DCRNN-Occupancy - INFO - Epoch 2, Batch 0/64, Loss: 0.0381, TF Ratio: 0.999
2025-11-14 01:45:57,675 - DCRNN-Occupancy - INFO - Epoch 2, Batch 50/64, Loss: 0.0377, TF Ratio: 0.999
2025-11-14 01:46:04,949 - DCRNN-Occupancy - INFO - Epoch 2: Train Loss: 0.0409, Val Loss: 1.0243, LR: 0.001996, Time: 21.1s
2025-11-14 01:46:04,949 - DCRNN-Occupancy - INFO - 혼잡도 예측 범위 (정규화): [-1.04, 2.51]
2025-11-14 01:46:04,949 - DCRNN-Occupancy - INFO - 혼잡도 예측 범위 (실제): [-0.2, 1470.3]명
2025-11-14 01:46:04,966 - DCRNN-Occupancy - INFO - Best occupancy model saved: checkpoints/occupancy_model/best_occupancy_model.pth
2025-11-14 01:46:09,560 - DCRNN-Occupancy - INFO - Epoch 3, Batch 0/64, Loss: 0.0366, TF Ratio: 0.998
2025-11-14 01:46:17,735 - DCRNN-Occupancy - INFO - Epoch 3, Batch 50/64, Loss: 0.0394, TF Ratio: 0.998
2025-11-14 01:46:25,829 - DCRNN-Occupancy - INFO - Epoch 3: Train Loss: 0.0351, Val Loss: 1.0387, LR: 0.001992, Time: 20.9s
2025-11-14 01:46:25,829 - DCRNN-Occupancy - INFO - 혼잡도 예측 범위 (정규화): [-1.01, 2.50]
2025-11-14 01:46:25,829 - DCRNN-Occupancy - INFO - 혼잡도 예측 범위 (실제): [-0.1, 1419.0]명
2025-11-14 01:46:30,756 - DCRNN-Occupancy - INFO - Epoch 4, Batch 0/64, Loss: 0.0311, TF Ratio: 0.997
2025-11-14 01:46:39,836 - DCRNN-Occupancy - INFO - Epoch 4, Batch 50/64, Loss: 0.0353, TF Ratio: 0.997
2025-11-14 01:46:47,234 - DCRNN-Occupancy - INFO - Epoch 4: Train Loss: 0.0329, Val Loss: 1.0451, LR: 0.001988, Time: 21.4s
2025-11-14 01:46:47,235 - DCRNN-Occupancy - INFO - 혼잡도 예측 범위 (정규화): [-1.01, 2.51]
2025-11-14 01:46:47,235 - DCRNN-Occupancy - INFO - 혼잡도 예측 범위 (실제): [-0.1, 1446.2]명
2025-11-14 01:46:51,937 - DCRNN-Occupancy - INFO - Epoch 5, Batch 0/64, Loss: 0.0319, TF Ratio: 0.995
2025-11-14 01:47:00,657 - DCRNN-Occupancy - INFO - Epoch 5, Batch 50/64, Loss: 0.0299, TF Ratio: 0.995
2025-11-14 01:47:18,488 - DCRNN-Occupancy - INFO - 혼잡도 전용 데이터셋 로드 중...
2025-11-14 01:47:30,754 - DCRNN-Occupancy - INFO - Train batches: 64
2025-11-14 01:47:30,754 - DCRNN-Occupancy - INFO - Val batches: 14
2025-11-14 01:47:30,756 - DCRNN-Occupancy - INFO - 혼잡도 전용 DCRNN 모델 구성 중...
2025-11-14 01:47:30,758 - DCRNN-Occupancy - INFO - Total parameters: 453,826
2025-11-14 01:47:30,758 - DCRNN-Occupancy - INFO - Trainable parameters: 453,826
2025-11-14 01:47:31,366 - DCRNN-Occupancy - INFO - 혼잡도 모델 훈련 설정 완료
2025-11-14 01:47:31,366 - DCRNN-Occupancy - INFO - 혼잡도 모델 훈련 시작...
2025-11-14 01:47:31,366 - DCRNN-Occupancy - INFO - 총 200 에포크 훈련 예정
2025-11-14 01:47:31,366 - DCRNN-Occupancy - INFO - 디바이스: cpu
2025-11-14 01:47:35,949 - DCRNN-Occupancy - INFO - 첫 배치 처리 시작 - X shape: torch.Size([32, 12, 22, 1]), Y shape: torch.Size([32, 22, 1])
2025-11-14 01:47:36,164 - DCRNN-Occupancy - INFO - Epoch 0, Batch 0/64, Loss: 0.9931, TF Ratio: 1.000
2025-11-14 01:47:44,338 - DCRNN-Occupancy - INFO - Epoch 0, Batch 50/64, Loss: 0.0676, TF Ratio: 1.000
2025-11-14 01:47:51,976 - DCRNN-Occupancy - INFO - Epoch 0: Train Loss: 0.1717, Val Loss: 1.0244, LR: 0.002000, Time: 20.6s
2025-11-14 01:47:51,976 - DCRNN-Occupancy - INFO - 혼잡도 예측 범위 (정규화): [-1.94, 2.38]
2025-11-14 01:47:51,976 - DCRNN-Occupancy - INFO - 혼잡도 예측 범위 (실제): [-0.9, 1115.4]명
2025-11-14 01:47:51,994 - DCRNN-Occupancy - INFO - Best occupancy model saved: checkpoints/occupancy_model/best_occupancy_model.pth
2025-11-14 01:47:52,008 - DCRNN-Occupancy - INFO - Best occupancy model saved: checkpoints/occupancy_model/best_occupancy_model.pth
2025-11-14 01:48:07,655 - DCRNN-Occupancy - INFO - 혼잡도 전용 데이터셋 로드 중...
2025-11-14 01:48:19,807 - DCRNN-Occupancy - INFO - Train batches: 64
2025-11-14 01:48:19,807 - DCRNN-Occupancy - INFO - Val batches: 14
2025-11-14 01:48:19,809 - DCRNN-Occupancy - INFO - 혼잡도 전용 DCRNN 모델 구성 중...
2025-11-14 01:48:19,811 - DCRNN-Occupancy - INFO - Total parameters: 453,826
2025-11-14 01:48:19,811 - DCRNN-Occupancy - INFO - Trainable parameters: 453,826
2025-11-14 01:48:20,217 - DCRNN-Occupancy - INFO - 혼잡도 모델 훈련 설정 완료
2025-11-14 01:48:20,217 - DCRNN-Occupancy - INFO - 혼잡도 모델 훈련 시작...
2025-11-14 01:48:20,217 - DCRNN-Occupancy - INFO - 총 200 에포크 훈련 예정
2025-11-14 01:48:20,217 - DCRNN-Occupancy - INFO - 디바이스: cpu
2025-11-14 01:48:24,315 - DCRNN-Occupancy - INFO - 첫 배치 처리 시작 - X shape: torch.Size([32, 12, 22, 1]), Y shape: torch.Size([32, 22, 1])
2025-11-14 01:48:24,543 - DCRNN-Occupancy - INFO - Epoch 0, Batch 0/64, Loss: 0.9931, TF Ratio: 1.000
2025-11-14 01:48:32,607 - DCRNN-Occupancy - INFO - Epoch 0, Batch 50/64, Loss: 0.0676, TF Ratio: 1.000
2025-11-14 01:48:40,213 - DCRNN-Occupancy - INFO - Epoch 0: Train Loss: 0.1717, Val Loss: 1.0244, LR: 0.002000, Time: 20.0s
2025-11-14 01:48:40,214 - DCRNN-Occupancy - INFO - 혼잡도 예측 범위 (정규화): [-1.94, 2.38]
2025-11-14 01:48:40,214 - DCRNN-Occupancy - INFO - 혼잡도 예측 범위 (실제): [-0.9, 1115.4]명
2025-11-14 01:48:40,231 - DCRNN-Occupancy - INFO - Best occupancy model saved: checkpoints/occupancy_model/best_occupancy_model.pth
2025-11-14 01:48:40,244 - DCRNN-Occupancy - INFO - Best occupancy model saved: checkpoints/occupancy_model/best_occupancy_model.pth
2025-11-14 01:48:44,816 - DCRNN-Occupancy - INFO - Epoch 1, Batch 0/64, Loss: 0.0676, TF Ratio: 1.000
2025-11-14 01:48:52,799 - DCRNN-Occupancy - INFO - Epoch 1, Batch 50/64, Loss: 0.0724, TF Ratio: 1.000
2025-11-14 01:49:00,328 - DCRNN-Occupancy - INFO - Epoch 1: Train Loss: 0.0531, Val Loss: 1.0332, LR: 0.001998, Time: 20.1s
2025-11-14 01:49:00,328 - DCRNN-Occupancy - INFO - 혼잡도 예측 범위 (정규화): [-1.09, 2.49]
2025-11-14 01:49:00,328 - DCRNN-Occupancy - INFO - 혼잡도 예측 범위 (실제): [-0.3, 1394.3]명
2025-11-14 01:49:04,819 - DCRNN-Occupancy - INFO - Epoch 2, Batch 0/64, Loss: 0.0381, TF Ratio: 0.999
2025-11-14 01:49:13,927 - DCRNN-Occupancy - INFO - Epoch 2, Batch 50/64, Loss: 0.0377, TF Ratio: 0.999
2025-11-14 01:49:21,371 - DCRNN-Occupancy - INFO - Epoch 2: Train Loss: 0.0409, Val Loss: 1.0243, LR: 0.001996, Time: 21.0s
2025-11-14 01:49:21,371 - DCRNN-Occupancy - INFO - 혼잡도 예측 범위 (정규화): [-1.04, 2.51]
2025-11-14 01:49:21,371 - DCRNN-Occupancy - INFO - 혼잡도 예측 범위 (실제): [-0.2, 1470.3]명
2025-11-14 01:49:21,387 - DCRNN-Occupancy - INFO - Best occupancy model saved: checkpoints/occupancy_model/best_occupancy_model.pth
2025-11-14 01:49:26,124 - DCRNN-Occupancy - INFO - Epoch 3, Batch 0/64, Loss: 0.0366, TF Ratio: 0.998
2025-11-14 01:49:34,895 - DCRNN-Occupancy - INFO - Epoch 3, Batch 50/64, Loss: 0.0394, TF Ratio: 0.998
2025-11-14 01:49:42,793 - DCRNN-Occupancy - INFO - Epoch 3: Train Loss: 0.0351, Val Loss: 1.0387, LR: 0.001992, Time: 21.4s
2025-11-14 01:49:42,794 - DCRNN-Occupancy - INFO - 혼잡도 예측 범위 (정규화): [-1.01, 2.50]
2025-11-14 01:49:42,794 - DCRNN-Occupancy - INFO - 혼잡도 예측 범위 (실제): [-0.1, 1419.0]명
2025-11-14 01:49:47,494 - DCRNN-Occupancy - INFO - Epoch 4, Batch 0/64, Loss: 0.0311, TF Ratio: 0.997
2025-11-14 01:49:55,995 - DCRNN-Occupancy - INFO - Epoch 4, Batch 50/64, Loss: 0.0353, TF Ratio: 0.997
2025-11-14 01:50:03,095 - DCRNN-Occupancy - INFO - Epoch 4: Train Loss: 0.0329, Val Loss: 1.0451, LR: 0.001988, Time: 20.3s
2025-11-14 01:50:03,095 - DCRNN-Occupancy - INFO - 혼잡도 예측 범위 (정규화): [-1.01, 2.51]
2025-11-14 01:50:03,095 - DCRNN-Occupancy - INFO - 혼잡도 예측 범위 (실제): [-0.1, 1446.2]명
2025-11-14 01:50:07,596 - DCRNN-Occupancy - INFO - Epoch 5, Batch 0/64, Loss: 0.0319, TF Ratio: 0.995
2025-11-14 01:50:15,686 - DCRNN-Occupancy - INFO - Epoch 5, Batch 50/64, Loss: 0.0299, TF Ratio: 0.995
2025-11-14 01:50:23,067 - DCRNN-Occupancy - INFO - Epoch 5: Train Loss: 0.0647, Val Loss: 1.0253, LR: 0.001982, Time: 20.0s
2025-11-14 01:50:23,068 - DCRNN-Occupancy - INFO - 혼잡도 예측 범위 (정규화): [-1.01, 2.58]
2025-11-14 01:50:23,068 - DCRNN-Occupancy - INFO - 혼잡도 예측 범위 (실제): [-0.1, 1701.6]명
2025-11-14 01:50:27,343 - DCRNN-Occupancy - INFO - Epoch 6, Batch 0/64, Loss: 0.0360, TF Ratio: 0.993
2025-11-14 01:50:35,111 - DCRNN-Occupancy - INFO - Epoch 6, Batch 50/64, Loss: 0.0465, TF Ratio: 0.993
2025-11-14 01:50:42,405 - DCRNN-Occupancy - INFO - Epoch 6: Train Loss: 0.0896, Val Loss: 0.9607, LR: 0.001976, Time: 19.3s
2025-11-14 01:50:42,405 - DCRNN-Occupancy - INFO - 혼잡도 예측 범위 (정규화): [-1.03, 2.54]
2025-11-14 01:50:42,405 - DCRNN-Occupancy - INFO - 혼잡도 예측 범위 (실제): [-0.2, 1547.1]명
2025-11-14 01:50:42,421 - DCRNN-Occupancy - INFO - Best occupancy model saved: checkpoints/occupancy_model/best_occupancy_model.pth
2025-11-14 01:50:46,764 - DCRNN-Occupancy - INFO - Epoch 7, Batch 0/64, Loss: 0.0512, TF Ratio: 0.990
2025-11-14 01:50:54,882 - DCRNN-Occupancy - INFO - Epoch 7, Batch 50/64, Loss: 0.0237, TF Ratio: 0.990
2025-11-14 01:51:02,032 - DCRNN-Occupancy - INFO - Epoch 7: Train Loss: 0.0293, Val Loss: 1.0094, LR: 0.001969, Time: 19.6s
2025-11-14 01:51:02,032 - DCRNN-Occupancy - INFO - 혼잡도 예측 범위 (정규화): [-0.99, 2.53]
2025-11-14 01:51:02,032 - DCRNN-Occupancy - INFO - 혼잡도 예측 범위 (실제): [-0.1, 1523.0]명
2025-11-14 01:51:06,808 - DCRNN-Occupancy - INFO - Epoch 8, Batch 0/64, Loss: 0.0189, TF Ratio: 0.987
2025-11-14 01:51:15,564 - DCRNN-Occupancy - INFO - Epoch 8, Batch 50/64, Loss: 0.0405, TF Ratio: 0.987
2025-11-14 01:51:23,574 - DCRNN-Occupancy - INFO - Epoch 8: Train Loss: 0.0450, Val Loss: 0.9202, LR: 0.001960, Time: 21.5s
2025-11-14 01:51:23,574 - DCRNN-Occupancy - INFO - 혼잡도 예측 범위 (정규화): [-0.98, 2.53]
2025-11-14 01:51:23,574 - DCRNN-Occupancy - INFO - 혼잡도 예측 범위 (실제): [-0.1, 1507.2]명
2025-11-14 01:51:23,592 - DCRNN-Occupancy - INFO - Best occupancy model saved: checkpoints/occupancy_model/best_occupancy_model.pth
2025-11-14 01:51:28,529 - DCRNN-Occupancy - INFO - Epoch 9, Batch 0/64, Loss: 0.0379, TF Ratio: 0.984
2025-11-14 01:51:38,180 - DCRNN-Occupancy - INFO - Epoch 9, Batch 50/64, Loss: 0.0612, TF Ratio: 0.984
2025-11-14 01:52:05,734 - DCRNN-Occupancy - INFO - 혼잡도 전용 데이터셋 로드 중...
2025-11-14 01:52:17,878 - DCRNN-Occupancy - INFO - Train batches: 64
2025-11-14 01:52:17,878 - DCRNN-Occupancy - INFO - Val batches: 14
2025-11-14 01:52:17,880 - DCRNN-Occupancy - INFO - 혼잡도 전용 DCRNN 모델 구성 중...
2025-11-14 01:55:24,634 - DCRNN-Occupancy - INFO - 혼잡도 전용 데이터셋 로드 중...
2025-11-14 01:55:36,742 - DCRNN-Occupancy - INFO - Train batches: 64
2025-11-14 01:55:36,742 - DCRNN-Occupancy - INFO - Val batches: 14
2025-11-14 01:55:36,745 - DCRNN-Occupancy - INFO - 혼잡도 전용 DCRNN 모델 구성 중...
2025-11-14 02:04:43,616 - DCRNN-Occupancy - INFO - 혼잡도 전용 데이터셋 로드 중...
2025-11-14 02:04:56,080 - DCRNN-Occupancy - INFO - Train batches: 64
2025-11-14 02:04:56,080 - DCRNN-Occupancy - INFO - Val batches: 14
2025-11-14 02:04:56,083 - DCRNN-Occupancy - INFO - 혼잡도 전용 DCRNN 모델 구성 중...
2025-11-14 02:04:56,088 - DCRNN-Occupancy - INFO - Total parameters: 505,666
2025-11-14 02:04:56,088 - DCRNN-Occupancy - INFO - Trainable parameters: 505,666
2025-11-14 02:04:56,569 - DCRNN-Occupancy - INFO - 혼잡도 모델 훈련 설정 완료
2025-11-14 02:04:56,569 - DCRNN-Occupancy - INFO - 혼잡도 모델 훈련 시작...
2025-11-14 02:04:56,569 - DCRNN-Occupancy - INFO - 총 200 에포크 훈련 예정
2025-11-14 02:04:56,569 - DCRNN-Occupancy - INFO - 디바이스: cpu
2025-11-14 02:05:01,541 - DCRNN-Occupancy - INFO - 첫 배치 처리 시작 - X shape: torch.Size([32, 12, 22, 1]), Y shape: torch.Size([32, 22, 1])
2025-11-14 02:06:19,705 - DCRNN-Occupancy - INFO - 혼잡도 전용 데이터셋 로드 중...
2025-11-14 02:06:33,244 - DCRNN-Occupancy - INFO - Train batches: 64
2025-11-14 02:06:33,244 - DCRNN-Occupancy - INFO - Val batches: 14
2025-11-14 02:06:33,246 - DCRNN-Occupancy - INFO - 혼잡도 전용 DCRNN 모델 구성 중...
2025-11-14 02:06:33,248 - DCRNN-Occupancy - INFO - Total parameters: 453,826
2025-11-14 02:06:33,248 - DCRNN-Occupancy - INFO - Trainable parameters: 453,826
2025-11-14 02:06:33,600 - DCRNN-Occupancy - INFO - 혼잡도 모델 훈련 설정 완료
2025-11-14 02:06:33,600 - DCRNN-Occupancy - INFO - 혼잡도 모델 훈련 시작...
2025-11-14 02:06:33,600 - DCRNN-Occupancy - INFO - 총 200 에포크 훈련 예정
2025-11-14 02:06:33,600 - DCRNN-Occupancy - INFO - 디바이스: cpu
2025-11-14 02:06:38,615 - DCRNN-Occupancy - INFO - 첫 배치 처리 시작 - X shape: torch.Size([32, 12, 22, 1]), Y shape: torch.Size([32, 22, 1])
2025-11-14 02:08:07,120 - DCRNN-Occupancy - INFO - 혼잡도 전용 데이터셋 로드 중...
2025-11-14 02:08:17,885 - DCRNN-Occupancy - INFO - Train batches: 64
2025-11-14 02:08:17,885 - DCRNN-Occupancy - INFO - Val batches: 14
2025-11-14 02:08:17,888 - DCRNN-Occupancy - INFO - 혼잡도 전용 DCRNN 모델 구성 중...
2025-11-14 02:08:17,890 - DCRNN-Occupancy - INFO - Total parameters: 453,826
2025-11-14 02:08:17,890 - DCRNN-Occupancy - INFO - Trainable parameters: 453,826
2025-11-14 02:08:17,937 - DCRNN-Occupancy - INFO - 혼잡도 전용 데이터셋 로드 중...
2025-11-14 02:08:18,270 - DCRNN-Occupancy - INFO - 혼잡도 모델 훈련 설정 완료
2025-11-14 02:08:18,270 - DCRNN-Occupancy - INFO - 혼잡도 모델 훈련 시작...
2025-11-14 02:08:18,270 - DCRNN-Occupancy - INFO - 총 200 에포크 훈련 예정
2025-11-14 02:08:18,270 - DCRNN-Occupancy - INFO - 디바이스: cpu
2025-11-14 02:08:23,336 - DCRNN-Occupancy - INFO - 첫 배치 처리 시작 - X shape: torch.Size([32, 12, 22, 1]), Y shape: torch.Size([32, 22, 1])
2025-11-14 02:08:28,907 - DCRNN-Occupancy - INFO - Train batches: 64
2025-11-14 02:08:28,907 - DCRNN-Occupancy - INFO - Val batches: 14
2025-11-14 02:08:28,911 - DCRNN-Occupancy - INFO - 혼잡도 전용 DCRNN 모델 구성 중...
2025-11-14 02:08:28,913 - DCRNN-Occupancy - INFO - Total parameters: 453,826
2025-11-14 02:08:28,913 - DCRNN-Occupancy - INFO - Trainable parameters: 453,826
2025-11-14 02:08:29,271 - DCRNN-Occupancy - INFO - 혼잡도 모델 훈련 설정 완료
2025-11-14 02:08:29,271 - DCRNN-Occupancy - INFO - 혼잡도 모델 훈련 시작...
2025-11-14 02:08:29,271 - DCRNN-Occupancy - INFO - 총 200 에포크 훈련 예정
2025-11-14 02:08:29,271 - DCRNN-Occupancy - INFO - 디바이스: cpu
2025-11-14 02:08:33,819 - DCRNN-Occupancy - INFO - 첫 배치 처리 시작 - X shape: torch.Size([32, 12, 22, 1]), Y shape: torch.Size([32, 22, 1])
2025-11-14 02:09:19,018 - DCRNN-Occupancy - INFO - 혼잡도 전용 데이터셋 로드 중...
2025-11-14 02:09:29,200 - DCRNN-Occupancy - INFO - Train batches: 64
2025-11-14 02:09:29,200 - DCRNN-Occupancy - INFO - Val batches: 14
2025-11-14 02:09:29,203 - DCRNN-Occupancy - INFO - 혼잡도 전용 DCRNN 모델 구성 중...
2025-11-14 02:09:29,205 - DCRNN-Occupancy - INFO - Total parameters: 504,514
2025-11-14 02:09:29,205 - DCRNN-Occupancy - INFO - Trainable parameters: 504,514
2025-11-14 02:09:29,531 - DCRNN-Occupancy - INFO - 혼잡도 모델 훈련 설정 완료
2025-11-14 02:09:29,531 - DCRNN-Occupancy - INFO - 혼잡도 모델 훈련 시작...
2025-11-14 02:09:29,531 - DCRNN-Occupancy - INFO - 총 200 에포크 훈련 예정
2025-11-14 02:09:29,531 - DCRNN-Occupancy - INFO - 디바이스: cpu
2025-11-14 02:09:34,032 - DCRNN-Occupancy - INFO - 첫 배치 처리 시작 - X shape: torch.Size([32, 12, 22, 1]), Y shape: torch.Size([32, 22, 1])
2025-11-14 02:09:34,305 - DCRNN-Occupancy - INFO - Epoch 0, Batch 0/64, Loss: 0.9679, TF Ratio: 1.000
2025-11-14 02:09:43,324 - DCRNN-Occupancy - INFO - Epoch 0, Batch 50/64, Loss: 0.1077, TF Ratio: 1.000
2025-11-14 02:09:50,804 - DCRNN-Occupancy - INFO - Epoch 0: Train Loss: 0.1971, Val Loss: 1.0621, LR: 0.002000, Time: 21.3s
2025-11-14 02:09:50,805 - DCRNN-Occupancy - INFO - 혼잡도 예측 범위 (정규화): [-2.08, 2.35]
2025-11-14 02:09:50,805 - DCRNN-Occupancy - INFO - 혼잡도 예측 범위 (실제): [-0.9, 1038.8]명
2025-11-14 02:09:50,827 - DCRNN-Occupancy - INFO - Best occupancy model saved: checkpoints/occupancy_model/best_occupancy_model.pth
2025-11-14 02:09:50,846 - DCRNN-Occupancy - INFO - Best occupancy model saved: checkpoints/occupancy_model/best_occupancy_model.pth
2025-11-14 02:09:55,452 - DCRNN-Occupancy - INFO - Epoch 1, Batch 0/64, Loss: 0.1103, TF Ratio: 1.000
2025-11-14 02:10:04,242 - DCRNN-Occupancy - INFO - Epoch 1, Batch 50/64, Loss: 0.0654, TF Ratio: 1.000
2025-11-14 02:10:11,839 - DCRNN-Occupancy - INFO - Epoch 1: Train Loss: 0.0819, Val Loss: 1.0229, LR: 0.001998, Time: 21.0s
2025-11-14 02:10:11,839 - DCRNN-Occupancy - INFO - 혼잡도 예측 범위 (정규화): [-1.19, 2.52]
2025-11-14 02:10:11,839 - DCRNN-Occupancy - INFO - 혼잡도 예측 범위 (실제): [-0.4, 1489.1]명
2025-11-14 02:10:11,858 - DCRNN-Occupancy - INFO - Best occupancy model saved: checkpoints/occupancy_model/best_occupancy_model.pth
2025-11-14 02:10:16,993 - DCRNN-Occupancy - INFO - Epoch 2, Batch 0/64, Loss: 0.0974, TF Ratio: 0.999
2025-11-14 02:10:27,046 - DCRNN-Occupancy - INFO - Epoch 2, Batch 50/64, Loss: 0.0320, TF Ratio: 0.999
2025-11-14 02:10:34,908 - DCRNN-Occupancy - INFO - Epoch 2: Train Loss: 0.0600, Val Loss: 1.0497, LR: 0.001996, Time: 23.0s
2025-11-14 02:10:34,909 - DCRNN-Occupancy - INFO - 혼잡도 예측 범위 (정규화): [-1.09, 2.54]
2025-11-14 02:10:34,909 - DCRNN-Occupancy - INFO - 혼잡도 예측 범위 (실제): [-0.2, 1546.5]명
2025-11-14 02:10:40,662 - DCRNN-Occupancy - INFO - Epoch 3, Batch 0/64, Loss: 0.0356, TF Ratio: 0.998
2025-11-14 02:10:51,106 - DCRNN-Occupancy - INFO - Epoch 3, Batch 50/64, Loss: 0.0549, TF Ratio: 0.998
2025-11-14 02:11:00,394 - DCRNN-Occupancy - INFO - Epoch 3: Train Loss: 0.0488, Val Loss: 1.0549, LR: 0.001992, Time: 25.5s
2025-11-14 02:11:00,395 - DCRNN-Occupancy - INFO - 혼잡도 예측 범위 (정규화): [-1.03, 2.73]
2025-11-14 02:11:00,395 - DCRNN-Occupancy - INFO - 혼잡도 예측 범위 (실제): [-0.1, 2307.1]명
2025-11-14 02:11:06,098 - DCRNN-Occupancy - INFO - Epoch 4, Batch 0/64, Loss: 0.0391, TF Ratio: 0.997
2025-11-14 02:11:16,695 - DCRNN-Occupancy - INFO - Epoch 4, Batch 50/64, Loss: 0.0221, TF Ratio: 0.997
2025-11-14 02:11:25,607 - DCRNN-Occupancy - INFO - Epoch 4: Train Loss: 0.0498, Val Loss: 1.0298, LR: 0.001988, Time: 25.2s
2025-11-14 02:11:25,607 - DCRNN-Occupancy - INFO - 혼잡도 예측 범위 (정규화): [-1.00, 2.57]
2025-11-14 02:11:25,607 - DCRNN-Occupancy - INFO - 혼잡도 예측 범위 (실제): [-0.1, 1637.0]명
2025-11-14 02:11:31,128 - DCRNN-Occupancy - INFO - Epoch 5, Batch 0/64, Loss: 0.0216, TF Ratio: 0.995
2025-11-14 02:11:41,882 - DCRNN-Occupancy - INFO - Epoch 5, Batch 50/64, Loss: 0.0323, TF Ratio: 0.995
2025-11-14 02:11:50,316 - DCRNN-Occupancy - INFO - Epoch 5: Train Loss: 0.0269, Val Loss: 1.0355, LR: 0.001982, Time: 24.7s
2025-11-14 02:11:50,316 - DCRNN-Occupancy - INFO - 혼잡도 예측 범위 (정규화): [-1.00, 2.54]
2025-11-14 02:11:50,317 - DCRNN-Occupancy - INFO - 혼잡도 예측 범위 (실제): [-0.1, 1563.8]명
2025-11-14 02:11:55,426 - DCRNN-Occupancy - INFO - Epoch 6, Batch 0/64, Loss: 0.0225, TF Ratio: 0.993
2025-11-14 02:12:04,786 - DCRNN-Occupancy - INFO - Epoch 6, Batch 50/64, Loss: 0.0326, TF Ratio: 0.993
2025-11-14 02:12:13,559 - DCRNN-Occupancy - INFO - Epoch 6: Train Loss: 0.0607, Val Loss: 1.0104, LR: 0.001976, Time: 23.2s
2025-11-14 02:12:13,559 - DCRNN-Occupancy - INFO - 혼잡도 예측 범위 (정규화): [-0.99, 2.56]
2025-11-14 02:12:13,559 - DCRNN-Occupancy - INFO - 혼잡도 예측 범위 (실제): [-0.1, 1615.6]명
2025-11-14 02:12:13,578 - DCRNN-Occupancy - INFO - Best occupancy model saved: checkpoints/occupancy_model/best_occupancy_model.pth
2025-11-14 02:12:18,614 - DCRNN-Occupancy - INFO - Epoch 7, Batch 0/64, Loss: 0.0253, TF Ratio: 0.990
2025-11-14 02:12:28,200 - DCRNN-Occupancy - INFO - Epoch 7, Batch 50/64, Loss: 0.0214, TF Ratio: 0.990
2025-11-14 02:12:37,162 - DCRNN-Occupancy - INFO - Epoch 7: Train Loss: 0.0321, Val Loss: 1.0321, LR: 0.001969, Time: 23.6s
2025-11-14 02:12:37,163 - DCRNN-Occupancy - INFO - 혼잡도 예측 범위 (정규화): [-1.00, 2.67]
2025-11-14 02:12:37,163 - DCRNN-Occupancy - INFO - 혼잡도 예측 범위 (실제): [-0.1, 2049.1]명
2025-11-14 02:12:42,381 - DCRNN-Occupancy - INFO - Epoch 8, Batch 0/64, Loss: 0.0309, TF Ratio: 0.987
2025-11-14 02:12:51,501 - DCRNN-Occupancy - INFO - Epoch 8, Batch 50/64, Loss: 0.0198, TF Ratio: 0.987
2025-11-14 02:12:59,135 - DCRNN-Occupancy - INFO - Epoch 8: Train Loss: 0.0270, Val Loss: 1.0298, LR: 0.001960, Time: 22.0s
2025-11-14 02:12:59,135 - DCRNN-Occupancy - INFO - 혼잡도 예측 범위 (정규화): [-1.01, 2.54]
2025-11-14 02:12:59,135 - DCRNN-Occupancy - INFO - 혼잡도 예측 범위 (실제): [-0.1, 1548.6]명
2025-11-14 02:13:04,493 - DCRNN-Occupancy - INFO - Epoch 9, Batch 0/64, Loss: 0.0265, TF Ratio: 0.984
2025-11-14 02:13:13,222 - DCRNN-Occupancy - INFO - Epoch 9, Batch 50/64, Loss: 1.0670, TF Ratio: 0.984
2025-11-14 02:13:20,911 - DCRNN-Occupancy - INFO - Epoch 9: Train Loss: 0.0440, Val Loss: 1.0042, LR: 0.001951, Time: 21.8s
2025-11-14 02:13:20,911 - DCRNN-Occupancy - INFO - 혼잡도 예측 범위 (정규화): [-1.00, 2.56]
2025-11-14 02:13:20,911 - DCRNN-Occupancy - INFO - 혼잡도 예측 범위 (실제): [-0.1, 1608.2]명
2025-11-14 02:13:20,928 - DCRNN-Occupancy - INFO - Best occupancy model saved: checkpoints/occupancy_model/best_occupancy_model.pth
2025-11-14 02:13:25,469 - DCRNN-Occupancy - INFO - Epoch 10, Batch 0/64, Loss: 0.0467, TF Ratio: 0.980
2025-11-14 02:13:33,981 - DCRNN-Occupancy - INFO - Epoch 10, Batch 50/64, Loss: 0.0329, TF Ratio: 0.980
2025-11-14 02:13:41,117 - DCRNN-Occupancy - INFO - Epoch 10: Train Loss: 0.0481, Val Loss: 1.0163, LR: 0.001941, Time: 20.2s
2025-11-14 02:13:41,117 - DCRNN-Occupancy - INFO - 혼잡도 예측 범위 (정규화): [-1.00, 2.69]
2025-11-14 02:13:41,117 - DCRNN-Occupancy - INFO - 혼잡도 예측 범위 (실제): [-0.1, 2147.8]명
2025-11-14 02:13:45,829 - DCRNN-Occupancy - INFO - Epoch 11, Batch 0/64, Loss: 0.0177, TF Ratio: 0.976
2025-11-14 02:13:54,357 - DCRNN-Occupancy - INFO - Epoch 11, Batch 50/64, Loss: 0.0219, TF Ratio: 0.976
2025-11-14 02:14:02,198 - DCRNN-Occupancy - INFO - Epoch 11: Train Loss: 0.0657, Val Loss: 1.0066, LR: 0.001930, Time: 21.1s
2025-11-14 02:14:02,199 - DCRNN-Occupancy - INFO - 혼잡도 예측 범위 (정규화): [-1.01, 2.60]
2025-11-14 02:14:02,199 - DCRNN-Occupancy - INFO - 혼잡도 예측 범위 (실제): [-0.1, 1773.7]명
2025-11-14 02:14:06,958 - DCRNN-Occupancy - INFO - Epoch 12, Batch 0/64, Loss: 0.0255, TF Ratio: 0.972
2025-11-14 02:14:15,839 - DCRNN-Occupancy - INFO - Epoch 12, Batch 50/64, Loss: 0.0280, TF Ratio: 0.972
2025-11-14 02:14:23,613 - DCRNN-Occupancy - INFO - Epoch 12: Train Loss: 0.0628, Val Loss: 1.0051, LR: 0.001918, Time: 21.4s
2025-11-14 02:14:23,613 - DCRNN-Occupancy - INFO - 혼잡도 예측 범위 (정규화): [-1.00, 2.58]
2025-11-14 02:14:23,613 - DCRNN-Occupancy - INFO - 혼잡도 예측 범위 (실제): [-0.1, 1701.7]명
2025-11-14 02:14:28,138 - DCRNN-Occupancy - INFO - Epoch 13, Batch 0/64, Loss: 0.0305, TF Ratio: 0.967
2025-11-14 02:14:37,048 - DCRNN-Occupancy - INFO - Epoch 13, Batch 50/64, Loss: 0.0303, TF Ratio: 0.967
2025-11-14 02:14:45,364 - DCRNN-Occupancy - INFO - Epoch 13: Train Loss: 0.0420, Val Loss: 0.9921, LR: 0.001905, Time: 21.8s
2025-11-14 02:14:45,364 - DCRNN-Occupancy - INFO - 혼잡도 예측 범위 (정규화): [-0.99, 2.55]
2025-11-14 02:14:45,364 - DCRNN-Occupancy - INFO - 혼잡도 예측 범위 (실제): [-0.1, 1575.6]명
2025-11-14 02:14:45,382 - DCRNN-Occupancy - INFO - Best occupancy model saved: checkpoints/occupancy_model/best_occupancy_model.pth
2025-11-14 02:14:50,583 - DCRNN-Occupancy - INFO - Epoch 14, Batch 0/64, Loss: 0.0311, TF Ratio: 0.962
2025-11-14 02:15:00,313 - DCRNN-Occupancy - INFO - Epoch 14, Batch 50/64, Loss: 0.0373, TF Ratio: 0.962
2025-11-14 02:15:08,379 - DCRNN-Occupancy - INFO - Epoch 14: Train Loss: 0.0799, Val Loss: 0.9791, LR: 0.001891, Time: 23.0s
2025-11-14 02:15:08,379 - DCRNN-Occupancy - INFO - 혼잡도 예측 범위 (정규화): [-0.98, 2.55]
2025-11-14 02:15:08,379 - DCRNN-Occupancy - INFO - 혼잡도 예측 범위 (실제): [-0.1, 1595.4]명
2025-11-14 02:15:08,398 - DCRNN-Occupancy - INFO - Best occupancy model saved: checkpoints/occupancy_model/best_occupancy_model.pth
2025-11-14 02:15:13,568 - DCRNN-Occupancy - INFO - Epoch 15, Batch 0/64, Loss: 0.0357, TF Ratio: 0.956
2025-11-14 02:15:23,439 - DCRNN-Occupancy - INFO - Epoch 15, Batch 50/64, Loss: 0.0196, TF Ratio: 0.956
2025-11-14 02:15:31,348 - DCRNN-Occupancy - INFO - Epoch 15: Train Loss: 0.1001, Val Loss: 0.9816, LR: 0.001876, Time: 22.9s
2025-11-14 02:15:31,348 - DCRNN-Occupancy - INFO - 혼잡도 예측 범위 (정규화): [-1.03, 2.65]
2025-11-14 02:15:31,348 - DCRNN-Occupancy - INFO - 혼잡도 예측 범위 (실제): [-0.2, 1952.5]명
2025-11-14 02:15:36,324 - DCRNN-Occupancy - INFO - Epoch 16, Batch 0/64, Loss: 0.0345, TF Ratio: 0.951
2025-11-14 02:15:45,155 - DCRNN-Occupancy - INFO - Epoch 16, Batch 50/64, Loss: 0.0220, TF Ratio: 0.951
2025-11-14 02:15:52,761 - DCRNN-Occupancy - INFO - Epoch 16: Train Loss: 0.0446, Val Loss: 0.9932, LR: 0.001861, Time: 21.4s
2025-11-14 02:15:52,761 - DCRNN-Occupancy - INFO - 혼잡도 예측 범위 (정규화): [-0.98, 2.56]
2025-11-14 02:15:52,761 - DCRNN-Occupancy - INFO - 혼잡도 예측 범위 (실제): [-0.1, 1605.4]명
2025-11-14 02:15:57,387 - DCRNN-Occupancy - INFO - Epoch 17, Batch 0/64, Loss: 0.0319, TF Ratio: 0.944
2025-11-14 02:16:06,880 - DCRNN-Occupancy - INFO - Epoch 17, Batch 50/64, Loss: 0.0158, TF Ratio: 0.944
2025-11-14 02:16:15,809 - DCRNN-Occupancy - INFO - Epoch 17: Train Loss: 0.0882, Val Loss: 0.9675, LR: 0.001844, Time: 23.0s
2025-11-14 02:16:15,809 - DCRNN-Occupancy - INFO - 혼잡도 예측 범위 (정규화): [-0.99, 2.59]
2025-11-14 02:16:15,809 - DCRNN-Occupancy - INFO - 혼잡도 예측 범위 (실제): [-0.1, 1716.4]명
2025-11-14 02:16:15,830 - DCRNN-Occupancy - INFO - Best occupancy model saved: checkpoints/occupancy_model/best_occupancy_model.pth
2025-11-14 02:16:21,196 - DCRNN-Occupancy - INFO - Epoch 18, Batch 0/64, Loss: 0.0355, TF Ratio: 0.938
2025-11-14 02:16:31,478 - DCRNN-Occupancy - INFO - Epoch 18, Batch 50/64, Loss: 0.0211, TF Ratio: 0.938
2025-11-14 02:16:39,985 - DCRNN-Occupancy - INFO - Epoch 18: Train Loss: 0.0898, Val Loss: 0.9540, LR: 0.001827, Time: 24.2s
2025-11-14 02:16:39,985 - DCRNN-Occupancy - INFO - 혼잡도 예측 범위 (정규화): [-0.99, 2.54]
2025-11-14 02:16:39,985 - DCRNN-Occupancy - INFO - 혼잡도 예측 범위 (실제): [-0.1, 1538.3]명
2025-11-14 02:16:40,005 - DCRNN-Occupancy - INFO - Best occupancy model saved: checkpoints/occupancy_model/best_occupancy_model.pth
2025-11-14 02:16:45,155 - DCRNN-Occupancy - INFO - Epoch 19, Batch 0/64, Loss: 0.0348, TF Ratio: 0.931
2025-11-14 02:16:55,029 - DCRNN-Occupancy - INFO - Epoch 19, Batch 50/64, Loss: 0.0375, TF Ratio: 0.931
2025-11-14 02:17:03,596 - DCRNN-Occupancy - INFO - Epoch 19: Train Loss: 0.1696, Val Loss: 0.8818, LR: 0.001809, Time: 23.6s
2025-11-14 02:17:03,596 - DCRNN-Occupancy - INFO - 혼잡도 예측 범위 (정규화): [-0.99, 2.55]
2025-11-14 02:17:03,596 - DCRNN-Occupancy - INFO - 혼잡도 예측 범위 (실제): [-0.1, 1568.5]명
2025-11-14 02:17:03,615 - DCRNN-Occupancy - INFO - Best occupancy model saved: checkpoints/occupancy_model/best_occupancy_model.pth
2025-11-14 02:17:08,768 - DCRNN-Occupancy - INFO - Epoch 20, Batch 0/64, Loss: 0.0438, TF Ratio: 0.924
2025-11-14 02:17:17,711 - DCRNN-Occupancy - INFO - Epoch 20, Batch 50/64, Loss: 0.9168, TF Ratio: 0.924
2025-11-14 02:17:25,257 - DCRNN-Occupancy - INFO - Epoch 20: Train Loss: 0.0622, Val Loss: 0.9232, LR: 0.001790, Time: 21.6s
2025-11-14 02:17:25,258 - DCRNN-Occupancy - INFO - 혼잡도 예측 범위 (정규화): [-1.01, 2.55]
2025-11-14 02:17:25,258 - DCRNN-Occupancy - INFO - 혼잡도 예측 범위 (실제): [-0.1, 1585.5]명
2025-11-14 02:17:29,737 - DCRNN-Occupancy - INFO - Epoch 21, Batch 0/64, Loss: 0.0187, TF Ratio: 0.916
2025-11-14 02:17:38,983 - DCRNN-Occupancy - INFO - Epoch 21, Batch 50/64, Loss: 0.0414, TF Ratio: 0.916
2025-11-14 02:17:46,592 - DCRNN-Occupancy - INFO - Epoch 21: Train Loss: 0.1070, Val Loss: 0.9016, LR: 0.001771, Time: 21.3s
2025-11-14 02:17:46,592 - DCRNN-Occupancy - INFO - 혼잡도 예측 범위 (정규화): [-1.03, 2.53]
2025-11-14 02:17:46,592 - DCRNN-Occupancy - INFO - 혼잡도 예측 범위 (실제): [-0.2, 1524.6]명
2025-11-14 02:17:51,368 - DCRNN-Occupancy - INFO - Epoch 22, Batch 0/64, Loss: 0.8850, TF Ratio: 0.908
2025-11-14 02:18:00,100 - DCRNN-Occupancy - INFO - Epoch 22, Batch 50/64, Loss: 0.0318, TF Ratio: 0.908
2025-11-14 02:18:08,659 - DCRNN-Occupancy - INFO - Epoch 22: Train Loss: 0.1479, Val Loss: 0.8721, LR: 0.001750, Time: 22.1s
2025-11-14 02:18:08,659 - DCRNN-Occupancy - INFO - 혼잡도 예측 범위 (정규화): [-1.04, 2.53]
2025-11-14 02:18:08,660 - DCRNN-Occupancy - INFO - 혼잡도 예측 범위 (실제): [-0.2, 1508.8]명
2025-11-14 02:18:08,704 - DCRNN-Occupancy - INFO - Best occupancy model saved: checkpoints/occupancy_model/best_occupancy_model.pth
2025-11-14 02:18:13,381 - DCRNN-Occupancy - INFO - Epoch 23, Batch 0/64, Loss: 0.0627, TF Ratio: 0.900
2025-11-14 02:18:22,008 - DCRNN-Occupancy - INFO - Epoch 23, Batch 50/64, Loss: 0.0480, TF Ratio: 0.900
2025-11-14 02:18:29,134 - DCRNN-Occupancy - INFO - Epoch 23: Train Loss: 0.1459, Val Loss: 0.8448, LR: 0.001729, Time: 20.4s
2025-11-14 02:18:29,134 - DCRNN-Occupancy - INFO - 혼잡도 예측 범위 (정규화): [-1.09, 2.57]
2025-11-14 02:18:29,134 - DCRNN-Occupancy - INFO - 혼잡도 예측 범위 (실제): [-0.3, 1647.8]명
2025-11-14 02:18:29,151 - DCRNN-Occupancy - INFO - Best occupancy model saved: checkpoints/occupancy_model/best_occupancy_model.pth
2025-11-14 02:18:33,852 - DCRNN-Occupancy - INFO - Epoch 24, Batch 0/64, Loss: 0.1010, TF Ratio: 0.892
2025-11-14 02:18:42,560 - DCRNN-Occupancy - INFO - Epoch 24, Batch 50/64, Loss: 0.8013, TF Ratio: 0.892
2025-11-14 02:18:50,065 - DCRNN-Occupancy - INFO - Epoch 24: Train Loss: 0.3062, Val Loss: 0.8555, LR: 0.001707, Time: 20.9s
2025-11-14 02:18:50,065 - DCRNN-Occupancy - INFO - 혼잡도 예측 범위 (정규화): [-1.04, 2.59]
2025-11-14 02:18:50,065 - DCRNN-Occupancy - INFO - 혼잡도 예측 범위 (실제): [-0.2, 1718.2]명
2025-11-14 02:18:54,627 - DCRNN-Occupancy - INFO - Epoch 25, Batch 0/64, Loss: 0.0763, TF Ratio: 0.883
2025-11-14 02:19:03,079 - DCRNN-Occupancy - INFO - Epoch 25, Batch 50/64, Loss: 0.0649, TF Ratio: 0.883
2025-11-14 02:19:10,486 - DCRNN-Occupancy - INFO - Epoch 25: Train Loss: 0.2002, Val Loss: 0.8104, LR: 0.001685, Time: 20.4s
2025-11-14 02:19:10,486 - DCRNN-Occupancy - INFO - 혼잡도 예측 범위 (정규화): [-1.07, 2.48]
2025-11-14 02:19:10,486 - DCRNN-Occupancy - INFO - 혼잡도 예측 범위 (실제): [-0.2, 1369.6]명
2025-11-14 02:19:10,503 - DCRNN-Occupancy - INFO - Best occupancy model saved: checkpoints/occupancy_model/best_occupancy_model.pth
2025-11-14 02:19:15,124 - DCRNN-Occupancy - INFO - Epoch 26, Batch 0/64, Loss: 0.0358, TF Ratio: 0.874
2025-11-14 02:19:23,980 - DCRNN-Occupancy - INFO - Epoch 26, Batch 50/64, Loss: 0.0408, TF Ratio: 0.874
2025-11-14 02:19:31,679 - DCRNN-Occupancy - INFO - Epoch 26: Train Loss: 0.0744, Val Loss: 0.8664, LR: 0.001661, Time: 21.2s
2025-11-14 02:19:31,679 - DCRNN-Occupancy - INFO - 혼잡도 예측 범위 (정규화): [-1.01, 2.48]
2025-11-14 02:19:31,679 - DCRNN-Occupancy - INFO - 혼잡도 예측 범위 (실제): [-0.1, 1368.9]명
2025-11-14 02:19:36,631 - DCRNN-Occupancy - INFO - Epoch 27, Batch 0/64, Loss: 0.0336, TF Ratio: 0.865
2025-11-14 02:19:46,038 - DCRNN-Occupancy - INFO - Epoch 27, Batch 50/64, Loss: 0.0375, TF Ratio: 0.865
2025-11-14 02:19:54,455 - DCRNN-Occupancy - INFO - Epoch 27: Train Loss: 0.1414, Val Loss: 0.8523, LR: 0.001638, Time: 22.8s
2025-11-14 02:19:54,455 - DCRNN-Occupancy - INFO - 혼잡도 예측 범위 (정규화): [-1.02, 2.51]
2025-11-14 02:19:54,455 - DCRNN-Occupancy - INFO - 혼잡도 예측 범위 (실제): [-0.1, 1454.9]명
2025-11-14 02:19:59,870 - DCRNN-Occupancy - INFO - Epoch 28, Batch 0/64, Loss: 0.0365, TF Ratio: 0.855
2025-11-14 02:20:10,047 - DCRNN-Occupancy - INFO - Epoch 28, Batch 50/64, Loss: 0.0350, TF Ratio: 0.855
2025-11-14 02:20:18,178 - DCRNN-Occupancy - INFO - Epoch 28: Train Loss: 0.1101, Val Loss: 0.8148, LR: 0.001613, Time: 23.7s
2025-11-14 02:20:18,178 - DCRNN-Occupancy - INFO - 혼잡도 예측 범위 (정규화): [-1.00, 2.52]
2025-11-14 02:20:18,178 - DCRNN-Occupancy - INFO - 혼잡도 예측 범위 (실제): [-0.1, 1491.6]명
2025-11-14 02:20:23,494 - DCRNN-Occupancy - INFO - Epoch 29, Batch 0/64, Loss: 0.0729, TF Ratio: 0.845
2025-11-14 02:20:33,862 - DCRNN-Occupancy - INFO - Epoch 29, Batch 50/64, Loss: 0.0240, TF Ratio: 0.845
2025-11-14 02:20:42,679 - DCRNN-Occupancy - INFO - Epoch 29: Train Loss: 0.0774, Val Loss: 0.8017, LR: 0.001588, Time: 24.5s
2025-11-14 02:20:42,679 - DCRNN-Occupancy - INFO - 혼잡도 예측 범위 (정규화): [-1.02, 2.55]
2025-11-14 02:20:42,679 - DCRNN-Occupancy - INFO - 혼잡도 예측 범위 (실제): [-0.1, 1581.9]명
2025-11-14 02:20:42,698 - DCRNN-Occupancy - INFO - Best occupancy model saved: checkpoints/occupancy_model/best_occupancy_model.pth
2025-11-14 02:20:48,222 - DCRNN-Occupancy - INFO - Epoch 30, Batch 0/64, Loss: 0.0474, TF Ratio: 0.835
2025-11-14 02:20:59,193 - DCRNN-Occupancy - INFO - Epoch 30, Batch 50/64, Loss: 0.7503, TF Ratio: 0.835
2025-11-14 02:21:08,031 - DCRNN-Occupancy - INFO - Epoch 30: Train Loss: 0.1050, Val Loss: 0.8048, LR: 0.001562, Time: 25.3s
2025-11-14 02:21:08,032 - DCRNN-Occupancy - INFO - 혼잡도 예측 범위 (정규화): [-1.03, 2.53]
2025-11-14 02:21:08,032 - DCRNN-Occupancy - INFO - 혼잡도 예측 범위 (실제): [-0.1, 1508.1]명
2025-11-14 02:21:13,923 - DCRNN-Occupancy - INFO - Epoch 31, Batch 0/64, Loss: 0.0275, TF Ratio: 0.825
2025-11-14 02:21:25,382 - DCRNN-Occupancy - INFO - Epoch 31, Batch 50/64, Loss: 0.7696, TF Ratio: 0.825
2025-11-14 02:21:34,384 - DCRNN-Occupancy - INFO - Epoch 31: Train Loss: 0.2346, Val Loss: 0.7881, LR: 0.001536, Time: 26.3s
2025-11-14 02:21:34,384 - DCRNN-Occupancy - INFO - 혼잡도 예측 범위 (정규화): [-1.00, 2.53]
2025-11-14 02:21:34,384 - DCRNN-Occupancy - INFO - 혼잡도 예측 범위 (실제): [-0.1, 1520.2]명
2025-11-14 02:21:34,404 - DCRNN-Occupancy - INFO - Best occupancy model saved: checkpoints/occupancy_model/best_occupancy_model.pth
2025-11-14 02:21:40,133 - DCRNN-Occupancy - INFO - Epoch 32, Batch 0/64, Loss: 0.0488, TF Ratio: 0.814
2025-11-14 02:21:51,439 - DCRNN-Occupancy - INFO - Epoch 32, Batch 50/64, Loss: 0.0360, TF Ratio: 0.814
2025-11-14 02:22:00,745 - DCRNN-Occupancy - INFO - Epoch 32: Train Loss: 0.1640, Val Loss: 0.7846, LR: 0.001509, Time: 26.3s
2025-11-14 02:22:00,745 - DCRNN-Occupancy - INFO - 혼잡도 예측 범위 (정규화): [-0.99, 2.54]
2025-11-14 02:22:00,745 - DCRNN-Occupancy - INFO - 혼잡도 예측 범위 (실제): [-0.1, 1548.4]명
2025-11-14 02:22:00,766 - DCRNN-Occupancy - INFO - Best occupancy model saved: checkpoints/occupancy_model/best_occupancy_model.pth
2025-11-14 02:22:06,871 - DCRNN-Occupancy - INFO - Epoch 33, Batch 0/64, Loss: 0.0237, TF Ratio: 0.804
2025-11-14 02:22:17,011 - DCRNN-Occupancy - INFO - Epoch 33, Batch 50/64, Loss: 0.0466, TF Ratio: 0.804
2025-11-14 02:22:24,789 - DCRNN-Occupancy - INFO - Epoch 33: Train Loss: 0.1920, Val Loss: 0.7834, LR: 0.001482, Time: 24.0s
2025-11-14 02:22:24,789 - DCRNN-Occupancy - INFO - 혼잡도 예측 범위 (정규화): [-1.00, 2.54]
2025-11-14 02:22:24,789 - DCRNN-Occupancy - INFO - 혼잡도 예측 범위 (실제): [-0.1, 1562.0]명
2025-11-14 02:22:24,808 - DCRNN-Occupancy - INFO - Best occupancy model saved: checkpoints/occupancy_model/best_occupancy_model.pth
2025-11-14 02:22:29,959 - DCRNN-Occupancy - INFO - Epoch 34, Batch 0/64, Loss: 0.8746, TF Ratio: 0.793
2025-11-14 02:22:39,435 - DCRNN-Occupancy - INFO - Epoch 34, Batch 50/64, Loss: 0.0479, TF Ratio: 0.793
2025-11-14 02:22:47,672 - DCRNN-Occupancy - INFO - Epoch 34: Train Loss: 0.2142, Val Loss: 0.7762, LR: 0.001454, Time: 22.9s
2025-11-14 02:22:47,673 - DCRNN-Occupancy - INFO - 혼잡도 예측 범위 (정규화): [-1.00, 2.60]
2025-11-14 02:22:47,673 - DCRNN-Occupancy - INFO - 혼잡도 예측 범위 (실제): [-0.1, 1758.4]명
2025-11-14 02:22:47,690 - DCRNN-Occupancy - INFO - Best occupancy model saved: checkpoints/occupancy_model/best_occupancy_model.pth
2025-11-14 02:22:52,973 - DCRNN-Occupancy - INFO - Epoch 35, Batch 0/64, Loss: 0.0443, TF Ratio: 0.782
2025-11-14 02:23:02,832 - DCRNN-Occupancy - INFO - Epoch 35, Batch 50/64, Loss: 0.7953, TF Ratio: 0.782
2025-11-14 02:23:11,266 - DCRNN-Occupancy - INFO - Epoch 35: Train Loss: 0.2332, Val Loss: 0.7586, LR: 0.001426, Time: 23.6s
2025-11-14 02:23:11,266 - DCRNN-Occupancy - INFO - 혼잡도 예측 범위 (정규화): [-1.00, 2.58]
2025-11-14 02:23:11,266 - DCRNN-Occupancy - INFO - 혼잡도 예측 범위 (실제): [-0.1, 1690.7]명
2025-11-14 02:23:11,285 - DCRNN-Occupancy - INFO - Best occupancy model saved: checkpoints/occupancy_model/best_occupancy_model.pth
2025-11-14 02:23:16,475 - DCRNN-Occupancy - INFO - Epoch 36, Batch 0/64, Loss: 0.0429, TF Ratio: 0.770
2025-11-14 02:23:28,154 - DCRNN-Occupancy - INFO - Epoch 36, Batch 50/64, Loss: 0.0404, TF Ratio: 0.770
2025-11-14 02:23:37,092 - DCRNN-Occupancy - INFO - Epoch 36: Train Loss: 0.2133, Val Loss: 0.7607, LR: 0.001397, Time: 25.8s
2025-11-14 02:23:37,093 - DCRNN-Occupancy - INFO - 혼잡도 예측 범위 (정규화): [-1.02, 2.53]
2025-11-14 02:23:37,093 - DCRNN-Occupancy - INFO - 혼잡도 예측 범위 (실제): [-0.1, 1506.6]명
2025-11-14 02:23:42,788 - DCRNN-Occupancy - INFO - Epoch 37, Batch 0/64, Loss: 0.8032, TF Ratio: 0.759
2025-11-14 02:23:52,212 - DCRNN-Occupancy - INFO - Epoch 37, Batch 50/64, Loss: 0.0401, TF Ratio: 0.759
2025-11-14 02:23:59,865 - DCRNN-Occupancy - INFO - Epoch 37: Train Loss: 0.2440, Val Loss: 0.7505, LR: 0.001368, Time: 22.8s
2025-11-14 02:23:59,865 - DCRNN-Occupancy - INFO - 혼잡도 예측 범위 (정규화): [-1.02, 2.55]
2025-11-14 02:23:59,866 - DCRNN-Occupancy - INFO - 혼잡도 예측 범위 (실제): [-0.1, 1597.9]명
2025-11-14 02:23:59,884 - DCRNN-Occupancy - INFO - Best occupancy model saved: checkpoints/occupancy_model/best_occupancy_model.pth
2025-11-14 02:24:05,064 - DCRNN-Occupancy - INFO - Epoch 38, Batch 0/64, Loss: 0.0590, TF Ratio: 0.747
2025-11-14 02:24:15,193 - DCRNN-Occupancy - INFO - Epoch 38, Batch 50/64, Loss: 0.6656, TF Ratio: 0.747
2025-11-14 02:24:23,709 - DCRNN-Occupancy - INFO - Epoch 38: Train Loss: 0.2116, Val Loss: 0.7427, LR: 0.001339, Time: 23.8s
2025-11-14 02:24:23,709 - DCRNN-Occupancy - INFO - 혼잡도 예측 범위 (정규화): [-1.01, 2.57]
2025-11-14 02:24:23,709 - DCRNN-Occupancy - INFO - 혼잡도 예측 범위 (실제): [-0.1, 1640.9]명
2025-11-14 02:24:23,728 - DCRNN-Occupancy - INFO - Best occupancy model saved: checkpoints/occupancy_model/best_occupancy_model.pth
2025-11-14 02:24:29,342 - DCRNN-Occupancy - INFO - Epoch 39, Batch 0/64, Loss: 0.0629, TF Ratio: 0.735
2025-11-14 02:24:41,214 - DCRNN-Occupancy - INFO - Epoch 39, Batch 50/64, Loss: 0.0505, TF Ratio: 0.735
2025-11-14 02:24:50,114 - DCRNN-Occupancy - INFO - Epoch 39: Train Loss: 0.2127, Val Loss: 0.7543, LR: 0.001309, Time: 26.4s
2025-11-14 02:24:50,114 - DCRNN-Occupancy - INFO - 혼잡도 예측 범위 (정규화): [-1.00, 2.59]
2025-11-14 02:24:50,114 - DCRNN-Occupancy - INFO - 혼잡도 예측 범위 (실제): [-0.1, 1708.2]명
2025-11-14 02:24:55,654 - DCRNN-Occupancy - INFO - Epoch 40, Batch 0/64, Loss: 0.0528, TF Ratio: 0.724
2025-11-14 02:25:06,418 - DCRNN-Occupancy - INFO - Epoch 40, Batch 50/64, Loss: 0.0372, TF Ratio: 0.724
2025-11-14 02:25:15,103 - DCRNN-Occupancy - INFO - Epoch 40: Train Loss: 0.2827, Val Loss: 0.7767, LR: 0.001279, Time: 25.0s
2025-11-14 02:25:15,103 - DCRNN-Occupancy - INFO - 혼잡도 예측 범위 (정규화): [-0.98, 2.55]
2025-11-14 02:25:15,103 - DCRNN-Occupancy - INFO - 혼잡도 예측 범위 (실제): [-0.1, 1590.5]명
2025-11-14 02:25:20,966 - DCRNN-Occupancy - INFO - Epoch 41, Batch 0/64, Loss: 0.7429, TF Ratio: 0.712
2025-11-14 02:25:31,565 - DCRNN-Occupancy - INFO - Epoch 41, Batch 50/64, Loss: 0.0518, TF Ratio: 0.712
2025-11-14 02:25:40,483 - DCRNN-Occupancy - INFO - Epoch 41: Train Loss: 0.3256, Val Loss: 0.7247, LR: 0.001249, Time: 25.4s
2025-11-14 02:25:40,484 - DCRNN-Occupancy - INFO - 혼잡도 예측 범위 (정규화): [-0.98, 2.54]
2025-11-14 02:25:40,484 - DCRNN-Occupancy - INFO - 혼잡도 예측 범위 (실제): [-0.1, 1545.7]명
2025-11-14 02:25:40,504 - DCRNN-Occupancy - INFO - Best occupancy model saved: checkpoints/occupancy_model/best_occupancy_model.pth
2025-11-14 02:25:45,788 - DCRNN-Occupancy - INFO - Epoch 42, Batch 0/64, Loss: 0.8936, TF Ratio: 0.699
2025-11-14 02:25:56,196 - DCRNN-Occupancy - INFO - Epoch 42, Batch 50/64, Loss: 0.7003, TF Ratio: 0.699
2025-11-14 02:26:05,163 - DCRNN-Occupancy - INFO - Epoch 42: Train Loss: 0.2928, Val Loss: 0.7176, LR: 0.001219, Time: 24.7s
2025-11-14 02:26:05,163 - DCRNN-Occupancy - INFO - 혼잡도 예측 범위 (정규화): [-0.99, 2.52]
2025-11-14 02:26:05,163 - DCRNN-Occupancy - INFO - 혼잡도 예측 범위 (실제): [-0.1, 1496.7]명
2025-11-14 02:26:05,181 - DCRNN-Occupancy - INFO - Best occupancy model saved: checkpoints/occupancy_model/best_occupancy_model.pth
2025-11-14 02:26:10,296 - DCRNN-Occupancy - INFO - Epoch 43, Batch 0/64, Loss: 0.0408, TF Ratio: 0.687
2025-11-14 02:26:19,897 - DCRNN-Occupancy - INFO - Epoch 43, Batch 50/64, Loss: 0.0373, TF Ratio: 0.687
2025-11-14 02:26:28,380 - DCRNN-Occupancy - INFO - Epoch 43: Train Loss: 0.3005, Val Loss: 0.7591, LR: 0.001188, Time: 23.2s
2025-11-14 02:26:28,380 - DCRNN-Occupancy - INFO - 혼잡도 예측 범위 (정규화): [-0.99, 2.58]
2025-11-14 02:26:28,380 - DCRNN-Occupancy - INFO - 혼잡도 예측 범위 (실제): [-0.1, 1694.2]명
2025-11-14 02:26:33,391 - DCRNN-Occupancy - INFO - Epoch 44, Batch 0/64, Loss: 0.0378, TF Ratio: 0.675
2025-11-14 02:26:43,193 - DCRNN-Occupancy - INFO - Epoch 44, Batch 50/64, Loss: 0.0491, TF Ratio: 0.675
2025-11-14 02:26:51,257 - DCRNN-Occupancy - INFO - Epoch 44: Train Loss: 0.2705, Val Loss: 0.7160, LR: 0.001157, Time: 22.9s
2025-11-14 02:26:51,257 - DCRNN-Occupancy - INFO - 혼잡도 예측 범위 (정규화): [-1.01, 2.57]
2025-11-14 02:26:51,257 - DCRNN-Occupancy - INFO - 혼잡도 예측 범위 (실제): [-0.1, 1652.9]명
2025-11-14 02:26:51,277 - DCRNN-Occupancy - INFO - Best occupancy model saved: checkpoints/occupancy_model/best_occupancy_model.pth
2025-11-14 02:26:56,166 - DCRNN-Occupancy - INFO - Epoch 45, Batch 0/64, Loss: 0.0950, TF Ratio: 0.663
2025-11-14 02:27:05,368 - DCRNN-Occupancy - INFO - Epoch 45, Batch 50/64, Loss: 0.0371, TF Ratio: 0.663
2025-11-14 02:27:13,966 - DCRNN-Occupancy - INFO - Epoch 45: Train Loss: 0.2748, Val Loss: 0.7148, LR: 0.001126, Time: 22.7s
2025-11-14 02:27:13,966 - DCRNN-Occupancy - INFO - 혼잡도 예측 범위 (정규화): [-1.01, 2.53]
2025-11-14 02:27:13,966 - DCRNN-Occupancy - INFO - 혼잡도 예측 범위 (실제): [-0.1, 1503.5]명
2025-11-14 02:27:13,984 - DCRNN-Occupancy - INFO - Best occupancy model saved: checkpoints/occupancy_model/best_occupancy_model.pth
2025-11-14 02:27:19,247 - DCRNN-Occupancy - INFO - Epoch 46, Batch 0/64, Loss: 0.0394, TF Ratio: 0.650
2025-11-14 02:27:28,383 - DCRNN-Occupancy - INFO - Epoch 46, Batch 50/64, Loss: 0.7725, TF Ratio: 0.650
2025-11-14 02:27:30,129 - DCRNN-Occupancy - INFO - 혼잡도 전용 데이터셋 로드 중...
2025-11-14 02:27:36,452 - DCRNN-Occupancy - INFO - Epoch 46: Train Loss: 0.2675, Val Loss: 0.7109, LR: 0.001095, Time: 22.5s
2025-11-14 02:27:36,452 - DCRNN-Occupancy - INFO - 혼잡도 예측 범위 (정규화): [-0.98, 2.55]
2025-11-14 02:27:36,452 - DCRNN-Occupancy - INFO - 혼잡도 예측 범위 (실제): [-0.1, 1596.1]명
2025-11-14 02:27:36,472 - DCRNN-Occupancy - INFO - Best occupancy model saved: checkpoints/occupancy_model/best_occupancy_model.pth
2025-11-14 02:27:41,456 - DCRNN-Occupancy - INFO - Epoch 47, Batch 0/64, Loss: 0.0456, TF Ratio: 0.638
2025-11-14 02:27:41,831 - DCRNN-Occupancy - INFO - Train batches: 64
2025-11-14 02:27:41,831 - DCRNN-Occupancy - INFO - Val batches: 14
2025-11-14 02:27:41,838 - DCRNN-Occupancy - INFO - 혼잡도 전용 DCRNN 모델 구성 중...
2025-11-14 02:27:41,840 - DCRNN-Occupancy - INFO - Total parameters: 504,514
2025-11-14 02:27:41,840 - DCRNN-Occupancy - INFO - Trainable parameters: 504,514
2025-11-14 02:27:42,424 - DCRNN-Occupancy - INFO - 혼잡도 모델 훈련 설정 완료
2025-11-14 02:27:42,424 - DCRNN-Occupancy - INFO - 혼잡도 모델 훈련 시작...
2025-11-14 02:27:42,424 - DCRNN-Occupancy - INFO - 총 200 에포크 훈련 예정
2025-11-14 02:27:42,424 - DCRNN-Occupancy - INFO - 디바이스: cpu
2025-11-14 02:27:48,856 - DCRNN-Occupancy - INFO - 첫 배치 처리 시작 - X shape: torch.Size([32, 12, 22, 1]), Y shape: torch.Size([32, 22, 1])
2025-11-14 02:27:49,200 - DCRNN-Occupancy - INFO - Epoch 0, Batch 0/64, Loss: 0.9679, TF Ratio: 1.000
2025-11-14 02:27:53,475 - DCRNN-Occupancy - INFO - Epoch 47, Batch 50/64, Loss: 0.8196, TF Ratio: 0.638
2025-11-14 02:28:00,855 - DCRNN-Occupancy - INFO - Epoch 0, Batch 50/64, Loss: 0.1077, TF Ratio: 1.000
2025-11-14 02:28:03,042 - DCRNN-Occupancy - INFO - Epoch 47: Train Loss: 0.2208, Val Loss: 0.7125, LR: 0.001063, Time: 26.6s
2025-11-14 02:28:03,042 - DCRNN-Occupancy - INFO - 혼잡도 예측 범위 (정규화): [-0.99, 2.54]
2025-11-14 02:28:03,042 - DCRNN-Occupancy - INFO - 혼잡도 예측 범위 (실제): [-0.1, 1553.3]명
2025-11-14 02:28:09,369 - DCRNN-Occupancy - INFO - Epoch 48, Batch 0/64, Loss: 0.0368, TF Ratio: 0.625
2025-11-14 02:28:11,119 - DCRNN-Occupancy - INFO - Epoch 0: Train Loss: 0.1971, Val Loss: 1.0621, LR: 0.002000, Time: 28.7s
2025-11-14 02:28:11,120 - DCRNN-Occupancy - INFO - 혼잡도 예측 범위 (정규화): [-2.08, 2.35]
2025-11-14 02:28:11,120 - DCRNN-Occupancy - INFO - 혼잡도 예측 범위 (실제): [-0.9, 1038.8]명
2025-11-14 02:28:11,144 - DCRNN-Occupancy - INFO - Best occupancy model saved: checkpoints/occupancy_model/best_occupancy_model.pth
2025-11-14 02:28:11,163 - DCRNN-Occupancy - INFO - Best occupancy model saved: checkpoints/occupancy_model/best_occupancy_model.pth
2025-11-14 02:28:17,997 - DCRNN-Occupancy - INFO - Epoch 1, Batch 0/64, Loss: 0.1103, TF Ratio: 1.000
2025-11-14 02:28:22,730 - DCRNN-Occupancy - INFO - Epoch 48, Batch 50/64, Loss: 0.8135, TF Ratio: 0.625
2025-11-14 02:28:30,044 - DCRNN-Occupancy - INFO - Epoch 1, Batch 50/64, Loss: 0.0654, TF Ratio: 1.000
2025-11-14 02:28:32,503 - DCRNN-Occupancy - INFO - Epoch 48: Train Loss: 0.3092, Val Loss: 0.7200, LR: 0.001032, Time: 29.5s
2025-11-14 02:28:32,503 - DCRNN-Occupancy - INFO - 혼잡도 예측 범위 (정규화): [-0.99, 2.54]
2025-11-14 02:28:32,503 - DCRNN-Occupancy - INFO - 혼잡도 예측 범위 (실제): [-0.1, 1555.3]명
2025-11-14 02:28:38,623 - DCRNN-Occupancy - INFO - Epoch 49, Batch 0/64, Loss: 0.7113, TF Ratio: 0.613
2025-11-14 02:28:39,963 - DCRNN-Occupancy - INFO - Epoch 1: Train Loss: 0.0819, Val Loss: 1.0229, LR: 0.001998, Time: 28.8s
2025-11-14 02:28:39,963 - DCRNN-Occupancy - INFO - 혼잡도 예측 범위 (정규화): [-1.19, 2.52]
2025-11-14 02:28:39,964 - DCRNN-Occupancy - INFO - 혼잡도 예측 범위 (실제): [-0.4, 1489.1]명
2025-11-14 02:28:39,984 - DCRNN-Occupancy - INFO - Best occupancy model saved: checkpoints/occupancy_model/best_occupancy_model.pth
2025-11-14 02:28:45,977 - DCRNN-Occupancy - INFO - Epoch 2, Batch 0/64, Loss: 0.0974, TF Ratio: 0.999
2025-11-14 02:28:49,713 - DCRNN-Occupancy - INFO - Epoch 49, Batch 50/64, Loss: 0.7493, TF Ratio: 0.613
2025-11-14 02:28:56,191 - DCRNN-Occupancy - INFO - Epoch 2, Batch 50/64, Loss: 0.0320, TF Ratio: 0.999
2025-11-14 02:29:03,410 - DCRNN-Occupancy - INFO - Epoch 2: Train Loss: 0.0600, Val Loss: 1.0497, LR: 0.001996, Time: 23.4s
2025-11-14 02:29:03,410 - DCRNN-Occupancy - INFO - 혼잡도 예측 범위 (정규화): [-1.09, 2.54]
2025-11-14 02:29:03,410 - DCRNN-Occupancy - INFO - 혼잡도 예측 범위 (실제): [-0.2, 1546.5]명
2025-11-14 02:29:08,074 - DCRNN-Occupancy - INFO - Epoch 3, Batch 0/64, Loss: 0.0356, TF Ratio: 0.998
2025-11-14 02:29:16,858 - DCRNN-Occupancy - INFO - Epoch 3, Batch 50/64, Loss: 0.0549, TF Ratio: 0.998
2025-11-14 02:29:24,719 - DCRNN-Occupancy - INFO - Epoch 3: Train Loss: 0.0488, Val Loss: 1.0549, LR: 0.001992, Time: 21.3s
2025-11-14 02:29:24,720 - DCRNN-Occupancy - INFO - 혼잡도 예측 범위 (정규화): [-1.03, 2.73]
2025-11-14 02:29:24,720 - DCRNN-Occupancy - INFO - 혼잡도 예측 범위 (실제): [-0.1, 2307.1]명
2025-11-14 02:29:29,526 - DCRNN-Occupancy - INFO - Epoch 4, Batch 0/64, Loss: 0.0391, TF Ratio: 0.997
2025-11-14 02:29:38,861 - DCRNN-Occupancy - INFO - Epoch 4, Batch 50/64, Loss: 0.0221, TF Ratio: 0.997
2025-11-14 02:29:46,313 - DCRNN-Occupancy - INFO - Epoch 4: Train Loss: 0.0498, Val Loss: 1.0298, LR: 0.001988, Time: 21.6s
2025-11-14 02:29:46,313 - DCRNN-Occupancy - INFO - 혼잡도 예측 범위 (정규화): [-1.00, 2.57]
2025-11-14 02:29:46,313 - DCRNN-Occupancy - INFO - 혼잡도 예측 범위 (실제): [-0.1, 1637.0]명
2025-11-14 02:29:51,019 - DCRNN-Occupancy - INFO - Epoch 5, Batch 0/64, Loss: 0.0216, TF Ratio: 0.995
2025-11-14 02:30:00,570 - DCRNN-Occupancy - INFO - Epoch 5, Batch 50/64, Loss: 0.0323, TF Ratio: 0.995
2025-11-14 02:30:08,707 - DCRNN-Occupancy - INFO - Epoch 5: Train Loss: 0.0269, Val Loss: 1.0355, LR: 0.001982, Time: 22.4s
2025-11-14 02:30:08,707 - DCRNN-Occupancy - INFO - 혼잡도 예측 범위 (정규화): [-1.00, 2.54]
2025-11-14 02:30:08,707 - DCRNN-Occupancy - INFO - 혼잡도 예측 범위 (실제): [-0.1, 1563.8]명
2025-11-14 02:30:13,825 - DCRNN-Occupancy - INFO - Epoch 6, Batch 0/64, Loss: 0.0225, TF Ratio: 0.993
2025-11-14 02:30:24,385 - DCRNN-Occupancy - INFO - Epoch 6, Batch 50/64, Loss: 0.0326, TF Ratio: 0.993
2025-11-14 02:30:32,981 - DCRNN-Occupancy - INFO - Epoch 6: Train Loss: 0.0607, Val Loss: 1.0104, LR: 0.001976, Time: 24.3s
2025-11-14 02:30:32,981 - DCRNN-Occupancy - INFO - 혼잡도 예측 범위 (정규화): [-0.99, 2.56]
2025-11-14 02:30:32,981 - DCRNN-Occupancy - INFO - 혼잡도 예측 범위 (실제): [-0.1, 1615.6]명
2025-11-14 02:30:33,000 - DCRNN-Occupancy - INFO - Best occupancy model saved: checkpoints/occupancy_model/best_occupancy_model.pth
2025-11-14 02:30:38,400 - DCRNN-Occupancy - INFO - Epoch 7, Batch 0/64, Loss: 0.0253, TF Ratio: 0.990
2025-11-14 02:30:47,978 - DCRNN-Occupancy - INFO - Epoch 7, Batch 50/64, Loss: 0.0214, TF Ratio: 0.990
2025-11-14 02:30:55,730 - DCRNN-Occupancy - INFO - Epoch 7: Train Loss: 0.0321, Val Loss: 1.0321, LR: 0.001969, Time: 22.7s
2025-11-14 02:30:55,730 - DCRNN-Occupancy - INFO - 혼잡도 예측 범위 (정규화): [-1.00, 2.67]
2025-11-14 02:30:55,730 - DCRNN-Occupancy - INFO - 혼잡도 예측 범위 (실제): [-0.1, 2049.1]명
2025-11-14 02:31:00,347 - DCRNN-Occupancy - INFO - Epoch 8, Batch 0/64, Loss: 0.0309, TF Ratio: 0.987
2025-11-14 02:31:09,177 - DCRNN-Occupancy - INFO - Epoch 8, Batch 50/64, Loss: 0.0198, TF Ratio: 0.987
2025-11-14 02:31:17,476 - DCRNN-Occupancy - INFO - Epoch 8: Train Loss: 0.0270, Val Loss: 1.0298, LR: 0.001960, Time: 21.7s
2025-11-14 02:31:17,477 - DCRNN-Occupancy - INFO - 혼잡도 예측 범위 (정규화): [-1.01, 2.54]
2025-11-14 02:31:17,477 - DCRNN-Occupancy - INFO - 혼잡도 예측 범위 (실제): [-0.1, 1548.6]명
2025-11-14 02:31:22,755 - DCRNN-Occupancy - INFO - Epoch 9, Batch 0/64, Loss: 0.0265, TF Ratio: 0.984
2025-11-14 02:31:55,856 - DCRNN-Occupancy - INFO - 혼잡도 전용 데이터셋 로드 중...
2025-11-14 02:32:06,259 - DCRNN-Occupancy - INFO - Train batches: 64
2025-11-14 02:32:06,259 - DCRNN-Occupancy - INFO - Val batches: 14
2025-11-14 02:32:06,262 - DCRNN-Occupancy - INFO - 혼잡도 전용 DCRNN 모델 구성 중...
2025-11-14 02:32:06,264 - DCRNN-Occupancy - INFO - Total parameters: 504,514
2025-11-14 02:32:06,264 - DCRNN-Occupancy - INFO - Trainable parameters: 504,514
2025-11-14 02:32:06,709 - DCRNN-Occupancy - INFO - 혼잡도 모델 훈련 설정 완료
2025-11-14 02:32:06,723 - DCRNN-Occupancy - INFO - 혼잡도 모델 훈련 시작...
2025-11-14 02:32:06,723 - DCRNN-Occupancy - INFO - 총 200 에포크 훈련 예정
2025-11-14 02:32:06,723 - DCRNN-Occupancy - INFO - 시작 에포크: 47
2025-11-14 02:32:06,723 - DCRNN-Occupancy - INFO - 디바이스: cpu
2025-11-14 02:32:11,566 - DCRNN-Occupancy - INFO - Epoch 47, Batch 0/64, Loss: 0.6791, TF Ratio: 0.638
2025-11-14 02:32:20,197 - DCRNN-Occupancy - INFO - Epoch 47, Batch 50/64, Loss: 0.0413, TF Ratio: 0.638
2025-11-14 02:32:27,757 - DCRNN-Occupancy - INFO - Epoch 47: Train Loss: 0.2568, Val Loss: 0.7073, LR: 0.001063, Time: 21.0s
2025-11-14 02:32:27,757 - DCRNN-Occupancy - INFO - 혼잡도 예측 범위 (정규화): [-0.98, 2.58]
2025-11-14 02:32:27,757 - DCRNN-Occupancy - INFO - 혼잡도 예측 범위 (실제): [-0.1, 1682.9]명
2025-11-14 02:32:27,775 - DCRNN-Occupancy - INFO - Best occupancy model saved: checkpoints/occupancy_model/best_occupancy_model.pth
2025-11-14 02:32:32,391 - DCRNN-Occupancy - INFO - Epoch 48, Batch 0/64, Loss: 0.0453, TF Ratio: 0.625
2025-11-14 02:32:41,631 - DCRNN-Occupancy - INFO - Epoch 48, Batch 50/64, Loss: 0.0448, TF Ratio: 0.625
2025-11-14 02:32:49,506 - DCRNN-Occupancy - INFO - Epoch 48: Train Loss: 0.3007, Val Loss: 0.7159, LR: 0.001032, Time: 21.7s
2025-11-14 02:32:49,507 - DCRNN-Occupancy - INFO - 혼잡도 예측 범위 (정규화): [-0.99, 2.57]
2025-11-14 02:32:49,507 - DCRNN-Occupancy - INFO - 혼잡도 예측 범위 (실제): [-0.1, 1642.4]명
2025-11-14 02:32:54,642 - DCRNN-Occupancy - INFO - Epoch 49, Batch 0/64, Loss: 0.7177, TF Ratio: 0.613
2025-11-14 02:33:01,668 - DCRNN-Occupancy - INFO - 혼잡도 전용 데이터셋 로드 중...
2025-11-14 02:33:04,560 - DCRNN-Occupancy - INFO - Epoch 49, Batch 50/64, Loss: 0.0453, TF Ratio: 0.613
2025-11-14 02:33:12,641 - DCRNN-Occupancy - INFO - Epoch 49: Train Loss: 0.2713, Val Loss: 0.7075, LR: 0.001001, Time: 23.1s
2025-11-14 02:33:12,642 - DCRNN-Occupancy - INFO - 혼잡도 예측 범위 (정규화): [-1.03, 2.55]
2025-11-14 02:33:12,642 - DCRNN-Occupancy - INFO - 혼잡도 예측 범위 (실제): [-0.2, 1570.4]명
2025-11-14 02:33:13,517 - DCRNN-Occupancy - INFO - Train batches: 64
2025-11-14 02:33:13,517 - DCRNN-Occupancy - INFO - Val batches: 14
2025-11-14 02:33:13,522 - DCRNN-Occupancy - INFO - 혼잡도 전용 DCRNN 모델 구성 중...
2025-11-14 02:33:13,534 - DCRNN-Occupancy - INFO - Total parameters: 504,514
2025-11-14 02:33:13,534 - DCRNN-Occupancy - INFO - Trainable parameters: 504,514
2025-11-14 02:33:14,230 - DCRNN-Occupancy - INFO - 혼잡도 모델 훈련 설정 완료
2025-11-14 02:33:14,248 - DCRNN-Occupancy - INFO - 혼잡도 모델 훈련 시작...
2025-11-14 02:33:14,249 - DCRNN-Occupancy - INFO - 총 200 에포크 훈련 예정
2025-11-14 02:33:14,249 - DCRNN-Occupancy - INFO - 시작 에포크: 47
2025-11-14 02:33:14,249 - DCRNN-Occupancy - INFO - 디바이스: cpu
2025-11-14 02:33:18,426 - DCRNN-Occupancy - INFO - Epoch 50, Batch 0/64, Loss: 0.0431, TF Ratio: 0.600
2025-11-14 02:33:20,288 - DCRNN-Occupancy - INFO - Epoch 47, Batch 0/64, Loss: 0.6791, TF Ratio: 0.638
2025-11-14 02:33:30,592 - DCRNN-Occupancy - INFO - Epoch 47, Batch 50/64, Loss: 0.0413, TF Ratio: 0.638
2025-11-14 02:33:38,184 - DCRNN-Occupancy - INFO - Epoch 47: Train Loss: 0.2568, Val Loss: 0.7073, LR: 0.001063, Time: 23.9s
2025-11-14 02:33:38,185 - DCRNN-Occupancy - INFO - 혼잡도 예측 범위 (정규화): [-0.98, 2.58]
2025-11-14 02:33:38,185 - DCRNN-Occupancy - INFO - 혼잡도 예측 범위 (실제): [-0.1, 1682.9]명
2025-11-14 02:33:38,201 - DCRNN-Occupancy - INFO - Best occupancy model saved: checkpoints/occupancy_model/best_occupancy_model.pth
2025-11-14 02:33:42,816 - DCRNN-Occupancy - INFO - Epoch 48, Batch 0/64, Loss: 0.0453, TF Ratio: 0.625
2025-11-14 02:33:51,810 - DCRNN-Occupancy - INFO - Epoch 48, Batch 50/64, Loss: 0.0448, TF Ratio: 0.625
2025-11-14 02:33:59,199 - DCRNN-Occupancy - INFO - Epoch 48: Train Loss: 0.3007, Val Loss: 0.7159, LR: 0.001032, Time: 21.0s
2025-11-14 02:33:59,199 - DCRNN-Occupancy - INFO - 혼잡도 예측 범위 (정규화): [-0.99, 2.57]
2025-11-14 02:33:59,199 - DCRNN-Occupancy - INFO - 혼잡도 예측 범위 (실제): [-0.1, 1642.4]명
2025-11-14 02:34:03,748 - DCRNN-Occupancy - INFO - Epoch 49, Batch 0/64, Loss: 0.7177, TF Ratio: 0.613
2025-11-14 02:34:13,432 - DCRNN-Occupancy - INFO - Epoch 49, Batch 50/64, Loss: 0.0453, TF Ratio: 0.613
2025-11-14 02:34:21,177 - DCRNN-Occupancy - INFO - Epoch 49: Train Loss: 0.2713, Val Loss: 0.7075, LR: 0.001001, Time: 22.0s
2025-11-14 02:34:21,177 - DCRNN-Occupancy - INFO - 혼잡도 예측 범위 (정규화): [-1.03, 2.55]
2025-11-14 02:34:21,177 - DCRNN-Occupancy - INFO - 혼잡도 예측 범위 (실제): [-0.2, 1570.4]명
2025-11-14 02:34:26,093 - DCRNN-Occupancy - INFO - Epoch 50, Batch 0/64, Loss: 0.0431, TF Ratio: 0.600
2025-11-14 02:34:35,141 - DCRNN-Occupancy - INFO - Epoch 50, Batch 50/64, Loss: 0.0395, TF Ratio: 0.600
2025-11-14 02:34:43,022 - DCRNN-Occupancy - INFO - Epoch 50: Train Loss: 0.3538, Val Loss: 0.7007, LR: 0.000969, Time: 21.8s
2025-11-14 02:34:43,023 - DCRNN-Occupancy - INFO - 혼잡도 예측 범위 (정규화): [-0.99, 2.53]
2025-11-14 02:34:43,023 - DCRNN-Occupancy - INFO - 혼잡도 예측 범위 (실제): [-0.1, 1513.3]명
2025-11-14 02:34:43,041 - DCRNN-Occupancy - INFO - Best occupancy model saved: checkpoints/occupancy_model/best_occupancy_model.pth
2025-11-14 02:34:43,059 - DCRNN-Occupancy - INFO - Best occupancy model saved: checkpoints/occupancy_model/best_occupancy_model.pth
2025-11-14 02:34:47,883 - DCRNN-Occupancy - INFO - Epoch 51, Batch 0/64, Loss: 0.7216, TF Ratio: 0.587
2025-11-14 02:34:57,289 - DCRNN-Occupancy - INFO - Epoch 51, Batch 50/64, Loss: 0.0420, TF Ratio: 0.587
2025-11-14 02:35:04,877 - DCRNN-Occupancy - INFO - Epoch 51: Train Loss: 0.2840, Val Loss: 0.7038, LR: 0.000938, Time: 21.8s
2025-11-14 02:35:04,878 - DCRNN-Occupancy - INFO - 혼잡도 예측 범위 (정규화): [-1.00, 2.53]
2025-11-14 02:35:04,878 - DCRNN-Occupancy - INFO - 혼잡도 예측 범위 (실제): [-0.1, 1507.1]명
2025-11-14 02:35:09,560 - DCRNN-Occupancy - INFO - Epoch 52, Batch 0/64, Loss: 0.0394, TF Ratio: 0.575
2025-11-14 02:35:18,765 - DCRNN-Occupancy - INFO - Epoch 52, Batch 50/64, Loss: 0.0306, TF Ratio: 0.575
2025-11-14 02:35:26,610 - DCRNN-Occupancy - INFO - Epoch 52: Train Loss: 0.3072, Val Loss: 0.6963, LR: 0.000906, Time: 21.7s
2025-11-14 02:35:26,610 - DCRNN-Occupancy - INFO - 혼잡도 예측 범위 (정규화): [-1.00, 2.58]
2025-11-14 02:35:26,610 - DCRNN-Occupancy - INFO - 혼잡도 예측 범위 (실제): [-0.1, 1673.2]명
2025-11-14 02:35:26,629 - DCRNN-Occupancy - INFO - Best occupancy model saved: checkpoints/occupancy_model/best_occupancy_model.pth
2025-11-14 02:35:31,324 - DCRNN-Occupancy - INFO - Epoch 53, Batch 0/64, Loss: 0.0404, TF Ratio: 0.562
2025-11-14 02:35:39,788 - DCRNN-Occupancy - INFO - Epoch 53, Batch 50/64, Loss: 0.7092, TF Ratio: 0.562
2025-11-14 02:35:47,351 - DCRNN-Occupancy - INFO - Epoch 53: Train Loss: 0.3238, Val Loss: 0.6944, LR: 0.000875, Time: 20.7s
2025-11-14 02:35:47,351 - DCRNN-Occupancy - INFO - 혼잡도 예측 범위 (정규화): [-0.99, 2.55]
2025-11-14 02:35:47,351 - DCRNN-Occupancy - INFO - 혼잡도 예측 범위 (실제): [-0.1, 1589.2]명
2025-11-14 02:35:47,369 - DCRNN-Occupancy - INFO - Best occupancy model saved: checkpoints/occupancy_model/best_occupancy_model.pth
2025-11-14 02:35:51,948 - DCRNN-Occupancy - INFO - Epoch 54, Batch 0/64, Loss: 0.0318, TF Ratio: 0.550
2025-11-14 02:36:00,513 - DCRNN-Occupancy - INFO - Epoch 54, Batch 50/64, Loss: 0.0450, TF Ratio: 0.550
2025-11-14 02:36:08,525 - DCRNN-Occupancy - INFO - Epoch 54: Train Loss: 0.2821, Val Loss: 0.6909, LR: 0.000844, Time: 21.2s
2025-11-14 02:36:08,525 - DCRNN-Occupancy - INFO - 혼잡도 예측 범위 (정규화): [-0.99, 2.54]
2025-11-14 02:36:08,525 - DCRNN-Occupancy - INFO - 혼잡도 예측 범위 (실제): [-0.1, 1539.4]명
2025-11-14 02:36:08,545 - DCRNN-Occupancy - INFO - Best occupancy model saved: checkpoints/occupancy_model/best_occupancy_model.pth
2025-11-14 02:36:14,111 - DCRNN-Occupancy - INFO - Epoch 55, Batch 0/64, Loss: 0.0347, TF Ratio: 0.537
2025-11-14 02:36:23,838 - DCRNN-Occupancy - INFO - Epoch 55, Batch 50/64, Loss: 0.0439, TF Ratio: 0.537
2025-11-14 02:36:32,403 - DCRNN-Occupancy - INFO - Epoch 55: Train Loss: 0.2979, Val Loss: 0.7452, LR: 0.000813, Time: 23.9s
2025-11-14 02:36:32,403 - DCRNN-Occupancy - INFO - 혼잡도 예측 범위 (정규화): [-1.01, 2.52]
2025-11-14 02:36:32,403 - DCRNN-Occupancy - INFO - 혼잡도 예측 범위 (실제): [-0.1, 1501.1]명
2025-11-14 02:36:38,277 - DCRNN-Occupancy - INFO - Epoch 56, Batch 0/64, Loss: 0.0419, TF Ratio: 0.525
2025-11-14 02:36:48,535 - DCRNN-Occupancy - INFO - Epoch 56, Batch 50/64, Loss: 0.7587, TF Ratio: 0.525
2025-11-14 02:36:57,182 - DCRNN-Occupancy - INFO - Epoch 56: Train Loss: 0.3722, Val Loss: 0.6897, LR: 0.000782, Time: 24.8s
2025-11-14 02:36:57,183 - DCRNN-Occupancy - INFO - 혼잡도 예측 범위 (정규화): [-1.05, 2.51]
2025-11-14 02:36:57,183 - DCRNN-Occupancy - INFO - 혼잡도 예측 범위 (실제): [-0.2, 1469.3]명
2025-11-14 02:36:57,202 - DCRNN-Occupancy - INFO - Best occupancy model saved: checkpoints/occupancy_model/best_occupancy_model.pth
2025-11-14 02:37:02,809 - DCRNN-Occupancy - INFO - Epoch 57, Batch 0/64, Loss: 0.6909, TF Ratio: 0.513
2025-11-14 02:37:13,696 - DCRNN-Occupancy - INFO - Epoch 57, Batch 50/64, Loss: 0.0505, TF Ratio: 0.513
2025-11-14 02:37:22,195 - DCRNN-Occupancy - INFO - Epoch 57: Train Loss: 0.3600, Val Loss: 0.6972, LR: 0.000752, Time: 25.0s
2025-11-14 02:37:22,195 - DCRNN-Occupancy - INFO - 혼잡도 예측 범위 (정규화): [-0.99, 2.51]
2025-11-14 02:37:22,196 - DCRNN-Occupancy - INFO - 혼잡도 예측 범위 (실제): [-0.1, 1440.7]명
2025-11-14 02:37:27,777 - DCRNN-Occupancy - INFO - Epoch 58, Batch 0/64, Loss: 0.6975, TF Ratio: 0.501
2025-11-14 02:37:37,871 - DCRNN-Occupancy - INFO - Epoch 58, Batch 50/64, Loss: 0.7570, TF Ratio: 0.501
2025-11-14 02:37:46,061 - DCRNN-Occupancy - INFO - Epoch 58: Train Loss: 0.4348, Val Loss: 0.6861, LR: 0.000722, Time: 23.9s
2025-11-14 02:37:46,061 - DCRNN-Occupancy - INFO - 혼잡도 예측 범위 (정규화): [-1.00, 2.57]
2025-11-14 02:37:46,061 - DCRNN-Occupancy - INFO - 혼잡도 예측 범위 (실제): [-0.1, 1648.2]명
2025-11-14 02:37:46,083 - DCRNN-Occupancy - INFO - Best occupancy model saved: checkpoints/occupancy_model/best_occupancy_model.pth
2025-11-14 02:37:50,651 - DCRNN-Occupancy - INFO - Epoch 59, Batch 0/64, Loss: 0.0682, TF Ratio: 0.488
2025-11-14 02:37:59,080 - DCRNN-Occupancy - INFO - Epoch 59, Batch 50/64, Loss: 0.8296, TF Ratio: 0.488
2025-11-14 02:38:06,670 - DCRNN-Occupancy - INFO - Epoch 59: Train Loss: 0.4255, Val Loss: 0.6845, LR: 0.000692, Time: 20.6s
2025-11-14 02:38:06,671 - DCRNN-Occupancy - INFO - 혼잡도 예측 범위 (정규화): [-1.01, 2.50]
2025-11-14 02:38:06,671 - DCRNN-Occupancy - INFO - 혼잡도 예측 범위 (실제): [-0.1, 1431.1]명
2025-11-14 02:38:06,691 - DCRNN-Occupancy - INFO - Best occupancy model saved: checkpoints/occupancy_model/best_occupancy_model.pth
2025-11-14 02:38:11,341 - DCRNN-Occupancy - INFO - Epoch 60, Batch 0/64, Loss: 0.0403, TF Ratio: 0.476
2025-11-14 02:38:19,759 - DCRNN-Occupancy - INFO - Epoch 60, Batch 50/64, Loss: 0.6076, TF Ratio: 0.476
2025-11-14 02:38:26,953 - DCRNN-Occupancy - INFO - Epoch 60: Train Loss: 0.3855, Val Loss: 0.6816, LR: 0.000662, Time: 20.3s
2025-11-14 02:38:26,953 - DCRNN-Occupancy - INFO - 혼잡도 예측 범위 (정규화): [-1.03, 2.49]
2025-11-14 02:38:26,953 - DCRNN-Occupancy - INFO - 혼잡도 예측 범위 (실제): [-0.2, 1383.3]명
2025-11-14 02:38:26,973 - DCRNN-Occupancy - INFO - Best occupancy model saved: checkpoints/occupancy_model/best_occupancy_model.pth
2025-11-14 02:38:26,990 - DCRNN-Occupancy - INFO - Best occupancy model saved: checkpoints/occupancy_model/best_occupancy_model.pth
2025-11-14 02:38:31,527 - DCRNN-Occupancy - INFO - Epoch 61, Batch 0/64, Loss: 0.0503, TF Ratio: 0.465
2025-11-14 02:38:40,402 - DCRNN-Occupancy - INFO - Epoch 61, Batch 50/64, Loss: 0.7408, TF Ratio: 0.465
2025-11-14 02:38:47,812 - DCRNN-Occupancy - INFO - Epoch 61: Train Loss: 0.4383, Val Loss: 0.6756, LR: 0.000633, Time: 20.8s
2025-11-14 02:38:47,812 - DCRNN-Occupancy - INFO - 혼잡도 예측 범위 (정규화): [-1.05, 2.51]
2025-11-14 02:38:47,812 - DCRNN-Occupancy - INFO - 혼잡도 예측 범위 (실제): [-0.2, 1457.2]명
2025-11-14 02:38:47,832 - DCRNN-Occupancy - INFO - Best occupancy model saved: checkpoints/occupancy_model/best_occupancy_model.pth
2025-11-14 02:38:52,392 - DCRNN-Occupancy - INFO - Epoch 62, Batch 0/64, Loss: 0.0455, TF Ratio: 0.453
2025-11-14 02:39:00,930 - DCRNN-Occupancy - INFO - Epoch 62, Batch 50/64, Loss: 0.6613, TF Ratio: 0.453
2025-11-14 02:39:09,170 - DCRNN-Occupancy - INFO - Epoch 62: Train Loss: 0.4497, Val Loss: 0.6810, LR: 0.000604, Time: 21.3s
2025-11-14 02:39:09,170 - DCRNN-Occupancy - INFO - 혼잡도 예측 범위 (정규화): [-1.02, 2.66]
2025-11-14 02:39:09,170 - DCRNN-Occupancy - INFO - 혼잡도 예측 범위 (실제): [-0.1, 1984.0]명
2025-11-14 02:39:14,246 - DCRNN-Occupancy - INFO - Epoch 63, Batch 0/64, Loss: 0.0495, TF Ratio: 0.441
2025-11-14 02:39:23,728 - DCRNN-Occupancy - INFO - Epoch 63, Batch 50/64, Loss: 0.6356, TF Ratio: 0.441
2025-11-14 02:39:32,025 - DCRNN-Occupancy - INFO - Epoch 63: Train Loss: 0.3303, Val Loss: 0.6903, LR: 0.000575, Time: 22.9s
2025-11-14 02:39:32,025 - DCRNN-Occupancy - INFO - 혼잡도 예측 범위 (정규화): [-1.02, 2.51]
2025-11-14 02:39:32,025 - DCRNN-Occupancy - INFO - 혼잡도 예측 범위 (실제): [-0.1, 1469.2]명
2025-11-14 02:39:37,533 - DCRNN-Occupancy - INFO - Epoch 64, Batch 0/64, Loss: 0.6377, TF Ratio: 0.430
2025-11-14 02:39:47,729 - DCRNN-Occupancy - INFO - Epoch 64, Batch 50/64, Loss: 0.0319, TF Ratio: 0.430
2025-11-14 02:39:55,897 - DCRNN-Occupancy - INFO - Epoch 64: Train Loss: 0.4245, Val Loss: 0.6745, LR: 0.000547, Time: 23.9s
2025-11-14 02:39:55,898 - DCRNN-Occupancy - INFO - 혼잡도 예측 범위 (정규화): [-1.01, 2.54]
2025-11-14 02:39:55,898 - DCRNN-Occupancy - INFO - 혼잡도 예측 범위 (실제): [-0.1, 1551.5]명
2025-11-14 02:39:55,917 - DCRNN-Occupancy - INFO - Best occupancy model saved: checkpoints/occupancy_model/best_occupancy_model.pth
2025-11-14 02:40:00,793 - DCRNN-Occupancy - INFO - Epoch 65, Batch 0/64, Loss: 0.6807, TF Ratio: 0.418
2025-11-14 02:40:10,325 - DCRNN-Occupancy - INFO - Epoch 65, Batch 50/64, Loss: 0.6225, TF Ratio: 0.418
2025-11-14 02:40:18,391 - DCRNN-Occupancy - INFO - Epoch 65: Train Loss: 0.4498, Val Loss: 0.6686, LR: 0.000519, Time: 22.5s
2025-11-14 02:40:18,391 - DCRNN-Occupancy - INFO - 혼잡도 예측 범위 (정규화): [-0.99, 2.58]
2025-11-14 02:40:18,391 - DCRNN-Occupancy - INFO - 혼잡도 예측 범위 (실제): [-0.1, 1674.1]명
2025-11-14 02:40:18,411 - DCRNN-Occupancy - INFO - Best occupancy model saved: checkpoints/occupancy_model/best_occupancy_model.pth
2025-11-14 02:40:23,507 - DCRNN-Occupancy - INFO - Epoch 66, Batch 0/64, Loss: 0.0496, TF Ratio: 0.407
2025-11-14 02:40:32,255 - DCRNN-Occupancy - INFO - Epoch 66, Batch 50/64, Loss: 0.0467, TF Ratio: 0.407
2025-11-14 02:40:39,547 - DCRNN-Occupancy - INFO - Epoch 66: Train Loss: 0.4027, Val Loss: 0.6745, LR: 0.000492, Time: 21.1s
2025-11-14 02:40:39,547 - DCRNN-Occupancy - INFO - 혼잡도 예측 범위 (정규화): [-1.00, 2.54]
2025-11-14 02:40:39,547 - DCRNN-Occupancy - INFO - 혼잡도 예측 범위 (실제): [-0.1, 1542.1]명
2025-11-14 02:40:44,147 - DCRNN-Occupancy - INFO - Epoch 67, Batch 0/64, Loss: 0.7251, TF Ratio: 0.396
2025-11-14 02:40:53,448 - DCRNN-Occupancy - INFO - Epoch 67, Batch 50/64, Loss: 0.6441, TF Ratio: 0.396
2025-11-14 02:41:01,390 - DCRNN-Occupancy - INFO - Epoch 67: Train Loss: 0.4822, Val Loss: 0.6693, LR: 0.000465, Time: 21.8s
2025-11-14 02:41:01,391 - DCRNN-Occupancy - INFO - 혼잡도 예측 범위 (정규화): [-1.01, 2.54]
2025-11-14 02:41:01,391 - DCRNN-Occupancy - INFO - 혼잡도 예측 범위 (실제): [-0.1, 1542.2]명
2025-11-14 02:41:06,528 - DCRNN-Occupancy - INFO - Epoch 68, Batch 0/64, Loss: 0.0507, TF Ratio: 0.386
2025-11-14 02:41:15,738 - DCRNN-Occupancy - INFO - Epoch 68, Batch 50/64, Loss: 0.0551, TF Ratio: 0.386
2025-11-14 02:41:23,226 - DCRNN-Occupancy - INFO - Epoch 68: Train Loss: 0.4512, Val Loss: 0.6756, LR: 0.000439, Time: 21.8s
2025-11-14 02:41:23,227 - DCRNN-Occupancy - INFO - 혼잡도 예측 범위 (정규화): [-1.00, 2.50]
2025-11-14 02:41:23,227 - DCRNN-Occupancy - INFO - 혼잡도 예측 범위 (실제): [-0.1, 1424.7]명
2025-11-14 02:41:27,825 - DCRNN-Occupancy - INFO - Epoch 69, Batch 0/64, Loss: 0.7607, TF Ratio: 0.375
2025-11-14 02:41:36,350 - DCRNN-Occupancy - INFO - Epoch 69, Batch 50/64, Loss: 0.7201, TF Ratio: 0.375
2025-11-14 02:41:44,179 - DCRNN-Occupancy - INFO - Epoch 69: Train Loss: 0.4943, Val Loss: 0.6658, LR: 0.000413, Time: 21.0s
2025-11-14 02:41:44,179 - DCRNN-Occupancy - INFO - 혼잡도 예측 범위 (정규화): [-1.04, 2.53]
2025-11-14 02:41:44,179 - DCRNN-Occupancy - INFO - 혼잡도 예측 범위 (실제): [-0.2, 1530.7]명
2025-11-14 02:41:44,198 - DCRNN-Occupancy - INFO - Best occupancy model saved: checkpoints/occupancy_model/best_occupancy_model.pth
2025-11-14 02:41:49,066 - DCRNN-Occupancy - INFO - Epoch 70, Batch 0/64, Loss: 0.5691, TF Ratio: 0.365
2025-11-14 02:41:57,978 - DCRNN-Occupancy - INFO - Epoch 70, Batch 50/64, Loss: 0.6795, TF Ratio: 0.365
2025-11-14 02:42:05,938 - DCRNN-Occupancy - INFO - Epoch 70: Train Loss: 0.4615, Val Loss: 0.6607, LR: 0.000388, Time: 21.7s
2025-11-14 02:42:05,939 - DCRNN-Occupancy - INFO - 혼잡도 예측 범위 (정규화): [-1.02, 2.52]
2025-11-14 02:42:05,939 - DCRNN-Occupancy - INFO - 혼잡도 예측 범위 (실제): [-0.1, 1500.4]명
2025-11-14 02:42:05,956 - DCRNN-Occupancy - INFO - Best occupancy model saved: checkpoints/occupancy_model/best_occupancy_model.pth
2025-11-14 02:42:05,973 - DCRNN-Occupancy - INFO - Best occupancy model saved: checkpoints/occupancy_model/best_occupancy_model.pth
2025-11-14 02:42:10,783 - DCRNN-Occupancy - INFO - Epoch 71, Batch 0/64, Loss: 0.7707, TF Ratio: 0.355
2025-11-14 02:42:20,369 - DCRNN-Occupancy - INFO - Epoch 71, Batch 50/64, Loss: 0.6070, TF Ratio: 0.355
2025-11-14 02:42:28,578 - DCRNN-Occupancy - INFO - Epoch 71: Train Loss: 0.5124, Val Loss: 0.6612, LR: 0.000363, Time: 22.6s
2025-11-14 02:42:28,578 - DCRNN-Occupancy - INFO - 혼잡도 예측 범위 (정규화): [-1.00, 2.54]
2025-11-14 02:42:28,578 - DCRNN-Occupancy - INFO - 혼잡도 예측 범위 (실제): [-0.1, 1543.1]명
2025-11-14 02:42:33,924 - DCRNN-Occupancy - INFO - Epoch 72, Batch 0/64, Loss: 0.0400, TF Ratio: 0.345
2025-11-14 02:42:44,086 - DCRNN-Occupancy - INFO - Epoch 72, Batch 50/64, Loss: 0.5017, TF Ratio: 0.345
2025-11-14 02:42:53,308 - DCRNN-Occupancy - INFO - Epoch 72: Train Loss: 0.4551, Val Loss: 0.6567, LR: 0.000340, Time: 24.7s
2025-11-14 02:42:53,308 - DCRNN-Occupancy - INFO - 혼잡도 예측 범위 (정규화): [-1.01, 2.58]
2025-11-14 02:42:53,309 - DCRNN-Occupancy - INFO - 혼잡도 예측 범위 (실제): [-0.1, 1678.1]명
2025-11-14 02:42:53,356 - DCRNN-Occupancy - INFO - Best occupancy model saved: checkpoints/occupancy_model/best_occupancy_model.pth
2025-11-14 02:42:58,827 - DCRNN-Occupancy - INFO - Epoch 73, Batch 0/64, Loss: 0.4484, TF Ratio: 0.335
2025-11-14 02:43:09,748 - DCRNN-Occupancy - INFO - Epoch 73, Batch 50/64, Loss: 0.6552, TF Ratio: 0.335
2025-11-14 02:43:18,705 - DCRNN-Occupancy - INFO - Epoch 73: Train Loss: 0.4866, Val Loss: 0.6593, LR: 0.000316, Time: 25.3s
2025-11-14 02:43:18,705 - DCRNN-Occupancy - INFO - 혼잡도 예측 범위 (정규화): [-1.01, 2.54]
2025-11-14 02:43:18,705 - DCRNN-Occupancy - INFO - 혼잡도 예측 범위 (실제): [-0.1, 1540.6]명
2025-11-14 02:43:24,417 - DCRNN-Occupancy - INFO - Epoch 74, Batch 0/64, Loss: 0.6692, TF Ratio: 0.326
2025-11-14 02:43:34,927 - DCRNN-Occupancy - INFO - Epoch 74, Batch 50/64, Loss: 0.7328, TF Ratio: 0.326
2025-11-14 02:43:43,342 - DCRNN-Occupancy - INFO - Epoch 74: Train Loss: 0.4864, Val Loss: 0.6560, LR: 0.000294, Time: 24.6s
2025-11-14 02:43:43,342 - DCRNN-Occupancy - INFO - 혼잡도 예측 범위 (정규화): [-0.99, 2.56]
2025-11-14 02:43:43,342 - DCRNN-Occupancy - INFO - 혼잡도 예측 범위 (실제): [-0.1, 1606.0]명
2025-11-14 02:43:43,361 - DCRNN-Occupancy - INFO - Best occupancy model saved: checkpoints/occupancy_model/best_occupancy_model.pth
2025-11-14 02:43:48,871 - DCRNN-Occupancy - INFO - Epoch 75, Batch 0/64, Loss: 0.7289, TF Ratio: 0.317
2025-11-14 02:43:58,354 - DCRNN-Occupancy - INFO - Epoch 75, Batch 50/64, Loss: 0.7973, TF Ratio: 0.317
2025-11-14 02:44:06,288 - DCRNN-Occupancy - INFO - Epoch 75: Train Loss: 0.4698, Val Loss: 0.6553, LR: 0.000272, Time: 22.9s
2025-11-14 02:44:06,288 - DCRNN-Occupancy - INFO - 혼잡도 예측 범위 (정규화): [-1.00, 2.51]
2025-11-14 02:44:06,288 - DCRNN-Occupancy - INFO - 혼잡도 예측 범위 (실제): [-0.1, 1443.0]명
2025-11-14 02:44:06,306 - DCRNN-Occupancy - INFO - Best occupancy model saved: checkpoints/occupancy_model/best_occupancy_model.pth
2025-11-14 02:44:11,326 - DCRNN-Occupancy - INFO - Epoch 76, Batch 0/64, Loss: 0.6076, TF Ratio: 0.308
2025-11-14 02:44:21,500 - DCRNN-Occupancy - INFO - Epoch 76, Batch 50/64, Loss: 0.6233, TF Ratio: 0.308
2025-11-14 02:44:30,200 - DCRNN-Occupancy - INFO - Epoch 76: Train Loss: 0.4116, Val Loss: 0.6547, LR: 0.000251, Time: 23.9s
2025-11-14 02:44:30,201 - DCRNN-Occupancy - INFO - 혼잡도 예측 범위 (정규화): [-1.00, 2.60]
2025-11-14 02:44:30,201 - DCRNN-Occupancy - INFO - 혼잡도 예측 범위 (실제): [-0.1, 1756.6]명
2025-11-14 02:44:30,221 - DCRNN-Occupancy - INFO - Best occupancy model saved: checkpoints/occupancy_model/best_occupancy_model.pth
2025-11-14 02:44:36,223 - DCRNN-Occupancy - INFO - Epoch 77, Batch 0/64, Loss: 0.7199, TF Ratio: 0.300
2025-11-14 02:44:47,301 - DCRNN-Occupancy - INFO - Epoch 77, Batch 50/64, Loss: 0.6084, TF Ratio: 0.300
2025-11-14 02:44:56,795 - DCRNN-Occupancy - INFO - Epoch 77: Train Loss: 0.4452, Val Loss: 0.6541, LR: 0.000230, Time: 26.6s
2025-11-14 02:44:56,796 - DCRNN-Occupancy - INFO - 혼잡도 예측 범위 (정규화): [-1.00, 2.47]
2025-11-14 02:44:56,796 - DCRNN-Occupancy - INFO - 혼잡도 예측 범위 (실제): [-0.1, 1343.3]명
2025-11-14 02:44:56,818 - DCRNN-Occupancy - INFO - Best occupancy model saved: checkpoints/occupancy_model/best_occupancy_model.pth
2025-11-14 02:45:02,669 - DCRNN-Occupancy - INFO - Epoch 78, Batch 0/64, Loss: 0.7180, TF Ratio: 0.292
2025-11-14 02:45:14,672 - DCRNN-Occupancy - INFO - Epoch 78, Batch 50/64, Loss: 0.5877, TF Ratio: 0.292
2025-11-14 02:45:24,443 - DCRNN-Occupancy - INFO - Epoch 78: Train Loss: 0.5363, Val Loss: 0.6536, LR: 0.000211, Time: 27.6s
2025-11-14 02:45:24,443 - DCRNN-Occupancy - INFO - 혼잡도 예측 범위 (정규화): [-1.01, 2.50]
2025-11-14 02:45:24,443 - DCRNN-Occupancy - INFO - 혼잡도 예측 범위 (실제): [-0.1, 1427.0]명
2025-11-14 02:45:24,465 - DCRNN-Occupancy - INFO - Best occupancy model saved: checkpoints/occupancy_model/best_occupancy_model.pth
2025-11-14 02:45:30,072 - DCRNN-Occupancy - INFO - Epoch 79, Batch 0/64, Loss: 0.0350, TF Ratio: 0.284
2025-11-14 02:45:41,391 - DCRNN-Occupancy - INFO - Epoch 79, Batch 50/64, Loss: 0.0484, TF Ratio: 0.284
2025-11-14 02:45:50,877 - DCRNN-Occupancy - INFO - Epoch 79: Train Loss: 0.5035, Val Loss: 0.6528, LR: 0.000192, Time: 26.4s
2025-11-14 02:45:50,877 - DCRNN-Occupancy - INFO - 혼잡도 예측 범위 (정규화): [-0.99, 2.46]
2025-11-14 02:45:50,877 - DCRNN-Occupancy - INFO - 혼잡도 예측 범위 (실제): [-0.1, 1310.7]명
2025-11-14 02:45:50,899 - DCRNN-Occupancy - INFO - Best occupancy model saved: checkpoints/occupancy_model/best_occupancy_model.pth
2025-11-14 02:45:56,532 - DCRNN-Occupancy - INFO - Epoch 80, Batch 0/64, Loss: 0.6457, TF Ratio: 0.276
2025-11-14 02:46:06,630 - DCRNN-Occupancy - INFO - Epoch 80, Batch 50/64, Loss: 0.0475, TF Ratio: 0.276
2025-11-14 02:46:15,461 - DCRNN-Occupancy - INFO - Epoch 80: Train Loss: 0.4877, Val Loss: 0.6525, LR: 0.000174, Time: 24.6s
2025-11-14 02:46:15,461 - DCRNN-Occupancy - INFO - 혼잡도 예측 범위 (정규화): [-1.00, 2.61]
2025-11-14 02:46:15,461 - DCRNN-Occupancy - INFO - 혼잡도 예측 범위 (실제): [-0.1, 1796.9]명
2025-11-14 02:46:15,481 - DCRNN-Occupancy - INFO - Best occupancy model saved: checkpoints/occupancy_model/best_occupancy_model.pth
2025-11-14 02:46:15,499 - DCRNN-Occupancy - INFO - Best occupancy model saved: checkpoints/occupancy_model/best_occupancy_model.pth
2025-11-14 02:46:20,663 - DCRNN-Occupancy - INFO - Epoch 81, Batch 0/64, Loss: 0.8012, TF Ratio: 0.269
2025-11-14 02:46:30,797 - DCRNN-Occupancy - INFO - Epoch 81, Batch 50/64, Loss: 0.5451, TF Ratio: 0.269
2025-11-14 02:46:38,807 - DCRNN-Occupancy - INFO - Epoch 81: Train Loss: 0.5008, Val Loss: 0.6517, LR: 0.000157, Time: 23.3s
2025-11-14 02:46:38,807 - DCRNN-Occupancy - INFO - 혼잡도 예측 범위 (정규화): [-1.01, 2.50]
2025-11-14 02:46:38,807 - DCRNN-Occupancy - INFO - 혼잡도 예측 범위 (실제): [-0.1, 1416.2]명
2025-11-14 02:46:38,827 - DCRNN-Occupancy - INFO - Best occupancy model saved: checkpoints/occupancy_model/best_occupancy_model.pth
2025-11-14 02:46:44,160 - DCRNN-Occupancy - INFO - Epoch 82, Batch 0/64, Loss: 0.0356, TF Ratio: 0.262
2025-11-14 02:46:53,681 - DCRNN-Occupancy - INFO - Epoch 82, Batch 50/64, Loss: 0.6858, TF Ratio: 0.262
2025-11-14 02:47:01,263 - DCRNN-Occupancy - INFO - Epoch 82: Train Loss: 0.5006, Val Loss: 0.6531, LR: 0.000140, Time: 22.4s
2025-11-14 02:47:01,263 - DCRNN-Occupancy - INFO - 혼잡도 예측 범위 (정규화): [-1.03, 2.56]
2025-11-14 02:47:01,263 - DCRNN-Occupancy - INFO - 혼잡도 예측 범위 (실제): [-0.1, 1611.4]명
2025-11-14 02:47:05,829 - DCRNN-Occupancy - INFO - Epoch 83, Batch 0/64, Loss: 0.0394, TF Ratio: 0.256
2025-11-14 02:47:15,071 - DCRNN-Occupancy - INFO - Epoch 83, Batch 50/64, Loss: 0.7192, TF Ratio: 0.256
2025-11-14 02:47:23,237 - DCRNN-Occupancy - INFO - Epoch 83: Train Loss: 0.5474, Val Loss: 0.6565, LR: 0.000125, Time: 22.0s
2025-11-14 02:47:23,237 - DCRNN-Occupancy - INFO - 혼잡도 예측 범위 (정규화): [-0.99, 2.45]
2025-11-14 02:47:23,237 - DCRNN-Occupancy - INFO - 혼잡도 예측 범위 (실제): [-0.1, 1275.1]명
2025-11-14 02:47:28,630 - DCRNN-Occupancy - INFO - Epoch 84, Batch 0/64, Loss: 0.6510, TF Ratio: 0.249
2025-11-14 02:47:38,920 - DCRNN-Occupancy - INFO - Epoch 84, Batch 50/64, Loss: 0.6690, TF Ratio: 0.249
2025-11-14 02:47:47,212 - DCRNN-Occupancy - INFO - Epoch 84: Train Loss: 0.4860, Val Loss: 0.6519, LR: 0.000110, Time: 24.0s
2025-11-14 02:47:47,212 - DCRNN-Occupancy - INFO - 혼잡도 예측 범위 (정규화): [-1.02, 2.49]
2025-11-14 02:47:47,212 - DCRNN-Occupancy - INFO - 혼잡도 예측 범위 (실제): [-0.1, 1384.3]명
2025-11-14 02:47:52,421 - DCRNN-Occupancy - INFO - Epoch 85, Batch 0/64, Loss: 0.7636, TF Ratio: 0.244
2025-11-14 02:48:01,685 - DCRNN-Occupancy - INFO - Epoch 85, Batch 50/64, Loss: 0.4955, TF Ratio: 0.244
2025-11-14 02:48:09,304 - DCRNN-Occupancy - INFO - Epoch 85: Train Loss: 0.4214, Val Loss: 0.6517, LR: 0.000096, Time: 22.1s
2025-11-14 02:48:09,305 - DCRNN-Occupancy - INFO - 혼잡도 예측 범위 (정규화): [-1.03, 2.49]
2025-11-14 02:48:09,305 - DCRNN-Occupancy - INFO - 혼잡도 예측 범위 (실제): [-0.2, 1387.9]명
2025-11-14 02:48:14,280 - DCRNN-Occupancy - INFO - Epoch 86, Batch 0/64, Loss: 0.0416, TF Ratio: 0.238
2025-11-14 02:48:23,793 - DCRNN-Occupancy - INFO - Epoch 86, Batch 50/64, Loss: 0.6317, TF Ratio: 0.238
2025-11-14 02:48:32,078 - DCRNN-Occupancy - INFO - Epoch 86: Train Loss: 0.5390, Val Loss: 0.6510, LR: 0.000083, Time: 22.8s
2025-11-14 02:48:32,078 - DCRNN-Occupancy - INFO - 혼잡도 예측 범위 (정규화): [-0.99, 2.50]
2025-11-14 02:48:32,078 - DCRNN-Occupancy - INFO - 혼잡도 예측 범위 (실제): [-0.1, 1424.3]명
2025-11-14 02:48:32,098 - DCRNN-Occupancy - INFO - Best occupancy model saved: checkpoints/occupancy_model/best_occupancy_model.pth
2025-11-14 02:48:37,353 - DCRNN-Occupancy - INFO - Epoch 87, Batch 0/64, Loss: 0.0395, TF Ratio: 0.233
2025-11-14 02:48:47,193 - DCRNN-Occupancy - INFO - Epoch 87, Batch 50/64, Loss: 0.7175, TF Ratio: 0.233
2025-11-14 02:48:55,492 - DCRNN-Occupancy - INFO - Epoch 87: Train Loss: 0.5528, Val Loss: 0.6498, LR: 0.000071, Time: 23.4s
2025-11-14 02:48:55,492 - DCRNN-Occupancy - INFO - 혼잡도 예측 범위 (정규화): [-1.03, 2.47]
2025-11-14 02:48:55,492 - DCRNN-Occupancy - INFO - 혼잡도 예측 범위 (실제): [-0.1, 1350.5]명
2025-11-14 02:48:55,511 - DCRNN-Occupancy - INFO - Best occupancy model saved: checkpoints/occupancy_model/best_occupancy_model.pth
2025-11-14 02:49:01,020 - DCRNN-Occupancy - INFO - Epoch 88, Batch 0/64, Loss: 0.6355, TF Ratio: 0.228
2025-11-14 02:49:10,676 - DCRNN-Occupancy - INFO - Epoch 88, Batch 50/64, Loss: 0.7318, TF Ratio: 0.228
2025-11-14 02:49:19,073 - DCRNN-Occupancy - INFO - Epoch 88: Train Loss: 0.6226, Val Loss: 0.6524, LR: 0.000060, Time: 23.6s
2025-11-14 02:49:19,073 - DCRNN-Occupancy - INFO - 혼잡도 예측 범위 (정규화): [-1.00, 2.40]
2025-11-14 02:49:19,073 - DCRNN-Occupancy - INFO - 혼잡도 예측 범위 (실제): [-0.1, 1160.3]명
2025-11-14 02:49:24,298 - DCRNN-Occupancy - INFO - Epoch 89, Batch 0/64, Loss: 0.8253, TF Ratio: 0.224
2025-11-14 02:49:34,180 - DCRNN-Occupancy - INFO - Epoch 89, Batch 50/64, Loss: 0.6149, TF Ratio: 0.224
2025-11-14 02:49:42,736 - DCRNN-Occupancy - INFO - Epoch 89: Train Loss: 0.5356, Val Loss: 0.6493, LR: 0.000050, Time: 23.7s
2025-11-14 02:49:42,737 - DCRNN-Occupancy - INFO - 혼잡도 예측 범위 (정규화): [-1.00, 2.49]
2025-11-14 02:49:42,737 - DCRNN-Occupancy - INFO - 혼잡도 예측 범위 (실제): [-0.1, 1404.4]명
2025-11-14 02:49:42,800 - DCRNN-Occupancy - INFO - Best occupancy model saved: checkpoints/occupancy_model/best_occupancy_model.pth
2025-11-14 02:49:48,336 - DCRNN-Occupancy - INFO - Epoch 90, Batch 0/64, Loss: 0.5859, TF Ratio: 0.220
2025-11-14 02:49:58,762 - DCRNN-Occupancy - INFO - Epoch 90, Batch 50/64, Loss: 0.7813, TF Ratio: 0.220
2025-11-14 02:53:00,091 - DCRNN-Occupancy - INFO - 혼잡도 전용 데이터셋 로드 중...
2025-11-14 02:53:10,948 - DCRNN-Occupancy - INFO - Train batches: 64
2025-11-14 02:53:10,948 - DCRNN-Occupancy - INFO - Val batches: 14
2025-11-14 02:53:10,952 - DCRNN-Occupancy - INFO - 혼잡도 전용 DCRNN 모델 구성 중...
2025-11-14 02:53:10,954 - DCRNN-Occupancy - INFO - Total parameters: 504,514
2025-11-14 02:53:10,954 - DCRNN-Occupancy - INFO - Trainable parameters: 504,514
2025-11-14 02:53:11,436 - DCRNN-Occupancy - INFO - 혼잡도 모델 훈련 설정 완료
2025-11-14 02:53:11,436 - DCRNN-Occupancy - INFO - 혼잡도 모델 훈련 시작...
2025-11-14 02:53:11,436 - DCRNN-Occupancy - INFO - 총 200 에포크 훈련 예정
2025-11-14 02:53:11,436 - DCRNN-Occupancy - INFO - 시작 에포크: 0
2025-11-14 02:53:11,436 - DCRNN-Occupancy - INFO - 디바이스: cpu
2025-11-14 02:53:16,339 - DCRNN-Occupancy - INFO - 첫 배치 처리 시작 - X shape: torch.Size([32, 12, 22, 1]), Y shape: torch.Size([32, 22, 1])
2025-11-14 02:53:16,584 - DCRNN-Occupancy - INFO - Epoch 0, Batch 0/64, Loss: 0.9679, TF Ratio: 1.000
2025-11-14 02:53:26,628 - DCRNN-Occupancy - INFO - Epoch 0, Batch 50/64, Loss: 0.1077, TF Ratio: 1.000
2025-11-14 02:53:34,359 - DCRNN-Occupancy - INFO - Epoch 0: Train Loss: 0.1971, Val Loss: 1.0621, LR: 0.002000, Time: 22.9s
2025-11-14 02:53:34,359 - DCRNN-Occupancy - INFO - 혼잡도 예측 범위 (정규화): [-2.08, 2.35]
2025-11-14 02:53:34,359 - DCRNN-Occupancy - INFO - 혼잡도 예측 범위 (실제): [-0.9, 1038.8]명
2025-11-14 02:53:34,383 - DCRNN-Occupancy - INFO - Best occupancy model saved: checkpoints/occupancy_model/best_occupancy_model.pth
2025-11-14 02:53:34,403 - DCRNN-Occupancy - INFO - Best occupancy model saved: checkpoints/occupancy_model/best_occupancy_model.pth
2025-11-14 02:53:39,098 - DCRNN-Occupancy - INFO - Epoch 1, Batch 0/64, Loss: 0.1103, TF Ratio: 1.000
2025-11-14 02:53:48,181 - DCRNN-Occupancy - INFO - Epoch 1, Batch 50/64, Loss: 0.0654, TF Ratio: 1.000
2025-11-14 02:53:56,047 - DCRNN-Occupancy - INFO - Epoch 1: Train Loss: 0.0819, Val Loss: 1.0229, LR: 0.001998, Time: 21.6s
2025-11-14 02:53:56,047 - DCRNN-Occupancy - INFO - 혼잡도 예측 범위 (정규화): [-1.19, 2.52]
2025-11-14 02:53:56,047 - DCRNN-Occupancy - INFO - 혼잡도 예측 범위 (실제): [-0.4, 1489.1]명
2025-11-14 02:53:56,066 - DCRNN-Occupancy - INFO - Best occupancy model saved: checkpoints/occupancy_model/best_occupancy_model.pth
2025-11-14 02:54:00,773 - DCRNN-Occupancy - INFO - Epoch 2, Batch 0/64, Loss: 0.0974, TF Ratio: 0.999
2025-11-14 02:54:09,528 - DCRNN-Occupancy - INFO - Epoch 2, Batch 50/64, Loss: 0.0320, TF Ratio: 0.999
2025-11-14 02:55:05,570 - DCRNN-Occupancy - INFO - 혼잡도 전용 데이터셋 로드 중...
2025-11-14 02:55:16,124 - DCRNN-Occupancy - INFO - Train batches: 64
2025-11-14 02:55:16,125 - DCRNN-Occupancy - INFO - Val batches: 14
2025-11-14 02:55:16,127 - DCRNN-Occupancy - INFO - 혼잡도 전용 DCRNN 모델 구성 중...
2025-11-14 02:55:16,129 - DCRNN-Occupancy - INFO - Total parameters: 504,514
2025-11-14 02:55:16,129 - DCRNN-Occupancy - INFO - Trainable parameters: 504,514
2025-11-14 02:55:16,580 - DCRNN-Occupancy - INFO - 혼잡도 모델 훈련 설정 완료
2025-11-14 02:55:16,596 - DCRNN-Occupancy - INFO - 혼잡도 모델 훈련 시작...
2025-11-14 02:55:16,596 - DCRNN-Occupancy - INFO - 총 200 에포크 훈련 예정
2025-11-14 02:55:16,596 - DCRNN-Occupancy - INFO - 시작 에포크: 90
2025-11-14 02:55:16,596 - DCRNN-Occupancy - INFO - 디바이스: cpu
2025-11-14 02:55:21,211 - DCRNN-Occupancy - INFO - Epoch 90, Batch 0/64, Loss: 0.6292, TF Ratio: 0.220
2025-11-14 02:55:29,742 - DCRNN-Occupancy - INFO - Epoch 90, Batch 50/64, Loss: 0.8162, TF Ratio: 0.220
2025-11-14 02:55:37,280 - DCRNN-Occupancy - INFO - Epoch 90: Train Loss: 0.5101, Val Loss: 0.6490, LR: 0.000041, Time: 20.7s
2025-11-14 02:55:37,281 - DCRNN-Occupancy - INFO - 혼잡도 예측 범위 (정규화): [-1.03, 2.50]
2025-11-14 02:55:37,281 - DCRNN-Occupancy - INFO - 혼잡도 예측 범위 (실제): [-0.2, 1420.8]명
2025-11-14 02:55:37,302 - DCRNN-Occupancy - INFO - Best occupancy model saved: checkpoints/occupancy_model/best_occupancy_model.pth
2025-11-14 02:55:37,324 - DCRNN-Occupancy - INFO - Best occupancy model saved: checkpoints/occupancy_model/best_occupancy_model.pth
2025-11-14 02:55:42,331 - DCRNN-Occupancy - INFO - Epoch 91, Batch 0/64, Loss: 0.0454, TF Ratio: 0.216
2025-11-14 02:55:52,030 - DCRNN-Occupancy - INFO - Epoch 91, Batch 50/64, Loss: 0.5655, TF Ratio: 0.216
2025-11-14 02:56:00,426 - DCRNN-Occupancy - INFO - Epoch 91: Train Loss: 0.4910, Val Loss: 0.6488, LR: 0.000032, Time: 23.1s
2025-11-14 02:56:00,426 - DCRNN-Occupancy - INFO - 혼잡도 예측 범위 (정규화): [-1.02, 2.47]
2025-11-14 02:56:00,426 - DCRNN-Occupancy - INFO - 혼잡도 예측 범위 (실제): [-0.1, 1351.9]명
2025-11-14 02:56:00,535 - DCRNN-Occupancy - INFO - Best occupancy model saved: checkpoints/occupancy_model/best_occupancy_model.pth
2025-11-14 02:56:05,592 - DCRNN-Occupancy - INFO - Epoch 92, Batch 0/64, Loss: 0.6834, TF Ratio: 0.213
2025-11-14 02:56:14,790 - DCRNN-Occupancy - INFO - Epoch 92, Batch 50/64, Loss: 0.6247, TF Ratio: 0.213
2025-11-14 02:56:22,489 - DCRNN-Occupancy - INFO - Epoch 92: Train Loss: 0.5088, Val Loss: 0.6488, LR: 0.000025, Time: 22.0s
2025-11-14 02:56:22,489 - DCRNN-Occupancy - INFO - 혼잡도 예측 범위 (정규화): [-1.01, 2.50]
2025-11-14 02:56:22,489 - DCRNN-Occupancy - INFO - 혼잡도 예측 범위 (실제): [-0.1, 1431.6]명
2025-11-14 02:56:22,508 - DCRNN-Occupancy - INFO - Best occupancy model saved: checkpoints/occupancy_model/best_occupancy_model.pth
2025-11-14 02:56:27,227 - DCRNN-Occupancy - INFO - Epoch 93, Batch 0/64, Loss: 0.6499, TF Ratio: 0.210
2025-11-14 02:56:36,018 - DCRNN-Occupancy - INFO - Epoch 93, Batch 50/64, Loss: 0.0336, TF Ratio: 0.210
2025-11-14 02:56:43,669 - DCRNN-Occupancy - INFO - Epoch 93: Train Loss: 0.5388, Val Loss: 0.6501, LR: 0.000019, Time: 21.2s
2025-11-14 02:56:43,669 - DCRNN-Occupancy - INFO - 혼잡도 예측 범위 (정규화): [-1.02, 2.48]
2025-11-14 02:56:43,669 - DCRNN-Occupancy - INFO - 혼잡도 예측 범위 (실제): [-0.1, 1363.1]명
2025-11-14 02:56:48,574 - DCRNN-Occupancy - INFO - Epoch 94, Batch 0/64, Loss: 0.6617, TF Ratio: 0.207
2025-11-14 02:56:57,228 - DCRNN-Occupancy - INFO - Epoch 94, Batch 50/64, Loss: 0.6535, TF Ratio: 0.207
2025-11-14 02:57:04,783 - DCRNN-Occupancy - INFO - Epoch 94: Train Loss: 0.5231, Val Loss: 0.6487, LR: 0.000013, Time: 21.1s
2025-11-14 02:57:04,783 - DCRNN-Occupancy - INFO - 혼잡도 예측 범위 (정규화): [-0.99, 2.46]
2025-11-14 02:57:04,783 - DCRNN-Occupancy - INFO - 혼잡도 예측 범위 (실제): [-0.1, 1323.7]명
2025-11-14 02:57:04,803 - DCRNN-Occupancy - INFO - Best occupancy model saved: checkpoints/occupancy_model/best_occupancy_model.pth
2025-11-14 02:57:09,538 - DCRNN-Occupancy - INFO - Epoch 95, Batch 0/64, Loss: 0.0307, TF Ratio: 0.205
2025-11-14 02:57:18,132 - DCRNN-Occupancy - INFO - Epoch 95, Batch 50/64, Loss: 0.0275, TF Ratio: 0.205
2025-11-14 02:57:25,708 - DCRNN-Occupancy - INFO - Epoch 95: Train Loss: 0.5006, Val Loss: 0.6488, LR: 0.000009, Time: 20.9s
2025-11-14 02:57:25,708 - DCRNN-Occupancy - INFO - 혼잡도 예측 범위 (정규화): [-0.99, 2.48]
2025-11-14 02:57:25,708 - DCRNN-Occupancy - INFO - 혼잡도 예측 범위 (실제): [-0.1, 1369.0]명
2025-11-14 02:57:30,275 - DCRNN-Occupancy - INFO - Epoch 96, Batch 0/64, Loss: 0.6554, TF Ratio: 0.203
2025-11-14 02:57:38,705 - DCRNN-Occupancy - INFO - Epoch 96, Batch 50/64, Loss: 0.6689, TF Ratio: 0.203
2025-11-14 02:57:47,307 - DCRNN-Occupancy - INFO - Epoch 96: Train Loss: 0.5143, Val Loss: 0.6485, LR: 0.000005, Time: 21.6s
2025-11-14 02:57:47,307 - DCRNN-Occupancy - INFO - 혼잡도 예측 범위 (정규화): [-1.03, 2.55]
2025-11-14 02:57:47,307 - DCRNN-Occupancy - INFO - 혼잡도 예측 범위 (실제): [-0.2, 1570.5]명
2025-11-14 02:57:47,326 - DCRNN-Occupancy - INFO - Best occupancy model saved: checkpoints/occupancy_model/best_occupancy_model.pth
2025-11-14 02:57:51,991 - DCRNN-Occupancy - INFO - Epoch 97, Batch 0/64, Loss: 0.5488, TF Ratio: 0.202
2025-11-14 02:58:00,871 - DCRNN-Occupancy - INFO - Epoch 97, Batch 50/64, Loss: 0.7580, TF Ratio: 0.202
2025-11-14 02:58:08,356 - DCRNN-Occupancy - INFO - Epoch 97: Train Loss: 0.4732, Val Loss: 0.6487, LR: 0.000003, Time: 21.0s
2025-11-14 02:58:08,357 - DCRNN-Occupancy - INFO - 혼잡도 예측 범위 (정규화): [-1.02, 2.49]
2025-11-14 02:58:08,357 - DCRNN-Occupancy - INFO - 혼잡도 예측 범위 (실제): [-0.1, 1385.0]명
2025-11-14 02:58:13,050 - DCRNN-Occupancy - INFO - Epoch 98, Batch 0/64, Loss: 0.0349, TF Ratio: 0.201
2025-11-14 02:58:22,037 - DCRNN-Occupancy - INFO - Epoch 98, Batch 50/64, Loss: 0.0276, TF Ratio: 0.201
2025-11-14 02:58:30,568 - DCRNN-Occupancy - INFO - Epoch 98: Train Loss: 0.5259, Val Loss: 0.6488, LR: 0.000001, Time: 22.2s
2025-11-14 02:58:30,569 - DCRNN-Occupancy - INFO - 혼잡도 예측 범위 (정규화): [-1.03, 2.49]
2025-11-14 02:58:30,569 - DCRNN-Occupancy - INFO - 혼잡도 예측 범위 (실제): [-0.1, 1406.6]명
2025-11-14 02:58:35,541 - DCRNN-Occupancy - INFO - Epoch 99, Batch 0/64, Loss: 0.6874, TF Ratio: 0.200
2025-11-14 02:58:45,330 - DCRNN-Occupancy - INFO - Epoch 99, Batch 50/64, Loss: 0.7100, TF Ratio: 0.200
2025-11-14 02:58:53,150 - DCRNN-Occupancy - INFO - Epoch 99: Train Loss: 0.5389, Val Loss: 0.6488, LR: 0.000001, Time: 22.6s
2025-11-14 02:58:53,150 - DCRNN-Occupancy - INFO - 혼잡도 예측 범위 (정규화): [-1.02, 2.46]
2025-11-14 02:58:53,150 - DCRNN-Occupancy - INFO - 혼잡도 예측 범위 (실제): [-0.1, 1323.0]명
2025-11-14 02:58:58,116 - DCRNN-Occupancy - INFO - Epoch 100, Batch 0/64, Loss: 0.6472, TF Ratio: 0.200
2025-11-14 02:59:08,244 - DCRNN-Occupancy - INFO - Epoch 100, Batch 50/64, Loss: 0.6932, TF Ratio: 0.200
2025-11-14 02:59:16,678 - DCRNN-Occupancy - INFO - Epoch 100: Train Loss: 0.5416, Val Loss: 0.6487, LR: 0.000001, Time: 23.5s
2025-11-14 02:59:16,678 - DCRNN-Occupancy - INFO - 혼잡도 예측 범위 (정규화): [-0.99, 2.49]
2025-11-14 02:59:16,678 - DCRNN-Occupancy - INFO - 혼잡도 예측 범위 (실제): [-0.1, 1387.3]명
2025-11-14 02:59:22,060 - DCRNN-Occupancy - INFO - Epoch 101, Batch 0/64, Loss: 0.6570, TF Ratio: 0.200
2025-11-14 02:59:31,905 - DCRNN-Occupancy - INFO - Epoch 101, Batch 50/64, Loss: 0.7344, TF Ratio: 0.200
2025-11-14 02:59:40,363 - DCRNN-Occupancy - INFO - Epoch 101: Train Loss: 0.5922, Val Loss: 0.6487, LR: 0.000003, Time: 23.7s
2025-11-14 02:59:40,364 - DCRNN-Occupancy - INFO - 혼잡도 예측 범위 (정규화): [-0.99, 2.48]
2025-11-14 02:59:40,364 - DCRNN-Occupancy - INFO - 혼잡도 예측 범위 (실제): [-0.1, 1376.7]명
2025-11-14 02:59:45,534 - DCRNN-Occupancy - INFO - Epoch 102, Batch 0/64, Loss: 0.6595, TF Ratio: 0.200
2025-11-14 02:59:55,546 - DCRNN-Occupancy - INFO - Epoch 102, Batch 50/64, Loss: 0.8015, TF Ratio: 0.200
2025-11-14 03:00:04,135 - DCRNN-Occupancy - INFO - Epoch 102: Train Loss: 0.5555, Val Loss: 0.6486, LR: 0.000005, Time: 23.8s
2025-11-14 03:00:04,136 - DCRNN-Occupancy - INFO - 혼잡도 예측 범위 (정규화): [-1.01, 2.45]
2025-11-14 03:00:04,136 - DCRNN-Occupancy - INFO - 혼잡도 예측 범위 (실제): [-0.1, 1288.8]명
2025-11-14 03:00:09,683 - DCRNN-Occupancy - INFO - Epoch 103, Batch 0/64, Loss: 0.8312, TF Ratio: 0.200
2025-11-14 03:00:21,000 - DCRNN-Occupancy - INFO - Epoch 103, Batch 50/64, Loss: 0.5563, TF Ratio: 0.200
2025-11-14 03:00:29,979 - DCRNN-Occupancy - INFO - Epoch 103: Train Loss: 0.5225, Val Loss: 0.6487, LR: 0.000009, Time: 25.8s
2025-11-14 03:00:29,980 - DCRNN-Occupancy - INFO - 혼잡도 예측 범위 (정규화): [-1.00, 2.47]
2025-11-14 03:00:29,980 - DCRNN-Occupancy - INFO - 혼잡도 예측 범위 (실제): [-0.1, 1349.2]명
2025-11-14 03:00:35,114 - DCRNN-Occupancy - INFO - Epoch 104, Batch 0/64, Loss: 0.0404, TF Ratio: 0.200
2025-11-14 03:00:44,268 - DCRNN-Occupancy - INFO - Epoch 104, Batch 50/64, Loss: 0.7200, TF Ratio: 0.200
2025-11-14 03:00:52,179 - DCRNN-Occupancy - INFO - Epoch 104: Train Loss: 0.5529, Val Loss: 0.6485, LR: 0.000013, Time: 22.2s
2025-11-14 03:00:52,179 - DCRNN-Occupancy - INFO - 혼잡도 예측 범위 (정규화): [-1.00, 2.54]
2025-11-14 03:00:52,179 - DCRNN-Occupancy - INFO - 혼잡도 예측 범위 (실제): [-0.1, 1542.8]명
2025-11-14 03:00:52,198 - DCRNN-Occupancy - INFO - Best occupancy model saved: checkpoints/occupancy_model/best_occupancy_model.pth
2025-11-14 03:00:56,822 - DCRNN-Occupancy - INFO - Epoch 105, Batch 0/64, Loss: 0.5693, TF Ratio: 0.200
2025-11-14 03:01:06,727 - DCRNN-Occupancy - INFO - Epoch 105, Batch 50/64, Loss: 0.6427, TF Ratio: 0.200
2025-11-14 03:01:15,175 - DCRNN-Occupancy - INFO - Epoch 105: Train Loss: 0.5914, Val Loss: 0.6490, LR: 0.000019, Time: 23.0s
2025-11-14 03:01:15,176 - DCRNN-Occupancy - INFO - 혼잡도 예측 범위 (정규화): [-1.00, 2.46]
2025-11-14 03:01:15,176 - DCRNN-Occupancy - INFO - 혼잡도 예측 범위 (실제): [-0.1, 1309.8]명
2025-11-14 03:01:20,517 - DCRNN-Occupancy - INFO - Epoch 106, Batch 0/64, Loss: 0.7165, TF Ratio: 0.200
2025-11-14 03:01:30,595 - DCRNN-Occupancy - INFO - Epoch 106, Batch 50/64, Loss: 0.5995, TF Ratio: 0.200
2025-11-14 03:01:38,758 - DCRNN-Occupancy - INFO - Epoch 106: Train Loss: 0.4888, Val Loss: 0.6487, LR: 0.000025, Time: 23.6s
2025-11-14 03:01:38,758 - DCRNN-Occupancy - INFO - 혼잡도 예측 범위 (정규화): [-1.02, 2.47]
2025-11-14 03:01:38,758 - DCRNN-Occupancy - INFO - 혼잡도 예측 범위 (실제): [-0.1, 1351.1]명
2025-11-14 03:01:43,965 - DCRNN-Occupancy - INFO - Epoch 107, Batch 0/64, Loss: 0.5912, TF Ratio: 0.200
2025-11-14 03:01:53,799 - DCRNN-Occupancy - INFO - Epoch 107, Batch 50/64, Loss: 0.6302, TF Ratio: 0.200
2025-11-14 03:02:01,812 - DCRNN-Occupancy - INFO - Epoch 107: Train Loss: 0.5732, Val Loss: 0.6486, LR: 0.000032, Time: 23.1s
2025-11-14 03:02:01,812 - DCRNN-Occupancy - INFO - 혼잡도 예측 범위 (정규화): [-1.01, 2.53]
2025-11-14 03:02:01,812 - DCRNN-Occupancy - INFO - 혼잡도 예측 범위 (실제): [-0.1, 1510.3]명
2025-11-14 03:02:06,553 - DCRNN-Occupancy - INFO - Epoch 108, Batch 0/64, Loss: 0.6638, TF Ratio: 0.200
2025-11-14 03:02:15,351 - DCRNN-Occupancy - INFO - Epoch 108, Batch 50/64, Loss: 0.6020, TF Ratio: 0.200
2025-11-14 03:02:22,909 - DCRNN-Occupancy - INFO - Epoch 108: Train Loss: 0.5219, Val Loss: 0.6481, LR: 0.000041, Time: 21.1s
2025-11-14 03:02:22,909 - DCRNN-Occupancy - INFO - 혼잡도 예측 범위 (정규화): [-0.99, 2.50]
2025-11-14 03:02:22,909 - DCRNN-Occupancy - INFO - 혼잡도 예측 범위 (실제): [-0.1, 1435.8]명
2025-11-14 03:02:22,928 - DCRNN-Occupancy - INFO - Best occupancy model saved: checkpoints/occupancy_model/best_occupancy_model.pth
2025-11-14 03:02:27,609 - DCRNN-Occupancy - INFO - Epoch 109, Batch 0/64, Loss: 0.7276, TF Ratio: 0.200
2025-11-14 03:02:36,353 - DCRNN-Occupancy - INFO - Epoch 109, Batch 50/64, Loss: 0.0384, TF Ratio: 0.200
2025-11-14 03:02:44,023 - DCRNN-Occupancy - INFO - Epoch 109: Train Loss: 0.4872, Val Loss: 0.6493, LR: 0.000050, Time: 21.1s
2025-11-14 03:02:44,024 - DCRNN-Occupancy - INFO - 혼잡도 예측 범위 (정규화): [-1.02, 2.46]
2025-11-14 03:02:44,024 - DCRNN-Occupancy - INFO - 혼잡도 예측 범위 (실제): [-0.1, 1322.1]명
2025-11-14 03:02:48,778 - DCRNN-Occupancy - INFO - Epoch 110, Batch 0/64, Loss: 0.7048, TF Ratio: 0.200
2025-11-14 03:02:57,541 - DCRNN-Occupancy - INFO - Epoch 110, Batch 50/64, Loss: 0.6256, TF Ratio: 0.200
2025-11-14 03:03:05,099 - DCRNN-Occupancy - INFO - Epoch 110: Train Loss: 0.5547, Val Loss: 0.6482, LR: 0.000060, Time: 21.1s
2025-11-14 03:03:05,099 - DCRNN-Occupancy - INFO - 혼잡도 예측 범위 (정규화): [-1.00, 2.56]
2025-11-14 03:03:05,099 - DCRNN-Occupancy - INFO - 혼잡도 예측 범위 (실제): [-0.1, 1606.4]명
2025-11-14 03:03:09,773 - DCRNN-Occupancy - INFO - Epoch 111, Batch 0/64, Loss: 0.0323, TF Ratio: 0.200
2025-11-14 03:03:19,350 - DCRNN-Occupancy - INFO - Epoch 111, Batch 50/64, Loss: 0.7640, TF Ratio: 0.200
2025-11-14 03:03:27,755 - DCRNN-Occupancy - INFO - Epoch 111: Train Loss: 0.5628, Val Loss: 0.6483, LR: 0.000071, Time: 22.6s
2025-11-14 03:03:27,755 - DCRNN-Occupancy - INFO - 혼잡도 예측 범위 (정규화): [-0.99, 2.49]
2025-11-14 03:03:27,755 - DCRNN-Occupancy - INFO - 혼잡도 예측 범위 (실제): [-0.1, 1403.7]명
2025-11-14 03:03:32,840 - DCRNN-Occupancy - INFO - Epoch 112, Batch 0/64, Loss: 0.7316, TF Ratio: 0.200
2025-11-14 03:03:41,836 - DCRNN-Occupancy - INFO - Epoch 112, Batch 50/64, Loss: 0.6952, TF Ratio: 0.200
2025-11-14 03:03:49,585 - DCRNN-Occupancy - INFO - Epoch 112: Train Loss: 0.5656, Val Loss: 0.6493, LR: 0.000083, Time: 21.8s
2025-11-14 03:03:49,585 - DCRNN-Occupancy - INFO - 혼잡도 예측 범위 (정규화): [-1.03, 2.47]
2025-11-14 03:03:49,586 - DCRNN-Occupancy - INFO - 혼잡도 예측 범위 (실제): [-0.1, 1337.7]명
2025-11-14 03:03:54,522 - DCRNN-Occupancy - INFO - Epoch 113, Batch 0/64, Loss: 0.5411, TF Ratio: 0.200
2025-11-14 03:04:03,651 - DCRNN-Occupancy - INFO - Epoch 113, Batch 50/64, Loss: 0.6637, TF Ratio: 0.200
2025-11-14 03:04:11,299 - DCRNN-Occupancy - INFO - Epoch 113: Train Loss: 0.5110, Val Loss: 0.6475, LR: 0.000096, Time: 21.7s
2025-11-14 03:04:11,299 - DCRNN-Occupancy - INFO - 혼잡도 예측 범위 (정규화): [-1.02, 2.50]
2025-11-14 03:04:11,299 - DCRNN-Occupancy - INFO - 혼잡도 예측 범위 (실제): [-0.1, 1414.7]명
2025-11-14 03:04:11,318 - DCRNN-Occupancy - INFO - Best occupancy model saved: checkpoints/occupancy_model/best_occupancy_model.pth
2025-11-14 03:04:15,952 - DCRNN-Occupancy - INFO - Epoch 114, Batch 0/64, Loss: 0.7617, TF Ratio: 0.200
2025-11-14 03:04:25,225 - DCRNN-Occupancy - INFO - Epoch 114, Batch 50/64, Loss: 0.5871, TF Ratio: 0.200
2025-11-14 03:04:33,301 - DCRNN-Occupancy - INFO - Epoch 114: Train Loss: 0.5925, Val Loss: 0.6476, LR: 0.000110, Time: 22.0s
2025-11-14 03:04:33,301 - DCRNN-Occupancy - INFO - 혼잡도 예측 범위 (정규화): [-0.99, 2.55]
2025-11-14 03:04:33,301 - DCRNN-Occupancy - INFO - 혼잡도 예측 범위 (실제): [-0.1, 1576.2]명
2025-11-14 03:04:38,202 - DCRNN-Occupancy - INFO - Epoch 115, Batch 0/64, Loss: 0.0286, TF Ratio: 0.200
2025-11-14 03:04:47,429 - DCRNN-Occupancy - INFO - Epoch 115, Batch 50/64, Loss: 0.4859, TF Ratio: 0.200
2025-11-14 03:04:54,870 - DCRNN-Occupancy - INFO - Epoch 115: Train Loss: 0.5115, Val Loss: 0.6476, LR: 0.000125, Time: 21.6s
2025-11-14 03:04:54,870 - DCRNN-Occupancy - INFO - 혼잡도 예측 범위 (정규화): [-1.03, 2.54]
2025-11-14 03:04:54,870 - DCRNN-Occupancy - INFO - 혼잡도 예측 범위 (실제): [-0.2, 1535.5]명
2025-11-14 03:05:00,031 - DCRNN-Occupancy - INFO - Epoch 116, Batch 0/64, Loss: 0.4287, TF Ratio: 0.200
2025-11-14 03:05:09,362 - DCRNN-Occupancy - INFO - Epoch 116, Batch 50/64, Loss: 0.6458, TF Ratio: 0.200
2025-11-14 03:05:17,235 - DCRNN-Occupancy - INFO - Epoch 116: Train Loss: 0.5810, Val Loss: 0.6479, LR: 0.000140, Time: 22.4s
2025-11-14 03:05:17,235 - DCRNN-Occupancy - INFO - 혼잡도 예측 범위 (정규화): [-1.03, 2.50]
2025-11-14 03:05:17,235 - DCRNN-Occupancy - INFO - 혼잡도 예측 범위 (실제): [-0.2, 1433.8]명
2025-11-14 03:05:22,361 - DCRNN-Occupancy - INFO - Epoch 117, Batch 0/64, Loss: 0.6470, TF Ratio: 0.200
2025-11-14 03:05:32,277 - DCRNN-Occupancy - INFO - Epoch 117, Batch 50/64, Loss: 0.7233, TF Ratio: 0.200
2025-11-14 03:05:40,629 - DCRNN-Occupancy - INFO - Epoch 117: Train Loss: 0.5677, Val Loss: 0.6465, LR: 0.000157, Time: 23.4s
2025-11-14 03:05:40,630 - DCRNN-Occupancy - INFO - 혼잡도 예측 범위 (정규화): [-1.00, 2.46]
2025-11-14 03:05:40,630 - DCRNN-Occupancy - INFO - 혼잡도 예측 범위 (실제): [-0.1, 1319.8]명
2025-11-14 03:05:40,648 - DCRNN-Occupancy - INFO - Best occupancy model saved: checkpoints/occupancy_model/best_occupancy_model.pth
2025-11-14 03:05:45,738 - DCRNN-Occupancy - INFO - Epoch 118, Batch 0/64, Loss: 0.7262, TF Ratio: 0.200
2025-11-14 03:05:54,515 - DCRNN-Occupancy - INFO - Epoch 118, Batch 50/64, Loss: 0.7951, TF Ratio: 0.200
2025-11-14 03:06:02,129 - DCRNN-Occupancy - INFO - Epoch 118: Train Loss: 0.5652, Val Loss: 0.8590, LR: 0.000174, Time: 21.5s
2025-11-14 03:06:02,129 - DCRNN-Occupancy - INFO - 혼잡도 예측 범위 (정규화): [-1.02, 2.49]
2025-11-14 03:06:02,129 - DCRNN-Occupancy - INFO - 혼잡도 예측 범위 (실제): [-0.1, 1402.9]명
2025-11-14 03:06:06,738 - DCRNN-Occupancy - INFO - Epoch 119, Batch 0/64, Loss: 0.9022, TF Ratio: 0.200
2025-11-14 03:06:16,622 - DCRNN-Occupancy - INFO - Epoch 119, Batch 50/64, Loss: 0.7855, TF Ratio: 0.200
2025-11-14 03:06:24,703 - DCRNN-Occupancy - INFO - Epoch 119: Train Loss: 0.6655, Val Loss: 0.8160, LR: 0.000192, Time: 22.6s
2025-11-14 03:06:24,703 - DCRNN-Occupancy - INFO - 혼잡도 예측 범위 (정규화): [-1.14, 2.50]
2025-11-14 03:06:24,703 - DCRNN-Occupancy - INFO - 혼잡도 예측 범위 (실제): [-0.3, 1411.4]명
2025-11-14 03:06:29,582 - DCRNN-Occupancy - INFO - Epoch 120, Batch 0/64, Loss: 0.8575, TF Ratio: 0.200
2025-11-14 03:06:38,352 - DCRNN-Occupancy - INFO - Epoch 120, Batch 50/64, Loss: 0.7206, TF Ratio: 0.200
2025-11-14 03:06:45,925 - DCRNN-Occupancy - INFO - Epoch 120: Train Loss: 0.6108, Val Loss: 0.8161, LR: 0.000211, Time: 21.2s
2025-11-14 03:06:45,925 - DCRNN-Occupancy - INFO - 혼잡도 예측 범위 (정규화): [-0.97, 2.42]
2025-11-14 03:06:45,925 - DCRNN-Occupancy - INFO - 혼잡도 예측 범위 (실제): [-0.0, 1205.8]명
2025-11-14 03:06:50,575 - DCRNN-Occupancy - INFO - Epoch 121, Batch 0/64, Loss: 0.9468, TF Ratio: 0.200
2025-11-14 03:06:59,806 - DCRNN-Occupancy - INFO - Epoch 121, Batch 50/64, Loss: 0.6791, TF Ratio: 0.200
2025-11-14 03:07:08,508 - DCRNN-Occupancy - INFO - Epoch 121: Train Loss: 0.6857, Val Loss: 0.7240, LR: 0.000230, Time: 22.6s
2025-11-14 03:07:08,508 - DCRNN-Occupancy - INFO - 혼잡도 예측 범위 (정규화): [-0.97, 2.49]
2025-11-14 03:07:08,508 - DCRNN-Occupancy - INFO - 혼잡도 예측 범위 (실제): [-0.0, 1403.9]명
2025-11-14 03:07:13,359 - DCRNN-Occupancy - INFO - Epoch 122, Batch 0/64, Loss: 0.0474, TF Ratio: 0.200
2025-11-14 03:07:22,471 - DCRNN-Occupancy - INFO - Epoch 122, Batch 50/64, Loss: 0.0542, TF Ratio: 0.200
2025-11-14 03:07:31,084 - DCRNN-Occupancy - INFO - Epoch 122: Train Loss: 0.5817, Val Loss: 0.7079, LR: 0.000251, Time: 22.6s
2025-11-14 03:07:31,084 - DCRNN-Occupancy - INFO - 혼잡도 예측 범위 (정규화): [-1.00, 2.56]
2025-11-14 03:07:31,084 - DCRNN-Occupancy - INFO - 혼잡도 예측 범위 (실제): [-0.1, 1629.1]명
2025-11-14 03:07:36,124 - DCRNN-Occupancy - INFO - Epoch 123, Batch 0/64, Loss: 0.6981, TF Ratio: 0.200
2025-11-14 03:07:45,534 - DCRNN-Occupancy - INFO - Epoch 123, Batch 50/64, Loss: 0.0643, TF Ratio: 0.200
2025-11-14 03:07:53,033 - DCRNN-Occupancy - INFO - Epoch 123: Train Loss: 0.5435, Val Loss: 0.6688, LR: 0.000272, Time: 21.9s
2025-11-14 03:07:53,033 - DCRNN-Occupancy - INFO - 혼잡도 예측 범위 (정규화): [-1.01, 2.59]
2025-11-14 03:07:53,033 - DCRNN-Occupancy - INFO - 혼잡도 예측 범위 (실제): [-0.1, 1727.7]명
2025-11-14 03:07:57,980 - DCRNN-Occupancy - INFO - Epoch 124, Batch 0/64, Loss: 0.8058, TF Ratio: 0.200
2025-11-14 03:08:08,348 - DCRNN-Occupancy - INFO - Epoch 124, Batch 50/64, Loss: 0.5527, TF Ratio: 0.200
2025-11-14 03:08:22,938 - DCRNN-Occupancy - INFO - 혼잡도 전용 데이터셋 로드 중...
2025-11-14 03:08:23,019 - DCRNN-Occupancy - INFO - 계절별 균등 분할 완료:
2025-11-14 03:08:23,019 - DCRNN-Occupancy - INFO -   Train: 166일
2025-11-14 03:08:23,019 - DCRNN-Occupancy - INFO -   Val: 37일
2025-11-14 03:08:23,019 - DCRNN-Occupancy - INFO -   Test: 40일
2025-11-14 03:08:33,350 - DCRNN-Occupancy - INFO - Train batches: 63
2025-11-14 03:08:33,350 - DCRNN-Occupancy - INFO - Val batches: 14
2025-11-14 03:08:33,353 - DCRNN-Occupancy - INFO - 혼잡도 전용 DCRNN 모델 구성 중...
2025-11-14 03:08:33,355 - DCRNN-Occupancy - INFO - Total parameters: 504,514
2025-11-14 03:08:33,355 - DCRNN-Occupancy - INFO - Trainable parameters: 504,514
2025-11-14 03:08:33,809 - DCRNN-Occupancy - INFO - 혼잡도 모델 훈련 설정 완료
2025-11-14 03:08:33,809 - DCRNN-Occupancy - INFO - 혼잡도 모델 훈련 시작...
2025-11-14 03:08:33,809 - DCRNN-Occupancy - INFO - 총 200 에포크 훈련 예정
2025-11-14 03:08:33,809 - DCRNN-Occupancy - INFO - 시작 에포크: 0
2025-11-14 03:08:33,809 - DCRNN-Occupancy - INFO - 디바이스: cpu
2025-11-14 03:08:38,623 - DCRNN-Occupancy - INFO - 첫 배치 처리 시작 - X shape: torch.Size([32, 12, 22, 1]), Y shape: torch.Size([32, 22, 1])
2025-11-14 03:08:38,908 - DCRNN-Occupancy - INFO - Epoch 0, Batch 0/63, Loss: 1.0694, TF Ratio: 1.000
2025-11-14 03:08:48,146 - DCRNN-Occupancy - INFO - Epoch 0, Batch 50/63, Loss: 0.1057, TF Ratio: 1.000
2025-11-14 03:08:55,284 - DCRNN-Occupancy - INFO - Epoch 0: Train Loss: 0.2530, Val Loss: 1.0574, LR: 0.002000, Time: 21.5s
2025-11-14 03:08:55,284 - DCRNN-Occupancy - INFO - 혼잡도 예측 범위 (정규화): [-1.85, 2.27]
2025-11-14 03:08:55,284 - DCRNN-Occupancy - INFO - 혼잡도 예측 범위 (실제): [-0.8, 904.5]명
2025-11-14 03:08:55,306 - DCRNN-Occupancy - INFO - Best occupancy model saved: checkpoints/occupancy_model/best_occupancy_model.pth
2025-11-14 03:08:55,326 - DCRNN-Occupancy - INFO - Best occupancy model saved: checkpoints/occupancy_model/best_occupancy_model.pth
2025-11-14 03:08:59,889 - DCRNN-Occupancy - INFO - Epoch 1, Batch 0/63, Loss: 0.1178, TF Ratio: 1.000
2025-11-14 03:09:08,202 - DCRNN-Occupancy - INFO - Epoch 1, Batch 50/63, Loss: 0.0700, TF Ratio: 1.000
2025-11-14 03:09:15,547 - DCRNN-Occupancy - INFO - Epoch 1: Train Loss: 0.0773, Val Loss: 1.0790, LR: 0.001998, Time: 20.2s
2025-11-14 03:09:15,547 - DCRNN-Occupancy - INFO - 혼잡도 예측 범위 (정규화): [-1.20, 2.49]
2025-11-14 03:09:15,547 - DCRNN-Occupancy - INFO - 혼잡도 예측 범위 (실제): [-0.4, 1417.7]명
2025-11-14 03:09:20,275 - DCRNN-Occupancy - INFO - Epoch 2, Batch 0/63, Loss: 0.0494, TF Ratio: 0.999
2025-11-14 03:09:28,611 - DCRNN-Occupancy - INFO - Epoch 2, Batch 50/63, Loss: 0.0649, TF Ratio: 0.999
2025-11-14 03:09:36,965 - DCRNN-Occupancy - INFO - Epoch 2: Train Loss: 0.0684, Val Loss: 1.0581, LR: 0.001996, Time: 21.4s
2025-11-14 03:09:36,965 - DCRNN-Occupancy - INFO - 혼잡도 예측 범위 (정규화): [-1.09, 2.42]
2025-11-14 03:09:36,965 - DCRNN-Occupancy - INFO - 혼잡도 예측 범위 (실제): [-0.2, 1232.0]명
2025-11-14 03:09:42,045 - DCRNN-Occupancy - INFO - Epoch 3, Batch 0/63, Loss: 0.0477, TF Ratio: 0.998
2025-11-14 03:09:52,214 - DCRNN-Occupancy - INFO - Epoch 3, Batch 50/63, Loss: 0.0286, TF Ratio: 0.998
2025-11-14 03:10:00,399 - DCRNN-Occupancy - INFO - Epoch 3: Train Loss: 0.0342, Val Loss: 1.0606, LR: 0.001992, Time: 23.4s
2025-11-14 03:10:00,399 - DCRNN-Occupancy - INFO - 혼잡도 예측 범위 (정규화): [-1.06, 2.64]
2025-11-14 03:10:00,399 - DCRNN-Occupancy - INFO - 혼잡도 예측 범위 (실제): [-0.2, 1960.6]명
2025-11-14 03:10:06,009 - DCRNN-Occupancy - INFO - Epoch 4, Batch 0/63, Loss: 0.0263, TF Ratio: 0.997
2025-11-14 03:10:16,469 - DCRNN-Occupancy - INFO - Epoch 4, Batch 50/63, Loss: 0.0796, TF Ratio: 0.997
2025-11-14 03:10:25,122 - DCRNN-Occupancy - INFO - Epoch 4: Train Loss: 0.0321, Val Loss: 1.0520, LR: 0.001988, Time: 24.7s
2025-11-14 03:10:25,123 - DCRNN-Occupancy - INFO - 혼잡도 예측 범위 (정규화): [-1.02, 2.65]
2025-11-14 03:10:25,123 - DCRNN-Occupancy - INFO - 혼잡도 예측 범위 (실제): [-0.1, 1992.0]명
2025-11-14 03:10:25,144 - DCRNN-Occupancy - INFO - Best occupancy model saved: checkpoints/occupancy_model/best_occupancy_model.pth
2025-11-14 03:10:29,934 - DCRNN-Occupancy - INFO - Epoch 5, Batch 0/63, Loss: 0.0325, TF Ratio: 0.995
2025-11-14 03:10:39,117 - DCRNN-Occupancy - INFO - Epoch 5, Batch 50/63, Loss: 0.0316, TF Ratio: 0.995
2025-11-14 03:10:47,900 - DCRNN-Occupancy - INFO - Epoch 5: Train Loss: 0.0341, Val Loss: 1.0488, LR: 0.001982, Time: 22.8s
2025-11-14 03:10:47,900 - DCRNN-Occupancy - INFO - 혼잡도 예측 범위 (정규화): [-1.01, 2.56]
2025-11-14 03:10:47,900 - DCRNN-Occupancy - INFO - 혼잡도 예측 범위 (실제): [-0.1, 1672.9]명
2025-11-14 03:10:47,920 - DCRNN-Occupancy - INFO - Best occupancy model saved: checkpoints/occupancy_model/best_occupancy_model.pth
2025-11-14 03:10:55,893 - DCRNN-Occupancy - INFO - 혼잡도 전용 데이터셋 로드 중...
2025-11-14 03:10:55,973 - DCRNN-Occupancy - INFO - 계절별 균등 분할 완료:
2025-11-14 03:10:55,973 - DCRNN-Occupancy - INFO -   Train: 166일
2025-11-14 03:10:55,973 - DCRNN-Occupancy - INFO -   Val: 37일
2025-11-14 03:10:55,973 - DCRNN-Occupancy - INFO -   Test: 40일
2025-11-14 03:10:55,973 - DCRNN-Occupancy - INFO - 분할 정보 저장: data/seasonal_split.pkl
2025-11-14 03:11:05,795 - DCRNN-Occupancy - INFO - Train batches: 63
2025-11-14 03:11:05,795 - DCRNN-Occupancy - INFO - Val batches: 14
2025-11-14 03:11:05,798 - DCRNN-Occupancy - INFO - 혼잡도 전용 DCRNN 모델 구성 중...
2025-11-14 03:11:05,800 - DCRNN-Occupancy - INFO - Total parameters: 504,514
2025-11-14 03:11:05,800 - DCRNN-Occupancy - INFO - Trainable parameters: 504,514
2025-11-14 03:11:06,253 - DCRNN-Occupancy - INFO - 혼잡도 모델 훈련 설정 완료
2025-11-14 03:11:06,254 - DCRNN-Occupancy - INFO - 혼잡도 모델 훈련 시작...
2025-11-14 03:11:06,254 - DCRNN-Occupancy - INFO - 총 200 에포크 훈련 예정
2025-11-14 03:11:06,254 - DCRNN-Occupancy - INFO - 시작 에포크: 0
2025-11-14 03:11:06,254 - DCRNN-Occupancy - INFO - 디바이스: cpu
2025-11-14 03:11:10,940 - DCRNN-Occupancy - INFO - 첫 배치 처리 시작 - X shape: torch.Size([32, 12, 22, 1]), Y shape: torch.Size([32, 22, 1])
2025-11-14 03:11:11,218 - DCRNN-Occupancy - INFO - Epoch 0, Batch 0/63, Loss: 1.0694, TF Ratio: 1.000
2025-11-14 03:11:20,369 - DCRNN-Occupancy - INFO - Epoch 0, Batch 50/63, Loss: 0.1057, TF Ratio: 1.000
2025-11-14 03:11:28,690 - DCRNN-Occupancy - INFO - Epoch 0: Train Loss: 0.2530, Val Loss: 1.0574, LR: 0.002000, Time: 22.4s
2025-11-14 03:11:28,691 - DCRNN-Occupancy - INFO - 혼잡도 예측 범위 (정규화): [-1.85, 2.27]
2025-11-14 03:11:28,691 - DCRNN-Occupancy - INFO - 혼잡도 예측 범위 (실제): [-0.8, 904.5]명
2025-11-14 03:11:28,712 - DCRNN-Occupancy - INFO - Best occupancy model saved: checkpoints/occupancy_model/best_occupancy_model.pth
2025-11-14 03:11:28,731 - DCRNN-Occupancy - INFO - Best occupancy model saved: checkpoints/occupancy_model/best_occupancy_model.pth
2025-11-14 03:11:34,009 - DCRNN-Occupancy - INFO - Epoch 1, Batch 0/63, Loss: 0.1178, TF Ratio: 1.000
2025-11-14 03:11:43,072 - DCRNN-Occupancy - INFO - Epoch 1, Batch 50/63, Loss: 0.0700, TF Ratio: 1.000
2025-11-14 03:11:50,520 - DCRNN-Occupancy - INFO - Epoch 1: Train Loss: 0.0773, Val Loss: 1.0790, LR: 0.001998, Time: 21.8s
2025-11-14 03:11:50,521 - DCRNN-Occupancy - INFO - 혼잡도 예측 범위 (정규화): [-1.20, 2.49]
2025-11-14 03:11:50,521 - DCRNN-Occupancy - INFO - 혼잡도 예측 범위 (실제): [-0.4, 1417.7]명
2025-11-14 03:11:55,249 - DCRNN-Occupancy - INFO - Epoch 2, Batch 0/63, Loss: 0.0494, TF Ratio: 0.999
2025-11-14 03:12:03,826 - DCRNN-Occupancy - INFO - Epoch 2, Batch 50/63, Loss: 0.0649, TF Ratio: 0.999
2025-11-14 03:12:11,712 - DCRNN-Occupancy - INFO - Epoch 2: Train Loss: 0.0684, Val Loss: 1.0581, LR: 0.001996, Time: 21.2s
2025-11-14 03:12:11,712 - DCRNN-Occupancy - INFO - 혼잡도 예측 범위 (정규화): [-1.09, 2.42]
2025-11-14 03:12:11,712 - DCRNN-Occupancy - INFO - 혼잡도 예측 범위 (실제): [-0.2, 1232.0]명
2025-11-14 03:12:16,875 - DCRNN-Occupancy - INFO - Epoch 3, Batch 0/63, Loss: 0.0477, TF Ratio: 0.998
2025-11-14 03:12:25,940 - DCRNN-Occupancy - INFO - Epoch 3, Batch 50/63, Loss: 0.0286, TF Ratio: 0.998
2025-11-14 03:12:33,425 - DCRNN-Occupancy - INFO - Epoch 3: Train Loss: 0.0342, Val Loss: 1.0606, LR: 0.001992, Time: 21.7s
2025-11-14 03:12:33,426 - DCRNN-Occupancy - INFO - 혼잡도 예측 범위 (정규화): [-1.06, 2.64]
2025-11-14 03:12:33,426 - DCRNN-Occupancy - INFO - 혼잡도 예측 범위 (실제): [-0.2, 1960.6]명
2025-11-14 03:12:38,035 - DCRNN-Occupancy - INFO - Epoch 4, Batch 0/63, Loss: 0.0263, TF Ratio: 0.997
2025-11-14 03:12:47,345 - DCRNN-Occupancy - INFO - Epoch 4, Batch 50/63, Loss: 0.0796, TF Ratio: 0.997
2025-11-14 03:12:57,535 - DCRNN-Occupancy - INFO - 혼잡도 전용 데이터셋 로드 중...
2025-11-14 03:12:57,615 - DCRNN-Occupancy - INFO - 계절별 균등 분할 완료:
2025-11-14 03:12:57,615 - DCRNN-Occupancy - INFO -   Train: 166일
2025-11-14 03:12:57,615 - DCRNN-Occupancy - INFO -   Val: 37일
2025-11-14 03:12:57,615 - DCRNN-Occupancy - INFO -   Test: 40일
2025-11-14 03:12:57,615 - DCRNN-Occupancy - INFO - 분할 정보 저장: data/seasonal_split.pkl
2025-11-14 03:13:07,768 - DCRNN-Occupancy - INFO - Train batches: 63
2025-11-14 03:13:07,768 - DCRNN-Occupancy - INFO - Val batches: 14
2025-11-14 03:13:07,771 - DCRNN-Occupancy - INFO - 혼잡도 전용 DCRNN 모델 구성 중...
2025-11-14 03:13:07,773 - DCRNN-Occupancy - INFO - Total parameters: 504,514
2025-11-14 03:13:07,773 - DCRNN-Occupancy - INFO - Trainable parameters: 504,514
2025-11-14 03:13:08,226 - DCRNN-Occupancy - INFO - 혼잡도 모델 훈련 설정 완료
2025-11-14 03:13:08,226 - DCRNN-Occupancy - INFO - 혼잡도 모델 훈련 시작...
2025-11-14 03:13:08,226 - DCRNN-Occupancy - INFO - 총 200 에포크 훈련 예정
2025-11-14 03:13:08,226 - DCRNN-Occupancy - INFO - 시작 에포크: 0
2025-11-14 03:13:08,226 - DCRNN-Occupancy - INFO - 디바이스: cpu
2025-11-14 03:13:12,831 - DCRNN-Occupancy - INFO - 첫 배치 처리 시작 - X shape: torch.Size([32, 12, 22, 1]), Y shape: torch.Size([32, 22, 1])
2025-11-14 03:13:13,076 - DCRNN-Occupancy - INFO - Epoch 0, Batch 0/63, Loss: 1.0694, TF Ratio: 1.000
2025-11-14 03:13:21,735 - DCRNN-Occupancy - INFO - Epoch 0, Batch 50/63, Loss: 0.1057, TF Ratio: 1.000
2025-11-14 03:13:29,190 - DCRNN-Occupancy - INFO - Epoch 0: Train Loss: 0.2530, Val Loss: 1.0574, LR: 0.002000, Time: 21.0s
2025-11-14 03:13:29,191 - DCRNN-Occupancy - INFO - 혼잡도 예측 범위 (정규화): [-1.85, 2.27]
2025-11-14 03:13:29,191 - DCRNN-Occupancy - INFO - 혼잡도 예측 범위 (실제): [-0.8, 904.5]명
2025-11-14 03:13:29,211 - DCRNN-Occupancy - INFO - Best occupancy model saved: checkpoints/occupancy_model/best_occupancy_model.pth
2025-11-14 03:13:29,226 - DCRNN-Occupancy - INFO - Best occupancy model saved: checkpoints/occupancy_model/best_occupancy_model.pth
2025-11-14 03:13:33,843 - DCRNN-Occupancy - INFO - Epoch 1, Batch 0/63, Loss: 0.1178, TF Ratio: 1.000
2025-11-14 03:13:42,493 - DCRNN-Occupancy - INFO - Epoch 1, Batch 50/63, Loss: 0.0700, TF Ratio: 1.000
2025-11-14 03:13:50,451 - DCRNN-Occupancy - INFO - Epoch 1: Train Loss: 0.0773, Val Loss: 1.0790, LR: 0.001998, Time: 21.2s
2025-11-14 03:13:50,451 - DCRNN-Occupancy - INFO - 혼잡도 예측 범위 (정규화): [-1.20, 2.49]
2025-11-14 03:13:50,451 - DCRNN-Occupancy - INFO - 혼잡도 예측 범위 (실제): [-0.4, 1417.7]명
2025-11-14 03:13:55,480 - DCRNN-Occupancy - INFO - Epoch 2, Batch 0/63, Loss: 0.0494, TF Ratio: 0.999
2025-11-14 03:14:04,335 - DCRNN-Occupancy - INFO - Epoch 2, Batch 50/63, Loss: 0.0649, TF Ratio: 0.999
2025-11-14 03:14:12,335 - DCRNN-Occupancy - INFO - Epoch 2: Train Loss: 0.0684, Val Loss: 1.0581, LR: 0.001996, Time: 21.9s
2025-11-14 03:14:12,335 - DCRNN-Occupancy - INFO - 혼잡도 예측 범위 (정규화): [-1.09, 2.42]
2025-11-14 03:14:12,335 - DCRNN-Occupancy - INFO - 혼잡도 예측 범위 (실제): [-0.2, 1232.0]명
2025-11-14 03:14:16,949 - DCRNN-Occupancy - INFO - Epoch 3, Batch 0/63, Loss: 0.0477, TF Ratio: 0.998
2025-11-14 03:14:25,640 - DCRNN-Occupancy - INFO - Epoch 3, Batch 50/63, Loss: 0.0286, TF Ratio: 0.998
2025-11-14 03:14:34,227 - DCRNN-Occupancy - INFO - Epoch 3: Train Loss: 0.0342, Val Loss: 1.0606, LR: 0.001992, Time: 21.9s
2025-11-14 03:14:34,227 - DCRNN-Occupancy - INFO - 혼잡도 예측 범위 (정규화): [-1.06, 2.64]
2025-11-14 03:14:34,227 - DCRNN-Occupancy - INFO - 혼잡도 예측 범위 (실제): [-0.2, 1960.6]명
2025-11-14 03:14:39,231 - DCRNN-Occupancy - INFO - Epoch 4, Batch 0/63, Loss: 0.0263, TF Ratio: 0.997
2025-11-14 03:14:49,243 - DCRNN-Occupancy - INFO - Epoch 4, Batch 50/63, Loss: 0.0796, TF Ratio: 0.997
2025-11-14 03:14:57,640 - DCRNN-Occupancy - INFO - Epoch 4: Train Loss: 0.0321, Val Loss: 1.0520, LR: 0.001988, Time: 23.4s
2025-11-14 03:14:57,640 - DCRNN-Occupancy - INFO - 혼잡도 예측 범위 (정규화): [-1.02, 2.65]
2025-11-14 03:14:57,640 - DCRNN-Occupancy - INFO - 혼잡도 예측 범위 (실제): [-0.1, 1992.0]명
2025-11-14 03:14:57,661 - DCRNN-Occupancy - INFO - Best occupancy model saved: checkpoints/occupancy_model/best_occupancy_model.pth
2025-11-14 03:15:02,578 - DCRNN-Occupancy - INFO - Epoch 5, Batch 0/63, Loss: 0.0325, TF Ratio: 0.995
2025-11-14 03:15:11,241 - DCRNN-Occupancy - INFO - Epoch 5, Batch 50/63, Loss: 0.0316, TF Ratio: 0.995
2025-11-14 03:15:19,359 - DCRNN-Occupancy - INFO - Epoch 5: Train Loss: 0.0341, Val Loss: 1.0488, LR: 0.001982, Time: 21.7s
2025-11-14 03:15:19,359 - DCRNN-Occupancy - INFO - 혼잡도 예측 범위 (정규화): [-1.01, 2.56]
2025-11-14 03:15:19,359 - DCRNN-Occupancy - INFO - 혼잡도 예측 범위 (실제): [-0.1, 1672.9]명
2025-11-14 03:15:19,410 - DCRNN-Occupancy - INFO - Best occupancy model saved: checkpoints/occupancy_model/best_occupancy_model.pth
2025-11-14 03:15:24,402 - DCRNN-Occupancy - INFO - Epoch 6, Batch 0/63, Loss: 0.0411, TF Ratio: 0.993
2025-11-14 03:15:34,081 - DCRNN-Occupancy - INFO - Epoch 6, Batch 50/63, Loss: 0.0379, TF Ratio: 0.993
2025-11-14 03:15:41,839 - DCRNN-Occupancy - INFO - Epoch 6: Train Loss: 0.0302, Val Loss: 1.0553, LR: 0.001976, Time: 22.4s
2025-11-14 03:15:41,839 - DCRNN-Occupancy - INFO - 혼잡도 예측 범위 (정규화): [-1.01, 2.54]
2025-11-14 03:15:41,839 - DCRNN-Occupancy - INFO - 혼잡도 예측 범위 (실제): [-0.1, 1601.4]명
2025-11-14 03:15:47,092 - DCRNN-Occupancy - INFO - Epoch 7, Batch 0/63, Loss: 0.0498, TF Ratio: 0.990
2025-11-14 03:15:56,066 - DCRNN-Occupancy - INFO - Epoch 7, Batch 50/63, Loss: 0.0270, TF Ratio: 0.990
2025-11-14 03:16:03,822 - DCRNN-Occupancy - INFO - Epoch 7: Train Loss: 0.0694, Val Loss: 1.0400, LR: 0.001969, Time: 22.0s
2025-11-14 03:16:03,823 - DCRNN-Occupancy - INFO - 혼잡도 예측 범위 (정규화): [-1.00, 2.63]
2025-11-14 03:16:03,823 - DCRNN-Occupancy - INFO - 혼잡도 예측 범위 (실제): [-0.1, 1917.3]명
2025-11-14 03:16:03,842 - DCRNN-Occupancy - INFO - Best occupancy model saved: checkpoints/occupancy_model/best_occupancy_model.pth
2025-11-14 03:16:09,042 - DCRNN-Occupancy - INFO - Epoch 8, Batch 0/63, Loss: 0.0282, TF Ratio: 0.987
2025-11-14 03:16:18,932 - DCRNN-Occupancy - INFO - Epoch 8, Batch 50/63, Loss: 0.0235, TF Ratio: 0.987
2025-11-14 03:16:26,801 - DCRNN-Occupancy - INFO - Epoch 8: Train Loss: 0.0289, Val Loss: 1.0454, LR: 0.001960, Time: 23.0s
2025-11-14 03:16:26,801 - DCRNN-Occupancy - INFO - 혼잡도 예측 범위 (정규화): [-1.01, 2.58]
2025-11-14 03:16:26,801 - DCRNN-Occupancy - INFO - 혼잡도 예측 범위 (실제): [-0.1, 1722.4]명
2025-11-14 03:16:31,859 - DCRNN-Occupancy - INFO - Epoch 9, Batch 0/63, Loss: 0.0225, TF Ratio: 0.984
2025-11-14 03:16:41,743 - DCRNN-Occupancy - INFO - Epoch 9, Batch 50/63, Loss: 0.0240, TF Ratio: 0.984
2025-11-14 03:16:49,729 - DCRNN-Occupancy - INFO - Epoch 9: Train Loss: 0.0268, Val Loss: 1.0519, LR: 0.001951, Time: 22.9s
2025-11-14 03:16:49,729 - DCRNN-Occupancy - INFO - 혼잡도 예측 범위 (정규화): [-1.00, 2.60]
2025-11-14 03:16:49,729 - DCRNN-Occupancy - INFO - 혼잡도 예측 범위 (실제): [-0.1, 1807.9]명
2025-11-14 03:16:54,552 - DCRNN-Occupancy - INFO - Epoch 10, Batch 0/63, Loss: 0.0173, TF Ratio: 0.980
2025-11-14 03:17:03,205 - DCRNN-Occupancy - INFO - Epoch 10, Batch 50/63, Loss: 0.0218, TF Ratio: 0.980
2025-11-14 03:17:10,692 - DCRNN-Occupancy - INFO - Epoch 10: Train Loss: 0.0488, Val Loss: 1.0369, LR: 0.001941, Time: 21.0s
2025-11-14 03:17:10,692 - DCRNN-Occupancy - INFO - 혼잡도 예측 범위 (정규화): [-1.00, 2.63]
2025-11-14 03:17:10,692 - DCRNN-Occupancy - INFO - 혼잡도 예측 범위 (실제): [-0.1, 1924.8]명
2025-11-14 03:17:10,712 - DCRNN-Occupancy - INFO - Best occupancy model saved: checkpoints/occupancy_model/best_occupancy_model.pth
2025-11-14 03:17:10,730 - DCRNN-Occupancy - INFO - Best occupancy model saved: checkpoints/occupancy_model/best_occupancy_model.pth
2025-11-14 03:17:15,458 - DCRNN-Occupancy - INFO - Epoch 11, Batch 0/63, Loss: 0.0306, TF Ratio: 0.976
2025-11-14 03:17:24,007 - DCRNN-Occupancy - INFO - Epoch 11, Batch 50/63, Loss: 0.0224, TF Ratio: 0.976
2025-11-14 03:17:31,576 - DCRNN-Occupancy - INFO - Epoch 11: Train Loss: 0.0398, Val Loss: 1.0385, LR: 0.001930, Time: 20.8s
2025-11-14 03:17:31,576 - DCRNN-Occupancy - INFO - 혼잡도 예측 범위 (정규화): [-0.99, 2.65]
2025-11-14 03:17:31,576 - DCRNN-Occupancy - INFO - 혼잡도 예측 범위 (실제): [-0.0, 1984.2]명
2025-11-14 03:17:36,280 - DCRNN-Occupancy - INFO - Epoch 12, Batch 0/63, Loss: 0.0294, TF Ratio: 0.972
2025-11-14 03:17:45,432 - DCRNN-Occupancy - INFO - Epoch 12, Batch 50/63, Loss: 0.0301, TF Ratio: 0.972
2025-11-14 03:17:53,720 - DCRNN-Occupancy - INFO - Epoch 12: Train Loss: 0.1105, Val Loss: 1.0213, LR: 0.001918, Time: 22.1s
2025-11-14 03:17:53,721 - DCRNN-Occupancy - INFO - 혼잡도 예측 범위 (정규화): [-0.99, 2.61]
2025-11-14 03:17:53,721 - DCRNN-Occupancy - INFO - 혼잡도 예측 범위 (실제): [-0.0, 1820.7]명
2025-11-14 03:17:53,741 - DCRNN-Occupancy - INFO - Best occupancy model saved: checkpoints/occupancy_model/best_occupancy_model.pth
2025-11-14 03:17:59,396 - DCRNN-Occupancy - INFO - Epoch 13, Batch 0/63, Loss: 0.0525, TF Ratio: 0.967
2025-11-14 03:18:09,256 - DCRNN-Occupancy - INFO - Epoch 13, Batch 50/63, Loss: 0.0180, TF Ratio: 0.967
2025-11-14 03:18:18,531 - DCRNN-Occupancy - INFO - Epoch 13: Train Loss: 0.0610, Val Loss: 1.0167, LR: 0.001905, Time: 24.8s
2025-11-14 03:18:18,531 - DCRNN-Occupancy - INFO - 혼잡도 예측 범위 (정규화): [-1.00, 2.54]
2025-11-14 03:18:18,531 - DCRNN-Occupancy - INFO - 혼잡도 예측 범위 (실제): [-0.1, 1576.0]명
2025-11-14 03:18:18,551 - DCRNN-Occupancy - INFO - Best occupancy model saved: checkpoints/occupancy_model/best_occupancy_model.pth
2025-11-14 03:18:23,556 - DCRNN-Occupancy - INFO - Epoch 14, Batch 0/63, Loss: 0.0270, TF Ratio: 0.962
2025-11-14 03:18:33,193 - DCRNN-Occupancy - INFO - Epoch 14, Batch 50/63, Loss: 0.0358, TF Ratio: 0.962
2025-11-14 03:18:41,326 - DCRNN-Occupancy - INFO - Epoch 14: Train Loss: 0.0585, Val Loss: 1.0367, LR: 0.001891, Time: 22.8s
2025-11-14 03:18:41,327 - DCRNN-Occupancy - INFO - 혼잡도 예측 범위 (정규화): [-0.99, 2.57]
2025-11-14 03:18:41,327 - DCRNN-Occupancy - INFO - 혼잡도 예측 범위 (실제): [-0.1, 1698.3]명
2025-11-14 03:18:46,498 - DCRNN-Occupancy - INFO - Epoch 15, Batch 0/63, Loss: 0.0210, TF Ratio: 0.956
2025-11-14 03:18:56,256 - DCRNN-Occupancy - INFO - Epoch 15, Batch 50/63, Loss: 0.0357, TF Ratio: 0.956
2025-11-14 03:19:04,540 - DCRNN-Occupancy - INFO - Epoch 15: Train Loss: 0.1107, Val Loss: 0.9977, LR: 0.001876, Time: 23.2s
2025-11-14 03:19:04,540 - DCRNN-Occupancy - INFO - 혼잡도 예측 범위 (정규화): [-1.02, 2.65]
2025-11-14 03:19:04,540 - DCRNN-Occupancy - INFO - 혼잡도 예측 범위 (실제): [-0.1, 1986.5]명
2025-11-14 03:19:04,562 - DCRNN-Occupancy - INFO - Best occupancy model saved: checkpoints/occupancy_model/best_occupancy_model.pth
2025-11-14 03:19:09,997 - DCRNN-Occupancy - INFO - Epoch 16, Batch 0/63, Loss: 0.0224, TF Ratio: 0.951
2025-11-14 03:19:20,167 - DCRNN-Occupancy - INFO - Epoch 16, Batch 50/63, Loss: 0.0190, TF Ratio: 0.951
2025-11-14 03:19:28,159 - DCRNN-Occupancy - INFO - Epoch 16: Train Loss: 0.0558, Val Loss: 1.0252, LR: 0.001861, Time: 23.6s
2025-11-14 03:19:28,159 - DCRNN-Occupancy - INFO - 혼잡도 예측 범위 (정규화): [-1.00, 2.62]
2025-11-14 03:19:28,159 - DCRNN-Occupancy - INFO - 혼잡도 예측 범위 (실제): [-0.1, 1876.3]명
2025-11-14 03:19:33,383 - DCRNN-Occupancy - INFO - Epoch 17, Batch 0/63, Loss: 0.0200, TF Ratio: 0.944
2025-11-14 03:19:43,055 - DCRNN-Occupancy - INFO - Epoch 17, Batch 50/63, Loss: 0.0339, TF Ratio: 0.944
2025-11-14 03:19:52,494 - DCRNN-Occupancy - INFO - Epoch 17: Train Loss: 0.0433, Val Loss: 1.0042, LR: 0.001844, Time: 24.3s
2025-11-14 03:19:52,494 - DCRNN-Occupancy - INFO - 혼잡도 예측 범위 (정규화): [-1.01, 2.60]
2025-11-14 03:19:52,494 - DCRNN-Occupancy - INFO - 혼잡도 예측 범위 (실제): [-0.1, 1782.6]명
2025-11-14 03:19:57,596 - DCRNN-Occupancy - INFO - Epoch 18, Batch 0/63, Loss: 0.0186, TF Ratio: 0.938
2025-11-14 03:20:07,634 - DCRNN-Occupancy - INFO - Epoch 18, Batch 50/63, Loss: 0.0226, TF Ratio: 0.938
2025-11-14 03:20:17,227 - DCRNN-Occupancy - INFO - Epoch 18: Train Loss: 0.0750, Val Loss: 0.9875, LR: 0.001827, Time: 24.7s
2025-11-14 03:20:17,227 - DCRNN-Occupancy - INFO - 혼잡도 예측 범위 (정규화): [-1.02, 2.55]
2025-11-14 03:20:17,227 - DCRNN-Occupancy - INFO - 혼잡도 예측 범위 (실제): [-0.1, 1616.0]명
2025-11-14 03:20:17,250 - DCRNN-Occupancy - INFO - Best occupancy model saved: checkpoints/occupancy_model/best_occupancy_model.pth
2025-11-14 03:20:22,786 - DCRNN-Occupancy - INFO - Epoch 19, Batch 0/63, Loss: 0.0582, TF Ratio: 0.931
2025-11-14 03:20:35,905 - DCRNN-Occupancy - INFO - Epoch 19, Batch 50/63, Loss: 0.0213, TF Ratio: 0.931
2025-11-14 03:20:44,720 - DCRNN-Occupancy - INFO - Epoch 19: Train Loss: 0.0319, Val Loss: 1.0178, LR: 0.001809, Time: 27.5s
2025-11-14 03:20:44,721 - DCRNN-Occupancy - INFO - 혼잡도 예측 범위 (정규화): [-1.00, 2.55]
2025-11-14 03:20:44,721 - DCRNN-Occupancy - INFO - 혼잡도 예측 범위 (실제): [-0.1, 1620.3]명
2025-11-14 03:20:50,574 - DCRNN-Occupancy - INFO - Epoch 20, Batch 0/63, Loss: 0.0252, TF Ratio: 0.924
2025-11-14 03:21:00,569 - DCRNN-Occupancy - INFO - Epoch 20, Batch 50/63, Loss: 0.0482, TF Ratio: 0.924
2025-11-14 03:21:08,645 - DCRNN-Occupancy - INFO - Epoch 20: Train Loss: 0.1257, Val Loss: 0.9725, LR: 0.001790, Time: 23.9s
2025-11-14 03:21:08,645 - DCRNN-Occupancy - INFO - 혼잡도 예측 범위 (정규화): [-1.01, 2.58]
2025-11-14 03:21:08,645 - DCRNN-Occupancy - INFO - 혼잡도 예측 범위 (실제): [-0.1, 1713.4]명
2025-11-14 03:21:08,665 - DCRNN-Occupancy - INFO - Best occupancy model saved: checkpoints/occupancy_model/best_occupancy_model.pth
2025-11-14 03:21:08,684 - DCRNN-Occupancy - INFO - Best occupancy model saved: checkpoints/occupancy_model/best_occupancy_model.pth
2025-11-14 03:21:13,769 - DCRNN-Occupancy - INFO - Epoch 21, Batch 0/63, Loss: 0.0479, TF Ratio: 0.916
2025-11-14 03:21:24,276 - DCRNN-Occupancy - INFO - Epoch 21, Batch 50/63, Loss: 0.0475, TF Ratio: 0.916
2025-11-14 03:21:32,994 - DCRNN-Occupancy - INFO - Epoch 21: Train Loss: 0.0901, Val Loss: 0.9524, LR: 0.001771, Time: 24.3s
2025-11-14 03:21:32,994 - DCRNN-Occupancy - INFO - 혼잡도 예측 범위 (정규화): [-1.03, 2.57]
2025-11-14 03:21:32,994 - DCRNN-Occupancy - INFO - 혼잡도 예측 범위 (실제): [-0.1, 1708.3]명
2025-11-14 03:21:33,014 - DCRNN-Occupancy - INFO - Best occupancy model saved: checkpoints/occupancy_model/best_occupancy_model.pth
2025-11-14 03:21:38,617 - DCRNN-Occupancy - INFO - Epoch 22, Batch 0/63, Loss: 0.0486, TF Ratio: 0.908
2025-11-14 03:21:48,782 - DCRNN-Occupancy - INFO - Epoch 22, Batch 50/63, Loss: 0.0477, TF Ratio: 0.908
2025-11-14 03:21:56,993 - DCRNN-Occupancy - INFO - Epoch 22: Train Loss: 0.1239, Val Loss: 0.9000, LR: 0.001750, Time: 24.0s
2025-11-14 03:21:56,994 - DCRNN-Occupancy - INFO - 혼잡도 예측 범위 (정규화): [-1.01, 2.54]
2025-11-14 03:21:56,994 - DCRNN-Occupancy - INFO - 혼잡도 예측 범위 (실제): [-0.1, 1581.6]명
2025-11-14 03:21:57,013 - DCRNN-Occupancy - INFO - Best occupancy model saved: checkpoints/occupancy_model/best_occupancy_model.pth
2025-11-14 03:22:02,208 - DCRNN-Occupancy - INFO - Epoch 23, Batch 0/63, Loss: 0.0456, TF Ratio: 0.900
2025-11-14 03:22:11,956 - DCRNN-Occupancy - INFO - Epoch 23, Batch 50/63, Loss: 0.0283, TF Ratio: 0.900
2025-11-14 03:22:20,457 - DCRNN-Occupancy - INFO - Epoch 23: Train Loss: 0.0887, Val Loss: 0.9265, LR: 0.001729, Time: 23.4s
2025-11-14 03:22:20,457 - DCRNN-Occupancy - INFO - 혼잡도 예측 범위 (정규화): [-1.00, 2.61]
2025-11-14 03:22:20,457 - DCRNN-Occupancy - INFO - 혼잡도 예측 범위 (실제): [-0.1, 1846.5]명
2025-11-14 03:22:26,066 - DCRNN-Occupancy - INFO - Epoch 24, Batch 0/63, Loss: 0.0261, TF Ratio: 0.892
2025-11-14 03:22:36,003 - DCRNN-Occupancy - INFO - Epoch 24, Batch 50/63, Loss: 0.1109, TF Ratio: 0.892
2025-11-14 03:22:44,532 - DCRNN-Occupancy - INFO - Epoch 24: Train Loss: 0.2046, Val Loss: 0.8458, LR: 0.001707, Time: 24.1s
2025-11-14 03:22:44,533 - DCRNN-Occupancy - INFO - 혼잡도 예측 범위 (정규화): [-1.08, 2.52]
2025-11-14 03:22:44,533 - DCRNN-Occupancy - INFO - 혼잡도 예측 범위 (실제): [-0.2, 1534.7]명
2025-11-14 03:22:44,554 - DCRNN-Occupancy - INFO - Best occupancy model saved: checkpoints/occupancy_model/best_occupancy_model.pth
2025-11-14 03:22:50,045 - DCRNN-Occupancy - INFO - Epoch 25, Batch 0/63, Loss: 0.0378, TF Ratio: 0.883
2025-11-14 03:22:59,638 - DCRNN-Occupancy - INFO - Epoch 25, Batch 50/63, Loss: 0.0627, TF Ratio: 0.883
2025-11-14 03:23:07,025 - DCRNN-Occupancy - INFO - Epoch 25: Train Loss: 0.2453, Val Loss: 0.8373, LR: 0.001685, Time: 22.5s
2025-11-14 03:23:07,025 - DCRNN-Occupancy - INFO - 혼잡도 예측 범위 (정규화): [-1.14, 2.53]
2025-11-14 03:23:07,025 - DCRNN-Occupancy - INFO - 혼잡도 예측 범위 (실제): [-0.3, 1545.0]명
2025-11-14 03:23:07,045 - DCRNN-Occupancy - INFO - Best occupancy model saved: checkpoints/occupancy_model/best_occupancy_model.pth
2025-11-14 03:23:11,832 - DCRNN-Occupancy - INFO - Epoch 26, Batch 0/63, Loss: 0.0675, TF Ratio: 0.874
2025-11-14 03:23:21,542 - DCRNN-Occupancy - INFO - Epoch 26, Batch 50/63, Loss: 0.0434, TF Ratio: 0.874
2025-11-14 03:23:29,296 - DCRNN-Occupancy - INFO - Epoch 26: Train Loss: 0.1553, Val Loss: 0.8140, LR: 0.001661, Time: 22.3s
2025-11-14 03:23:29,296 - DCRNN-Occupancy - INFO - 혼잡도 예측 범위 (정규화): [-1.04, 2.49]
2025-11-14 03:23:29,296 - DCRNN-Occupancy - INFO - 혼잡도 예측 범위 (실제): [-0.2, 1425.1]명
2025-11-14 03:23:29,315 - DCRNN-Occupancy - INFO - Best occupancy model saved: checkpoints/occupancy_model/best_occupancy_model.pth
2025-11-14 03:23:34,074 - DCRNN-Occupancy - INFO - Epoch 27, Batch 0/63, Loss: 0.0458, TF Ratio: 0.865
2025-11-14 03:23:43,269 - DCRNN-Occupancy - INFO - Epoch 27, Batch 50/63, Loss: 0.0356, TF Ratio: 0.865
2025-11-14 03:23:51,464 - DCRNN-Occupancy - INFO - Epoch 27: Train Loss: 0.1022, Val Loss: 0.8238, LR: 0.001638, Time: 22.1s
2025-11-14 03:23:51,464 - DCRNN-Occupancy - INFO - 혼잡도 예측 범위 (정규화): [-1.01, 2.51]
2025-11-14 03:23:51,464 - DCRNN-Occupancy - INFO - 혼잡도 예측 범위 (실제): [-0.1, 1481.0]명
2025-11-14 03:23:56,386 - DCRNN-Occupancy - INFO - Epoch 28, Batch 0/63, Loss: 0.0368, TF Ratio: 0.855
2025-11-14 03:24:05,658 - DCRNN-Occupancy - INFO - Epoch 28, Batch 50/63, Loss: 0.0700, TF Ratio: 0.855
2025-11-14 03:24:13,580 - DCRNN-Occupancy - INFO - Epoch 28: Train Loss: 0.1603, Val Loss: 0.8510, LR: 0.001613, Time: 22.1s
2025-11-14 03:24:13,580 - DCRNN-Occupancy - INFO - 혼잡도 예측 범위 (정규화): [-1.03, 2.51]
2025-11-14 03:24:13,580 - DCRNN-Occupancy - INFO - 혼잡도 예측 범위 (실제): [-0.1, 1481.8]명
2025-11-14 03:24:18,474 - DCRNN-Occupancy - INFO - Epoch 29, Batch 0/63, Loss: 0.0342, TF Ratio: 0.845
2025-11-14 03:24:27,643 - DCRNN-Occupancy - INFO - Epoch 29, Batch 50/63, Loss: 0.0270, TF Ratio: 0.845
2025-11-14 03:24:35,412 - DCRNN-Occupancy - INFO - Epoch 29: Train Loss: 0.1380, Val Loss: 0.8229, LR: 0.001588, Time: 21.8s
2025-11-14 03:24:35,412 - DCRNN-Occupancy - INFO - 혼잡도 예측 범위 (정규화): [-1.04, 2.54]
2025-11-14 03:24:35,412 - DCRNN-Occupancy - INFO - 혼잡도 예측 범위 (실제): [-0.1, 1572.8]명
2025-11-14 03:24:40,103 - DCRNN-Occupancy - INFO - Epoch 30, Batch 0/63, Loss: 0.0765, TF Ratio: 0.835
2025-11-14 03:24:49,454 - DCRNN-Occupancy - INFO - Epoch 30, Batch 50/63, Loss: 0.0292, TF Ratio: 0.835
2025-11-14 03:24:56,890 - DCRNN-Occupancy - INFO - Epoch 30: Train Loss: 0.1686, Val Loss: 0.8133, LR: 0.001562, Time: 21.5s
2025-11-14 03:24:56,890 - DCRNN-Occupancy - INFO - 혼잡도 예측 범위 (정규화): [-1.05, 2.53]
2025-11-14 03:24:56,890 - DCRNN-Occupancy - INFO - 혼잡도 예측 범위 (실제): [-0.2, 1541.6]명
2025-11-14 03:24:56,912 - DCRNN-Occupancy - INFO - Best occupancy model saved: checkpoints/occupancy_model/best_occupancy_model.pth
2025-11-14 03:24:56,930 - DCRNN-Occupancy - INFO - Best occupancy model saved: checkpoints/occupancy_model/best_occupancy_model.pth
2025-11-14 03:25:01,511 - DCRNN-Occupancy - INFO - Epoch 31, Batch 0/63, Loss: 0.0706, TF Ratio: 0.825
2025-11-14 03:25:10,139 - DCRNN-Occupancy - INFO - Epoch 31, Batch 50/63, Loss: 0.0356, TF Ratio: 0.825
2025-11-14 03:25:17,663 - DCRNN-Occupancy - INFO - Epoch 31: Train Loss: 0.1282, Val Loss: 0.8272, LR: 0.001536, Time: 20.7s
2025-11-14 03:25:17,663 - DCRNN-Occupancy - INFO - 혼잡도 예측 범위 (정규화): [-1.03, 2.49]
2025-11-14 03:25:17,663 - DCRNN-Occupancy - INFO - 혼잡도 예측 범위 (실제): [-0.1, 1433.6]명
2025-11-14 03:25:22,200 - DCRNN-Occupancy - INFO - Epoch 32, Batch 0/63, Loss: 0.0380, TF Ratio: 0.814
2025-11-14 03:25:30,801 - DCRNN-Occupancy - INFO - Epoch 32, Batch 50/63, Loss: 0.0412, TF Ratio: 0.814
2025-11-14 03:25:39,132 - DCRNN-Occupancy - INFO - Epoch 32: Train Loss: 0.1834, Val Loss: 0.8082, LR: 0.001509, Time: 21.5s
2025-11-14 03:25:39,132 - DCRNN-Occupancy - INFO - 혼잡도 예측 범위 (정규화): [-1.05, 2.62]
2025-11-14 03:25:39,132 - DCRNN-Occupancy - INFO - 혼잡도 예측 범위 (실제): [-0.2, 1873.1]명
2025-11-14 03:25:39,152 - DCRNN-Occupancy - INFO - Best occupancy model saved: checkpoints/occupancy_model/best_occupancy_model.pth
2025-11-14 03:25:44,625 - DCRNN-Occupancy - INFO - Epoch 33, Batch 0/63, Loss: 0.0373, TF Ratio: 0.804
2025-11-14 03:25:54,620 - DCRNN-Occupancy - INFO - Epoch 33, Batch 50/63, Loss: 0.7193, TF Ratio: 0.804
2025-11-14 03:26:03,113 - DCRNN-Occupancy - INFO - Epoch 33: Train Loss: 0.2132, Val Loss: 0.8007, LR: 0.001482, Time: 24.0s
2025-11-14 03:26:03,113 - DCRNN-Occupancy - INFO - 혼잡도 예측 범위 (정규화): [-1.02, 2.55]
2025-11-14 03:26:03,114 - DCRNN-Occupancy - INFO - 혼잡도 예측 범위 (실제): [-0.1, 1616.1]명
2025-11-14 03:26:03,134 - DCRNN-Occupancy - INFO - Best occupancy model saved: checkpoints/occupancy_model/best_occupancy_model.pth
2025-11-14 03:26:08,593 - DCRNN-Occupancy - INFO - Epoch 34, Batch 0/63, Loss: 0.8105, TF Ratio: 0.793
2025-11-14 03:26:18,811 - DCRNN-Occupancy - INFO - Epoch 34, Batch 50/63, Loss: 0.0431, TF Ratio: 0.793
2025-11-14 03:26:27,800 - DCRNN-Occupancy - INFO - Epoch 34: Train Loss: 0.2214, Val Loss: 0.8329, LR: 0.001454, Time: 24.7s
2025-11-14 03:26:27,801 - DCRNN-Occupancy - INFO - 혼잡도 예측 범위 (정규화): [-1.03, 2.56]
2025-11-14 03:26:27,801 - DCRNN-Occupancy - INFO - 혼잡도 예측 범위 (실제): [-0.1, 1643.7]명
2025-11-14 03:26:33,020 - DCRNN-Occupancy - INFO - Epoch 35, Batch 0/63, Loss: 0.8813, TF Ratio: 0.782
2025-11-14 03:26:43,194 - DCRNN-Occupancy - INFO - Epoch 35, Batch 50/63, Loss: 0.0414, TF Ratio: 0.782
2025-11-14 03:26:51,031 - DCRNN-Occupancy - INFO - Epoch 35: Train Loss: 0.2916, Val Loss: 0.8022, LR: 0.001426, Time: 23.2s
2025-11-14 03:26:51,031 - DCRNN-Occupancy - INFO - 혼잡도 예측 범위 (정규화): [-1.08, 2.56]
2025-11-14 03:26:51,031 - DCRNN-Occupancy - INFO - 혼잡도 예측 범위 (실제): [-0.2, 1640.2]명
2025-11-14 03:26:55,744 - DCRNN-Occupancy - INFO - Epoch 36, Batch 0/63, Loss: 0.0548, TF Ratio: 0.770
2025-11-14 03:27:04,558 - DCRNN-Occupancy - INFO - Epoch 36, Batch 50/63, Loss: 0.0382, TF Ratio: 0.770
2025-11-14 03:27:11,780 - DCRNN-Occupancy - INFO - Epoch 36: Train Loss: 0.1637, Val Loss: 0.7914, LR: 0.001397, Time: 20.7s
2025-11-14 03:27:11,780 - DCRNN-Occupancy - INFO - 혼잡도 예측 범위 (정규화): [-1.00, 2.57]
2025-11-14 03:27:11,780 - DCRNN-Occupancy - INFO - 혼잡도 예측 범위 (실제): [-0.1, 1678.7]명
2025-11-14 03:27:11,800 - DCRNN-Occupancy - INFO - Best occupancy model saved: checkpoints/occupancy_model/best_occupancy_model.pth
2025-11-14 03:27:16,512 - DCRNN-Occupancy - INFO - Epoch 37, Batch 0/63, Loss: 0.8402, TF Ratio: 0.759
2025-11-14 03:27:25,050 - DCRNN-Occupancy - INFO - Epoch 37, Batch 50/63, Loss: 0.7347, TF Ratio: 0.759
2025-11-14 03:27:32,143 - DCRNN-Occupancy - INFO - Epoch 37: Train Loss: 0.1787, Val Loss: 0.7911, LR: 0.001368, Time: 20.3s
2025-11-14 03:27:32,143 - DCRNN-Occupancy - INFO - 혼잡도 예측 범위 (정규화): [-1.01, 2.55]
2025-11-14 03:27:32,143 - DCRNN-Occupancy - INFO - 혼잡도 예측 범위 (실제): [-0.1, 1637.2]명
2025-11-14 03:27:32,162 - DCRNN-Occupancy - INFO - Best occupancy model saved: checkpoints/occupancy_model/best_occupancy_model.pth
2025-11-14 03:27:36,914 - DCRNN-Occupancy - INFO - Epoch 38, Batch 0/63, Loss: 0.0326, TF Ratio: 0.747
2025-11-14 03:27:45,524 - DCRNN-Occupancy - INFO - Epoch 38, Batch 50/63, Loss: 0.0371, TF Ratio: 0.747
2025-11-14 03:27:53,332 - DCRNN-Occupancy - INFO - Epoch 38: Train Loss: 0.1904, Val Loss: 0.7866, LR: 0.001339, Time: 21.2s
2025-11-14 03:27:53,333 - DCRNN-Occupancy - INFO - 혼잡도 예측 범위 (정규화): [-0.99, 2.60]
2025-11-14 03:27:53,333 - DCRNN-Occupancy - INFO - 혼잡도 예측 범위 (실제): [-0.1, 1788.5]명
2025-11-14 03:27:53,351 - DCRNN-Occupancy - INFO - Best occupancy model saved: checkpoints/occupancy_model/best_occupancy_model.pth
2025-11-14 03:27:58,017 - DCRNN-Occupancy - INFO - Epoch 39, Batch 0/63, Loss: 0.8489, TF Ratio: 0.735
2025-11-14 03:28:07,284 - DCRNN-Occupancy - INFO - Epoch 39, Batch 50/63, Loss: 0.7965, TF Ratio: 0.735
2025-11-14 03:28:15,527 - DCRNN-Occupancy - INFO - Epoch 39: Train Loss: 0.3231, Val Loss: 0.7936, LR: 0.001309, Time: 22.2s
2025-11-14 03:28:15,527 - DCRNN-Occupancy - INFO - 혼잡도 예측 범위 (정규화): [-1.01, 2.58]
2025-11-14 03:28:15,527 - DCRNN-Occupancy - INFO - 혼잡도 예측 범위 (실제): [-0.1, 1733.6]명
2025-11-14 03:28:20,596 - DCRNN-Occupancy - INFO - Epoch 40, Batch 0/63, Loss: 0.0336, TF Ratio: 0.724
2025-11-14 03:28:30,020 - DCRNN-Occupancy - INFO - Epoch 40, Batch 50/63, Loss: 0.0410, TF Ratio: 0.724
2025-11-14 03:28:37,631 - DCRNN-Occupancy - INFO - Epoch 40: Train Loss: 0.2692, Val Loss: 0.7727, LR: 0.001279, Time: 22.1s
2025-11-14 03:28:37,631 - DCRNN-Occupancy - INFO - 혼잡도 예측 범위 (정규화): [-0.99, 2.60]
2025-11-14 03:28:37,631 - DCRNN-Occupancy - INFO - 혼잡도 예측 범위 (실제): [-0.1, 1800.0]명
2025-11-14 03:28:37,650 - DCRNN-Occupancy - INFO - Best occupancy model saved: checkpoints/occupancy_model/best_occupancy_model.pth
2025-11-14 03:28:37,667 - DCRNN-Occupancy - INFO - Best occupancy model saved: checkpoints/occupancy_model/best_occupancy_model.pth
2025-11-14 03:28:42,670 - DCRNN-Occupancy - INFO - Epoch 41, Batch 0/63, Loss: 0.0370, TF Ratio: 0.712
2025-11-14 03:28:51,548 - DCRNN-Occupancy - INFO - Epoch 41, Batch 50/63, Loss: 0.0382, TF Ratio: 0.712
2025-11-14 03:28:59,086 - DCRNN-Occupancy - INFO - Epoch 41: Train Loss: 0.1922, Val Loss: 0.8274, LR: 0.001249, Time: 21.4s
2025-11-14 03:28:59,086 - DCRNN-Occupancy - INFO - 혼잡도 예측 범위 (정규화): [-1.01, 2.55]
2025-11-14 03:28:59,086 - DCRNN-Occupancy - INFO - 혼잡도 예측 범위 (실제): [-0.1, 1608.7]명
2025-11-14 03:29:04,075 - DCRNN-Occupancy - INFO - Epoch 42, Batch 0/63, Loss: 0.8644, TF Ratio: 0.699
2025-11-14 03:29:13,436 - DCRNN-Occupancy - INFO - Epoch 42, Batch 50/63, Loss: 0.7522, TF Ratio: 0.699
2025-11-14 03:29:21,708 - DCRNN-Occupancy - INFO - Epoch 42: Train Loss: 0.2465, Val Loss: 0.7790, LR: 0.001219, Time: 22.6s
2025-11-14 03:29:21,708 - DCRNN-Occupancy - INFO - 혼잡도 예측 범위 (정규화): [-1.01, 2.62]
2025-11-14 03:29:21,708 - DCRNN-Occupancy - INFO - 혼잡도 예측 범위 (실제): [-0.1, 1866.0]명
2025-11-14 03:29:26,788 - DCRNN-Occupancy - INFO - Epoch 43, Batch 0/63, Loss: 0.9105, TF Ratio: 0.687
2025-11-14 03:29:36,054 - DCRNN-Occupancy - INFO - Epoch 43, Batch 50/63, Loss: 0.7307, TF Ratio: 0.687
2025-11-14 03:29:43,647 - DCRNN-Occupancy - INFO - Epoch 43: Train Loss: 0.2705, Val Loss: 0.7724, LR: 0.001188, Time: 21.9s
2025-11-14 03:29:43,647 - DCRNN-Occupancy - INFO - 혼잡도 예측 범위 (정규화): [-1.00, 2.58]
2025-11-14 03:29:43,647 - DCRNN-Occupancy - INFO - 혼잡도 예측 범위 (실제): [-0.1, 1716.5]명
2025-11-14 03:29:43,667 - DCRNN-Occupancy - INFO - Best occupancy model saved: checkpoints/occupancy_model/best_occupancy_model.pth
2025-11-14 03:29:48,499 - DCRNN-Occupancy - INFO - Epoch 44, Batch 0/63, Loss: 0.8029, TF Ratio: 0.675
2025-11-14 03:29:57,454 - DCRNN-Occupancy - INFO - Epoch 44, Batch 50/63, Loss: 0.8055, TF Ratio: 0.675
2025-11-14 03:30:04,921 - DCRNN-Occupancy - INFO - Epoch 44: Train Loss: 0.2811, Val Loss: 0.7674, LR: 0.001157, Time: 21.3s
2025-11-14 03:30:04,921 - DCRNN-Occupancy - INFO - 혼잡도 예측 범위 (정규화): [-1.01, 2.58]
2025-11-14 03:30:04,922 - DCRNN-Occupancy - INFO - 혼잡도 예측 범위 (실제): [-0.1, 1717.2]명
2025-11-14 03:30:04,940 - DCRNN-Occupancy - INFO - Best occupancy model saved: checkpoints/occupancy_model/best_occupancy_model.pth
2025-11-14 03:30:09,550 - DCRNN-Occupancy - INFO - Epoch 45, Batch 0/63, Loss: 0.0503, TF Ratio: 0.663
2025-11-14 03:30:18,777 - DCRNN-Occupancy - INFO - Epoch 45, Batch 50/63, Loss: 0.0408, TF Ratio: 0.663
2025-11-14 03:30:26,911 - DCRNN-Occupancy - INFO - Epoch 45: Train Loss: 0.3127, Val Loss: 0.7920, LR: 0.001126, Time: 22.0s
2025-11-14 03:30:26,911 - DCRNN-Occupancy - INFO - 혼잡도 예측 범위 (정규화): [-1.01, 2.60]
2025-11-14 03:30:26,911 - DCRNN-Occupancy - INFO - 혼잡도 예측 범위 (실제): [-0.1, 1810.4]명
2025-11-14 03:30:31,896 - DCRNN-Occupancy - INFO - Epoch 46, Batch 0/63, Loss: 0.7600, TF Ratio: 0.650
2025-11-14 03:30:41,373 - DCRNN-Occupancy - INFO - Epoch 46, Batch 50/63, Loss: 0.8111, TF Ratio: 0.650
2025-11-14 03:30:49,663 - DCRNN-Occupancy - INFO - Epoch 46: Train Loss: 0.2633, Val Loss: 0.7679, LR: 0.001095, Time: 22.8s
2025-11-14 03:30:49,663 - DCRNN-Occupancy - INFO - 혼잡도 예측 범위 (정규화): [-1.04, 2.59]
2025-11-14 03:30:49,663 - DCRNN-Occupancy - INFO - 혼잡도 예측 범위 (실제): [-0.1, 1760.4]명
2025-11-14 03:30:54,653 - DCRNN-Occupancy - INFO - Epoch 47, Batch 0/63, Loss: 0.6960, TF Ratio: 0.638
2025-11-14 03:31:03,170 - DCRNN-Occupancy - INFO - Epoch 47, Batch 50/63, Loss: 0.0415, TF Ratio: 0.638
2025-11-14 03:31:10,617 - DCRNN-Occupancy - INFO - Epoch 47: Train Loss: 0.3595, Val Loss: 0.7568, LR: 0.001063, Time: 21.0s
2025-11-14 03:31:10,617 - DCRNN-Occupancy - INFO - 혼잡도 예측 범위 (정규화): [-1.00, 2.62]
2025-11-14 03:31:10,617 - DCRNN-Occupancy - INFO - 혼잡도 예측 범위 (실제): [-0.1, 1888.5]명
2025-11-14 03:31:10,638 - DCRNN-Occupancy - INFO - Best occupancy model saved: checkpoints/occupancy_model/best_occupancy_model.pth
2025-11-14 03:31:15,285 - DCRNN-Occupancy - INFO - Epoch 48, Batch 0/63, Loss: 0.0425, TF Ratio: 0.625
2025-11-14 03:31:24,084 - DCRNN-Occupancy - INFO - Epoch 48, Batch 50/63, Loss: 0.7443, TF Ratio: 0.625
2025-11-14 03:31:31,490 - DCRNN-Occupancy - INFO - Epoch 48: Train Loss: 0.2945, Val Loss: 0.7573, LR: 0.001032, Time: 20.9s
2025-11-14 03:31:31,491 - DCRNN-Occupancy - INFO - 혼잡도 예측 범위 (정규화): [-1.01, 2.58]
2025-11-14 03:31:31,491 - DCRNN-Occupancy - INFO - 혼잡도 예측 범위 (실제): [-0.1, 1709.4]명
2025-11-14 03:31:36,192 - DCRNN-Occupancy - INFO - Epoch 49, Batch 0/63, Loss: 0.7609, TF Ratio: 0.613
2025-11-14 03:31:44,977 - DCRNN-Occupancy - INFO - Epoch 49, Batch 50/63, Loss: 0.0619, TF Ratio: 0.613
2025-11-14 03:31:52,816 - DCRNN-Occupancy - INFO - Epoch 49: Train Loss: 0.3069, Val Loss: 0.7496, LR: 0.001001, Time: 21.3s
2025-11-14 03:31:52,816 - DCRNN-Occupancy - INFO - 혼잡도 예측 범위 (정규화): [-1.00, 2.62]
2025-11-14 03:31:52,816 - DCRNN-Occupancy - INFO - 혼잡도 예측 범위 (실제): [-0.1, 1872.9]명
2025-11-14 03:31:52,835 - DCRNN-Occupancy - INFO - Best occupancy model saved: checkpoints/occupancy_model/best_occupancy_model.pth
2025-11-14 03:31:57,474 - DCRNN-Occupancy - INFO - Epoch 50, Batch 0/63, Loss: 0.7346, TF Ratio: 0.600
2025-11-14 03:32:07,630 - DCRNN-Occupancy - INFO - Epoch 50, Batch 50/63, Loss: 0.0511, TF Ratio: 0.600
2025-11-14 03:32:17,065 - DCRNN-Occupancy - INFO - Epoch 50: Train Loss: 0.4518, Val Loss: 0.7477, LR: 0.000969, Time: 24.2s
2025-11-14 03:32:17,065 - DCRNN-Occupancy - INFO - 혼잡도 예측 범위 (정규화): [-0.99, 2.61]
2025-11-14 03:32:17,065 - DCRNN-Occupancy - INFO - 혼잡도 예측 범위 (실제): [-0.1, 1828.8]명
2025-11-14 03:32:17,085 - DCRNN-Occupancy - INFO - Best occupancy model saved: checkpoints/occupancy_model/best_occupancy_model.pth
2025-11-14 03:32:17,105 - DCRNN-Occupancy - INFO - Best occupancy model saved: checkpoints/occupancy_model/best_occupancy_model.pth
2025-11-14 03:32:22,705 - DCRNN-Occupancy - INFO - Epoch 51, Batch 0/63, Loss: 0.0790, TF Ratio: 0.587
2025-11-14 03:32:32,968 - DCRNN-Occupancy - INFO - Epoch 51, Batch 50/63, Loss: 0.0508, TF Ratio: 0.587
2025-11-14 03:32:42,666 - DCRNN-Occupancy - INFO - Epoch 51: Train Loss: 0.2865, Val Loss: 0.9796, LR: 0.000938, Time: 25.6s
2025-11-14 03:32:42,667 - DCRNN-Occupancy - INFO - 혼잡도 예측 범위 (정규화): [-1.01, 2.53]
2025-11-14 03:32:42,667 - DCRNN-Occupancy - INFO - 혼잡도 예측 범위 (실제): [-0.1, 1560.3]명
2025-11-14 03:32:48,729 - DCRNN-Occupancy - INFO - Epoch 52, Batch 0/63, Loss: 0.0412, TF Ratio: 0.575
2025-11-14 03:33:00,914 - DCRNN-Occupancy - INFO - Epoch 52, Batch 50/63, Loss: 0.0355, TF Ratio: 0.575
2025-11-14 03:33:09,853 - DCRNN-Occupancy - INFO - Epoch 52: Train Loss: 0.3843, Val Loss: 0.8215, LR: 0.000906, Time: 27.2s
2025-11-14 03:33:09,853 - DCRNN-Occupancy - INFO - 혼잡도 예측 범위 (정규화): [-1.01, 2.54]
2025-11-14 03:33:09,853 - DCRNN-Occupancy - INFO - 혼잡도 예측 범위 (실제): [-0.1, 1577.1]명
2025-11-14 03:33:15,491 - DCRNN-Occupancy - INFO - Epoch 53, Batch 0/63, Loss: 0.0436, TF Ratio: 0.562
2025-11-14 03:33:27,980 - DCRNN-Occupancy - INFO - Epoch 53, Batch 50/63, Loss: 0.0350, TF Ratio: 0.562
2025-11-14 03:33:38,412 - DCRNN-Occupancy - INFO - Epoch 53: Train Loss: 0.3498, Val Loss: 0.8181, LR: 0.000875, Time: 28.6s
2025-11-14 03:33:38,412 - DCRNN-Occupancy - INFO - 혼잡도 예측 범위 (정규화): [-1.00, 2.54]
2025-11-14 03:33:38,412 - DCRNN-Occupancy - INFO - 혼잡도 예측 범위 (실제): [-0.1, 1587.2]명
2025-11-14 03:33:44,040 - DCRNN-Occupancy - INFO - Epoch 54, Batch 0/63, Loss: 0.0362, TF Ratio: 0.550
2025-11-14 03:33:54,504 - DCRNN-Occupancy - INFO - Epoch 54, Batch 50/63, Loss: 0.0401, TF Ratio: 0.550
2025-11-14 03:34:02,409 - DCRNN-Occupancy - INFO - Epoch 54: Train Loss: 0.4132, Val Loss: 0.8175, LR: 0.000844, Time: 24.0s
2025-11-14 03:34:02,410 - DCRNN-Occupancy - INFO - 혼잡도 예측 범위 (정규화): [-1.02, 2.64]
2025-11-14 03:34:02,410 - DCRNN-Occupancy - INFO - 혼잡도 예측 범위 (실제): [-0.1, 1961.3]명
2025-11-14 03:34:07,276 - DCRNN-Occupancy - INFO - Epoch 55, Batch 0/63, Loss: 0.0330, TF Ratio: 0.537
2025-11-14 03:34:16,083 - DCRNN-Occupancy - INFO - Epoch 55, Batch 50/63, Loss: 0.8820, TF Ratio: 0.537
2025-11-14 03:34:23,738 - DCRNN-Occupancy - INFO - Epoch 55: Train Loss: 0.3657, Val Loss: 0.8132, LR: 0.000813, Time: 21.3s
2025-11-14 03:34:23,739 - DCRNN-Occupancy - INFO - 혼잡도 예측 범위 (정규화): [-1.00, 2.53]
2025-11-14 03:34:23,739 - DCRNN-Occupancy - INFO - 혼잡도 예측 범위 (실제): [-0.1, 1541.7]명
2025-11-14 03:34:28,438 - DCRNN-Occupancy - INFO - Epoch 56, Batch 0/63, Loss: 0.0374, TF Ratio: 0.525
2025-11-14 03:34:38,061 - DCRNN-Occupancy - INFO - Epoch 56, Batch 50/63, Loss: 0.0333, TF Ratio: 0.525
2025-11-14 03:34:45,523 - DCRNN-Occupancy - INFO - Epoch 56: Train Loss: 0.4115, Val Loss: 0.7937, LR: 0.000782, Time: 21.8s
2025-11-14 03:34:45,523 - DCRNN-Occupancy - INFO - 혼잡도 예측 범위 (정규화): [-1.01, 2.56]
2025-11-14 03:34:45,523 - DCRNN-Occupancy - INFO - 혼잡도 예측 범위 (실제): [-0.1, 1663.5]명
2025-11-14 03:34:50,377 - DCRNN-Occupancy - INFO - Epoch 57, Batch 0/63, Loss: 0.0586, TF Ratio: 0.513
2025-11-14 03:34:59,547 - DCRNN-Occupancy - INFO - Epoch 57, Batch 50/63, Loss: 0.7143, TF Ratio: 0.513
2025-11-14 03:35:06,968 - DCRNN-Occupancy - INFO - Epoch 57: Train Loss: 0.4803, Val Loss: 0.7832, LR: 0.000752, Time: 21.4s
2025-11-14 03:35:06,968 - DCRNN-Occupancy - INFO - 혼잡도 예측 범위 (정규화): [-1.00, 2.59]
2025-11-14 03:35:06,968 - DCRNN-Occupancy - INFO - 혼잡도 예측 범위 (실제): [-0.1, 1761.6]명
2025-11-14 03:35:11,938 - DCRNN-Occupancy - INFO - Epoch 58, Batch 0/63, Loss: 0.0667, TF Ratio: 0.501
2025-11-14 03:35:20,649 - DCRNN-Occupancy - INFO - Epoch 58, Batch 50/63, Loss: 0.8237, TF Ratio: 0.501
2025-11-14 03:35:28,469 - DCRNN-Occupancy - INFO - Epoch 58: Train Loss: 0.4067, Val Loss: 0.7782, LR: 0.000722, Time: 21.5s
2025-11-14 03:35:28,469 - DCRNN-Occupancy - INFO - 혼잡도 예측 범위 (정규화): [-1.00, 2.53]
2025-11-14 03:35:28,469 - DCRNN-Occupancy - INFO - 혼잡도 예측 범위 (실제): [-0.1, 1556.7]명
2025-11-14 03:35:33,073 - DCRNN-Occupancy - INFO - Epoch 59, Batch 0/63, Loss: 0.0491, TF Ratio: 0.488
2025-11-14 03:35:41,709 - DCRNN-Occupancy - INFO - Epoch 59, Batch 50/63, Loss: 0.0518, TF Ratio: 0.488
2025-11-14 03:35:49,583 - DCRNN-Occupancy - INFO - Epoch 59: Train Loss: 0.3793, Val Loss: 0.7702, LR: 0.000692, Time: 21.1s
2025-11-14 03:35:49,584 - DCRNN-Occupancy - INFO - 혼잡도 예측 범위 (정규화): [-1.00, 2.57]
2025-11-14 03:35:49,584 - DCRNN-Occupancy - INFO - 혼잡도 예측 범위 (실제): [-0.1, 1694.8]명
2025-11-14 03:35:54,425 - DCRNN-Occupancy - INFO - Epoch 60, Batch 0/63, Loss: 0.0357, TF Ratio: 0.476
2025-11-14 03:36:03,542 - DCRNN-Occupancy - INFO - Epoch 60, Batch 50/63, Loss: 0.7797, TF Ratio: 0.476
2025-11-14 03:36:11,189 - DCRNN-Occupancy - INFO - Epoch 60: Train Loss: 0.3714, Val Loss: 0.7931, LR: 0.000662, Time: 21.6s
2025-11-14 03:36:11,189 - DCRNN-Occupancy - INFO - 혼잡도 예측 범위 (정규화): [-1.00, 2.60]
2025-11-14 03:36:11,189 - DCRNN-Occupancy - INFO - 혼잡도 예측 범위 (실제): [-0.1, 1791.5]명
2025-11-14 03:36:16,266 - DCRNN-Occupancy - INFO - Epoch 61, Batch 0/63, Loss: 0.0502, TF Ratio: 0.465
2025-11-14 03:36:25,111 - DCRNN-Occupancy - INFO - Epoch 61, Batch 50/63, Loss: 0.0322, TF Ratio: 0.465
2025-11-14 03:36:33,023 - DCRNN-Occupancy - INFO - Epoch 61: Train Loss: 0.4839, Val Loss: 0.7607, LR: 0.000633, Time: 21.8s
2025-11-14 03:36:33,023 - DCRNN-Occupancy - INFO - 혼잡도 예측 범위 (정규화): [-1.00, 2.55]
2025-11-14 03:36:33,023 - DCRNN-Occupancy - INFO - 혼잡도 예측 범위 (실제): [-0.1, 1619.2]명
2025-11-14 03:36:37,835 - DCRNN-Occupancy - INFO - Epoch 62, Batch 0/63, Loss: 0.7966, TF Ratio: 0.453
2025-11-14 03:36:46,392 - DCRNN-Occupancy - INFO - Epoch 62, Batch 50/63, Loss: 0.7635, TF Ratio: 0.453
2025-11-14 03:36:54,525 - DCRNN-Occupancy - INFO - Epoch 62: Train Loss: 0.4849, Val Loss: 0.7665, LR: 0.000604, Time: 21.5s
2025-11-14 03:36:54,525 - DCRNN-Occupancy - INFO - 혼잡도 예측 범위 (정규화): [-1.01, 2.58]
2025-11-14 03:36:54,525 - DCRNN-Occupancy - INFO - 혼잡도 예측 범위 (실제): [-0.1, 1742.0]명
2025-11-14 03:36:59,659 - DCRNN-Occupancy - INFO - Epoch 63, Batch 0/63, Loss: 0.7758, TF Ratio: 0.441
2025-11-14 03:37:09,348 - DCRNN-Occupancy - INFO - Epoch 63, Batch 50/63, Loss: 0.8404, TF Ratio: 0.441
2025-11-14 03:37:17,857 - DCRNN-Occupancy - INFO - Epoch 63: Train Loss: 0.4141, Val Loss: 0.7495, LR: 0.000575, Time: 23.3s
2025-11-14 03:37:17,857 - DCRNN-Occupancy - INFO - 혼잡도 예측 범위 (정규화): [-1.02, 2.51]
2025-11-14 03:37:17,857 - DCRNN-Occupancy - INFO - 혼잡도 예측 범위 (실제): [-0.1, 1504.4]명
2025-11-14 03:37:22,651 - DCRNN-Occupancy - INFO - Epoch 64, Batch 0/63, Loss: 0.7853, TF Ratio: 0.430
2025-11-14 03:37:31,720 - DCRNN-Occupancy - INFO - Epoch 64, Batch 50/63, Loss: 0.0420, TF Ratio: 0.430
2025-11-14 03:37:39,418 - DCRNN-Occupancy - INFO - Epoch 64: Train Loss: 0.4117, Val Loss: 0.7487, LR: 0.000547, Time: 21.6s
2025-11-14 03:37:39,418 - DCRNN-Occupancy - INFO - 혼잡도 예측 범위 (정규화): [-1.02, 2.59]
2025-11-14 03:37:39,418 - DCRNN-Occupancy - INFO - 혼잡도 예측 범위 (실제): [-0.1, 1747.3]명
2025-11-14 03:37:43,928 - DCRNN-Occupancy - INFO - Epoch 65, Batch 0/63, Loss: 0.7533, TF Ratio: 0.418
2025-11-14 03:37:53,037 - DCRNN-Occupancy - INFO - Epoch 65, Batch 50/63, Loss: 0.7986, TF Ratio: 0.418
2025-11-14 03:38:00,658 - DCRNN-Occupancy - INFO - Epoch 65: Train Loss: 0.4407, Val Loss: 0.7456, LR: 0.000519, Time: 21.2s
2025-11-14 03:38:00,659 - DCRNN-Occupancy - INFO - 혼잡도 예측 범위 (정규화): [-1.02, 2.50]
2025-11-14 03:38:00,659 - DCRNN-Occupancy - INFO - 혼잡도 예측 범위 (실제): [-0.1, 1449.5]명
2025-11-14 03:38:00,677 - DCRNN-Occupancy - INFO - Best occupancy model saved: checkpoints/occupancy_model/best_occupancy_model.pth
2025-11-14 03:38:05,347 - DCRNN-Occupancy - INFO - Epoch 66, Batch 0/63, Loss: 0.6516, TF Ratio: 0.407
2025-11-14 03:38:14,104 - DCRNN-Occupancy - INFO - Epoch 66, Batch 50/63, Loss: 0.7928, TF Ratio: 0.407
2025-11-14 03:38:22,000 - DCRNN-Occupancy - INFO - Epoch 66: Train Loss: 0.4144, Val Loss: 0.7356, LR: 0.000492, Time: 21.3s
2025-11-14 03:38:22,001 - DCRNN-Occupancy - INFO - 혼잡도 예측 범위 (정규화): [-1.00, 2.60]
2025-11-14 03:38:22,001 - DCRNN-Occupancy - INFO - 혼잡도 예측 범위 (실제): [-0.1, 1785.9]명
2025-11-14 03:38:22,018 - DCRNN-Occupancy - INFO - Best occupancy model saved: checkpoints/occupancy_model/best_occupancy_model.pth
2025-11-14 03:38:26,691 - DCRNN-Occupancy - INFO - Epoch 67, Batch 0/63, Loss: 0.0349, TF Ratio: 0.396
2025-11-14 03:38:35,599 - DCRNN-Occupancy - INFO - Epoch 67, Batch 50/63, Loss: 0.7374, TF Ratio: 0.396
2025-11-14 03:38:43,169 - DCRNN-Occupancy - INFO - Epoch 67: Train Loss: 0.4003, Val Loss: 0.7385, LR: 0.000465, Time: 21.2s
2025-11-14 03:38:43,170 - DCRNN-Occupancy - INFO - 혼잡도 예측 범위 (정규화): [-1.01, 2.59]
2025-11-14 03:38:43,170 - DCRNN-Occupancy - INFO - 혼잡도 예측 범위 (실제): [-0.1, 1763.6]명
2025-11-14 03:38:47,906 - DCRNN-Occupancy - INFO - Epoch 68, Batch 0/63, Loss: 0.0441, TF Ratio: 0.386
2025-11-14 03:38:57,431 - DCRNN-Occupancy - INFO - Epoch 68, Batch 50/63, Loss: 0.0608, TF Ratio: 0.386
2025-11-14 03:39:05,880 - DCRNN-Occupancy - INFO - Epoch 68: Train Loss: 0.5126, Val Loss: 0.7309, LR: 0.000439, Time: 22.7s
2025-11-14 03:39:05,880 - DCRNN-Occupancy - INFO - 혼잡도 예측 범위 (정규화): [-1.00, 2.54]
2025-11-14 03:39:05,880 - DCRNN-Occupancy - INFO - 혼잡도 예측 범위 (실제): [-0.1, 1571.7]명
2025-11-14 03:39:05,899 - DCRNN-Occupancy - INFO - Best occupancy model saved: checkpoints/occupancy_model/best_occupancy_model.pth
2025-11-14 03:39:11,262 - DCRNN-Occupancy - INFO - Epoch 69, Batch 0/63, Loss: 0.6769, TF Ratio: 0.375
2025-11-14 03:39:21,153 - DCRNN-Occupancy - INFO - Epoch 69, Batch 50/63, Loss: 0.8488, TF Ratio: 0.375
2025-11-14 03:39:29,903 - DCRNN-Occupancy - INFO - Epoch 69: Train Loss: 0.4787, Val Loss: 0.7249, LR: 0.000413, Time: 24.0s
2025-11-14 03:39:29,904 - DCRNN-Occupancy - INFO - 혼잡도 예측 범위 (정규화): [-1.00, 2.59]
2025-11-14 03:39:29,904 - DCRNN-Occupancy - INFO - 혼잡도 예측 범위 (실제): [-0.1, 1753.3]명
2025-11-14 03:39:29,923 - DCRNN-Occupancy - INFO - Best occupancy model saved: checkpoints/occupancy_model/best_occupancy_model.pth
2025-11-14 03:39:35,306 - DCRNN-Occupancy - INFO - Epoch 70, Batch 0/63, Loss: 0.6606, TF Ratio: 0.365
2025-11-14 03:39:45,365 - DCRNN-Occupancy - INFO - Epoch 70, Batch 50/63, Loss: 0.0351, TF Ratio: 0.365
2025-11-14 03:39:53,925 - DCRNN-Occupancy - INFO - Epoch 70: Train Loss: 0.4817, Val Loss: 0.7232, LR: 0.000388, Time: 24.0s
2025-11-14 03:39:53,925 - DCRNN-Occupancy - INFO - 혼잡도 예측 범위 (정규화): [-1.00, 2.53]
2025-11-14 03:39:53,925 - DCRNN-Occupancy - INFO - 혼잡도 예측 범위 (실제): [-0.1, 1549.5]명
2025-11-14 03:39:53,945 - DCRNN-Occupancy - INFO - Best occupancy model saved: checkpoints/occupancy_model/best_occupancy_model.pth
2025-11-14 03:39:53,963 - DCRNN-Occupancy - INFO - Best occupancy model saved: checkpoints/occupancy_model/best_occupancy_model.pth
2025-11-14 03:39:59,055 - DCRNN-Occupancy - INFO - Epoch 71, Batch 0/63, Loss: 0.6416, TF Ratio: 0.355
2025-11-14 03:40:09,256 - DCRNN-Occupancy - INFO - Epoch 71, Batch 50/63, Loss: 0.6557, TF Ratio: 0.355
2025-11-14 03:40:17,838 - DCRNN-Occupancy - INFO - Epoch 71: Train Loss: 0.4400, Val Loss: 0.7207, LR: 0.000363, Time: 23.9s
2025-11-14 03:40:17,838 - DCRNN-Occupancy - INFO - 혼잡도 예측 범위 (정규화): [-1.01, 2.53]
2025-11-14 03:40:17,838 - DCRNN-Occupancy - INFO - 혼잡도 예측 범위 (실제): [-0.1, 1551.7]명
2025-11-14 03:40:17,858 - DCRNN-Occupancy - INFO - Best occupancy model saved: checkpoints/occupancy_model/best_occupancy_model.pth
2025-11-14 03:40:23,024 - DCRNN-Occupancy - INFO - Epoch 72, Batch 0/63, Loss: 0.6578, TF Ratio: 0.345
2025-11-14 03:40:33,061 - DCRNN-Occupancy - INFO - Epoch 72, Batch 50/63, Loss: 0.7350, TF Ratio: 0.345
2025-11-14 03:40:41,204 - DCRNN-Occupancy - INFO - Epoch 72: Train Loss: 0.4623, Val Loss: 0.7192, LR: 0.000340, Time: 23.3s
2025-11-14 03:40:41,204 - DCRNN-Occupancy - INFO - 혼잡도 예측 범위 (정규화): [-1.00, 2.53]
2025-11-14 03:40:41,204 - DCRNN-Occupancy - INFO - 혼잡도 예측 범위 (실제): [-0.1, 1570.2]명
2025-11-14 03:40:41,224 - DCRNN-Occupancy - INFO - Best occupancy model saved: checkpoints/occupancy_model/best_occupancy_model.pth
2025-11-14 03:40:46,501 - DCRNN-Occupancy - INFO - Epoch 73, Batch 0/63, Loss: 0.7251, TF Ratio: 0.335
2025-11-14 03:40:56,991 - DCRNN-Occupancy - INFO - Epoch 73, Batch 50/63, Loss: 0.8311, TF Ratio: 0.335
2025-11-14 03:41:05,739 - DCRNN-Occupancy - INFO - Epoch 73: Train Loss: 0.5267, Val Loss: 0.7192, LR: 0.000316, Time: 24.5s
2025-11-14 03:41:05,739 - DCRNN-Occupancy - INFO - 혼잡도 예측 범위 (정규화): [-0.99, 2.50]
2025-11-14 03:41:05,739 - DCRNN-Occupancy - INFO - 혼잡도 예측 범위 (실제): [-0.1, 1465.3]명
2025-11-14 03:41:10,755 - DCRNN-Occupancy - INFO - Epoch 74, Batch 0/63, Loss: 0.7211, TF Ratio: 0.326
2025-11-14 03:41:20,761 - DCRNN-Occupancy - INFO - Epoch 74, Batch 50/63, Loss: 0.6622, TF Ratio: 0.326
2025-11-14 03:41:28,939 - DCRNN-Occupancy - INFO - Epoch 74: Train Loss: 0.4907, Val Loss: 0.7125, LR: 0.000294, Time: 23.2s
2025-11-14 03:41:28,939 - DCRNN-Occupancy - INFO - 혼잡도 예측 범위 (정규화): [-1.00, 2.51]
2025-11-14 03:41:28,939 - DCRNN-Occupancy - INFO - 혼잡도 예측 범위 (실제): [-0.1, 1482.2]명
2025-11-14 03:41:28,958 - DCRNN-Occupancy - INFO - Best occupancy model saved: checkpoints/occupancy_model/best_occupancy_model.pth
2025-11-14 03:41:33,869 - DCRNN-Occupancy - INFO - Epoch 75, Batch 0/63, Loss: 0.0479, TF Ratio: 0.317
2025-11-14 03:41:43,489 - DCRNN-Occupancy - INFO - Epoch 75, Batch 50/63, Loss: 0.0354, TF Ratio: 0.317
2025-11-14 03:41:51,163 - DCRNN-Occupancy - INFO - Epoch 75: Train Loss: 0.4145, Val Loss: 0.7117, LR: 0.000272, Time: 22.2s
2025-11-14 03:41:51,163 - DCRNN-Occupancy - INFO - 혼잡도 예측 범위 (정규화): [-1.00, 2.53]
2025-11-14 03:41:51,163 - DCRNN-Occupancy - INFO - 혼잡도 예측 범위 (실제): [-0.1, 1562.2]명
2025-11-14 03:41:51,181 - DCRNN-Occupancy - INFO - Best occupancy model saved: checkpoints/occupancy_model/best_occupancy_model.pth
2025-11-14 03:41:56,205 - DCRNN-Occupancy - INFO - Epoch 76, Batch 0/63, Loss: 0.7254, TF Ratio: 0.308
2025-11-14 03:42:05,122 - DCRNN-Occupancy - INFO - Epoch 76, Batch 50/63, Loss: 0.7089, TF Ratio: 0.308
2025-11-14 03:42:13,077 - DCRNN-Occupancy - INFO - Epoch 76: Train Loss: 0.5007, Val Loss: 0.7096, LR: 0.000251, Time: 21.9s
2025-11-14 03:42:13,078 - DCRNN-Occupancy - INFO - 혼잡도 예측 범위 (정규화): [-1.01, 2.56]
2025-11-14 03:42:13,078 - DCRNN-Occupancy - INFO - 혼잡도 예측 범위 (실제): [-0.1, 1663.8]명
2025-11-14 03:42:13,098 - DCRNN-Occupancy - INFO - Best occupancy model saved: checkpoints/occupancy_model/best_occupancy_model.pth
2025-11-14 03:42:17,869 - DCRNN-Occupancy - INFO - Epoch 77, Batch 0/63, Loss: 0.0434, TF Ratio: 0.300
2025-11-14 03:42:26,613 - DCRNN-Occupancy - INFO - Epoch 77, Batch 50/63, Loss: 0.6839, TF Ratio: 0.300
2025-11-14 03:42:34,158 - DCRNN-Occupancy - INFO - Epoch 77: Train Loss: 0.4926, Val Loss: 0.7090, LR: 0.000230, Time: 21.1s
2025-11-14 03:42:34,158 - DCRNN-Occupancy - INFO - 혼잡도 예측 범위 (정규화): [-1.02, 2.48]
2025-11-14 03:42:34,158 - DCRNN-Occupancy - INFO - 혼잡도 예측 범위 (실제): [-0.1, 1395.2]명
2025-11-14 03:42:34,176 - DCRNN-Occupancy - INFO - Best occupancy model saved: checkpoints/occupancy_model/best_occupancy_model.pth
2025-11-14 03:42:38,816 - DCRNN-Occupancy - INFO - Epoch 78, Batch 0/63, Loss: 0.0380, TF Ratio: 0.292
2025-11-14 03:42:48,270 - DCRNN-Occupancy - INFO - Epoch 78, Batch 50/63, Loss: 0.6943, TF Ratio: 0.292
2025-11-14 03:42:57,003 - DCRNN-Occupancy - INFO - Epoch 78: Train Loss: 0.4996, Val Loss: 0.7052, LR: 0.000211, Time: 22.8s
2025-11-14 03:42:57,003 - DCRNN-Occupancy - INFO - 혼잡도 예측 범위 (정규화): [-1.00, 2.52]
2025-11-14 03:42:57,003 - DCRNN-Occupancy - INFO - 혼잡도 예측 범위 (실제): [-0.1, 1527.6]명
2025-11-14 03:42:57,023 - DCRNN-Occupancy - INFO - Best occupancy model saved: checkpoints/occupancy_model/best_occupancy_model.pth
2025-11-14 03:43:02,355 - DCRNN-Occupancy - INFO - Epoch 79, Batch 0/63, Loss: 0.6708, TF Ratio: 0.284
2025-11-14 03:43:11,994 - DCRNN-Occupancy - INFO - Epoch 79, Batch 50/63, Loss: 0.6520, TF Ratio: 0.284
2025-11-14 03:43:20,774 - DCRNN-Occupancy - INFO - Epoch 79: Train Loss: 0.5743, Val Loss: 0.7064, LR: 0.000192, Time: 23.8s
2025-11-14 03:43:20,774 - DCRNN-Occupancy - INFO - 혼잡도 예측 범위 (정규화): [-1.01, 2.49]
2025-11-14 03:43:20,774 - DCRNN-Occupancy - INFO - 혼잡도 예측 범위 (실제): [-0.1, 1437.6]명
2025-11-14 03:43:25,675 - DCRNN-Occupancy - INFO - Epoch 80, Batch 0/63, Loss: 0.6374, TF Ratio: 0.276
2025-11-14 03:43:35,373 - DCRNN-Occupancy - INFO - Epoch 80, Batch 50/63, Loss: 0.7154, TF Ratio: 0.276
2025-11-14 03:43:43,952 - DCRNN-Occupancy - INFO - Epoch 80: Train Loss: 0.5114, Val Loss: 0.7020, LR: 0.000174, Time: 23.2s
2025-11-14 03:43:43,952 - DCRNN-Occupancy - INFO - 혼잡도 예측 범위 (정규화): [-1.04, 2.50]
2025-11-14 03:43:43,952 - DCRNN-Occupancy - INFO - 혼잡도 예측 범위 (실제): [-0.1, 1467.9]명
2025-11-14 03:43:43,973 - DCRNN-Occupancy - INFO - Best occupancy model saved: checkpoints/occupancy_model/best_occupancy_model.pth
2025-11-14 03:43:43,991 - DCRNN-Occupancy - INFO - Best occupancy model saved: checkpoints/occupancy_model/best_occupancy_model.pth
2025-11-14 03:43:49,161 - DCRNN-Occupancy - INFO - Epoch 81, Batch 0/63, Loss: 0.6918, TF Ratio: 0.269
2025-11-14 03:43:58,075 - DCRNN-Occupancy - INFO - Epoch 81, Batch 50/63, Loss: 0.6730, TF Ratio: 0.269
2025-11-14 03:44:05,929 - DCRNN-Occupancy - INFO - Epoch 81: Train Loss: 0.5540, Val Loss: 0.7004, LR: 0.000157, Time: 21.9s
2025-11-14 03:44:05,930 - DCRNN-Occupancy - INFO - 혼잡도 예측 범위 (정규화): [-1.02, 2.44]
2025-11-14 03:44:05,930 - DCRNN-Occupancy - INFO - 혼잡도 예측 범위 (실제): [-0.1, 1282.3]명
2025-11-14 03:44:05,950 - DCRNN-Occupancy - INFO - Best occupancy model saved: checkpoints/occupancy_model/best_occupancy_model.pth
2025-11-14 03:44:10,669 - DCRNN-Occupancy - INFO - Epoch 82, Batch 0/63, Loss: 0.7594, TF Ratio: 0.262
2025-11-14 03:44:19,423 - DCRNN-Occupancy - INFO - Epoch 82, Batch 50/63, Loss: 0.7353, TF Ratio: 0.262
2025-11-14 03:44:27,213 - DCRNN-Occupancy - INFO - Epoch 82: Train Loss: 0.5315, Val Loss: 0.6995, LR: 0.000140, Time: 21.3s
2025-11-14 03:44:27,214 - DCRNN-Occupancy - INFO - 혼잡도 예측 범위 (정규화): [-1.00, 2.52]
2025-11-14 03:44:27,214 - DCRNN-Occupancy - INFO - 혼잡도 예측 범위 (실제): [-0.1, 1512.7]명
2025-11-14 03:44:27,233 - DCRNN-Occupancy - INFO - Best occupancy model saved: checkpoints/occupancy_model/best_occupancy_model.pth
2025-11-14 03:44:32,032 - DCRNN-Occupancy - INFO - Epoch 83, Batch 0/63, Loss: 0.6762, TF Ratio: 0.256
2025-11-14 03:44:41,461 - DCRNN-Occupancy - INFO - Epoch 83, Batch 50/63, Loss: 0.6685, TF Ratio: 0.256
2025-11-14 03:44:49,416 - DCRNN-Occupancy - INFO - Epoch 83: Train Loss: 0.5645, Val Loss: 0.6981, LR: 0.000125, Time: 22.2s
2025-11-14 03:44:49,416 - DCRNN-Occupancy - INFO - 혼잡도 예측 범위 (정규화): [-1.00, 2.46]
2025-11-14 03:44:49,417 - DCRNN-Occupancy - INFO - 혼잡도 예측 범위 (실제): [-0.1, 1343.4]명
2025-11-14 03:44:49,435 - DCRNN-Occupancy - INFO - Best occupancy model saved: checkpoints/occupancy_model/best_occupancy_model.pth
2025-11-14 03:44:54,519 - DCRNN-Occupancy - INFO - Epoch 84, Batch 0/63, Loss: 0.6233, TF Ratio: 0.249
2025-11-14 03:45:03,548 - DCRNN-Occupancy - INFO - Epoch 84, Batch 50/63, Loss: 0.6537, TF Ratio: 0.249
2025-11-14 03:45:11,388 - DCRNN-Occupancy - INFO - Epoch 84: Train Loss: 0.5125, Val Loss: 0.6962, LR: 0.000110, Time: 22.0s
2025-11-14 03:45:11,389 - DCRNN-Occupancy - INFO - 혼잡도 예측 범위 (정규화): [-1.02, 2.45]
2025-11-14 03:45:11,389 - DCRNN-Occupancy - INFO - 혼잡도 예측 범위 (실제): [-0.1, 1319.0]명
2025-11-14 03:45:11,408 - DCRNN-Occupancy - INFO - Best occupancy model saved: checkpoints/occupancy_model/best_occupancy_model.pth
2025-11-14 03:45:16,151 - DCRNN-Occupancy - INFO - Epoch 85, Batch 0/63, Loss: 0.0422, TF Ratio: 0.244
2025-11-14 03:45:25,153 - DCRNN-Occupancy - INFO - Epoch 85, Batch 50/63, Loss: 0.7317, TF Ratio: 0.244
2025-11-14 03:45:32,845 - DCRNN-Occupancy - INFO - Epoch 85: Train Loss: 0.5769, Val Loss: 0.6953, LR: 0.000096, Time: 21.4s
2025-11-14 03:45:32,845 - DCRNN-Occupancy - INFO - 혼잡도 예측 범위 (정규화): [-1.00, 2.45]
2025-11-14 03:45:32,845 - DCRNN-Occupancy - INFO - 혼잡도 예측 범위 (실제): [-0.1, 1312.0]명
2025-11-14 03:45:32,864 - DCRNN-Occupancy - INFO - Best occupancy model saved: checkpoints/occupancy_model/best_occupancy_model.pth
2025-11-14 03:45:37,899 - DCRNN-Occupancy - INFO - Epoch 86, Batch 0/63, Loss: 0.6991, TF Ratio: 0.238
2025-11-14 03:45:48,985 - DCRNN-Occupancy - INFO - Epoch 86, Batch 50/63, Loss: 0.0404, TF Ratio: 0.238
2025-11-14 03:45:58,255 - DCRNN-Occupancy - INFO - Epoch 86: Train Loss: 0.5469, Val Loss: 0.6945, LR: 0.000083, Time: 25.4s
2025-11-14 03:45:58,255 - DCRNN-Occupancy - INFO - 혼잡도 예측 범위 (정규화): [-1.03, 2.46]
2025-11-14 03:45:58,256 - DCRNN-Occupancy - INFO - 혼잡도 예측 범위 (실제): [-0.1, 1337.7]명
2025-11-14 03:45:58,277 - DCRNN-Occupancy - INFO - Best occupancy model saved: checkpoints/occupancy_model/best_occupancy_model.pth
2025-11-14 03:46:04,246 - DCRNN-Occupancy - INFO - Epoch 87, Batch 0/63, Loss: 0.8573, TF Ratio: 0.233
2025-11-14 03:46:15,961 - DCRNN-Occupancy - INFO - Epoch 87, Batch 50/63, Loss: 0.6646, TF Ratio: 0.233
2025-11-14 03:46:25,504 - DCRNN-Occupancy - INFO - Epoch 87: Train Loss: 0.5602, Val Loss: 0.6939, LR: 0.000071, Time: 27.2s
2025-11-14 03:46:25,504 - DCRNN-Occupancy - INFO - 혼잡도 예측 범위 (정규화): [-1.00, 2.50]
2025-11-14 03:46:25,504 - DCRNN-Occupancy - INFO - 혼잡도 예측 범위 (실제): [-0.1, 1447.7]명
2025-11-14 03:46:25,525 - DCRNN-Occupancy - INFO - Best occupancy model saved: checkpoints/occupancy_model/best_occupancy_model.pth
2025-11-14 03:46:31,215 - DCRNN-Occupancy - INFO - Epoch 88, Batch 0/63, Loss: 0.6434, TF Ratio: 0.228
2025-11-14 03:46:42,775 - DCRNN-Occupancy - INFO - Epoch 88, Batch 50/63, Loss: 0.6089, TF Ratio: 0.228
2025-11-14 03:46:53,119 - DCRNN-Occupancy - INFO - Epoch 88: Train Loss: 0.5248, Val Loss: 0.6945, LR: 0.000060, Time: 27.6s
2025-11-14 03:46:53,119 - DCRNN-Occupancy - INFO - 혼잡도 예측 범위 (정규화): [-1.01, 2.44]
2025-11-14 03:46:53,119 - DCRNN-Occupancy - INFO - 혼잡도 예측 범위 (실제): [-0.1, 1290.6]명
2025-11-14 03:46:59,070 - DCRNN-Occupancy - INFO - Epoch 89, Batch 0/63, Loss: 0.7209, TF Ratio: 0.224
2025-11-14 03:47:11,241 - DCRNN-Occupancy - INFO - Epoch 89, Batch 50/63, Loss: 0.8584, TF Ratio: 0.224
2025-11-14 03:47:20,600 - DCRNN-Occupancy - INFO - Epoch 89: Train Loss: 0.5242, Val Loss: 0.6937, LR: 0.000050, Time: 27.5s
2025-11-14 03:47:20,600 - DCRNN-Occupancy - INFO - 혼잡도 예측 범위 (정규화): [-0.99, 2.46]
2025-11-14 03:47:20,600 - DCRNN-Occupancy - INFO - 혼잡도 예측 범위 (실제): [-0.1, 1327.7]명
2025-11-14 03:47:20,623 - DCRNN-Occupancy - INFO - Best occupancy model saved: checkpoints/occupancy_model/best_occupancy_model.pth
2025-11-14 03:47:26,709 - DCRNN-Occupancy - INFO - Epoch 90, Batch 0/63, Loss: 0.6788, TF Ratio: 0.220
2025-11-14 03:47:38,349 - DCRNN-Occupancy - INFO - Epoch 90, Batch 50/63, Loss: 0.6149, TF Ratio: 0.220
2025-11-14 03:47:46,819 - DCRNN-Occupancy - INFO - Epoch 90: Train Loss: 0.5412, Val Loss: 0.6929, LR: 0.000041, Time: 26.2s
2025-11-14 03:47:46,819 - DCRNN-Occupancy - INFO - 혼잡도 예측 범위 (정규화): [-1.00, 2.42]
2025-11-14 03:47:46,819 - DCRNN-Occupancy - INFO - 혼잡도 예측 범위 (실제): [-0.1, 1223.1]명
2025-11-14 03:47:46,838 - DCRNN-Occupancy - INFO - Best occupancy model saved: checkpoints/occupancy_model/best_occupancy_model.pth
2025-11-14 03:47:46,855 - DCRNN-Occupancy - INFO - Best occupancy model saved: checkpoints/occupancy_model/best_occupancy_model.pth
2025-11-14 03:47:52,072 - DCRNN-Occupancy - INFO - Epoch 91, Batch 0/63, Loss: 0.6552, TF Ratio: 0.216
2025-11-14 03:48:01,989 - DCRNN-Occupancy - INFO - Epoch 91, Batch 50/63, Loss: 0.7255, TF Ratio: 0.216
2025-11-14 03:48:10,505 - DCRNN-Occupancy - INFO - Epoch 91: Train Loss: 0.5405, Val Loss: 0.6957, LR: 0.000032, Time: 23.6s
2025-11-14 03:48:10,505 - DCRNN-Occupancy - INFO - 혼잡도 예측 범위 (정규화): [-1.00, 2.43]
2025-11-14 03:48:10,505 - DCRNN-Occupancy - INFO - 혼잡도 예측 범위 (실제): [-0.1, 1268.0]명
2025-11-14 03:48:15,631 - DCRNN-Occupancy - INFO - Epoch 92, Batch 0/63, Loss: 0.6130, TF Ratio: 0.213
2025-11-14 03:48:24,764 - DCRNN-Occupancy - INFO - Epoch 92, Batch 50/63, Loss: 0.7792, TF Ratio: 0.213
2025-11-14 03:48:32,299 - DCRNN-Occupancy - INFO - Epoch 92: Train Loss: 0.5502, Val Loss: 0.6926, LR: 0.000025, Time: 21.8s
2025-11-14 03:48:32,299 - DCRNN-Occupancy - INFO - 혼잡도 예측 범위 (정규화): [-1.00, 2.47]
2025-11-14 03:48:32,299 - DCRNN-Occupancy - INFO - 혼잡도 예측 범위 (실제): [-0.1, 1364.0]명
2025-11-14 03:48:32,318 - DCRNN-Occupancy - INFO - Best occupancy model saved: checkpoints/occupancy_model/best_occupancy_model.pth
2025-11-14 03:48:36,951 - DCRNN-Occupancy - INFO - Epoch 93, Batch 0/63, Loss: 0.0289, TF Ratio: 0.210
2025-11-14 03:48:46,225 - DCRNN-Occupancy - INFO - Epoch 93, Batch 50/63, Loss: 0.6691, TF Ratio: 0.210
2025-11-14 03:48:54,080 - DCRNN-Occupancy - INFO - Epoch 93: Train Loss: 0.5326, Val Loss: 0.6921, LR: 0.000019, Time: 21.8s
2025-11-14 03:48:54,080 - DCRNN-Occupancy - INFO - 혼잡도 예측 범위 (정규화): [-1.00, 2.46]
2025-11-14 03:48:54,080 - DCRNN-Occupancy - INFO - 혼잡도 예측 범위 (실제): [-0.1, 1343.2]명
2025-11-14 03:48:54,098 - DCRNN-Occupancy - INFO - Best occupancy model saved: checkpoints/occupancy_model/best_occupancy_model.pth
2025-11-14 03:48:59,454 - DCRNN-Occupancy - INFO - Epoch 94, Batch 0/63, Loss: 0.6901, TF Ratio: 0.207
2025-11-14 03:49:08,921 - DCRNN-Occupancy - INFO - Epoch 94, Batch 50/63, Loss: 0.7503, TF Ratio: 0.207
2025-11-14 03:49:17,153 - DCRNN-Occupancy - INFO - Epoch 94: Train Loss: 0.5596, Val Loss: 0.6919, LR: 0.000013, Time: 23.1s
2025-11-14 03:49:17,154 - DCRNN-Occupancy - INFO - 혼잡도 예측 범위 (정규화): [-0.99, 2.44]
2025-11-14 03:49:17,154 - DCRNN-Occupancy - INFO - 혼잡도 예측 범위 (실제): [-0.1, 1274.0]명
2025-11-14 03:49:17,180 - DCRNN-Occupancy - INFO - Best occupancy model saved: checkpoints/occupancy_model/best_occupancy_model.pth
2025-11-14 03:49:22,460 - DCRNN-Occupancy - INFO - Epoch 95, Batch 0/63, Loss: 0.7041, TF Ratio: 0.205
2025-11-14 03:49:32,483 - DCRNN-Occupancy - INFO - Epoch 95, Batch 50/63, Loss: 0.0382, TF Ratio: 0.205
2025-11-14 03:49:40,926 - DCRNN-Occupancy - INFO - Epoch 95: Train Loss: 0.5653, Val Loss: 0.6918, LR: 0.000009, Time: 23.7s
2025-11-14 03:49:40,926 - DCRNN-Occupancy - INFO - 혼잡도 예측 범위 (정규화): [-1.00, 2.45]
2025-11-14 03:49:40,926 - DCRNN-Occupancy - INFO - 혼잡도 예측 범위 (실제): [-0.1, 1316.8]명
2025-11-14 03:49:40,946 - DCRNN-Occupancy - INFO - Best occupancy model saved: checkpoints/occupancy_model/best_occupancy_model.pth
2025-11-14 03:49:46,395 - DCRNN-Occupancy - INFO - Epoch 96, Batch 0/63, Loss: 0.0399, TF Ratio: 0.203
2025-11-14 03:49:57,632 - DCRNN-Occupancy - INFO - Epoch 96, Batch 50/63, Loss: 0.0356, TF Ratio: 0.203
2025-11-14 03:50:05,471 - DCRNN-Occupancy - INFO - Epoch 96: Train Loss: 0.5409, Val Loss: 0.6921, LR: 0.000005, Time: 24.5s
2025-11-14 03:50:05,471 - DCRNN-Occupancy - INFO - 혼잡도 예측 범위 (정규화): [-1.00, 2.45]
2025-11-14 03:50:05,471 - DCRNN-Occupancy - INFO - 혼잡도 예측 범위 (실제): [-0.1, 1326.3]명
2025-11-14 03:50:10,645 - DCRNN-Occupancy - INFO - Epoch 97, Batch 0/63, Loss: 0.6593, TF Ratio: 0.202
2025-11-14 03:50:21,049 - DCRNN-Occupancy - INFO - Epoch 97, Batch 50/63, Loss: 0.7652, TF Ratio: 0.202
2025-11-14 03:50:28,788 - DCRNN-Occupancy - INFO - Epoch 97: Train Loss: 0.5993, Val Loss: 0.6916, LR: 0.000003, Time: 23.3s
2025-11-14 03:50:28,788 - DCRNN-Occupancy - INFO - 혼잡도 예측 범위 (정규화): [-0.99, 2.43]
2025-11-14 03:50:28,788 - DCRNN-Occupancy - INFO - 혼잡도 예측 범위 (실제): [-0.1, 1256.3]명
2025-11-14 03:50:28,806 - DCRNN-Occupancy - INFO - Best occupancy model saved: checkpoints/occupancy_model/best_occupancy_model.pth
2025-11-14 03:50:33,518 - DCRNN-Occupancy - INFO - Epoch 98, Batch 0/63, Loss: 0.7061, TF Ratio: 0.201
2025-11-14 03:50:42,923 - DCRNN-Occupancy - INFO - Epoch 98, Batch 50/63, Loss: 0.0299, TF Ratio: 0.201
2025-11-14 03:50:51,120 - DCRNN-Occupancy - INFO - Epoch 98: Train Loss: 0.5943, Val Loss: 0.6916, LR: 0.000001, Time: 22.3s
2025-11-14 03:50:51,121 - DCRNN-Occupancy - INFO - 혼잡도 예측 범위 (정규화): [-1.00, 2.45]
2025-11-14 03:50:51,121 - DCRNN-Occupancy - INFO - 혼잡도 예측 범위 (실제): [-0.1, 1309.4]명
2025-11-14 03:50:51,138 - DCRNN-Occupancy - INFO - Best occupancy model saved: checkpoints/occupancy_model/best_occupancy_model.pth
2025-11-14 03:50:56,014 - DCRNN-Occupancy - INFO - Epoch 99, Batch 0/63, Loss: 0.7011, TF Ratio: 0.200
2025-11-14 03:51:04,720 - DCRNN-Occupancy - INFO - Epoch 99, Batch 50/63, Loss: 0.7286, TF Ratio: 0.200
2025-11-14 03:51:12,906 - DCRNN-Occupancy - INFO - Epoch 99: Train Loss: 0.5528, Val Loss: 0.6916, LR: 0.000001, Time: 21.8s
2025-11-14 03:51:12,907 - DCRNN-Occupancy - INFO - 혼잡도 예측 범위 (정규화): [-1.03, 2.47]
2025-11-14 03:51:12,907 - DCRNN-Occupancy - INFO - 혼잡도 예측 범위 (실제): [-0.1, 1379.7]명
2025-11-14 03:51:18,193 - DCRNN-Occupancy - INFO - Epoch 100, Batch 0/63, Loss: 0.0335, TF Ratio: 0.200
2025-11-14 03:51:27,257 - DCRNN-Occupancy - INFO - Epoch 100, Batch 50/63, Loss: 0.7191, TF Ratio: 0.200
2025-11-14 03:51:35,163 - DCRNN-Occupancy - INFO - Epoch 100: Train Loss: 0.5795, Val Loss: 0.6916, LR: 0.000001, Time: 22.3s
2025-11-14 03:51:35,163 - DCRNN-Occupancy - INFO - 혼잡도 예측 범위 (정규화): [-0.99, 2.42]
2025-11-14 03:51:35,163 - DCRNN-Occupancy - INFO - 혼잡도 예측 범위 (실제): [-0.1, 1227.2]명
2025-11-14 03:51:40,036 - DCRNN-Occupancy - INFO - Epoch 101, Batch 0/63, Loss: 0.6858, TF Ratio: 0.200
2025-11-14 03:51:49,063 - DCRNN-Occupancy - INFO - Epoch 101, Batch 50/63, Loss: 0.6692, TF Ratio: 0.200
2025-11-14 03:51:56,901 - DCRNN-Occupancy - INFO - Epoch 101: Train Loss: 0.5377, Val Loss: 0.6916, LR: 0.000003, Time: 21.7s
2025-11-14 03:51:56,901 - DCRNN-Occupancy - INFO - 혼잡도 예측 범위 (정규화): [-1.00, 2.44]
2025-11-14 03:51:56,901 - DCRNN-Occupancy - INFO - 혼잡도 예측 범위 (실제): [-0.1, 1298.6]명
2025-11-14 03:52:02,040 - DCRNN-Occupancy - INFO - Epoch 102, Batch 0/63, Loss: 0.0261, TF Ratio: 0.200
2025-11-14 03:52:13,226 - DCRNN-Occupancy - INFO - Epoch 102, Batch 50/63, Loss: 0.6050, TF Ratio: 0.200
2025-11-14 03:52:23,189 - DCRNN-Occupancy - INFO - Epoch 102: Train Loss: 0.5460, Val Loss: 0.6917, LR: 0.000005, Time: 26.3s
2025-11-14 03:52:23,189 - DCRNN-Occupancy - INFO - 혼잡도 예측 범위 (정규화): [-1.01, 2.42]
2025-11-14 03:52:23,189 - DCRNN-Occupancy - INFO - 혼잡도 예측 범위 (실제): [-0.1, 1225.8]명
2025-11-14 03:52:29,017 - DCRNN-Occupancy - INFO - Epoch 103, Batch 0/63, Loss: 0.7259, TF Ratio: 0.200
2025-11-14 03:52:40,867 - DCRNN-Occupancy - INFO - Epoch 103, Batch 50/63, Loss: 0.6473, TF Ratio: 0.200
2025-11-14 03:52:50,526 - DCRNN-Occupancy - INFO - Epoch 103: Train Loss: 0.5703, Val Loss: 0.6915, LR: 0.000009, Time: 27.3s
2025-11-14 03:52:50,527 - DCRNN-Occupancy - INFO - 혼잡도 예측 범위 (정규화): [-0.99, 2.42]
2025-11-14 03:52:50,527 - DCRNN-Occupancy - INFO - 혼잡도 예측 범위 (실제): [-0.1, 1222.8]명
2025-11-14 03:52:50,549 - DCRNN-Occupancy - INFO - Best occupancy model saved: checkpoints/occupancy_model/best_occupancy_model.pth
2025-11-14 03:52:56,218 - DCRNN-Occupancy - INFO - Epoch 104, Batch 0/63, Loss: 0.6252, TF Ratio: 0.200
2025-11-14 03:53:08,368 - DCRNN-Occupancy - INFO - Epoch 104, Batch 50/63, Loss: 0.7202, TF Ratio: 0.200
2025-11-14 03:53:17,299 - DCRNN-Occupancy - INFO - Epoch 104: Train Loss: 0.5133, Val Loss: 0.6915, LR: 0.000013, Time: 26.8s
2025-11-14 03:53:17,299 - DCRNN-Occupancy - INFO - 혼잡도 예측 범위 (정규화): [-1.00, 2.43]
2025-11-14 03:53:17,299 - DCRNN-Occupancy - INFO - 혼잡도 예측 범위 (실제): [-0.1, 1259.6]명
2025-11-14 03:53:23,053 - DCRNN-Occupancy - INFO - Epoch 105, Batch 0/63, Loss: 0.0460, TF Ratio: 0.200
2025-11-14 03:53:34,114 - DCRNN-Occupancy - INFO - Epoch 105, Batch 50/63, Loss: 0.6613, TF Ratio: 0.200
2025-11-14 03:53:43,334 - DCRNN-Occupancy - INFO - Epoch 105: Train Loss: 0.5518, Val Loss: 0.6914, LR: 0.000019, Time: 26.0s
2025-11-14 03:53:43,334 - DCRNN-Occupancy - INFO - 혼잡도 예측 범위 (정규화): [-1.02, 2.44]
2025-11-14 03:53:43,334 - DCRNN-Occupancy - INFO - 혼잡도 예측 범위 (실제): [-0.1, 1294.0]명
2025-11-14 03:53:43,355 - DCRNN-Occupancy - INFO - Best occupancy model saved: checkpoints/occupancy_model/best_occupancy_model.pth
2025-11-14 03:53:49,801 - DCRNN-Occupancy - INFO - Epoch 106, Batch 0/63, Loss: 0.8161, TF Ratio: 0.200
2025-11-14 03:54:01,477 - DCRNN-Occupancy - INFO - Epoch 106, Batch 50/63, Loss: 0.6993, TF Ratio: 0.200
2025-11-14 03:54:10,237 - DCRNN-Occupancy - INFO - Epoch 106: Train Loss: 0.5159, Val Loss: 0.6917, LR: 0.000025, Time: 26.9s
2025-11-14 03:54:10,238 - DCRNN-Occupancy - INFO - 혼잡도 예측 범위 (정규화): [-1.05, 2.46]
2025-11-14 03:54:10,238 - DCRNN-Occupancy - INFO - 혼잡도 예측 범위 (실제): [-0.2, 1330.7]명
2025-11-14 03:54:15,855 - DCRNN-Occupancy - INFO - Epoch 107, Batch 0/63, Loss: 0.6296, TF Ratio: 0.200
2025-11-14 03:54:25,729 - DCRNN-Occupancy - INFO - Epoch 107, Batch 50/63, Loss: 0.6367, TF Ratio: 0.200
2025-11-14 03:54:34,903 - DCRNN-Occupancy - INFO - Epoch 107: Train Loss: 0.5390, Val Loss: 0.6918, LR: 0.000032, Time: 24.7s
2025-11-14 03:54:34,903 - DCRNN-Occupancy - INFO - 혼잡도 예측 범위 (정규화): [-1.00, 2.44]
2025-11-14 03:54:34,903 - DCRNN-Occupancy - INFO - 혼잡도 예측 범위 (실제): [-0.1, 1291.1]명
2025-11-14 03:54:40,257 - DCRNN-Occupancy - INFO - Epoch 108, Batch 0/63, Loss: 0.6391, TF Ratio: 0.200
2025-11-14 03:54:50,127 - DCRNN-Occupancy - INFO - Epoch 108, Batch 50/63, Loss: 0.6276, TF Ratio: 0.200
2025-11-14 03:54:57,640 - DCRNN-Occupancy - INFO - Epoch 108: Train Loss: 0.5741, Val Loss: 0.6907, LR: 0.000041, Time: 22.7s
2025-11-14 03:54:57,640 - DCRNN-Occupancy - INFO - 혼잡도 예측 범위 (정규화): [-1.00, 2.40]
2025-11-14 03:54:57,640 - DCRNN-Occupancy - INFO - 혼잡도 예측 범위 (실제): [-0.1, 1178.5]명
2025-11-14 03:54:57,658 - DCRNN-Occupancy - INFO - Best occupancy model saved: checkpoints/occupancy_model/best_occupancy_model.pth
2025-11-14 03:55:02,777 - DCRNN-Occupancy - INFO - Epoch 109, Batch 0/63, Loss: 0.6938, TF Ratio: 0.200
2025-11-14 03:55:12,222 - DCRNN-Occupancy - INFO - Epoch 109, Batch 50/63, Loss: 0.7568, TF Ratio: 0.200
2025-11-14 03:55:20,540 - DCRNN-Occupancy - INFO - Epoch 109: Train Loss: 0.5144, Val Loss: 0.6908, LR: 0.000050, Time: 22.9s
2025-11-14 03:55:20,540 - DCRNN-Occupancy - INFO - 혼잡도 예측 범위 (정규화): [-1.01, 2.50]
2025-11-14 03:55:20,540 - DCRNN-Occupancy - INFO - 혼잡도 예측 범위 (실제): [-0.1, 1474.0]명
2025-11-14 03:55:25,772 - DCRNN-Occupancy - INFO - Epoch 110, Batch 0/63, Loss: 0.6565, TF Ratio: 0.200
2025-11-14 03:55:35,208 - DCRNN-Occupancy - INFO - Epoch 110, Batch 50/63, Loss: 0.6639, TF Ratio: 0.200
2025-11-14 03:55:42,825 - DCRNN-Occupancy - INFO - Epoch 110: Train Loss: 0.5540, Val Loss: 0.6902, LR: 0.000060, Time: 22.3s
2025-11-14 03:55:42,825 - DCRNN-Occupancy - INFO - 혼잡도 예측 범위 (정규화): [-0.99, 2.49]
2025-11-14 03:55:42,825 - DCRNN-Occupancy - INFO - 혼잡도 예측 범위 (실제): [-0.1, 1423.6]명
2025-11-14 03:55:42,842 - DCRNN-Occupancy - INFO - Best occupancy model saved: checkpoints/occupancy_model/best_occupancy_model.pth
2025-11-14 03:55:42,860 - DCRNN-Occupancy - INFO - Best occupancy model saved: checkpoints/occupancy_model/best_occupancy_model.pth
2025-11-14 03:55:47,666 - DCRNN-Occupancy - INFO - Epoch 111, Batch 0/63, Loss: 0.6841, TF Ratio: 0.200
2025-11-14 03:55:57,387 - DCRNN-Occupancy - INFO - Epoch 111, Batch 50/63, Loss: 0.6836, TF Ratio: 0.200
2025-11-14 03:56:05,357 - DCRNN-Occupancy - INFO - Epoch 111: Train Loss: 0.5735, Val Loss: 0.6894, LR: 0.000071, Time: 22.5s
2025-11-14 03:56:05,358 - DCRNN-Occupancy - INFO - 혼잡도 예측 범위 (정규화): [-1.00, 2.42]
2025-11-14 03:56:05,358 - DCRNN-Occupancy - INFO - 혼잡도 예측 범위 (실제): [-0.1, 1242.5]명
2025-11-14 03:56:05,375 - DCRNN-Occupancy - INFO - Best occupancy model saved: checkpoints/occupancy_model/best_occupancy_model.pth
2025-11-14 03:56:10,082 - DCRNN-Occupancy - INFO - Epoch 112, Batch 0/63, Loss: 0.0416, TF Ratio: 0.200
2025-11-14 03:56:19,077 - DCRNN-Occupancy - INFO - Epoch 112, Batch 50/63, Loss: 0.6529, TF Ratio: 0.200
2025-11-14 03:56:27,014 - DCRNN-Occupancy - INFO - Epoch 112: Train Loss: 0.5828, Val Loss: 0.6879, LR: 0.000083, Time: 21.6s
2025-11-14 03:56:27,014 - DCRNN-Occupancy - INFO - 혼잡도 예측 범위 (정규화): [-1.02, 2.42]
2025-11-14 03:56:27,014 - DCRNN-Occupancy - INFO - 혼잡도 예측 범위 (실제): [-0.1, 1227.1]명
2025-11-14 03:56:27,032 - DCRNN-Occupancy - INFO - Best occupancy model saved: checkpoints/occupancy_model/best_occupancy_model.pth
2025-11-14 03:56:31,988 - DCRNN-Occupancy - INFO - Epoch 113, Batch 0/63, Loss: 0.8283, TF Ratio: 0.200
2025-11-14 03:56:41,481 - DCRNN-Occupancy - INFO - Epoch 113, Batch 50/63, Loss: 0.8271, TF Ratio: 0.200
2025-11-14 03:56:49,505 - DCRNN-Occupancy - INFO - Epoch 113: Train Loss: 0.5899, Val Loss: 0.6869, LR: 0.000096, Time: 22.5s
2025-11-14 03:56:49,505 - DCRNN-Occupancy - INFO - 혼잡도 예측 범위 (정규화): [-1.03, 2.42]
2025-11-14 03:56:49,505 - DCRNN-Occupancy - INFO - 혼잡도 예측 범위 (실제): [-0.1, 1235.8]명
2025-11-14 03:56:49,524 - DCRNN-Occupancy - INFO - Best occupancy model saved: checkpoints/occupancy_model/best_occupancy_model.pth
2025-11-14 03:56:54,362 - DCRNN-Occupancy - INFO - Epoch 114, Batch 0/63, Loss: 0.0451, TF Ratio: 0.200
2025-11-14 03:57:03,464 - DCRNN-Occupancy - INFO - Epoch 114, Batch 50/63, Loss: 0.7262, TF Ratio: 0.200
2025-11-14 03:57:11,487 - DCRNN-Occupancy - INFO - Epoch 114: Train Loss: 0.4935, Val Loss: 0.6866, LR: 0.000110, Time: 22.0s
2025-11-14 03:57:11,487 - DCRNN-Occupancy - INFO - 혼잡도 예측 범위 (정규화): [-1.05, 2.48]
2025-11-14 03:57:11,487 - DCRNN-Occupancy - INFO - 혼잡도 예측 범위 (실제): [-0.2, 1400.3]명
2025-11-14 03:57:11,506 - DCRNN-Occupancy - INFO - Best occupancy model saved: checkpoints/occupancy_model/best_occupancy_model.pth
2025-11-14 03:57:16,466 - DCRNN-Occupancy - INFO - Epoch 115, Batch 0/63, Loss: 0.6158, TF Ratio: 0.200
2025-11-14 03:57:25,773 - DCRNN-Occupancy - INFO - Epoch 115, Batch 50/63, Loss: 0.0298, TF Ratio: 0.200
2025-11-14 03:57:33,760 - DCRNN-Occupancy - INFO - Epoch 115: Train Loss: 0.5323, Val Loss: 0.6878, LR: 0.000125, Time: 22.3s
2025-11-14 03:57:33,760 - DCRNN-Occupancy - INFO - 혼잡도 예측 범위 (정규화): [-1.09, 2.45]
2025-11-14 03:57:33,760 - DCRNN-Occupancy - INFO - 혼잡도 예측 범위 (실제): [-0.2, 1309.4]명
2025-11-14 03:57:38,629 - DCRNN-Occupancy - INFO - Epoch 116, Batch 0/63, Loss: 0.5938, TF Ratio: 0.200
2025-11-14 03:57:48,118 - DCRNN-Occupancy - INFO - Epoch 116, Batch 50/63, Loss: 0.7420, TF Ratio: 0.200
2025-11-14 03:57:56,447 - DCRNN-Occupancy - INFO - Epoch 116: Train Loss: 0.5227, Val Loss: 0.6866, LR: 0.000140, Time: 22.7s
2025-11-14 03:57:56,447 - DCRNN-Occupancy - INFO - 혼잡도 예측 범위 (정규화): [-1.05, 2.49]
2025-11-14 03:57:56,447 - DCRNN-Occupancy - INFO - 혼잡도 예측 범위 (실제): [-0.2, 1432.8]명
2025-11-14 03:58:01,402 - DCRNN-Occupancy - INFO - Epoch 117, Batch 0/63, Loss: 0.6349, TF Ratio: 0.200
2025-11-14 03:58:11,152 - DCRNN-Occupancy - INFO - Epoch 117, Batch 50/63, Loss: 0.5490, TF Ratio: 0.200
2025-11-14 03:58:18,743 - DCRNN-Occupancy - INFO - Epoch 117: Train Loss: 0.5610, Val Loss: 0.6854, LR: 0.000157, Time: 22.3s
2025-11-14 03:58:18,744 - DCRNN-Occupancy - INFO - 혼잡도 예측 범위 (정규화): [-1.12, 2.43]
2025-11-14 03:58:18,744 - DCRNN-Occupancy - INFO - 혼잡도 예측 범위 (실제): [-0.3, 1246.8]명
2025-11-14 03:58:18,763 - DCRNN-Occupancy - INFO - Best occupancy model saved: checkpoints/occupancy_model/best_occupancy_model.pth
2025-11-14 03:58:23,458 - DCRNN-Occupancy - INFO - Epoch 118, Batch 0/63, Loss: 0.0416, TF Ratio: 0.200
2025-11-14 03:58:32,459 - DCRNN-Occupancy - INFO - Epoch 118, Batch 50/63, Loss: 0.6566, TF Ratio: 0.200
2025-11-14 03:58:40,500 - DCRNN-Occupancy - INFO - Epoch 118: Train Loss: 0.5942, Val Loss: 0.6892, LR: 0.000174, Time: 21.7s
2025-11-14 03:58:40,500 - DCRNN-Occupancy - INFO - 혼잡도 예측 범위 (정규화): [-1.17, 2.47]
2025-11-14 03:58:40,500 - DCRNN-Occupancy - INFO - 혼잡도 예측 범위 (실제): [-0.3, 1381.0]명
2025-11-14 03:58:45,269 - DCRNN-Occupancy - INFO - Epoch 119, Batch 0/63, Loss: 0.6310, TF Ratio: 0.200
2025-11-14 03:58:54,728 - DCRNN-Occupancy - INFO - Epoch 119, Batch 50/63, Loss: 0.0550, TF Ratio: 0.200
2025-11-14 03:59:03,111 - DCRNN-Occupancy - INFO - Epoch 119: Train Loss: 0.5161, Val Loss: 0.6817, LR: 0.000192, Time: 22.6s
2025-11-14 03:59:03,111 - DCRNN-Occupancy - INFO - 혼잡도 예측 범위 (정규화): [-1.24, 2.54]
2025-11-14 03:59:03,111 - DCRNN-Occupancy - INFO - 혼잡도 예측 범위 (실제): [-0.4, 1575.0]명
2025-11-14 03:59:03,129 - DCRNN-Occupancy - INFO - Best occupancy model saved: checkpoints/occupancy_model/best_occupancy_model.pth
2025-11-14 03:59:07,961 - DCRNN-Occupancy - INFO - Epoch 120, Batch 0/63, Loss: 0.0375, TF Ratio: 0.200
2025-11-14 03:59:18,675 - DCRNN-Occupancy - INFO - Epoch 120, Batch 50/63, Loss: 0.8363, TF Ratio: 0.200
2025-11-14 03:59:26,951 - DCRNN-Occupancy - INFO - Epoch 120: Train Loss: 0.5460, Val Loss: 0.6830, LR: 0.000211, Time: 23.8s
2025-11-14 03:59:26,951 - DCRNN-Occupancy - INFO - 혼잡도 예측 범위 (정규화): [-1.24, 2.47]
2025-11-14 03:59:26,951 - DCRNN-Occupancy - INFO - 혼잡도 예측 범위 (실제): [-0.4, 1376.9]명
2025-11-14 03:59:31,844 - DCRNN-Occupancy - INFO - Epoch 121, Batch 0/63, Loss: 0.5458, TF Ratio: 0.200
2025-11-14 03:59:41,226 - DCRNN-Occupancy - INFO - Epoch 121, Batch 50/63, Loss: 0.6875, TF Ratio: 0.200
2025-11-14 03:59:48,954 - DCRNN-Occupancy - INFO - Epoch 121: Train Loss: 0.5643, Val Loss: 0.6907, LR: 0.000230, Time: 22.0s
2025-11-14 03:59:48,955 - DCRNN-Occupancy - INFO - 혼잡도 예측 범위 (정규화): [-1.14, 2.49]
2025-11-14 03:59:48,955 - DCRNN-Occupancy - INFO - 혼잡도 예측 범위 (실제): [-0.3, 1419.0]명
2025-11-14 03:59:53,863 - DCRNN-Occupancy - INFO - Epoch 122, Batch 0/63, Loss: 0.7081, TF Ratio: 0.200
2025-11-14 04:00:02,866 - DCRNN-Occupancy - INFO - Epoch 122, Batch 50/63, Loss: 0.0403, TF Ratio: 0.200
2025-11-14 04:00:11,073 - DCRNN-Occupancy - INFO - Epoch 122: Train Loss: 0.5139, Val Loss: 0.6818, LR: 0.000251, Time: 22.1s
2025-11-14 04:00:11,073 - DCRNN-Occupancy - INFO - 혼잡도 예측 범위 (정규화): [-1.18, 2.57]
2025-11-14 04:00:11,073 - DCRNN-Occupancy - INFO - 혼잡도 예측 범위 (실제): [-0.4, 1676.1]명
2025-11-14 04:00:16,575 - DCRNN-Occupancy - INFO - Epoch 123, Batch 0/63, Loss: 0.5786, TF Ratio: 0.200
2025-11-14 04:00:27,784 - DCRNN-Occupancy - INFO - Epoch 123, Batch 50/63, Loss: 0.5654, TF Ratio: 0.200
2025-11-14 04:00:36,300 - DCRNN-Occupancy - INFO - Epoch 123: Train Loss: 0.6208, Val Loss: 0.6820, LR: 0.000272, Time: 25.2s
2025-11-14 04:00:36,301 - DCRNN-Occupancy - INFO - 혼잡도 예측 범위 (정규화): [-1.22, 2.46]
2025-11-14 04:00:36,301 - DCRNN-Occupancy - INFO - 혼잡도 예측 범위 (실제): [-0.4, 1355.0]명
2025-11-14 04:00:41,571 - DCRNN-Occupancy - INFO - Epoch 124, Batch 0/63, Loss: 0.6199, TF Ratio: 0.200
2025-11-14 04:00:51,866 - DCRNN-Occupancy - INFO - Epoch 124, Batch 50/63, Loss: 0.7563, TF Ratio: 0.200
2025-11-14 04:01:00,101 - DCRNN-Occupancy - INFO - Epoch 124: Train Loss: 0.5120, Val Loss: 0.7149, LR: 0.000294, Time: 23.8s
2025-11-14 04:01:00,101 - DCRNN-Occupancy - INFO - 혼잡도 예측 범위 (정규화): [-1.31, 2.50]
2025-11-14 04:01:00,101 - DCRNN-Occupancy - INFO - 혼잡도 예측 범위 (실제): [-0.5, 1471.4]명
2025-11-14 04:01:04,732 - DCRNN-Occupancy - INFO - Epoch 125, Batch 0/63, Loss: 0.6803, TF Ratio: 0.200
2025-11-14 04:01:13,351 - DCRNN-Occupancy - INFO - Epoch 125, Batch 50/63, Loss: 0.0434, TF Ratio: 0.200
2025-11-14 04:01:20,809 - DCRNN-Occupancy - INFO - Epoch 125: Train Loss: 0.5352, Val Loss: 0.6814, LR: 0.000316, Time: 20.7s
2025-11-14 04:01:20,809 - DCRNN-Occupancy - INFO - 혼잡도 예측 범위 (정규화): [-1.22, 2.50]
2025-11-14 04:01:20,809 - DCRNN-Occupancy - INFO - 혼잡도 예측 범위 (실제): [-0.4, 1450.3]명
2025-11-14 04:01:20,830 - DCRNN-Occupancy - INFO - Best occupancy model saved: checkpoints/occupancy_model/best_occupancy_model.pth
2025-11-14 04:01:25,750 - DCRNN-Occupancy - INFO - Epoch 126, Batch 0/63, Loss: 0.6653, TF Ratio: 0.200
2025-11-14 04:01:35,168 - DCRNN-Occupancy - INFO - Epoch 126, Batch 50/63, Loss: 0.6418, TF Ratio: 0.200
2025-11-14 04:01:43,012 - DCRNN-Occupancy - INFO - Epoch 126: Train Loss: 0.6078, Val Loss: 0.6837, LR: 0.000340, Time: 22.2s
2025-11-14 04:01:43,012 - DCRNN-Occupancy - INFO - 혼잡도 예측 범위 (정규화): [-1.30, 2.42]
2025-11-14 04:01:43,012 - DCRNN-Occupancy - INFO - 혼잡도 예측 범위 (실제): [-0.5, 1229.5]명
2025-11-14 04:01:47,652 - DCRNN-Occupancy - INFO - Epoch 127, Batch 0/63, Loss: 0.0516, TF Ratio: 0.200
2025-11-14 04:01:56,553 - DCRNN-Occupancy - INFO - Epoch 127, Batch 50/63, Loss: 0.6064, TF Ratio: 0.200
2025-11-14 04:02:04,543 - DCRNN-Occupancy - INFO - Epoch 127: Train Loss: 0.5534, Val Loss: 0.8760, LR: 0.000363, Time: 21.5s
2025-11-14 04:02:04,543 - DCRNN-Occupancy - INFO - 혼잡도 예측 범위 (정규화): [-1.40, 2.50]
2025-11-14 04:02:04,543 - DCRNN-Occupancy - INFO - 혼잡도 예측 범위 (실제): [-0.6, 1450.3]명
2025-11-14 04:02:10,146 - DCRNN-Occupancy - INFO - Epoch 128, Batch 0/63, Loss: 0.9126, TF Ratio: 0.200
2025-11-14 04:02:20,593 - DCRNN-Occupancy - INFO - Epoch 128, Batch 50/63, Loss: 0.7684, TF Ratio: 0.200
2025-11-14 04:02:29,909 - DCRNN-Occupancy - INFO - Epoch 128: Train Loss: 0.6543, Val Loss: 0.7669, LR: 0.000388, Time: 25.4s
2025-11-14 04:02:29,909 - DCRNN-Occupancy - INFO - 혼잡도 예측 범위 (정규화): [-1.24, 2.74]
2025-11-14 04:02:29,909 - DCRNN-Occupancy - INFO - 혼잡도 예측 범위 (실제): [-0.4, 2424.8]명
2025-11-14 04:02:35,503 - DCRNN-Occupancy - INFO - Epoch 129, Batch 0/63, Loss: 0.1405, TF Ratio: 0.200
2025-11-14 04:02:45,456 - DCRNN-Occupancy - INFO - Epoch 129, Batch 50/63, Loss: 0.8244, TF Ratio: 0.200
2025-11-14 04:02:55,500 - DCRNN-Occupancy - INFO - Epoch 129: Train Loss: 0.6330, Val Loss: 0.7527, LR: 0.000413, Time: 25.6s
2025-11-14 04:02:55,501 - DCRNN-Occupancy - INFO - 혼잡도 예측 범위 (정규화): [-1.15, 2.46]
2025-11-14 04:02:55,501 - DCRNN-Occupancy - INFO - 혼잡도 예측 범위 (실제): [-0.3, 1337.2]명
2025-11-14 04:03:01,784 - DCRNN-Occupancy - INFO - Epoch 130, Batch 0/63, Loss: 0.1149, TF Ratio: 0.200
2025-11-14 04:03:14,662 - DCRNN-Occupancy - INFO - Epoch 130, Batch 50/63, Loss: 0.1516, TF Ratio: 0.200
2025-11-14 04:03:24,723 - DCRNN-Occupancy - INFO - Epoch 130: Train Loss: 0.6167, Val Loss: 0.6999, LR: 0.000439, Time: 29.2s
2025-11-14 04:03:24,723 - DCRNN-Occupancy - INFO - 혼잡도 예측 범위 (정규화): [-1.21, 2.53]
2025-11-14 04:03:24,723 - DCRNN-Occupancy - INFO - 혼잡도 예측 범위 (실제): [-0.4, 1559.5]명
2025-11-14 04:03:31,022 - DCRNN-Occupancy - INFO - Epoch 131, Batch 0/63, Loss: 0.6901, TF Ratio: 0.200
2025-11-14 04:03:42,165 - DCRNN-Occupancy - INFO - Epoch 131, Batch 50/63, Loss: 0.7759, TF Ratio: 0.200
2025-11-14 04:03:50,887 - DCRNN-Occupancy - INFO - Epoch 131: Train Loss: 0.5879, Val Loss: 0.6956, LR: 0.000465, Time: 26.2s
2025-11-14 04:03:50,887 - DCRNN-Occupancy - INFO - 혼잡도 예측 범위 (정규화): [-1.15, 2.38]
2025-11-14 04:03:50,887 - DCRNN-Occupancy - INFO - 혼잡도 예측 범위 (실제): [-0.3, 1128.2]명
2025-11-14 04:03:55,911 - DCRNN-Occupancy - INFO - Epoch 132, Batch 0/63, Loss: 0.0660, TF Ratio: 0.200
2025-11-14 04:04:05,819 - DCRNN-Occupancy - INFO - Epoch 132, Batch 50/63, Loss: 0.6220, TF Ratio: 0.200
2025-11-14 04:04:13,682 - DCRNN-Occupancy - INFO - Epoch 132: Train Loss: 0.5639, Val Loss: 0.6833, LR: 0.000492, Time: 22.8s
2025-11-14 04:04:13,682 - DCRNN-Occupancy - INFO - 혼잡도 예측 범위 (정규화): [-1.20, 2.44]
2025-11-14 04:04:13,682 - DCRNN-Occupancy - INFO - 혼잡도 예측 범위 (실제): [-0.4, 1283.5]명
2025-11-14 04:04:18,408 - DCRNN-Occupancy - INFO - Epoch 133, Batch 0/63, Loss: 0.0734, TF Ratio: 0.200
2025-11-14 04:04:27,166 - DCRNN-Occupancy - INFO - Epoch 133, Batch 50/63, Loss: 0.6255, TF Ratio: 0.200
2025-11-14 04:04:35,211 - DCRNN-Occupancy - INFO - Epoch 133: Train Loss: 0.5297, Val Loss: 0.6856, LR: 0.000519, Time: 21.5s
2025-11-14 04:04:35,212 - DCRNN-Occupancy - INFO - 혼잡도 예측 범위 (정규화): [-1.28, 2.47]
2025-11-14 04:04:35,212 - DCRNN-Occupancy - INFO - 혼잡도 예측 범위 (실제): [-0.5, 1371.1]명
2025-11-14 04:04:39,779 - DCRNN-Occupancy - INFO - Epoch 134, Batch 0/63, Loss: 0.7114, TF Ratio: 0.200
2025-11-14 04:04:48,425 - DCRNN-Occupancy - INFO - Epoch 134, Batch 50/63, Loss: 0.0640, TF Ratio: 0.200
2025-11-14 04:04:56,418 - DCRNN-Occupancy - INFO - Epoch 134: Train Loss: 0.5906, Val Loss: 0.6816, LR: 0.000547, Time: 21.2s
2025-11-14 04:04:56,418 - DCRNN-Occupancy - INFO - 혼잡도 예측 범위 (정규화): [-1.25, 2.49]
2025-11-14 04:04:56,418 - DCRNN-Occupancy - INFO - 혼잡도 예측 범위 (실제): [-0.4, 1441.2]명
2025-11-14 04:05:01,019 - DCRNN-Occupancy - INFO - Epoch 135, Batch 0/63, Loss: 0.0876, TF Ratio: 0.200
2025-11-14 04:05:09,948 - DCRNN-Occupancy - INFO - Epoch 135, Batch 50/63, Loss: 0.0585, TF Ratio: 0.200
2025-11-14 04:05:18,144 - DCRNN-Occupancy - INFO - Epoch 135: Train Loss: 0.5402, Val Loss: 0.6889, LR: 0.000575, Time: 21.7s
2025-11-14 04:05:18,144 - DCRNN-Occupancy - INFO - 혼잡도 예측 범위 (정규화): [-1.23, 2.43]
2025-11-14 04:05:18,144 - DCRNN-Occupancy - INFO - 혼잡도 예측 범위 (실제): [-0.4, 1267.7]명
2025-11-14 04:05:22,857 - DCRNN-Occupancy - INFO - Epoch 136, Batch 0/63, Loss: 0.5878, TF Ratio: 0.200
2025-11-14 04:05:32,172 - DCRNN-Occupancy - INFO - Epoch 136, Batch 50/63, Loss: 0.7338, TF Ratio: 0.200
2025-11-14 04:05:39,972 - DCRNN-Occupancy - INFO - Epoch 136: Train Loss: 0.5441, Val Loss: 0.6832, LR: 0.000604, Time: 21.8s
2025-11-14 04:05:39,972 - DCRNN-Occupancy - INFO - 혼잡도 예측 범위 (정규화): [-1.57, 2.51]
2025-11-14 04:05:39,972 - DCRNN-Occupancy - INFO - 혼잡도 예측 범위 (실제): [-0.7, 1491.4]명
2025-11-14 04:05:46,170 - DCRNN-Occupancy - INFO - Epoch 137, Batch 0/63, Loss: 0.6633, TF Ratio: 0.200
2025-11-14 04:05:58,223 - DCRNN-Occupancy - INFO - Epoch 137, Batch 50/63, Loss: 0.7834, TF Ratio: 0.200
2025-11-14 04:06:08,167 - DCRNN-Occupancy - INFO - Epoch 137: Train Loss: 0.5597, Val Loss: 0.6765, LR: 0.000633, Time: 28.2s
2025-11-14 04:06:08,167 - DCRNN-Occupancy - INFO - 혼잡도 예측 범위 (정규화): [-1.27, 2.61]
2025-11-14 04:06:08,167 - DCRNN-Occupancy - INFO - 혼잡도 예측 범위 (실제): [-0.5, 1833.0]명
2025-11-14 04:06:08,187 - DCRNN-Occupancy - INFO - Best occupancy model saved: checkpoints/occupancy_model/best_occupancy_model.pth
2025-11-14 04:06:15,094 - DCRNN-Occupancy - INFO - Epoch 138, Batch 0/63, Loss: 0.8654, TF Ratio: 0.200
2025-11-14 04:06:27,961 - DCRNN-Occupancy - INFO - Epoch 138, Batch 50/63, Loss: 0.5353, TF Ratio: 0.200
2025-11-14 04:06:38,837 - DCRNN-Occupancy - INFO - Epoch 138: Train Loss: 0.5413, Val Loss: 0.6804, LR: 0.000662, Time: 30.6s
2025-11-14 04:06:38,838 - DCRNN-Occupancy - INFO - 혼잡도 예측 범위 (정규화): [-1.24, 2.49]
2025-11-14 04:06:38,838 - DCRNN-Occupancy - INFO - 혼잡도 예측 범위 (실제): [-0.4, 1429.7]명
2025-11-14 04:11:53,670 - DCRNN-Occupancy - INFO - 혼잡도 전용 데이터셋 로드 중...
2025-11-14 04:11:53,761 - DCRNN-Occupancy - INFO - 계절별 균등 분할 완료:
2025-11-14 04:11:53,761 - DCRNN-Occupancy - INFO -   Train: 166일
2025-11-14 04:11:53,761 - DCRNN-Occupancy - INFO -   Val: 37일
2025-11-14 04:11:53,761 - DCRNN-Occupancy - INFO -   Test: 40일
2025-11-14 04:11:53,761 - DCRNN-Occupancy - INFO - 분할 정보 저장: data/seasonal_split.pkl
2025-11-14 04:12:04,068 - DCRNN-Occupancy - INFO - Train batches: 63
2025-11-14 04:12:04,068 - DCRNN-Occupancy - INFO - Val batches: 14
2025-11-14 04:12:04,071 - DCRNN-Occupancy - INFO - 혼잡도 전용 DCRNN 모델 구성 중...
2025-11-14 04:12:04,081 - DCRNN-Occupancy - INFO - Total parameters: 3,095,170
2025-11-14 04:12:04,081 - DCRNN-Occupancy - INFO - Trainable parameters: 3,095,170
2025-11-14 04:12:04,563 - DCRNN-Occupancy - INFO - 혼잡도 모델 훈련 설정 완료
2025-11-14 04:12:04,563 - DCRNN-Occupancy - INFO - 혼잡도 모델 훈련 시작...
2025-11-14 04:12:04,563 - DCRNN-Occupancy - INFO - 총 300 에포크 훈련 예정
2025-11-14 04:12:04,563 - DCRNN-Occupancy - INFO - 시작 에포크: 0
2025-11-14 04:12:04,563 - DCRNN-Occupancy - INFO - 디바이스: cpu
2025-11-14 04:12:32,377 - DCRNN-Occupancy - INFO - 첫 배치 처리 시작 - X shape: torch.Size([32, 12, 22, 10]), Y shape: torch.Size([32, 22, 1])
2025-11-14 04:12:34,201 - DCRNN-Occupancy - INFO - Epoch 0, Batch 0/63, Loss: 0.8852, TF Ratio: 1.000
2025-11-14 04:14:36,379 - DCRNN-Occupancy - INFO - 혼잡도 전용 데이터셋 로드 중...
2025-11-14 04:14:36,483 - DCRNN-Occupancy - INFO - 계절별 균등 분할 완료:
2025-11-14 04:14:36,483 - DCRNN-Occupancy - INFO -   Train: 166일
2025-11-14 04:14:36,483 - DCRNN-Occupancy - INFO -   Val: 37일
2025-11-14 04:14:36,483 - DCRNN-Occupancy - INFO -   Test: 40일
2025-11-14 04:14:36,483 - DCRNN-Occupancy - INFO - 분할 정보 저장: data/seasonal_split.pkl
2025-11-14 04:14:48,176 - DCRNN-Occupancy - INFO - Train batches: 125
2025-11-14 04:14:48,176 - DCRNN-Occupancy - INFO - Val batches: 28
2025-11-14 04:14:48,180 - DCRNN-Occupancy - INFO - 혼잡도 전용 DCRNN 모델 구성 중...
2025-11-14 04:14:48,188 - DCRNN-Occupancy - INFO - Total parameters: 3,095,170
2025-11-14 04:14:48,188 - DCRNN-Occupancy - INFO - Trainable parameters: 3,095,170
2025-11-14 04:14:48,677 - DCRNN-Occupancy - INFO - 혼잡도 모델 훈련 설정 완료
2025-11-14 04:14:48,677 - DCRNN-Occupancy - INFO - 혼잡도 모델 훈련 시작...
2025-11-14 04:14:48,677 - DCRNN-Occupancy - INFO - 총 300 에포크 훈련 예정
2025-11-14 04:14:48,677 - DCRNN-Occupancy - INFO - 시작 에포크: 0
2025-11-14 04:14:48,677 - DCRNN-Occupancy - INFO - 디바이스: cpu
2025-11-14 04:14:51,905 - DCRNN-Occupancy - INFO - 첫 배치 처리 시작 - X shape: torch.Size([16, 12, 22, 10]), Y shape: torch.Size([16, 22, 1])
2025-11-14 04:14:52,278 - DCRNN-Occupancy - INFO - Epoch 0, Batch 0/125, Loss: 0.8711, TF Ratio: 1.000
2025-11-14 04:15:07,114 - DCRNN-Occupancy - INFO - Epoch 0, Batch 50/125, Loss: 0.1549, TF Ratio: 1.000
2025-11-14 04:15:20,908 - DCRNN-Occupancy - INFO - Epoch 0, Batch 100/125, Loss: 0.0912, TF Ratio: 1.000
2025-11-14 04:15:34,529 - DCRNN-Occupancy - INFO - Epoch 0: Train Loss: 0.2035, Val Loss: 1.0813, LR: 0.000500, Time: 45.9s
2025-11-14 04:15:34,531 - DCRNN-Occupancy - INFO - 혼잡도 예측 범위 (정규화): [-2.73, 2.43]
2025-11-14 04:15:34,531 - DCRNN-Occupancy - INFO - 혼잡도 예측 범위 (실제): [-1.0, 1265.4]명
2025-11-14 04:15:34,634 - DCRNN-Occupancy - INFO - Best occupancy model saved: checkpoints/occupancy_model/best_occupancy_model.pth
2025-11-14 04:15:34,731 - DCRNN-Occupancy - INFO - Best occupancy model saved: checkpoints/occupancy_model/best_occupancy_model.pth
2025-11-14 04:15:37,694 - DCRNN-Occupancy - INFO - Epoch 1, Batch 0/125, Loss: 0.0609, TF Ratio: 1.000
2025-11-14 04:15:52,741 - DCRNN-Occupancy - INFO - Epoch 1, Batch 50/125, Loss: 0.0613, TF Ratio: 1.000
2025-11-14 04:16:05,667 - DCRNN-Occupancy - INFO - Epoch 1, Batch 100/125, Loss: 0.0461, TF Ratio: 1.000
2025-11-14 04:16:16,760 - DCRNN-Occupancy - INFO - Epoch 1: Train Loss: 0.0605, Val Loss: 1.0980, LR: 0.000500, Time: 42.0s
2025-11-14 04:16:16,760 - DCRNN-Occupancy - INFO - 혼잡도 예측 범위 (정규화): [-1.11, 2.55]
2025-11-14 04:16:16,760 - DCRNN-Occupancy - INFO - 혼잡도 예측 범위 (실제): [-0.3, 1616.3]명
2025-11-14 04:16:19,555 - DCRNN-Occupancy - INFO - Epoch 2, Batch 0/125, Loss: 0.0613, TF Ratio: 1.000
2025-11-14 04:16:33,258 - DCRNN-Occupancy - INFO - Epoch 2, Batch 50/125, Loss: 0.0408, TF Ratio: 1.000
2025-11-14 04:16:47,621 - DCRNN-Occupancy - INFO - Epoch 2, Batch 100/125, Loss: 0.0430, TF Ratio: 1.000
2025-11-14 04:17:00,901 - DCRNN-Occupancy - INFO - Epoch 2: Train Loss: 0.0467, Val Loss: 1.0672, LR: 0.000499, Time: 44.1s
2025-11-14 04:17:00,901 - DCRNN-Occupancy - INFO - 혼잡도 예측 범위 (정규화): [-1.05, 2.77]
2025-11-14 04:17:00,901 - DCRNN-Occupancy - INFO - 혼잡도 예측 범위 (실제): [-0.2, 2566.2]명
2025-11-14 04:17:00,979 - DCRNN-Occupancy - INFO - Best occupancy model saved: checkpoints/occupancy_model/best_occupancy_model.pth
2025-11-14 04:17:03,896 - DCRNN-Occupancy - INFO - Epoch 3, Batch 0/125, Loss: 0.0538, TF Ratio: 0.999
2025-11-14 04:17:18,719 - DCRNN-Occupancy - INFO - Epoch 3, Batch 50/125, Loss: 0.0260, TF Ratio: 0.999
2025-11-14 04:17:33,434 - DCRNN-Occupancy - INFO - Epoch 3, Batch 100/125, Loss: 0.0359, TF Ratio: 0.999
2025-11-14 04:17:47,111 - DCRNN-Occupancy - INFO - Epoch 3: Train Loss: 0.0433, Val Loss: 1.0652, LR: 0.000498, Time: 46.1s
2025-11-14 04:17:47,111 - DCRNN-Occupancy - INFO - 혼잡도 예측 범위 (정규화): [-1.01, 2.67]
2025-11-14 04:17:47,111 - DCRNN-Occupancy - INFO - 혼잡도 예측 범위 (실제): [-0.1, 2068.2]명
2025-11-14 04:17:47,191 - DCRNN-Occupancy - INFO - Best occupancy model saved: checkpoints/occupancy_model/best_occupancy_model.pth
2025-11-14 04:17:50,321 - DCRNN-Occupancy - INFO - Epoch 4, Batch 0/125, Loss: 0.0351, TF Ratio: 0.998
2025-11-14 04:18:04,742 - DCRNN-Occupancy - INFO - Epoch 4, Batch 50/125, Loss: 0.0374, TF Ratio: 0.998
2025-11-14 04:18:18,377 - DCRNN-Occupancy - INFO - Epoch 4, Batch 100/125, Loss: 0.0328, TF Ratio: 0.998
2025-11-14 04:18:32,756 - DCRNN-Occupancy - INFO - Epoch 4: Train Loss: 0.0354, Val Loss: 1.0713, LR: 0.000497, Time: 45.6s
2025-11-14 04:18:32,756 - DCRNN-Occupancy - INFO - 혼잡도 예측 범위 (정규화): [-1.00, 2.59]
2025-11-14 04:18:32,756 - DCRNN-Occupancy - INFO - 혼잡도 예측 범위 (실제): [-0.1, 1745.5]명
2025-11-14 04:18:36,188 - DCRNN-Occupancy - INFO - Epoch 5, Batch 0/125, Loss: 0.0283, TF Ratio: 0.997
2025-11-14 04:18:52,976 - DCRNN-Occupancy - INFO - Epoch 5, Batch 50/125, Loss: 0.0311, TF Ratio: 0.997
2025-11-14 04:19:10,111 - DCRNN-Occupancy - INFO - Epoch 5, Batch 100/125, Loss: 0.0394, TF Ratio: 0.997
2025-11-14 04:19:24,944 - DCRNN-Occupancy - INFO - Epoch 5: Train Loss: 0.0470, Val Loss: 1.0517, LR: 0.000496, Time: 52.2s
2025-11-14 04:19:24,944 - DCRNN-Occupancy - INFO - 혼잡도 예측 범위 (정규화): [-0.99, 2.61]
2025-11-14 04:19:24,944 - DCRNN-Occupancy - INFO - 혼잡도 예측 범위 (실제): [-0.0, 1839.1]명
2025-11-14 04:19:25,020 - DCRNN-Occupancy - INFO - Best occupancy model saved: checkpoints/occupancy_model/best_occupancy_model.pth
2025-11-14 04:19:28,184 - DCRNN-Occupancy - INFO - Epoch 6, Batch 0/125, Loss: 0.0263, TF Ratio: 0.996
2025-11-14 04:19:42,914 - DCRNN-Occupancy - INFO - Epoch 6, Batch 50/125, Loss: 0.0343, TF Ratio: 0.996
2025-11-14 04:19:57,447 - DCRNN-Occupancy - INFO - Epoch 6, Batch 100/125, Loss: 0.0260, TF Ratio: 0.996
2025-11-14 04:20:09,714 - DCRNN-Occupancy - INFO - Epoch 6: Train Loss: 0.0329, Val Loss: 1.0576, LR: 0.000494, Time: 44.7s
2025-11-14 04:20:09,714 - DCRNN-Occupancy - INFO - 혼잡도 예측 범위 (정규화): [-0.99, 2.62]
2025-11-14 04:20:09,714 - DCRNN-Occupancy - INFO - 혼잡도 예측 범위 (실제): [-0.0, 1884.2]명
2025-11-14 04:20:12,696 - DCRNN-Occupancy - INFO - Epoch 7, Batch 0/125, Loss: 0.0283, TF Ratio: 0.995
2025-11-14 04:20:27,167 - DCRNN-Occupancy - INFO - Epoch 7, Batch 50/125, Loss: 0.0271, TF Ratio: 0.995
2025-11-14 04:20:41,854 - DCRNN-Occupancy - INFO - Epoch 7, Batch 100/125, Loss: 0.0350, TF Ratio: 0.995
2025-11-14 04:20:54,407 - DCRNN-Occupancy - INFO - Epoch 7: Train Loss: 0.0317, Val Loss: 1.0739, LR: 0.000492, Time: 44.7s
2025-11-14 04:20:54,407 - DCRNN-Occupancy - INFO - 혼잡도 예측 범위 (정규화): [-0.99, 2.58]
2025-11-14 04:20:54,407 - DCRNN-Occupancy - INFO - 혼잡도 예측 범위 (실제): [-0.0, 1719.5]명
2025-11-14 04:20:57,193 - DCRNN-Occupancy - INFO - Epoch 8, Batch 0/125, Loss: 0.0312, TF Ratio: 0.993
2025-11-14 04:21:11,691 - DCRNN-Occupancy - INFO - Epoch 8, Batch 50/125, Loss: 0.0298, TF Ratio: 0.993
2025-11-14 04:21:25,382 - DCRNN-Occupancy - INFO - Epoch 8, Batch 100/125, Loss: 0.0258, TF Ratio: 0.993
2025-11-14 04:21:37,544 - DCRNN-Occupancy - INFO - Epoch 8: Train Loss: 0.0311, Val Loss: 1.0666, LR: 0.000490, Time: 43.1s
2025-11-14 04:21:37,544 - DCRNN-Occupancy - INFO - 혼잡도 예측 범위 (정규화): [-1.00, 2.66]
2025-11-14 04:21:37,544 - DCRNN-Occupancy - INFO - 혼잡도 예측 범위 (실제): [-0.1, 2031.8]명
2025-11-14 04:21:40,709 - DCRNN-Occupancy - INFO - Epoch 9, Batch 0/125, Loss: 0.0205, TF Ratio: 0.991
2025-11-14 04:21:55,127 - DCRNN-Occupancy - INFO - Epoch 9, Batch 50/125, Loss: 0.0340, TF Ratio: 0.991
2025-11-14 04:22:09,981 - DCRNN-Occupancy - INFO - Epoch 9, Batch 100/125, Loss: 0.0259, TF Ratio: 0.991
2025-11-14 04:22:22,254 - DCRNN-Occupancy - INFO - Epoch 9: Train Loss: 0.0350, Val Loss: 1.0714, LR: 0.000488, Time: 44.7s
2025-11-14 04:22:22,254 - DCRNN-Occupancy - INFO - 혼잡도 예측 범위 (정규화): [-0.99, 2.58]
2025-11-14 04:22:22,254 - DCRNN-Occupancy - INFO - 혼잡도 예측 범위 (실제): [-0.0, 1725.3]명
2025-11-14 04:22:25,090 - DCRNN-Occupancy - INFO - Epoch 10, Batch 0/125, Loss: 0.0401, TF Ratio: 0.989
2025-11-14 04:22:40,875 - DCRNN-Occupancy - INFO - Epoch 10, Batch 50/125, Loss: 0.0507, TF Ratio: 0.989
2025-11-14 04:22:54,470 - DCRNN-Occupancy - INFO - Epoch 10, Batch 100/125, Loss: 0.0463, TF Ratio: 0.989
2025-11-14 04:23:06,449 - DCRNN-Occupancy - INFO - Epoch 10: Train Loss: 0.0474, Val Loss: 1.0349, LR: 0.000485, Time: 44.2s
2025-11-14 04:23:06,449 - DCRNN-Occupancy - INFO - 혼잡도 예측 범위 (정규화): [-0.99, 2.59]
2025-11-14 04:23:06,450 - DCRNN-Occupancy - INFO - 혼잡도 예측 범위 (실제): [-0.0, 1774.9]명
2025-11-14 04:23:06,623 - DCRNN-Occupancy - INFO - Best occupancy model saved: checkpoints/occupancy_model/best_occupancy_model.pth
2025-11-14 04:23:06,693 - DCRNN-Occupancy - INFO - Best occupancy model saved: checkpoints/occupancy_model/best_occupancy_model.pth
2025-11-14 04:23:09,486 - DCRNN-Occupancy - INFO - Epoch 11, Batch 0/125, Loss: 0.0246, TF Ratio: 0.987
2025-11-14 04:23:23,669 - DCRNN-Occupancy - INFO - Epoch 11, Batch 50/125, Loss: 0.0295, TF Ratio: 0.987
2025-11-14 04:23:38,404 - DCRNN-Occupancy - INFO - Epoch 11, Batch 100/125, Loss: 0.0244, TF Ratio: 0.987
2025-11-14 04:23:51,696 - DCRNN-Occupancy - INFO - Epoch 11: Train Loss: 0.0486, Val Loss: 1.0433, LR: 0.000482, Time: 45.0s
2025-11-14 04:23:51,697 - DCRNN-Occupancy - INFO - 혼잡도 예측 범위 (정규화): [-0.98, 2.63]
2025-11-14 04:23:51,697 - DCRNN-Occupancy - INFO - 혼잡도 예측 범위 (실제): [-0.0, 1933.7]명
2025-11-14 04:23:55,332 - DCRNN-Occupancy - INFO - Epoch 12, Batch 0/125, Loss: 0.0295, TF Ratio: 0.984
2025-11-14 04:24:12,511 - DCRNN-Occupancy - INFO - Epoch 12, Batch 50/125, Loss: 0.0212, TF Ratio: 0.984
2025-11-14 04:24:28,647 - DCRNN-Occupancy - INFO - Epoch 12, Batch 100/125, Loss: 0.0343, TF Ratio: 0.984
2025-11-14 04:24:41,405 - DCRNN-Occupancy - INFO - Epoch 12: Train Loss: 0.0304, Val Loss: 1.0464, LR: 0.000479, Time: 49.7s
2025-11-14 04:24:41,405 - DCRNN-Occupancy - INFO - 혼잡도 예측 범위 (정규화): [-0.98, 2.60]
2025-11-14 04:24:41,405 - DCRNN-Occupancy - INFO - 혼잡도 예측 범위 (실제): [-0.0, 1810.8]명
2025-11-14 04:24:44,416 - DCRNN-Occupancy - INFO - Epoch 13, Batch 0/125, Loss: 0.0281, TF Ratio: 0.982
2025-11-14 04:24:58,661 - DCRNN-Occupancy - INFO - Epoch 13, Batch 50/125, Loss: 0.0278, TF Ratio: 0.982
2025-11-14 04:25:12,132 - DCRNN-Occupancy - INFO - Epoch 13, Batch 100/125, Loss: 0.0228, TF Ratio: 0.982
2025-11-14 04:25:23,603 - DCRNN-Occupancy - INFO - Epoch 13: Train Loss: 0.0272, Val Loss: 1.0612, LR: 0.000476, Time: 42.2s
2025-11-14 04:25:23,603 - DCRNN-Occupancy - INFO - 혼잡도 예측 범위 (정규화): [-0.99, 2.55]
2025-11-14 04:25:23,603 - DCRNN-Occupancy - INFO - 혼잡도 예측 범위 (실제): [-0.0, 1634.6]명
2025-11-14 04:25:26,136 - DCRNN-Occupancy - INFO - Epoch 14, Batch 0/125, Loss: 0.0244, TF Ratio: 0.979
2025-11-14 04:25:40,421 - DCRNN-Occupancy - INFO - Epoch 14, Batch 50/125, Loss: 0.0255, TF Ratio: 0.979
2025-11-14 04:25:55,276 - DCRNN-Occupancy - INFO - Epoch 14, Batch 100/125, Loss: 0.0596, TF Ratio: 0.979
2025-11-14 04:26:07,896 - DCRNN-Occupancy - INFO - Epoch 14: Train Loss: 0.0726, Val Loss: 1.0260, LR: 0.000473, Time: 44.3s
2025-11-14 04:26:07,896 - DCRNN-Occupancy - INFO - 혼잡도 예측 범위 (정규화): [-0.99, 2.54]
2025-11-14 04:26:07,896 - DCRNN-Occupancy - INFO - 혼잡도 예측 범위 (실제): [-0.1, 1578.6]명
2025-11-14 04:26:07,974 - DCRNN-Occupancy - INFO - Best occupancy model saved: checkpoints/occupancy_model/best_occupancy_model.pth
2025-11-14 04:26:10,887 - DCRNN-Occupancy - INFO - Epoch 15, Batch 0/125, Loss: 0.0345, TF Ratio: 0.976
2025-11-14 04:26:24,564 - DCRNN-Occupancy - INFO - Epoch 15, Batch 50/125, Loss: 1.0084, TF Ratio: 0.976
2025-11-14 04:26:40,022 - DCRNN-Occupancy - INFO - Epoch 15, Batch 100/125, Loss: 0.0394, TF Ratio: 0.976
2025-11-14 04:26:52,573 - DCRNN-Occupancy - INFO - Epoch 15: Train Loss: 0.0900, Val Loss: 0.9569, LR: 0.000469, Time: 44.6s
2025-11-14 04:26:52,574 - DCRNN-Occupancy - INFO - 혼잡도 예측 범위 (정규화): [-1.01, 2.60]
2025-11-14 04:26:52,574 - DCRNN-Occupancy - INFO - 혼잡도 예측 범위 (실제): [-0.1, 1809.6]명
2025-11-14 04:26:52,657 - DCRNN-Occupancy - INFO - Best occupancy model saved: checkpoints/occupancy_model/best_occupancy_model.pth
2025-11-14 04:26:55,876 - DCRNN-Occupancy - INFO - Epoch 16, Batch 0/125, Loss: 0.0310, TF Ratio: 0.972
2025-11-14 04:27:10,271 - DCRNN-Occupancy - INFO - Epoch 16, Batch 50/125, Loss: 0.0733, TF Ratio: 0.972
2025-11-14 04:27:25,941 - DCRNN-Occupancy - INFO - Epoch 16, Batch 100/125, Loss: 0.0548, TF Ratio: 0.972
2025-11-14 04:27:39,163 - DCRNN-Occupancy - INFO - Epoch 16: Train Loss: 0.0905, Val Loss: 0.9906, LR: 0.000465, Time: 46.5s
2025-11-14 04:27:39,163 - DCRNN-Occupancy - INFO - 혼잡도 예측 범위 (정규화): [-1.00, 2.61]
2025-11-14 04:27:39,163 - DCRNN-Occupancy - INFO - 혼잡도 예측 범위 (실제): [-0.1, 1836.8]명
2025-11-14 04:27:41,705 - DCRNN-Occupancy - INFO - Epoch 17, Batch 0/125, Loss: 0.0254, TF Ratio: 0.969
2025-11-14 04:27:56,410 - DCRNN-Occupancy - INFO - Epoch 17, Batch 50/125, Loss: 1.0950, TF Ratio: 0.969
2025-11-14 04:28:11,447 - DCRNN-Occupancy - INFO - Epoch 17, Batch 100/125, Loss: 0.0248, TF Ratio: 0.969
2025-11-14 04:28:23,409 - DCRNN-Occupancy - INFO - Epoch 17: Train Loss: 0.0469, Val Loss: 0.9965, LR: 0.000461, Time: 44.2s
2025-11-14 04:28:23,409 - DCRNN-Occupancy - INFO - 혼잡도 예측 범위 (정규화): [-0.99, 2.54]
2025-11-14 04:28:23,409 - DCRNN-Occupancy - INFO - 혼잡도 예측 범위 (실제): [-0.0, 1571.0]명
2025-11-14 04:28:25,958 - DCRNN-Occupancy - INFO - Epoch 18, Batch 0/125, Loss: 0.0357, TF Ratio: 0.965
2025-11-14 04:28:39,032 - DCRNN-Occupancy - INFO - Epoch 18, Batch 50/125, Loss: 0.0391, TF Ratio: 0.965
2025-11-14 04:28:53,031 - DCRNN-Occupancy - INFO - Epoch 18, Batch 100/125, Loss: 0.0322, TF Ratio: 0.965
2025-11-14 04:29:05,569 - DCRNN-Occupancy - INFO - Epoch 18: Train Loss: 0.0638, Val Loss: 0.9448, LR: 0.000457, Time: 42.2s
2025-11-14 04:29:05,569 - DCRNN-Occupancy - INFO - 혼잡도 예측 범위 (정규화): [-1.00, 2.56]
2025-11-14 04:29:05,569 - DCRNN-Occupancy - INFO - 혼잡도 예측 범위 (실제): [-0.1, 1646.5]명
2025-11-14 04:29:05,647 - DCRNN-Occupancy - INFO - Best occupancy model saved: checkpoints/occupancy_model/best_occupancy_model.pth
2025-11-14 04:29:08,497 - DCRNN-Occupancy - INFO - Epoch 19, Batch 0/125, Loss: 0.0319, TF Ratio: 0.961
2025-11-14 04:29:22,428 - DCRNN-Occupancy - INFO - Epoch 19, Batch 50/125, Loss: 0.0227, TF Ratio: 0.961
2025-11-14 04:29:37,047 - DCRNN-Occupancy - INFO - Epoch 19, Batch 100/125, Loss: 0.0279, TF Ratio: 0.961
2025-11-14 04:29:49,029 - DCRNN-Occupancy - INFO - Epoch 19: Train Loss: 0.0534, Val Loss: 0.9444, LR: 0.000452, Time: 43.4s
2025-11-14 04:29:49,029 - DCRNN-Occupancy - INFO - 혼잡도 예측 범위 (정규화): [-1.00, 2.56]
2025-11-14 04:29:49,029 - DCRNN-Occupancy - INFO - 혼잡도 예측 범위 (실제): [-0.1, 1670.0]명
2025-11-14 04:29:49,105 - DCRNN-Occupancy - INFO - Best occupancy model saved: checkpoints/occupancy_model/best_occupancy_model.pth
2025-11-14 04:29:52,022 - DCRNN-Occupancy - INFO - Epoch 20, Batch 0/125, Loss: 0.0318, TF Ratio: 0.957
2025-11-14 04:30:06,864 - DCRNN-Occupancy - INFO - Epoch 20, Batch 50/125, Loss: 0.0204, TF Ratio: 0.957
2025-11-14 04:30:20,311 - DCRNN-Occupancy - INFO - Epoch 20, Batch 100/125, Loss: 0.0434, TF Ratio: 0.957
2025-11-14 04:30:31,436 - DCRNN-Occupancy - INFO - Epoch 20: Train Loss: 0.0946, Val Loss: 0.8633, LR: 0.000448, Time: 42.3s
2025-11-14 04:30:31,436 - DCRNN-Occupancy - INFO - 혼잡도 예측 범위 (정규화): [-1.04, 2.57]
2025-11-14 04:30:31,436 - DCRNN-Occupancy - INFO - 혼잡도 예측 범위 (실제): [-0.1, 1677.7]명
2025-11-14 04:30:31,506 - DCRNN-Occupancy - INFO - Best occupancy model saved: checkpoints/occupancy_model/best_occupancy_model.pth
2025-11-14 04:30:31,575 - DCRNN-Occupancy - INFO - Best occupancy model saved: checkpoints/occupancy_model/best_occupancy_model.pth
2025-11-14 04:30:34,396 - DCRNN-Occupancy - INFO - Epoch 21, Batch 0/125, Loss: 0.0295, TF Ratio: 0.952
2025-11-14 04:30:47,499 - DCRNN-Occupancy - INFO - Epoch 21, Batch 50/125, Loss: 0.0385, TF Ratio: 0.952
2025-11-14 04:31:01,918 - DCRNN-Occupancy - INFO - Epoch 21, Batch 100/125, Loss: 0.0272, TF Ratio: 0.952
2025-11-14 04:31:15,363 - DCRNN-Occupancy - INFO - Epoch 21: Train Loss: 0.0875, Val Loss: 0.8617, LR: 0.000443, Time: 43.8s
2025-11-14 04:31:15,364 - DCRNN-Occupancy - INFO - 혼잡도 예측 범위 (정규화): [-1.00, 2.55]
2025-11-14 04:31:15,364 - DCRNN-Occupancy - INFO - 혼잡도 예측 범위 (실제): [-0.1, 1627.3]명
2025-11-14 04:31:15,522 - DCRNN-Occupancy - INFO - Best occupancy model saved: checkpoints/occupancy_model/best_occupancy_model.pth
2025-11-14 04:31:18,454 - DCRNN-Occupancy - INFO - Epoch 22, Batch 0/125, Loss: 0.0513, TF Ratio: 0.948
2025-11-14 04:31:33,483 - DCRNN-Occupancy - INFO - Epoch 22, Batch 50/125, Loss: 0.0357, TF Ratio: 0.948
2025-11-14 04:31:47,613 - DCRNN-Occupancy - INFO - Epoch 22, Batch 100/125, Loss: 0.0362, TF Ratio: 0.948
2025-11-14 04:32:01,167 - DCRNN-Occupancy - INFO - Epoch 22: Train Loss: 0.0755, Val Loss: 0.8431, LR: 0.000438, Time: 45.6s
2025-11-14 04:32:01,167 - DCRNN-Occupancy - INFO - 혼잡도 예측 범위 (정규화): [-0.99, 2.54]
2025-11-14 04:32:01,167 - DCRNN-Occupancy - INFO - 혼잡도 예측 범위 (실제): [-0.0, 1587.0]명
2025-11-14 04:32:01,242 - DCRNN-Occupancy - INFO - Best occupancy model saved: checkpoints/occupancy_model/best_occupancy_model.pth
2025-11-14 04:32:04,188 - DCRNN-Occupancy - INFO - Epoch 23, Batch 0/125, Loss: 0.0473, TF Ratio: 0.943
2025-11-14 04:32:19,637 - DCRNN-Occupancy - INFO - Epoch 23, Batch 50/125, Loss: 0.0249, TF Ratio: 0.943
2025-11-14 04:32:34,105 - DCRNN-Occupancy - INFO - Epoch 23, Batch 100/125, Loss: 0.0825, TF Ratio: 0.943
2025-11-14 04:32:49,253 - DCRNN-Occupancy - INFO - Epoch 23: Train Loss: 0.0923, Val Loss: 0.8548, LR: 0.000432, Time: 48.0s
2025-11-14 04:32:49,253 - DCRNN-Occupancy - INFO - 혼잡도 예측 범위 (정규화): [-1.11, 2.56]
2025-11-14 04:32:49,253 - DCRNN-Occupancy - INFO - 혼잡도 예측 범위 (실제): [-0.3, 1646.8]명
2025-11-14 04:32:52,867 - DCRNN-Occupancy - INFO - Epoch 24, Batch 0/125, Loss: 0.0350, TF Ratio: 0.938
2025-11-14 04:33:08,604 - DCRNN-Occupancy - INFO - Epoch 24, Batch 50/125, Loss: 0.0303, TF Ratio: 0.938
2025-11-14 04:33:22,338 - DCRNN-Occupancy - INFO - Epoch 24, Batch 100/125, Loss: 0.0394, TF Ratio: 0.938
2025-11-14 04:33:33,641 - DCRNN-Occupancy - INFO - Epoch 24: Train Loss: 0.0738, Val Loss: 0.8161, LR: 0.000427, Time: 44.4s
2025-11-14 04:33:33,642 - DCRNN-Occupancy - INFO - 혼잡도 예측 범위 (정규화): [-1.01, 2.54]
2025-11-14 04:33:33,642 - DCRNN-Occupancy - INFO - 혼잡도 예측 범위 (실제): [-0.1, 1595.2]명
2025-11-14 04:33:33,728 - DCRNN-Occupancy - INFO - Best occupancy model saved: checkpoints/occupancy_model/best_occupancy_model.pth
2025-11-14 04:33:36,522 - DCRNN-Occupancy - INFO - Epoch 25, Batch 0/125, Loss: 0.0286, TF Ratio: 0.933
2025-11-14 04:33:49,980 - DCRNN-Occupancy - INFO - Epoch 25, Batch 50/125, Loss: 0.0301, TF Ratio: 0.933
2025-11-14 04:34:06,696 - DCRNN-Occupancy - INFO - Epoch 25, Batch 100/125, Loss: 0.0284, TF Ratio: 0.933
2025-11-14 04:34:20,856 - DCRNN-Occupancy - INFO - Epoch 25: Train Loss: 0.0807, Val Loss: 0.7855, LR: 0.000421, Time: 47.1s
2025-11-14 04:34:20,857 - DCRNN-Occupancy - INFO - 혼잡도 예측 범위 (정규화): [-1.01, 2.55]
2025-11-14 04:34:20,857 - DCRNN-Occupancy - INFO - 혼잡도 예측 범위 (실제): [-0.1, 1617.7]명
2025-11-14 04:34:20,937 - DCRNN-Occupancy - INFO - Best occupancy model saved: checkpoints/occupancy_model/best_occupancy_model.pth
2025-11-14 04:34:24,517 - DCRNN-Occupancy - INFO - Epoch 26, Batch 0/125, Loss: 0.0358, TF Ratio: 0.928
2025-11-14 04:34:40,288 - DCRNN-Occupancy - INFO - Epoch 26, Batch 50/125, Loss: 0.0356, TF Ratio: 0.928
2025-11-14 04:34:54,274 - DCRNN-Occupancy - INFO - Epoch 26, Batch 100/125, Loss: 0.0307, TF Ratio: 0.928
2025-11-14 04:35:05,340 - DCRNN-Occupancy - INFO - Epoch 26: Train Loss: 0.0810, Val Loss: 0.7925, LR: 0.000415, Time: 44.4s
2025-11-14 04:35:05,340 - DCRNN-Occupancy - INFO - 혼잡도 예측 범위 (정규화): [-1.03, 2.53]
2025-11-14 04:35:05,340 - DCRNN-Occupancy - INFO - 혼잡도 예측 범위 (실제): [-0.1, 1569.5]명
2025-11-14 04:35:07,825 - DCRNN-Occupancy - INFO - Epoch 27, Batch 0/125, Loss: 0.0362, TF Ratio: 0.922
2025-11-14 04:35:20,601 - DCRNN-Occupancy - INFO - Epoch 27, Batch 50/125, Loss: 0.8060, TF Ratio: 0.922
2025-11-14 04:35:33,424 - DCRNN-Occupancy - INFO - Epoch 27, Batch 100/125, Loss: 0.0357, TF Ratio: 0.922
2025-11-14 04:35:44,589 - DCRNN-Occupancy - INFO - Epoch 27: Train Loss: 0.0750, Val Loss: 0.7471, LR: 0.000410, Time: 39.2s
2025-11-14 04:35:44,589 - DCRNN-Occupancy - INFO - 혼잡도 예측 범위 (정규화): [-1.01, 2.57]
2025-11-14 04:35:44,589 - DCRNN-Occupancy - INFO - 혼잡도 예측 범위 (실제): [-0.1, 1688.4]명
2025-11-14 04:35:44,669 - DCRNN-Occupancy - INFO - Best occupancy model saved: checkpoints/occupancy_model/best_occupancy_model.pth
2025-11-14 04:35:47,242 - DCRNN-Occupancy - INFO - Epoch 28, Batch 0/125, Loss: 0.0282, TF Ratio: 0.916
2025-11-14 04:36:00,782 - DCRNN-Occupancy - INFO - Epoch 28, Batch 50/125, Loss: 0.0292, TF Ratio: 0.916
2025-11-14 04:36:14,261 - DCRNN-Occupancy - INFO - Epoch 28, Batch 100/125, Loss: 0.0508, TF Ratio: 0.916
2025-11-14 04:36:26,405 - DCRNN-Occupancy - INFO - Epoch 28: Train Loss: 0.0987, Val Loss: 0.7450, LR: 0.000403, Time: 41.7s
2025-11-14 04:36:26,405 - DCRNN-Occupancy - INFO - 혼잡도 예측 범위 (정규화): [-1.01, 2.57]
2025-11-14 04:36:26,405 - DCRNN-Occupancy - INFO - 혼잡도 예측 범위 (실제): [-0.1, 1698.2]명
2025-11-14 04:36:26,482 - DCRNN-Occupancy - INFO - Best occupancy model saved: checkpoints/occupancy_model/best_occupancy_model.pth
2025-11-14 04:36:29,265 - DCRNN-Occupancy - INFO - Epoch 29, Batch 0/125, Loss: 0.0310, TF Ratio: 0.911
2025-11-14 04:36:42,907 - DCRNN-Occupancy - INFO - Epoch 29, Batch 50/125, Loss: 0.0217, TF Ratio: 0.911
2025-11-14 04:36:56,862 - DCRNN-Occupancy - INFO - Epoch 29, Batch 100/125, Loss: 0.0368, TF Ratio: 0.911
2025-11-14 04:37:09,961 - DCRNN-Occupancy - INFO - Epoch 29: Train Loss: 0.1010, Val Loss: 0.7425, LR: 0.000397, Time: 43.5s
2025-11-14 04:37:09,961 - DCRNN-Occupancy - INFO - 혼잡도 예측 범위 (정규화): [-1.01, 2.55]
2025-11-14 04:37:09,961 - DCRNN-Occupancy - INFO - 혼잡도 예측 범위 (실제): [-0.1, 1628.6]명
2025-11-14 04:37:10,036 - DCRNN-Occupancy - INFO - Best occupancy model saved: checkpoints/occupancy_model/best_occupancy_model.pth
2025-11-14 04:37:12,944 - DCRNN-Occupancy - INFO - Epoch 30, Batch 0/125, Loss: 0.0461, TF Ratio: 0.905
2025-11-14 04:37:28,626 - DCRNN-Occupancy - INFO - Epoch 30, Batch 50/125, Loss: 0.0357, TF Ratio: 0.905
2025-11-14 04:37:45,218 - DCRNN-Occupancy - INFO - Epoch 30, Batch 100/125, Loss: 0.0400, TF Ratio: 0.905
2025-11-14 04:37:57,998 - DCRNN-Occupancy - INFO - Epoch 30: Train Loss: 0.1333, Val Loss: 0.7496, LR: 0.000391, Time: 48.0s
2025-11-14 04:37:57,998 - DCRNN-Occupancy - INFO - 혼잡도 예측 범위 (정규화): [-1.01, 2.58]
2025-11-14 04:37:57,999 - DCRNN-Occupancy - INFO - 혼잡도 예측 범위 (실제): [-0.1, 1719.0]명
2025-11-14 04:38:00,846 - DCRNN-Occupancy - INFO - Epoch 31, Batch 0/125, Loss: 0.0421, TF Ratio: 0.898
2025-11-14 04:38:14,540 - DCRNN-Occupancy - INFO - Epoch 31, Batch 50/125, Loss: 0.0313, TF Ratio: 0.898
2025-11-14 04:38:27,601 - DCRNN-Occupancy - INFO - Epoch 31, Batch 100/125, Loss: 0.0416, TF Ratio: 0.898
2025-11-14 04:38:40,463 - DCRNN-Occupancy - INFO - Epoch 31: Train Loss: 0.1488, Val Loss: 0.7260, LR: 0.000384, Time: 42.4s
2025-11-14 04:38:40,463 - DCRNN-Occupancy - INFO - 혼잡도 예측 범위 (정규화): [-1.01, 2.56]
2025-11-14 04:38:40,463 - DCRNN-Occupancy - INFO - 혼잡도 예측 범위 (실제): [-0.1, 1654.3]명
2025-11-14 04:38:40,542 - DCRNN-Occupancy - INFO - Best occupancy model saved: checkpoints/occupancy_model/best_occupancy_model.pth
2025-11-14 04:38:43,584 - DCRNN-Occupancy - INFO - Epoch 32, Batch 0/125, Loss: 0.0328, TF Ratio: 0.892
2025-11-14 04:38:58,845 - DCRNN-Occupancy - INFO - Epoch 32, Batch 50/125, Loss: 0.0223, TF Ratio: 0.892
2025-11-14 04:39:13,495 - DCRNN-Occupancy - INFO - Epoch 32, Batch 100/125, Loss: 0.0415, TF Ratio: 0.892
2025-11-14 04:39:26,394 - DCRNN-Occupancy - INFO - Epoch 32: Train Loss: 0.1358, Val Loss: 0.7147, LR: 0.000378, Time: 45.9s
2025-11-14 04:39:26,395 - DCRNN-Occupancy - INFO - 혼잡도 예측 범위 (정규화): [-1.05, 2.60]
2025-11-14 04:39:26,395 - DCRNN-Occupancy - INFO - 혼잡도 예측 범위 (실제): [-0.2, 1787.6]명
2025-11-14 04:39:26,486 - DCRNN-Occupancy - INFO - Best occupancy model saved: checkpoints/occupancy_model/best_occupancy_model.pth
2025-11-14 04:39:29,522 - DCRNN-Occupancy - INFO - Epoch 33, Batch 0/125, Loss: 0.0297, TF Ratio: 0.885
2025-11-14 04:39:45,161 - DCRNN-Occupancy - INFO - Epoch 33, Batch 50/125, Loss: 0.0513, TF Ratio: 0.885
2025-11-14 04:39:59,871 - DCRNN-Occupancy - INFO - Epoch 33, Batch 100/125, Loss: 0.0393, TF Ratio: 0.885
2025-11-14 04:41:48,154 - DCRNN-Occupancy - INFO - 혼잡도 전용 데이터셋 로드 중...
2025-11-14 04:41:48,244 - DCRNN-Occupancy - INFO - 계절별 균등 분할 완료:
2025-11-14 04:41:48,244 - DCRNN-Occupancy - INFO -   Train: 166일
2025-11-14 04:41:48,244 - DCRNN-Occupancy - INFO -   Val: 37일
2025-11-14 04:41:48,244 - DCRNN-Occupancy - INFO -   Test: 40일
2025-11-14 04:41:48,244 - DCRNN-Occupancy - INFO - 분할 정보 저장: data/seasonal_split.pkl
2025-11-14 04:41:59,324 - DCRNN-Occupancy - INFO - Train batches: 125
2025-11-14 04:41:59,324 - DCRNN-Occupancy - INFO - Val batches: 28
2025-11-14 04:41:59,327 - DCRNN-Occupancy - INFO - 혼잡도 전용 DCRNN 모델 구성 중...
2025-11-14 04:41:59,335 - DCRNN-Occupancy - INFO - Total parameters: 3,095,170
2025-11-14 04:41:59,335 - DCRNN-Occupancy - INFO - Trainable parameters: 3,095,170
2025-11-14 04:41:59,797 - DCRNN-Occupancy - INFO - 혼잡도 모델 훈련 설정 완료
2025-11-14 04:41:59,797 - DCRNN-Occupancy - INFO - 혼잡도 모델 훈련 시작...
2025-11-14 04:41:59,797 - DCRNN-Occupancy - INFO - 총 300 에포크 훈련 예정
2025-11-14 04:41:59,797 - DCRNN-Occupancy - INFO - 시작 에포크: 0
2025-11-14 04:41:59,797 - DCRNN-Occupancy - INFO - 디바이스: cpu
2025-11-14 04:43:13,208 - DCRNN-Occupancy - INFO - 혼잡도 전용 데이터셋 로드 중...
2025-11-14 04:43:13,290 - DCRNN-Occupancy - INFO - 계절별 균등 분할 완료:
2025-11-14 04:43:13,290 - DCRNN-Occupancy - INFO -   Train: 166일
2025-11-14 04:43:13,290 - DCRNN-Occupancy - INFO -   Val: 37일
2025-11-14 04:43:13,291 - DCRNN-Occupancy - INFO -   Test: 40일
2025-11-14 04:43:13,291 - DCRNN-Occupancy - INFO - 분할 정보 저장: data/seasonal_split.pkl
2025-11-14 04:43:24,717 - DCRNN-Occupancy - INFO - Train batches: 125
2025-11-14 04:43:24,717 - DCRNN-Occupancy - INFO - Val batches: 28
2025-11-14 04:43:24,720 - DCRNN-Occupancy - INFO - 혼잡도 전용 DCRNN 모델 구성 중...
2025-11-14 04:43:24,727 - DCRNN-Occupancy - INFO - Total parameters: 3,095,170
2025-11-14 04:43:24,727 - DCRNN-Occupancy - INFO - Trainable parameters: 3,095,170
2025-11-14 04:43:25,215 - DCRNN-Occupancy - INFO - 혼잡도 모델 훈련 설정 완료
2025-11-14 04:43:25,216 - DCRNN-Occupancy - INFO - 혼잡도 모델 훈련 시작...
2025-11-14 04:43:25,216 - DCRNN-Occupancy - INFO - 총 300 에포크 훈련 예정
2025-11-14 04:43:25,216 - DCRNN-Occupancy - INFO - 시작 에포크: 0
2025-11-14 04:43:25,216 - DCRNN-Occupancy - INFO - 디바이스: cpu
2025-11-14 04:43:27,882 - DCRNN-Occupancy - INFO - 첫 배치 처리 시작 - X shape: torch.Size([16, 12, 22, 31]), Y shape: torch.Size([16, 22, 1])
2025-11-14 04:47:02,960 - DCRNN-Occupancy - INFO - 혼잡도 전용 데이터셋 로드 중...
2025-11-14 04:47:03,065 - DCRNN-Occupancy - INFO - 계절별 균등 분할 완료:
2025-11-14 04:47:03,065 - DCRNN-Occupancy - INFO -   Train: 166일
2025-11-14 04:47:03,065 - DCRNN-Occupancy - INFO -   Val: 37일
2025-11-14 04:47:03,065 - DCRNN-Occupancy - INFO -   Test: 40일
2025-11-14 04:47:03,066 - DCRNN-Occupancy - INFO - 분할 정보 저장: data/seasonal_split.pkl
2025-11-14 04:47:14,099 - DCRNN-Occupancy - INFO - Train batches: 125
2025-11-14 04:47:14,099 - DCRNN-Occupancy - INFO - Val batches: 28
2025-11-14 04:47:14,102 - DCRNN-Occupancy - INFO - 혼잡도 전용 DCRNN 모델 구성 중...
2025-11-14 04:47:14,110 - DCRNN-Occupancy - INFO - Total parameters: 3,095,170
2025-11-14 04:47:14,110 - DCRNN-Occupancy - INFO - Trainable parameters: 3,095,170
2025-11-14 04:47:14,596 - DCRNN-Occupancy - INFO - 혼잡도 모델 훈련 설정 완료
2025-11-14 04:47:14,596 - DCRNN-Occupancy - INFO - 혼잡도 모델 훈련 시작...
2025-11-14 04:47:14,596 - DCRNN-Occupancy - INFO - 총 300 에포크 훈련 예정
2025-11-14 04:47:14,596 - DCRNN-Occupancy - INFO - 시작 에포크: 0
2025-11-14 04:47:14,596 - DCRNN-Occupancy - INFO - 디바이스: cpu
2025-11-14 04:47:17,359 - DCRNN-Occupancy - INFO - 첫 배치 처리 시작 - X shape: torch.Size([16, 12, 22, 31]), Y shape: torch.Size([16, 22, 1])
2025-11-14 04:47:17,589 - DCRNN-Occupancy - INFO - 🔍 Teacher Forcing 없이 예측 범위: [0.002, 0.541]
2025-11-14 04:47:17,589 - DCRNN-Occupancy - INFO - 🔍 Teacher Forcing 99%로 예측 범위: [-0.153, 0.461]
2025-11-14 04:47:17,754 - DCRNN-Occupancy - INFO - Epoch 0, Batch 0/125, Loss: 1.0464, TF Ratio: 1.000
2025-11-14 04:47:32,345 - DCRNN-Occupancy - INFO - Epoch 0, Batch 50/125, Loss: 0.1300, TF Ratio: 1.000
2025-11-14 04:47:47,000 - DCRNN-Occupancy - INFO - Epoch 0, Batch 100/125, Loss: 0.0958, TF Ratio: 1.000
2025-11-14 04:47:58,823 - DCRNN-Occupancy - INFO - Epoch 0: Train Loss: 0.2247, Val Loss: 1.0947, LR: 0.000500, Time: 44.2s
2025-11-14 04:47:58,825 - DCRNN-Occupancy - INFO - 혼잡도 예측 범위 (정규화): [-1.96, 2.42]
2025-11-14 04:47:58,825 - DCRNN-Occupancy - INFO - 혼잡도 예측 범위 (실제): [-0.9, 1230.8]명
2025-11-14 04:47:58,919 - DCRNN-Occupancy - INFO - Best occupancy model saved: checkpoints/occupancy_model/best_occupancy_model.pth
2025-11-14 04:47:58,994 - DCRNN-Occupancy - INFO - Best occupancy model saved: checkpoints/occupancy_model/best_occupancy_model.pth
2025-11-14 04:48:01,599 - DCRNN-Occupancy - INFO - Epoch 1, Batch 0/125, Loss: 0.0836, TF Ratio: 0.976
2025-11-14 04:48:14,593 - DCRNN-Occupancy - INFO - Epoch 1, Batch 50/125, Loss: 0.0546, TF Ratio: 0.976
2025-11-14 04:48:27,517 - DCRNN-Occupancy - INFO - Epoch 1, Batch 100/125, Loss: 0.0967, TF Ratio: 0.976
2025-11-14 04:48:38,942 - DCRNN-Occupancy - INFO - Epoch 1: Train Loss: 0.1008, Val Loss: 1.0401, LR: 0.000500, Time: 39.9s
2025-11-14 04:48:38,943 - DCRNN-Occupancy - INFO - 혼잡도 예측 범위 (정규화): [-1.12, 2.50]
2025-11-14 04:48:38,943 - DCRNN-Occupancy - INFO - 혼잡도 예측 범위 (실제): [-0.3, 1468.9]명
2025-11-14 04:48:39,018 - DCRNN-Occupancy - INFO - Best occupancy model saved: checkpoints/occupancy_model/best_occupancy_model.pth
2025-11-14 04:48:41,714 - DCRNN-Occupancy - INFO - Epoch 2, Batch 0/125, Loss: 0.0578, TF Ratio: 0.905
2025-11-14 04:48:55,540 - DCRNN-Occupancy - INFO - Epoch 2, Batch 50/125, Loss: 0.0504, TF Ratio: 0.905
2025-11-14 04:49:12,133 - DCRNN-Occupancy - INFO - Epoch 2, Batch 100/125, Loss: 0.9320, TF Ratio: 0.905
2025-11-14 04:49:28,714 - DCRNN-Occupancy - INFO - Epoch 2: Train Loss: 0.1430, Val Loss: 0.9468, LR: 0.000499, Time: 49.7s
2025-11-14 04:49:28,715 - DCRNN-Occupancy - INFO - 혼잡도 예측 범위 (정규화): [-1.08, 2.59]
2025-11-14 04:49:28,715 - DCRNN-Occupancy - INFO - 혼잡도 예측 범위 (실제): [-0.2, 1750.9]명
2025-11-14 04:49:28,796 - DCRNN-Occupancy - INFO - Best occupancy model saved: checkpoints/occupancy_model/best_occupancy_model.pth
2025-11-14 04:49:31,864 - DCRNN-Occupancy - INFO - Epoch 3, Batch 0/125, Loss: 0.0732, TF Ratio: 0.794
2025-11-14 04:49:50,332 - DCRNN-Occupancy - INFO - Epoch 3, Batch 50/125, Loss: 0.0763, TF Ratio: 0.794
2025-11-14 04:50:11,582 - DCRNN-Occupancy - INFO - Epoch 3, Batch 100/125, Loss: 0.0996, TF Ratio: 0.794
2025-11-14 04:50:24,752 - DCRNN-Occupancy - INFO - Epoch 3: Train Loss: 0.2728, Val Loss: 0.7565, LR: 0.000498, Time: 56.0s
2025-11-14 04:50:24,752 - DCRNN-Occupancy - INFO - 혼잡도 예측 범위 (정규화): [-1.10, 2.63]
2025-11-14 04:50:24,752 - DCRNN-Occupancy - INFO - 혼잡도 예측 범위 (실제): [-0.2, 1930.9]명
2025-11-14 04:50:24,826 - DCRNN-Occupancy - INFO - Best occupancy model saved: checkpoints/occupancy_model/best_occupancy_model.pth
2025-11-14 04:50:27,725 - DCRNN-Occupancy - INFO - Epoch 4, Batch 0/125, Loss: 0.0972, TF Ratio: 0.655
2025-11-14 04:50:42,928 - DCRNN-Occupancy - INFO - Epoch 4, Batch 50/125, Loss: 0.7099, TF Ratio: 0.655
2025-11-14 04:50:57,478 - DCRNN-Occupancy - INFO - Epoch 4, Batch 100/125, Loss: 0.0639, TF Ratio: 0.655
2025-11-14 04:51:09,243 - DCRNN-Occupancy - INFO - Epoch 4: Train Loss: 0.3209, Val Loss: 0.6846, LR: 0.000497, Time: 44.4s
2025-11-14 04:51:09,243 - DCRNN-Occupancy - INFO - 혼잡도 예측 범위 (정규화): [-1.00, 2.59]
2025-11-14 04:51:09,243 - DCRNN-Occupancy - INFO - 혼잡도 예측 범위 (실제): [-0.1, 1775.9]명
2025-11-14 04:51:09,354 - DCRNN-Occupancy - INFO - Best occupancy model saved: checkpoints/occupancy_model/best_occupancy_model.pth
2025-11-14 04:51:12,630 - DCRNN-Occupancy - INFO - Epoch 5, Batch 0/125, Loss: 0.5866, TF Ratio: 0.500
2025-11-14 04:51:27,614 - DCRNN-Occupancy - INFO - Epoch 5, Batch 50/125, Loss: 0.0612, TF Ratio: 0.500
2025-11-14 04:51:43,451 - DCRNN-Occupancy - INFO - Epoch 5, Batch 100/125, Loss: 0.1225, TF Ratio: 0.500
2025-11-14 04:51:56,412 - DCRNN-Occupancy - INFO - Epoch 5: Train Loss: 0.3514, Val Loss: 0.7571, LR: 0.000496, Time: 47.1s
2025-11-14 04:51:56,413 - DCRNN-Occupancy - INFO - 혼잡도 예측 범위 (정규화): [-1.02, 2.62]
2025-11-14 04:51:56,413 - DCRNN-Occupancy - INFO - 혼잡도 예측 범위 (실제): [-0.1, 1868.0]명
2025-11-14 04:51:59,021 - DCRNN-Occupancy - INFO - Epoch 6, Batch 0/125, Loss: 0.8553, TF Ratio: 0.345
2025-11-14 04:52:13,300 - DCRNN-Occupancy - INFO - Epoch 6, Batch 50/125, Loss: 0.6811, TF Ratio: 0.345
2025-11-14 04:52:27,273 - DCRNN-Occupancy - INFO - Epoch 6, Batch 100/125, Loss: 0.0821, TF Ratio: 0.345
2025-11-14 04:52:40,298 - DCRNN-Occupancy - INFO - Epoch 6: Train Loss: 0.5165, Val Loss: 0.7777, LR: 0.000494, Time: 43.9s
2025-11-14 04:52:40,298 - DCRNN-Occupancy - INFO - 혼잡도 예측 범위 (정규화): [-1.03, 2.57]
2025-11-14 04:52:40,298 - DCRNN-Occupancy - INFO - 혼잡도 예측 범위 (실제): [-0.1, 1707.7]명
2025-11-14 04:52:43,144 - DCRNN-Occupancy - INFO - Epoch 7, Batch 0/125, Loss: 0.7547, TF Ratio: 0.206
2025-11-14 04:52:58,396 - DCRNN-Occupancy - INFO - Epoch 7, Batch 50/125, Loss: 0.7014, TF Ratio: 0.206
2025-11-14 04:53:13,095 - DCRNN-Occupancy - INFO - Epoch 7, Batch 100/125, Loss: 0.7387, TF Ratio: 0.206
2025-11-14 04:53:27,331 - DCRNN-Occupancy - INFO - Epoch 7: Train Loss: 0.5837, Val Loss: 0.6818, LR: 0.000492, Time: 47.0s
2025-11-14 04:53:27,332 - DCRNN-Occupancy - INFO - 혼잡도 예측 범위 (정규화): [-1.01, 2.47]
2025-11-14 04:53:27,332 - DCRNN-Occupancy - INFO - 혼잡도 예측 범위 (실제): [-0.1, 1362.4]명
2025-11-14 04:53:27,415 - DCRNN-Occupancy - INFO - Best occupancy model saved: checkpoints/occupancy_model/best_occupancy_model.pth
2025-11-14 04:53:30,817 - DCRNN-Occupancy - INFO - Epoch 8, Batch 0/125, Loss: 0.7301, TF Ratio: 0.095
2025-11-14 04:53:49,348 - DCRNN-Occupancy - INFO - Epoch 8, Batch 50/125, Loss: 0.7399, TF Ratio: 0.095
2025-11-14 04:54:05,560 - DCRNN-Occupancy - INFO - Epoch 8, Batch 100/125, Loss: 0.8205, TF Ratio: 0.095
2025-11-14 04:54:18,835 - DCRNN-Occupancy - INFO - Epoch 8: Train Loss: 0.6706, Val Loss: 0.7169, LR: 0.000490, Time: 51.4s
2025-11-14 04:54:18,835 - DCRNN-Occupancy - INFO - 혼잡도 예측 범위 (정규화): [-1.03, 2.45]
2025-11-14 04:54:18,835 - DCRNN-Occupancy - INFO - 혼잡도 예측 범위 (실제): [-0.1, 1308.8]명
2025-11-14 04:54:22,037 - DCRNN-Occupancy - INFO - Epoch 9, Batch 0/125, Loss: 0.6374, TF Ratio: 0.024
2025-11-14 04:54:37,913 - DCRNN-Occupancy - INFO - Epoch 9, Batch 50/125, Loss: 0.6262, TF Ratio: 0.024
2025-11-14 04:54:53,604 - DCRNN-Occupancy - INFO - Epoch 9, Batch 100/125, Loss: 0.6617, TF Ratio: 0.024
2025-11-14 04:55:07,782 - DCRNN-Occupancy - INFO - Epoch 9: Train Loss: 0.6877, Val Loss: 0.6833, LR: 0.000488, Time: 48.9s
2025-11-14 04:55:07,782 - DCRNN-Occupancy - INFO - 혼잡도 예측 범위 (정규화): [-1.00, 2.10]
2025-11-14 04:55:07,782 - DCRNN-Occupancy - INFO - 혼잡도 예측 범위 (실제): [-0.1, 627.8]명
2025-11-14 04:55:10,697 - DCRNN-Occupancy - INFO - Epoch 10, Batch 0/125, Loss: 0.6405, TF Ratio: 0.000
2025-11-14 04:55:26,333 - DCRNN-Occupancy - INFO - Epoch 10, Batch 50/125, Loss: 0.6384, TF Ratio: 0.000
2025-11-14 04:55:41,716 - DCRNN-Occupancy - INFO - Epoch 10, Batch 100/125, Loss: 0.6757, TF Ratio: 0.000
2025-11-14 04:55:53,662 - DCRNN-Occupancy - INFO - Epoch 10: Train Loss: 0.6844, Val Loss: 0.6902, LR: 0.000485, Time: 45.9s
2025-11-14 04:55:53,663 - DCRNN-Occupancy - INFO - 혼잡도 예측 범위 (정규화): [-0.99, 1.50]
2025-11-14 04:55:53,663 - DCRNN-Occupancy - INFO - 혼잡도 예측 범위 (실제): [-0.0, 179.1]명
2025-11-14 04:55:56,545 - DCRNN-Occupancy - INFO - Epoch 11, Batch 0/125, Loss: 0.7128, TF Ratio: 0.000
2025-11-14 04:56:10,990 - DCRNN-Occupancy - INFO - Epoch 11, Batch 50/125, Loss: 0.6240, TF Ratio: 0.000
2025-11-14 04:56:25,572 - DCRNN-Occupancy - INFO - Epoch 11, Batch 100/125, Loss: 0.7260, TF Ratio: 0.000
2025-11-14 04:56:39,198 - DCRNN-Occupancy - INFO - Epoch 11: Train Loss: 0.6780, Val Loss: 0.6848, LR: 0.000482, Time: 45.5s
2025-11-14 04:56:39,199 - DCRNN-Occupancy - INFO - 혼잡도 예측 범위 (정규화): [-0.99, 1.54]
2025-11-14 04:56:39,199 - DCRNN-Occupancy - INFO - 혼잡도 예측 범위 (실제): [-0.0, 194.3]명
2025-11-14 04:56:42,420 - DCRNN-Occupancy - INFO - Epoch 12, Batch 0/125, Loss: 0.6182, TF Ratio: 0.000
2025-11-14 04:56:57,200 - DCRNN-Occupancy - INFO - Epoch 12, Batch 50/125, Loss: 0.7819, TF Ratio: 0.000
2025-11-14 04:57:10,510 - DCRNN-Occupancy - INFO - Epoch 12, Batch 100/125, Loss: 0.7112, TF Ratio: 0.000
2025-11-14 04:57:22,192 - DCRNN-Occupancy - INFO - Epoch 12: Train Loss: 0.6825, Val Loss: 0.6827, LR: 0.000479, Time: 43.0s
2025-11-14 04:57:22,193 - DCRNN-Occupancy - INFO - 혼잡도 예측 범위 (정규화): [-0.99, 1.57]
2025-11-14 04:57:22,193 - DCRNN-Occupancy - INFO - 혼잡도 예측 범위 (실제): [-0.1, 204.0]명
2025-11-14 04:57:24,989 - DCRNN-Occupancy - INFO - Epoch 13, Batch 0/125, Loss: 0.6798, TF Ratio: 0.000
2025-11-14 04:57:38,345 - DCRNN-Occupancy - INFO - Epoch 13, Batch 50/125, Loss: 0.5436, TF Ratio: 0.000
2025-11-14 04:57:51,998 - DCRNN-Occupancy - INFO - Epoch 13, Batch 100/125, Loss: 0.6846, TF Ratio: 0.000
2025-11-14 04:58:04,933 - DCRNN-Occupancy - INFO - Epoch 13: Train Loss: 0.6832, Val Loss: 0.7768, LR: 0.000476, Time: 42.7s
2025-11-14 04:58:04,933 - DCRNN-Occupancy - INFO - 혼잡도 예측 범위 (정규화): [-0.99, 1.53]
2025-11-14 04:58:04,933 - DCRNN-Occupancy - INFO - 혼잡도 예측 범위 (실제): [-0.0, 187.8]명
2025-11-14 04:58:07,645 - DCRNN-Occupancy - INFO - Epoch 14, Batch 0/125, Loss: 0.7836, TF Ratio: 0.000
2025-11-14 04:58:21,876 - DCRNN-Occupancy - INFO - Epoch 14, Batch 50/125, Loss: 1.0142, TF Ratio: 0.000
2025-11-14 04:58:35,237 - DCRNN-Occupancy - INFO - Epoch 14, Batch 100/125, Loss: 0.6706, TF Ratio: 0.000
2025-11-14 04:58:48,425 - DCRNN-Occupancy - INFO - Epoch 14: Train Loss: 0.6853, Val Loss: 0.6793, LR: 0.000473, Time: 43.5s
2025-11-14 04:58:48,426 - DCRNN-Occupancy - INFO - 혼잡도 예측 범위 (정규화): [-1.00, 1.51]
2025-11-14 04:58:48,426 - DCRNN-Occupancy - INFO - 혼잡도 예측 범위 (실제): [-0.1, 182.5]명
2025-11-14 04:58:48,508 - DCRNN-Occupancy - INFO - Best occupancy model saved: checkpoints/occupancy_model/best_occupancy_model.pth
2025-11-14 04:58:51,483 - DCRNN-Occupancy - INFO - Epoch 15, Batch 0/125, Loss: 0.5097, TF Ratio: 0.000
2025-11-14 04:59:06,567 - DCRNN-Occupancy - INFO - Epoch 15, Batch 50/125, Loss: 0.6264, TF Ratio: 0.000
2025-11-14 04:59:22,599 - DCRNN-Occupancy - INFO - Epoch 15, Batch 100/125, Loss: 0.5532, TF Ratio: 0.000
2025-11-14 04:59:36,182 - DCRNN-Occupancy - INFO - Epoch 15: Train Loss: 0.6715, Val Loss: 0.6755, LR: 0.000469, Time: 47.7s
2025-11-14 04:59:36,183 - DCRNN-Occupancy - INFO - 혼잡도 예측 범위 (정규화): [-0.99, 1.54]
2025-11-14 04:59:36,183 - DCRNN-Occupancy - INFO - 혼잡도 예측 범위 (실제): [-0.1, 192.5]명
2025-11-14 04:59:36,259 - DCRNN-Occupancy - INFO - Best occupancy model saved: checkpoints/occupancy_model/best_occupancy_model.pth
2025-11-14 04:59:39,615 - DCRNN-Occupancy - INFO - Epoch 16, Batch 0/125, Loss: 0.7256, TF Ratio: 0.000
2025-11-14 04:59:56,026 - DCRNN-Occupancy - INFO - Epoch 16, Batch 50/125, Loss: 0.7454, TF Ratio: 0.000
2025-11-14 05:00:11,397 - DCRNN-Occupancy - INFO - Epoch 16, Batch 100/125, Loss: 0.6038, TF Ratio: 0.000
2025-11-14 05:00:25,356 - DCRNN-Occupancy - INFO - Epoch 16: Train Loss: 0.6706, Val Loss: 0.6809, LR: 0.000465, Time: 49.1s
2025-11-14 05:00:25,356 - DCRNN-Occupancy - INFO - 혼잡도 예측 범위 (정규화): [-0.99, 1.56]
2025-11-14 05:00:25,356 - DCRNN-Occupancy - INFO - 혼잡도 예측 범위 (실제): [-0.1, 200.3]명
2025-11-14 05:00:28,416 - DCRNN-Occupancy - INFO - Epoch 17, Batch 0/125, Loss: 0.4897, TF Ratio: 0.000
2025-11-14 05:00:43,146 - DCRNN-Occupancy - INFO - Epoch 17, Batch 50/125, Loss: 0.4902, TF Ratio: 0.000
2025-11-14 05:00:53,660 - DCRNN-Occupancy - INFO - 혼잡도 전용 데이터셋 로드 중...
2025-11-14 05:00:53,745 - DCRNN-Occupancy - INFO - 계절별 균등 분할 완료:
2025-11-14 05:00:53,745 - DCRNN-Occupancy - INFO -   Train: 166일
2025-11-14 05:00:53,745 - DCRNN-Occupancy - INFO -   Val: 37일
2025-11-14 05:00:53,745 - DCRNN-Occupancy - INFO -   Test: 40일
2025-11-14 05:00:53,745 - DCRNN-Occupancy - INFO - 분할 정보 저장: data/seasonal_split.pkl
2025-11-14 05:01:05,105 - DCRNN-Occupancy - INFO - Train batches: 125
2025-11-14 05:01:05,105 - DCRNN-Occupancy - INFO - Val batches: 28
2025-11-14 05:01:05,108 - DCRNN-Occupancy - INFO - 혼잡도 전용 DCRNN 모델 구성 중...
2025-11-14 05:01:05,114 - DCRNN-Occupancy - INFO - Total parameters: 3,207,182
2025-11-14 05:01:05,114 - DCRNN-Occupancy - INFO - Trainable parameters: 3,207,182
2025-11-14 05:01:05,615 - DCRNN-Occupancy - INFO - 혼잡도 모델 훈련 설정 완료
2025-11-14 05:01:05,616 - DCRNN-Occupancy - INFO - 혼잡도 모델 훈련 시작...
2025-11-14 05:01:05,616 - DCRNN-Occupancy - INFO - 총 300 에포크 훈련 예정
2025-11-14 05:01:05,616 - DCRNN-Occupancy - INFO - 시작 에포크: 0
2025-11-14 05:01:05,616 - DCRNN-Occupancy - INFO - 디바이스: cpu
2025-11-14 05:01:08,554 - DCRNN-Occupancy - INFO - 첫 배치 처리 시작 - X shape: torch.Size([16, 12, 22, 31]), Y shape: torch.Size([16, 22, 1])
2025-11-14 05:01:08,798 - DCRNN-Occupancy - INFO - 🔍 Teacher Forcing 없이 예측 범위: [-0.476, 0.238]
2025-11-14 05:01:08,798 - DCRNN-Occupancy - INFO - 🔍 Teacher Forcing 99%로 예측 범위: [-0.245, 0.234]
2025-11-14 05:01:08,964 - DCRNN-Occupancy - INFO - Epoch 0, Batch 0/125, Loss: 0.9803, TF Ratio: 0.700
2025-11-14 05:01:22,287 - DCRNN-Occupancy - INFO - Epoch 0, Batch 50/125, Loss: 0.7511, TF Ratio: 0.700
2025-11-14 05:01:35,046 - DCRNN-Occupancy - INFO - Epoch 0, Batch 100/125, Loss: 0.1366, TF Ratio: 0.700
2025-11-14 05:01:46,727 - DCRNN-Occupancy - INFO - Epoch 0: Train Loss: 0.4649, Val Loss: 0.7157, LR: 0.000500, Time: 41.1s
2025-11-14 05:01:46,727 - DCRNN-Occupancy - INFO - 혼잡도 예측 범위 (정규화): [-2.27, 2.22]
2025-11-14 05:01:46,727 - DCRNN-Occupancy - INFO - 혼잡도 예측 범위 (실제): [-0.9, 812.3]명
2025-11-14 05:01:46,819 - DCRNN-Occupancy - INFO - Best occupancy model saved: checkpoints/occupancy_model/best_occupancy_model.pth
2025-11-14 05:01:46,907 - DCRNN-Occupancy - INFO - Best occupancy model saved: checkpoints/occupancy_model/best_occupancy_model.pth
2025-11-14 05:01:49,437 - DCRNN-Occupancy - INFO - Epoch 1, Batch 0/125, Loss: 0.3087, TF Ratio: 0.685
2025-11-14 05:02:03,881 - DCRNN-Occupancy - INFO - Epoch 1, Batch 50/125, Loss: 0.7828, TF Ratio: 0.685
2025-11-14 05:02:18,184 - DCRNN-Occupancy - INFO - Epoch 1, Batch 100/125, Loss: 0.6148, TF Ratio: 0.685
2025-11-14 05:02:29,859 - DCRNN-Occupancy - INFO - Epoch 1: Train Loss: 0.3026, Val Loss: 0.6648, LR: 0.000500, Time: 43.0s
2025-11-14 05:02:29,859 - DCRNN-Occupancy - INFO - 혼잡도 예측 범위 (정규화): [-1.26, 2.24]
2025-11-14 05:02:29,859 - DCRNN-Occupancy - INFO - 혼잡도 예측 범위 (실제): [-0.5, 845.1]명
2025-11-14 05:02:29,935 - DCRNN-Occupancy - INFO - Best occupancy model saved: checkpoints/occupancy_model/best_occupancy_model.pth
2025-11-14 05:02:32,757 - DCRNN-Occupancy - INFO - Epoch 2, Batch 0/125, Loss: 0.0859, TF Ratio: 0.643
2025-11-14 05:02:46,087 - DCRNN-Occupancy - INFO - Epoch 2, Batch 50/125, Loss: 0.5605, TF Ratio: 0.643
2025-11-14 05:02:59,731 - DCRNN-Occupancy - INFO - Epoch 2, Batch 100/125, Loss: 0.0651, TF Ratio: 0.643
2025-11-14 05:03:11,400 - DCRNN-Occupancy - INFO - Epoch 2: Train Loss: 0.2544, Val Loss: 0.6440, LR: 0.000499, Time: 41.5s
2025-11-14 05:03:11,401 - DCRNN-Occupancy - INFO - 혼잡도 예측 범위 (정규화): [-1.10, 2.28]
2025-11-14 05:03:11,401 - DCRNN-Occupancy - INFO - 혼잡도 예측 범위 (실제): [-0.2, 921.2]명
2025-11-14 05:03:11,473 - DCRNN-Occupancy - INFO - Best occupancy model saved: checkpoints/occupancy_model/best_occupancy_model.pth
2025-11-14 05:03:14,127 - DCRNN-Occupancy - INFO - Epoch 3, Batch 0/125, Loss: 0.6513, TF Ratio: 0.576
2025-11-14 05:03:27,481 - DCRNN-Occupancy - INFO - Epoch 3, Batch 50/125, Loss: 0.5905, TF Ratio: 0.576
2025-11-14 05:03:40,908 - DCRNN-Occupancy - INFO - Epoch 3, Batch 100/125, Loss: 0.5943, TF Ratio: 0.576
2025-11-14 05:03:52,352 - DCRNN-Occupancy - INFO - Epoch 3: Train Loss: 0.3465, Val Loss: 0.6196, LR: 0.000498, Time: 40.9s
2025-11-14 05:03:52,353 - DCRNN-Occupancy - INFO - 혼잡도 예측 범위 (정규화): [-1.04, 2.28]
2025-11-14 05:03:52,353 - DCRNN-Occupancy - INFO - 혼잡도 예측 범위 (실제): [-0.2, 917.7]명
2025-11-14 05:03:52,425 - DCRNN-Occupancy - INFO - Best occupancy model saved: checkpoints/occupancy_model/best_occupancy_model.pth
2025-11-14 05:03:55,417 - DCRNN-Occupancy - INFO - Epoch 4, Batch 0/125, Loss: 0.0555, TF Ratio: 0.493
2025-11-14 05:04:08,728 - DCRNN-Occupancy - INFO - Epoch 4, Batch 50/125, Loss: 0.0270, TF Ratio: 0.493
2025-11-14 05:04:22,039 - DCRNN-Occupancy - INFO - Epoch 4, Batch 100/125, Loss: 0.4797, TF Ratio: 0.493
2025-11-14 05:04:33,658 - DCRNN-Occupancy - INFO - Epoch 4: Train Loss: 0.2893, Val Loss: 0.6413, LR: 0.000497, Time: 41.2s
2025-11-14 05:04:33,659 - DCRNN-Occupancy - INFO - 혼잡도 예측 범위 (정규화): [-1.01, 2.34]
2025-11-14 05:04:33,659 - DCRNN-Occupancy - INFO - 혼잡도 예측 범위 (실제): [-0.1, 1052.3]명
2025-11-14 05:04:36,486 - DCRNN-Occupancy - INFO - Epoch 5, Batch 0/125, Loss: 0.5773, TF Ratio: 0.400
2025-11-14 05:04:50,710 - DCRNN-Occupancy - INFO - Epoch 5, Batch 50/125, Loss: 0.4357, TF Ratio: 0.400
2025-11-14 05:05:06,026 - DCRNN-Occupancy - INFO - Epoch 5, Batch 100/125, Loss: 0.0959, TF Ratio: 0.400
2025-11-14 05:05:18,364 - DCRNN-Occupancy - INFO - Epoch 5: Train Loss: 0.4118, Val Loss: 0.6415, LR: 0.000496, Time: 44.7s
2025-11-14 05:05:18,364 - DCRNN-Occupancy - INFO - 혼잡도 예측 범위 (정규화): [-1.04, 2.42]
2025-11-14 05:05:18,364 - DCRNN-Occupancy - INFO - 혼잡도 예측 범위 (실제): [-0.1, 1225.8]명
2025-11-14 05:05:21,050 - DCRNN-Occupancy - INFO - Epoch 6, Batch 0/125, Loss: 0.5239, TF Ratio: 0.307
2025-11-14 05:05:34,038 - DCRNN-Occupancy - INFO - Epoch 6, Batch 50/125, Loss: 0.6210, TF Ratio: 0.307
2025-11-14 05:05:46,752 - DCRNN-Occupancy - INFO - Epoch 6, Batch 100/125, Loss: 0.5376, TF Ratio: 0.307
2025-11-14 05:05:57,932 - DCRNN-Occupancy - INFO - Epoch 6: Train Loss: 0.4211, Val Loss: 0.6340, LR: 0.000494, Time: 39.6s
2025-11-14 05:05:57,932 - DCRNN-Occupancy - INFO - 혼잡도 예측 범위 (정규화): [-1.00, 2.26]
2025-11-14 05:05:57,932 - DCRNN-Occupancy - INFO - 혼잡도 예측 범위 (실제): [-0.1, 877.7]명
2025-11-14 05:06:00,439 - DCRNN-Occupancy - INFO - Epoch 7, Batch 0/125, Loss: 0.5475, TF Ratio: 0.224
2025-11-14 05:06:13,296 - DCRNN-Occupancy - INFO - Epoch 7, Batch 50/125, Loss: 0.5800, TF Ratio: 0.224
2025-11-14 05:06:26,057 - DCRNN-Occupancy - INFO - Epoch 7, Batch 100/125, Loss: 0.5367, TF Ratio: 0.224
2025-11-14 05:06:37,164 - DCRNN-Occupancy - INFO - Epoch 7: Train Loss: 0.5303, Val Loss: 0.6284, LR: 0.000492, Time: 39.2s
2025-11-14 05:06:37,164 - DCRNN-Occupancy - INFO - 혼잡도 예측 범위 (정규화): [-1.00, 2.29]
2025-11-14 05:06:37,164 - DCRNN-Occupancy - INFO - 혼잡도 예측 범위 (실제): [-0.1, 942.6]명
2025-11-14 05:06:39,782 - DCRNN-Occupancy - INFO - Epoch 8, Batch 0/125, Loss: 0.5180, TF Ratio: 0.157
2025-11-14 05:06:52,552 - DCRNN-Occupancy - INFO - Epoch 8, Batch 50/125, Loss: 0.4968, TF Ratio: 0.157
2025-11-14 05:07:06,390 - DCRNN-Occupancy - INFO - Epoch 8, Batch 100/125, Loss: 0.6362, TF Ratio: 0.157
2025-11-14 05:07:17,729 - DCRNN-Occupancy - INFO - Epoch 8: Train Loss: 0.5178, Val Loss: 0.6476, LR: 0.000490, Time: 40.6s
2025-11-14 05:07:17,729 - DCRNN-Occupancy - INFO - 혼잡도 예측 범위 (정규화): [-0.99, 2.06]
2025-11-14 05:07:17,729 - DCRNN-Occupancy - INFO - 혼잡도 예측 범위 (실제): [-0.1, 576.6]명
2025-11-14 05:07:20,479 - DCRNN-Occupancy - INFO - Epoch 9, Batch 0/125, Loss: 0.7825, TF Ratio: 0.115
2025-11-14 05:07:33,329 - DCRNN-Occupancy - INFO - Epoch 9, Batch 50/125, Loss: 0.4716, TF Ratio: 0.115
2025-11-14 05:07:46,174 - DCRNN-Occupancy - INFO - Epoch 9, Batch 100/125, Loss: 0.7433, TF Ratio: 0.115
2025-11-14 05:07:57,846 - DCRNN-Occupancy - INFO - Epoch 9: Train Loss: 0.6179, Val Loss: 0.6354, LR: 0.000488, Time: 40.1s
2025-11-14 05:07:57,846 - DCRNN-Occupancy - INFO - 혼잡도 예측 범위 (정규화): [-1.00, 2.04]
2025-11-14 05:07:57,846 - DCRNN-Occupancy - INFO - 혼잡도 예측 범위 (실제): [-0.1, 558.8]명
2025-11-14 05:08:00,502 - DCRNN-Occupancy - INFO - Epoch 10, Batch 0/125, Loss: 0.5530, TF Ratio: 0.100
2025-11-14 05:08:12,954 - DCRNN-Occupancy - INFO - Epoch 10, Batch 50/125, Loss: 0.6778, TF Ratio: 0.100
2025-11-14 05:08:25,261 - DCRNN-Occupancy - INFO - Epoch 10, Batch 100/125, Loss: 0.6150, TF Ratio: 0.100
2025-11-14 05:08:36,003 - DCRNN-Occupancy - INFO - Epoch 10: Train Loss: 0.5709, Val Loss: 0.6165, LR: 0.000485, Time: 38.2s
2025-11-14 05:08:36,004 - DCRNN-Occupancy - INFO - 혼잡도 예측 범위 (정규화): [-0.99, 2.15]
2025-11-14 05:08:36,004 - DCRNN-Occupancy - INFO - 혼잡도 예측 범위 (실제): [-0.0, 692.4]명
2025-11-14 05:08:36,076 - DCRNN-Occupancy - INFO - Best occupancy model saved: checkpoints/occupancy_model/best_occupancy_model.pth
2025-11-14 05:08:36,147 - DCRNN-Occupancy - INFO - Best occupancy model saved: checkpoints/occupancy_model/best_occupancy_model.pth
2025-11-14 05:08:38,834 - DCRNN-Occupancy - INFO - Epoch 11, Batch 0/125, Loss: 0.5050, TF Ratio: 0.100
2025-11-14 05:08:51,018 - DCRNN-Occupancy - INFO - Epoch 11, Batch 50/125, Loss: 0.6277, TF Ratio: 0.100
2025-11-14 05:09:03,431 - DCRNN-Occupancy - INFO - Epoch 11, Batch 100/125, Loss: 0.5723, TF Ratio: 0.100
2025-11-14 05:09:14,069 - DCRNN-Occupancy - INFO - Epoch 11: Train Loss: 0.5720, Val Loss: 0.6181, LR: 0.000482, Time: 37.9s
2025-11-14 05:09:14,069 - DCRNN-Occupancy - INFO - 혼잡도 예측 범위 (정규화): [-0.99, 1.95]
2025-11-14 05:09:14,069 - DCRNN-Occupancy - INFO - 혼잡도 예측 범위 (실제): [-0.1, 461.3]명
2025-11-14 05:09:16,675 - DCRNN-Occupancy - INFO - Epoch 12, Batch 0/125, Loss: 0.3776, TF Ratio: 0.100
2025-11-14 05:09:29,256 - DCRNN-Occupancy - INFO - Epoch 12, Batch 50/125, Loss: 0.7609, TF Ratio: 0.100
2025-11-14 05:09:42,091 - DCRNN-Occupancy - INFO - Epoch 12, Batch 100/125, Loss: 0.5541, TF Ratio: 0.100
2025-11-14 05:09:53,271 - DCRNN-Occupancy - INFO - Epoch 12: Train Loss: 0.5716, Val Loss: 0.6458, LR: 0.000479, Time: 39.2s
2025-11-14 05:09:53,271 - DCRNN-Occupancy - INFO - 혼잡도 예측 범위 (정규화): [-0.98, 2.06]
2025-11-14 05:09:53,271 - DCRNN-Occupancy - INFO - 혼잡도 예측 범위 (실제): [-0.0, 583.9]명
2025-11-14 05:09:56,169 - DCRNN-Occupancy - INFO - Epoch 13, Batch 0/125, Loss: 0.5203, TF Ratio: 0.100
2025-11-14 05:10:09,037 - DCRNN-Occupancy - INFO - Epoch 13, Batch 50/125, Loss: 0.5970, TF Ratio: 0.100
2025-11-14 05:10:21,886 - DCRNN-Occupancy - INFO - Epoch 13, Batch 100/125, Loss: 0.7020, TF Ratio: 0.100
2025-11-14 05:10:33,043 - DCRNN-Occupancy - INFO - Epoch 13: Train Loss: 0.5804, Val Loss: 0.6169, LR: 0.000476, Time: 39.8s
2025-11-14 05:10:33,043 - DCRNN-Occupancy - INFO - 혼잡도 예측 범위 (정규화): [-1.01, 1.92]
2025-11-14 05:10:33,043 - DCRNN-Occupancy - INFO - 혼잡도 예측 범위 (실제): [-0.1, 428.1]명
2025-11-14 05:10:35,663 - DCRNN-Occupancy - INFO - Epoch 14, Batch 0/125, Loss: 0.7358, TF Ratio: 0.100
2025-11-14 05:10:48,586 - DCRNN-Occupancy - INFO - Epoch 14, Batch 50/125, Loss: 0.6495, TF Ratio: 0.100
2025-11-14 05:11:01,716 - DCRNN-Occupancy - INFO - Epoch 14, Batch 100/125, Loss: 0.6043, TF Ratio: 0.100
2025-11-14 05:11:12,905 - DCRNN-Occupancy - INFO - Epoch 14: Train Loss: 0.5539, Val Loss: 0.6178, LR: 0.000473, Time: 39.9s
2025-11-14 05:11:12,906 - DCRNN-Occupancy - INFO - 혼잡도 예측 범위 (정규화): [-0.99, 1.89]
2025-11-14 05:11:12,906 - DCRNN-Occupancy - INFO - 혼잡도 예측 범위 (실제): [-0.0, 400.5]명
2025-11-14 05:11:15,580 - DCRNN-Occupancy - INFO - Epoch 15, Batch 0/125, Loss: 0.0971, TF Ratio: 0.100
2025-11-14 05:11:28,332 - DCRNN-Occupancy - INFO - Epoch 15, Batch 50/125, Loss: 0.4997, TF Ratio: 0.100
2025-11-14 05:11:41,056 - DCRNN-Occupancy - INFO - Epoch 15, Batch 100/125, Loss: 0.6026, TF Ratio: 0.100
2025-11-14 05:11:52,089 - DCRNN-Occupancy - INFO - Epoch 15: Train Loss: 0.5344, Val Loss: 0.6191, LR: 0.000469, Time: 39.2s
2025-11-14 05:11:52,089 - DCRNN-Occupancy - INFO - 혼잡도 예측 범위 (정규화): [-0.99, 2.07]
2025-11-14 05:11:52,089 - DCRNN-Occupancy - INFO - 혼잡도 예측 범위 (실제): [-0.1, 584.2]명
2025-11-14 05:11:55,262 - DCRNN-Occupancy - INFO - Epoch 16, Batch 0/125, Loss: 0.7220, TF Ratio: 0.100
2025-11-14 05:12:08,146 - DCRNN-Occupancy - INFO - Epoch 16, Batch 50/125, Loss: 0.5097, TF Ratio: 0.100
2025-11-14 05:12:21,028 - DCRNN-Occupancy - INFO - Epoch 16, Batch 100/125, Loss: 0.3543, TF Ratio: 0.100
2025-11-14 05:12:32,245 - DCRNN-Occupancy - INFO - Epoch 16: Train Loss: 0.5560, Val Loss: 0.6161, LR: 0.000465, Time: 40.2s
2025-11-14 05:12:32,245 - DCRNN-Occupancy - INFO - 혼잡도 예측 범위 (정규화): [-0.99, 1.90]
2025-11-14 05:12:32,245 - DCRNN-Occupancy - INFO - 혼잡도 예측 범위 (실제): [-0.0, 412.6]명
2025-11-14 05:12:32,318 - DCRNN-Occupancy - INFO - Best occupancy model saved: checkpoints/occupancy_model/best_occupancy_model.pth
2025-11-14 05:12:35,083 - DCRNN-Occupancy - INFO - Epoch 17, Batch 0/125, Loss: 0.4528, TF Ratio: 0.100
2025-11-14 05:12:47,902 - DCRNN-Occupancy - INFO - Epoch 17, Batch 50/125, Loss: 0.5314, TF Ratio: 0.100
2025-11-14 05:13:01,098 - DCRNN-Occupancy - INFO - Epoch 17, Batch 100/125, Loss: 0.6612, TF Ratio: 0.100
2025-11-14 05:13:12,858 - DCRNN-Occupancy - INFO - Epoch 17: Train Loss: 0.5564, Val Loss: 0.6171, LR: 0.000461, Time: 40.5s
2025-11-14 05:13:12,858 - DCRNN-Occupancy - INFO - 혼잡도 예측 범위 (정규화): [-0.99, 1.93]
2025-11-14 05:13:12,858 - DCRNN-Occupancy - INFO - 혼잡도 예측 범위 (실제): [-0.1, 444.1]명
2025-11-14 05:13:15,966 - DCRNN-Occupancy - INFO - Epoch 18, Batch 0/125, Loss: 0.5830, TF Ratio: 0.100
2025-11-14 05:13:29,917 - DCRNN-Occupancy - INFO - Epoch 18, Batch 50/125, Loss: 0.5256, TF Ratio: 0.100
2025-11-14 05:13:44,360 - DCRNN-Occupancy - INFO - Epoch 18, Batch 100/125, Loss: 0.6519, TF Ratio: 0.100
2025-11-14 05:13:58,473 - DCRNN-Occupancy - INFO - Epoch 18: Train Loss: 0.5657, Val Loss: 0.6467, LR: 0.000457, Time: 45.6s
2025-11-14 05:13:58,473 - DCRNN-Occupancy - INFO - 혼잡도 예측 범위 (정규화): [-0.99, 1.79]
2025-11-14 05:13:58,473 - DCRNN-Occupancy - INFO - 혼잡도 예측 범위 (실제): [-0.1, 328.9]명
2025-11-14 05:14:01,387 - DCRNN-Occupancy - INFO - Epoch 19, Batch 0/125, Loss: 0.7627, TF Ratio: 0.100
2025-11-14 05:14:14,126 - DCRNN-Occupancy - INFO - Epoch 19, Batch 50/125, Loss: 0.8222, TF Ratio: 0.100
2025-11-14 05:14:27,171 - DCRNN-Occupancy - INFO - Epoch 19, Batch 100/125, Loss: 0.6533, TF Ratio: 0.100
2025-11-14 05:14:39,355 - DCRNN-Occupancy - INFO - Epoch 19: Train Loss: 0.5650, Val Loss: 0.6130, LR: 0.000452, Time: 40.9s
2025-11-14 05:14:39,355 - DCRNN-Occupancy - INFO - 혼잡도 예측 범위 (정규화): [-0.99, 1.94]
2025-11-14 05:14:39,355 - DCRNN-Occupancy - INFO - 혼잡도 예측 범위 (실제): [-0.1, 447.9]명
2025-11-14 05:14:39,429 - DCRNN-Occupancy - INFO - Best occupancy model saved: checkpoints/occupancy_model/best_occupancy_model.pth
2025-11-14 05:14:42,589 - DCRNN-Occupancy - INFO - Epoch 20, Batch 0/125, Loss: 0.6392, TF Ratio: 0.100
2025-11-14 05:14:56,530 - DCRNN-Occupancy - INFO - Epoch 20, Batch 50/125, Loss: 0.6296, TF Ratio: 0.100
2025-11-14 05:15:09,245 - DCRNN-Occupancy - INFO - Epoch 20, Batch 100/125, Loss: 0.5848, TF Ratio: 0.100
2025-11-14 05:15:20,633 - DCRNN-Occupancy - INFO - Epoch 20: Train Loss: 0.5738, Val Loss: 0.6150, LR: 0.000448, Time: 41.2s
2025-11-14 05:15:20,633 - DCRNN-Occupancy - INFO - 혼잡도 예측 범위 (정규화): [-0.98, 1.91]
2025-11-14 05:15:20,633 - DCRNN-Occupancy - INFO - 혼잡도 예측 범위 (실제): [-0.0, 425.3]명
2025-11-14 05:15:23,209 - DCRNN-Occupancy - INFO - Epoch 21, Batch 0/125, Loss: 0.5106, TF Ratio: 0.100
2025-11-14 05:15:35,889 - DCRNN-Occupancy - INFO - Epoch 21, Batch 50/125, Loss: 0.6885, TF Ratio: 0.100
2025-11-14 05:15:48,454 - DCRNN-Occupancy - INFO - Epoch 21, Batch 100/125, Loss: 0.6015, TF Ratio: 0.100
2025-11-14 05:15:59,253 - DCRNN-Occupancy - INFO - Epoch 21: Train Loss: 0.5778, Val Loss: 0.6188, LR: 0.000443, Time: 38.6s
2025-11-14 05:15:59,253 - DCRNN-Occupancy - INFO - 혼잡도 예측 범위 (정규화): [-0.98, 2.09]
2025-11-14 05:15:59,253 - DCRNN-Occupancy - INFO - 혼잡도 예측 범위 (실제): [-0.0, 619.9]명
2025-11-14 05:16:01,781 - DCRNN-Occupancy - INFO - Epoch 22, Batch 0/125, Loss: 0.5868, TF Ratio: 0.100
2025-11-14 05:16:14,133 - DCRNN-Occupancy - INFO - Epoch 22, Batch 50/125, Loss: 0.0524, TF Ratio: 0.100
2025-11-14 05:16:26,346 - DCRNN-Occupancy - INFO - Epoch 22, Batch 100/125, Loss: 0.5857, TF Ratio: 0.100
2025-11-14 05:16:36,992 - DCRNN-Occupancy - INFO - Epoch 22: Train Loss: 0.5642, Val Loss: 0.6147, LR: 0.000438, Time: 37.7s
2025-11-14 05:16:36,992 - DCRNN-Occupancy - INFO - 혼잡도 예측 범위 (정규화): [-1.01, 1.93]
2025-11-14 05:16:36,992 - DCRNN-Occupancy - INFO - 혼잡도 예측 범위 (실제): [-0.1, 440.3]명
2025-11-14 05:16:39,343 - DCRNN-Occupancy - INFO - Epoch 23, Batch 0/125, Loss: 0.7392, TF Ratio: 0.100
2025-11-14 05:16:51,974 - DCRNN-Occupancy - INFO - Epoch 23, Batch 50/125, Loss: 0.5297, TF Ratio: 0.100
2025-11-14 05:17:04,728 - DCRNN-Occupancy - INFO - Epoch 23, Batch 100/125, Loss: 0.7081, TF Ratio: 0.100
2025-11-14 05:17:15,242 - DCRNN-Occupancy - INFO - Epoch 23: Train Loss: 0.5430, Val Loss: 0.6132, LR: 0.000432, Time: 38.2s
2025-11-14 05:17:15,242 - DCRNN-Occupancy - INFO - 혼잡도 예측 범위 (정규화): [-0.99, 1.83]
2025-11-14 05:17:15,242 - DCRNN-Occupancy - INFO - 혼잡도 예측 범위 (실제): [-0.0, 358.6]명
2025-11-14 05:17:17,659 - DCRNN-Occupancy - INFO - Epoch 24, Batch 0/125, Loss: 0.6820, TF Ratio: 0.100
2025-11-14 05:17:30,077 - DCRNN-Occupancy - INFO - Epoch 24, Batch 50/125, Loss: 0.7254, TF Ratio: 0.100
2025-11-14 05:17:42,451 - DCRNN-Occupancy - INFO - Epoch 24, Batch 100/125, Loss: 0.5940, TF Ratio: 0.100
2025-11-14 05:17:53,011 - DCRNN-Occupancy - INFO - Epoch 24: Train Loss: 0.5662, Val Loss: 0.6177, LR: 0.000427, Time: 37.8s
2025-11-14 05:17:53,011 - DCRNN-Occupancy - INFO - 혼잡도 예측 범위 (정규화): [-0.98, 1.89]
2025-11-14 05:17:53,011 - DCRNN-Occupancy - INFO - 혼잡도 예측 범위 (실제): [-0.0, 403.4]명
2025-11-14 05:17:55,615 - DCRNN-Occupancy - INFO - Epoch 25, Batch 0/125, Loss: 0.4147, TF Ratio: 0.100
2025-11-14 05:18:08,209 - DCRNN-Occupancy - INFO - Epoch 25, Batch 50/125, Loss: 0.8092, TF Ratio: 0.100
2025-11-14 05:18:20,780 - DCRNN-Occupancy - INFO - Epoch 25, Batch 100/125, Loss: 0.6191, TF Ratio: 0.100
2025-11-14 05:18:31,396 - DCRNN-Occupancy - INFO - Epoch 25: Train Loss: 0.5381, Val Loss: 0.6150, LR: 0.000421, Time: 38.4s
2025-11-14 05:18:31,396 - DCRNN-Occupancy - INFO - 혼잡도 예측 범위 (정규화): [-0.99, 1.79]
2025-11-14 05:18:31,396 - DCRNN-Occupancy - INFO - 혼잡도 예측 범위 (실제): [-0.0, 325.9]명
2025-11-14 05:18:33,842 - DCRNN-Occupancy - INFO - Epoch 26, Batch 0/125, Loss: 0.6989, TF Ratio: 0.100
2025-11-14 05:18:46,418 - DCRNN-Occupancy - INFO - Epoch 26, Batch 50/125, Loss: 0.6131, TF Ratio: 0.100
2025-11-14 05:19:00,338 - DCRNN-Occupancy - INFO - Epoch 26, Batch 100/125, Loss: 0.7434, TF Ratio: 0.100
2025-11-14 05:19:13,954 - DCRNN-Occupancy - INFO - Epoch 26: Train Loss: 0.5692, Val Loss: 0.6151, LR: 0.000415, Time: 42.6s
2025-11-14 05:19:13,954 - DCRNN-Occupancy - INFO - 혼잡도 예측 범위 (정규화): [-0.98, 1.79]
2025-11-14 05:19:13,955 - DCRNN-Occupancy - INFO - 혼잡도 예측 범위 (실제): [-0.0, 328.9]명
2025-11-14 05:19:17,199 - DCRNN-Occupancy - INFO - Epoch 27, Batch 0/125, Loss: 0.5567, TF Ratio: 0.100
2025-11-14 05:19:33,146 - DCRNN-Occupancy - INFO - Epoch 27, Batch 50/125, Loss: 0.5101, TF Ratio: 0.100
2025-11-14 05:19:47,756 - DCRNN-Occupancy - INFO - Epoch 27, Batch 100/125, Loss: 0.5121, TF Ratio: 0.100
2025-11-14 05:20:00,563 - DCRNN-Occupancy - INFO - Epoch 27: Train Loss: 0.5620, Val Loss: 0.6131, LR: 0.000410, Time: 46.6s
2025-11-14 05:20:00,563 - DCRNN-Occupancy - INFO - 혼잡도 예측 범위 (정규화): [-0.98, 1.79]
2025-11-14 05:20:00,563 - DCRNN-Occupancy - INFO - 혼잡도 예측 범위 (실제): [-0.0, 325.1]명
2025-11-14 05:20:03,671 - DCRNN-Occupancy - INFO - Epoch 28, Batch 0/125, Loss: 0.0578, TF Ratio: 0.100
2025-11-14 05:20:19,258 - DCRNN-Occupancy - INFO - Epoch 28, Batch 50/125, Loss: 0.6937, TF Ratio: 0.100
2025-11-14 05:20:34,591 - DCRNN-Occupancy - INFO - Epoch 28, Batch 100/125, Loss: 0.6554, TF Ratio: 0.100
2025-11-14 05:20:48,744 - DCRNN-Occupancy - INFO - Epoch 28: Train Loss: 0.5698, Val Loss: 0.6122, LR: 0.000403, Time: 48.2s
2025-11-14 05:20:48,744 - DCRNN-Occupancy - INFO - 혼잡도 예측 범위 (정규화): [-0.99, 1.77]
2025-11-14 05:20:48,744 - DCRNN-Occupancy - INFO - 혼잡도 예측 범위 (실제): [-0.0, 315.2]명
2025-11-14 05:20:48,834 - DCRNN-Occupancy - INFO - Best occupancy model saved: checkpoints/occupancy_model/best_occupancy_model.pth
2025-11-14 05:20:51,771 - DCRNN-Occupancy - INFO - Epoch 29, Batch 0/125, Loss: 0.4948, TF Ratio: 0.100
2025-11-14 05:21:08,255 - DCRNN-Occupancy - INFO - Epoch 29, Batch 50/125, Loss: 0.5592, TF Ratio: 0.100
2025-11-14 05:21:24,403 - DCRNN-Occupancy - INFO - Epoch 29, Batch 100/125, Loss: 0.6029, TF Ratio: 0.100
2025-11-14 05:21:36,797 - DCRNN-Occupancy - INFO - Epoch 29: Train Loss: 0.5497, Val Loss: 0.6174, LR: 0.000397, Time: 48.0s
2025-11-14 05:21:36,797 - DCRNN-Occupancy - INFO - 혼잡도 예측 범위 (정규화): [-0.98, 1.90]
2025-11-14 05:21:36,797 - DCRNN-Occupancy - INFO - 혼잡도 예측 범위 (실제): [-0.0, 416.8]명
2025-11-14 05:21:39,971 - DCRNN-Occupancy - INFO - Epoch 30, Batch 0/125, Loss: 0.7389, TF Ratio: 0.100
2025-11-14 05:21:53,771 - DCRNN-Occupancy - INFO - Epoch 30, Batch 50/125, Loss: 0.3934, TF Ratio: 0.100
2025-11-14 05:22:07,369 - DCRNN-Occupancy - INFO - Epoch 30, Batch 100/125, Loss: 0.5058, TF Ratio: 0.100
2025-11-14 05:22:18,819 - DCRNN-Occupancy - INFO - Epoch 30: Train Loss: 0.5385, Val Loss: 0.6115, LR: 0.000391, Time: 42.0s
2025-11-14 05:22:18,819 - DCRNN-Occupancy - INFO - 혼잡도 예측 범위 (정규화): [-0.99, 1.83]
2025-11-14 05:22:18,819 - DCRNN-Occupancy - INFO - 혼잡도 예측 범위 (실제): [-0.0, 356.3]명
2025-11-14 05:22:18,893 - DCRNN-Occupancy - INFO - Best occupancy model saved: checkpoints/occupancy_model/best_occupancy_model.pth
2025-11-14 05:22:18,964 - DCRNN-Occupancy - INFO - Best occupancy model saved: checkpoints/occupancy_model/best_occupancy_model.pth
2025-11-14 05:22:21,636 - DCRNN-Occupancy - INFO - Epoch 31, Batch 0/125, Loss: 0.5552, TF Ratio: 0.100
2025-11-14 05:22:34,794 - DCRNN-Occupancy - INFO - Epoch 31, Batch 50/125, Loss: 0.0728, TF Ratio: 0.100
2025-11-14 05:22:47,915 - DCRNN-Occupancy - INFO - Epoch 31, Batch 100/125, Loss: 0.6915, TF Ratio: 0.100
2025-11-14 05:22:59,534 - DCRNN-Occupancy - INFO - Epoch 31: Train Loss: 0.5347, Val Loss: 0.6137, LR: 0.000384, Time: 40.6s
2025-11-14 05:22:59,534 - DCRNN-Occupancy - INFO - 혼잡도 예측 범위 (정규화): [-1.00, 1.94]
2025-11-14 05:22:59,534 - DCRNN-Occupancy - INFO - 혼잡도 예측 범위 (실제): [-0.1, 451.0]명
2025-11-14 05:23:02,197 - DCRNN-Occupancy - INFO - Epoch 32, Batch 0/125, Loss: 0.6876, TF Ratio: 0.100
2025-11-14 05:23:15,831 - DCRNN-Occupancy - INFO - Epoch 32, Batch 50/125, Loss: 0.4842, TF Ratio: 0.100
2025-11-14 05:23:29,585 - DCRNN-Occupancy - INFO - Epoch 32, Batch 100/125, Loss: 0.5846, TF Ratio: 0.100
2025-11-14 05:23:41,692 - DCRNN-Occupancy - INFO - Epoch 32: Train Loss: 0.5557, Val Loss: 0.6137, LR: 0.000378, Time: 42.2s
2025-11-14 05:23:41,692 - DCRNN-Occupancy - INFO - 혼잡도 예측 범위 (정규화): [-0.98, 1.77]
2025-11-14 05:23:41,692 - DCRNN-Occupancy - INFO - 혼잡도 예측 범위 (실제): [-0.0, 317.0]명
2025-11-14 05:23:44,466 - DCRNN-Occupancy - INFO - Epoch 33, Batch 0/125, Loss: 0.6243, TF Ratio: 0.100
2025-11-14 05:23:59,276 - DCRNN-Occupancy - INFO - Epoch 33, Batch 50/125, Loss: 0.6469, TF Ratio: 0.100
2025-11-14 05:24:14,446 - DCRNN-Occupancy - INFO - Epoch 33, Batch 100/125, Loss: 0.7059, TF Ratio: 0.100
2025-11-14 05:24:28,158 - DCRNN-Occupancy - INFO - Epoch 33: Train Loss: 0.5417, Val Loss: 0.6114, LR: 0.000371, Time: 46.5s
2025-11-14 05:24:28,158 - DCRNN-Occupancy - INFO - 혼잡도 예측 범위 (정규화): [-0.98, 1.83]
2025-11-14 05:24:28,158 - DCRNN-Occupancy - INFO - 혼잡도 예측 범위 (실제): [-0.0, 359.1]명
2025-11-14 05:24:28,243 - DCRNN-Occupancy - INFO - Best occupancy model saved: checkpoints/occupancy_model/best_occupancy_model.pth
2025-11-14 05:24:31,819 - DCRNN-Occupancy - INFO - Epoch 34, Batch 0/125, Loss: 0.6186, TF Ratio: 0.100
2025-11-14 05:24:48,616 - DCRNN-Occupancy - INFO - Epoch 34, Batch 50/125, Loss: 0.7258, TF Ratio: 0.100
2025-11-14 05:25:02,155 - DCRNN-Occupancy - INFO - Epoch 34, Batch 100/125, Loss: 0.4839, TF Ratio: 0.100
2025-11-14 05:25:13,412 - DCRNN-Occupancy - INFO - Epoch 34: Train Loss: 0.5444, Val Loss: 0.6130, LR: 0.000364, Time: 45.2s
2025-11-14 05:25:13,412 - DCRNN-Occupancy - INFO - 혼잡도 예측 범위 (정규화): [-0.99, 1.86]
2025-11-14 05:25:13,412 - DCRNN-Occupancy - INFO - 혼잡도 예측 범위 (실제): [-0.0, 376.6]명
2025-11-14 05:25:16,057 - DCRNN-Occupancy - INFO - Epoch 35, Batch 0/125, Loss: 0.6169, TF Ratio: 0.100
2025-11-14 05:25:31,247 - DCRNN-Occupancy - INFO - Epoch 35, Batch 50/125, Loss: 0.6760, TF Ratio: 0.100
2025-11-14 05:25:46,452 - DCRNN-Occupancy - INFO - Epoch 35, Batch 100/125, Loss: 0.7938, TF Ratio: 0.100
2025-11-14 05:25:59,911 - DCRNN-Occupancy - INFO - Epoch 35: Train Loss: 0.5774, Val Loss: 0.6112, LR: 0.000357, Time: 46.5s
2025-11-14 05:25:59,911 - DCRNN-Occupancy - INFO - 혼잡도 예측 범위 (정규화): [-0.99, 1.82]
2025-11-14 05:25:59,911 - DCRNN-Occupancy - INFO - 혼잡도 예측 범위 (실제): [-0.1, 345.6]명
2025-11-14 05:25:59,992 - DCRNN-Occupancy - INFO - Best occupancy model saved: checkpoints/occupancy_model/best_occupancy_model.pth
2025-11-14 05:26:03,221 - DCRNN-Occupancy - INFO - Epoch 36, Batch 0/125, Loss: 0.6391, TF Ratio: 0.100
2025-11-14 05:26:18,394 - DCRNN-Occupancy - INFO - Epoch 36, Batch 50/125, Loss: 0.6420, TF Ratio: 0.100
2025-11-14 05:26:33,201 - DCRNN-Occupancy - INFO - Epoch 36, Batch 100/125, Loss: 0.0977, TF Ratio: 0.100
2025-11-14 05:26:46,805 - DCRNN-Occupancy - INFO - Epoch 36: Train Loss: 0.5615, Val Loss: 0.6150, LR: 0.000350, Time: 46.8s
2025-11-14 05:26:46,805 - DCRNN-Occupancy - INFO - 혼잡도 예측 범위 (정규화): [-0.98, 1.89]
2025-11-14 05:26:46,806 - DCRNN-Occupancy - INFO - 혼잡도 예측 범위 (실제): [-0.0, 406.1]명
2025-11-14 05:26:49,981 - DCRNN-Occupancy - INFO - Epoch 37, Batch 0/125, Loss: 0.5916, TF Ratio: 0.100
2025-11-14 05:27:06,444 - DCRNN-Occupancy - INFO - Epoch 37, Batch 50/125, Loss: 0.5826, TF Ratio: 0.100
2025-11-14 05:27:23,380 - DCRNN-Occupancy - INFO - Epoch 37, Batch 100/125, Loss: 0.0380, TF Ratio: 0.100
2025-11-14 05:27:37,517 - DCRNN-Occupancy - INFO - Epoch 37: Train Loss: 0.5632, Val Loss: 0.6121, LR: 0.000342, Time: 50.7s
2025-11-14 05:27:37,517 - DCRNN-Occupancy - INFO - 혼잡도 예측 범위 (정규화): [-0.98, 1.78]
2025-11-14 05:27:37,518 - DCRNN-Occupancy - INFO - 혼잡도 예측 범위 (실제): [-0.0, 322.1]명
2025-11-14 05:27:40,501 - DCRNN-Occupancy - INFO - Epoch 38, Batch 0/125, Loss: 0.1685, TF Ratio: 0.100
2025-11-14 05:27:56,451 - DCRNN-Occupancy - INFO - Epoch 38, Batch 50/125, Loss: 0.7582, TF Ratio: 0.100
2025-11-14 05:28:11,195 - DCRNN-Occupancy - INFO - Epoch 38, Batch 100/125, Loss: 0.6375, TF Ratio: 0.100
2025-11-14 05:28:24,479 - DCRNN-Occupancy - INFO - Epoch 38: Train Loss: 0.5557, Val Loss: 0.6155, LR: 0.000335, Time: 47.0s
2025-11-14 05:28:24,480 - DCRNN-Occupancy - INFO - 혼잡도 예측 범위 (정규화): [-0.98, 1.84]
2025-11-14 05:28:24,480 - DCRNN-Occupancy - INFO - 혼잡도 예측 범위 (실제): [-0.0, 362.9]명
2025-11-14 05:28:27,135 - DCRNN-Occupancy - INFO - Epoch 39, Batch 0/125, Loss: 0.6448, TF Ratio: 0.100
2025-11-14 05:28:40,649 - DCRNN-Occupancy - INFO - Epoch 39, Batch 50/125, Loss: 0.3669, TF Ratio: 0.100
2025-11-14 05:28:53,872 - DCRNN-Occupancy - INFO - Epoch 39, Batch 100/125, Loss: 0.4620, TF Ratio: 0.100
2025-11-14 05:29:06,608 - DCRNN-Occupancy - INFO - Epoch 39: Train Loss: 0.5451, Val Loss: 0.6125, LR: 0.000328, Time: 42.1s
2025-11-14 05:29:06,609 - DCRNN-Occupancy - INFO - 혼잡도 예측 범위 (정규화): [-0.98, 1.76]
2025-11-14 05:29:06,609 - DCRNN-Occupancy - INFO - 혼잡도 예측 범위 (실제): [-0.0, 308.3]명
2025-11-14 05:29:09,634 - DCRNN-Occupancy - INFO - Epoch 40, Batch 0/125, Loss: 0.6333, TF Ratio: 0.100
2025-11-14 05:29:26,337 - DCRNN-Occupancy - INFO - Epoch 40, Batch 50/125, Loss: 0.5504, TF Ratio: 0.100
2025-11-14 05:29:38,394 - DCRNN-Occupancy - INFO - 혼잡도 전용 데이터셋 로드 중...
2025-11-14 05:29:38,518 - DCRNN-Occupancy - INFO - 계절별 균등 분할 완료:
2025-11-14 05:29:38,518 - DCRNN-Occupancy - INFO -   Train: 166일
2025-11-14 05:29:38,518 - DCRNN-Occupancy - INFO -   Val: 37일
2025-11-14 05:29:38,518 - DCRNN-Occupancy - INFO -   Test: 40일
2025-11-14 05:29:38,519 - DCRNN-Occupancy - INFO - 분할 정보 저장: data/seasonal_split.pkl
2025-11-14 05:29:44,789 - DCRNN-Occupancy - INFO - Epoch 40, Batch 100/125, Loss: 0.5060, TF Ratio: 0.100
2025-11-14 05:29:50,584 - DCRNN-Occupancy - INFO - Train batches: 125
2025-11-14 05:29:50,584 - DCRNN-Occupancy - INFO - Val batches: 28
2025-11-14 05:29:50,588 - DCRNN-Occupancy - INFO - 혼잡도 전용 DCRNN 모델 구성 중...
2025-11-14 05:29:50,601 - DCRNN-Occupancy - INFO - Total parameters: 3,213,245
2025-11-14 05:29:50,601 - DCRNN-Occupancy - INFO - Trainable parameters: 3,213,245
2025-11-14 05:29:51,371 - DCRNN-Occupancy - INFO - 혼잡도 모델 훈련 설정 완료
2025-11-14 05:29:51,371 - DCRNN-Occupancy - INFO - 혼잡도 모델 훈련 시작...
2025-11-14 05:29:51,371 - DCRNN-Occupancy - INFO - 총 300 에포크 훈련 예정
2025-11-14 05:29:51,371 - DCRNN-Occupancy - INFO - 시작 에포크: 0
2025-11-14 05:29:51,371 - DCRNN-Occupancy - INFO - 디바이스: cpu
2025-11-14 05:30:02,867 - DCRNN-Occupancy - INFO - Epoch 40: Train Loss: 0.5736, Val Loss: 0.6115, LR: 0.000320, Time: 56.3s
2025-11-14 05:30:02,869 - DCRNN-Occupancy - INFO - 혼잡도 예측 범위 (정규화): [-1.00, 1.77]
2025-11-14 05:30:02,869 - DCRNN-Occupancy - INFO - 혼잡도 예측 범위 (실제): [-0.1, 315.9]명
2025-11-14 05:30:03,276 - DCRNN-Occupancy - INFO - 첫 배치 처리 시작 - X shape: torch.Size([16, 12, 22, 31]), Y shape: torch.Size([16, 22, 1])
2025-11-14 05:30:03,768 - DCRNN-Occupancy - INFO - 🔍 Teacher Forcing 없이 예측 범위: [-0.313, 0.217]
2025-11-14 05:30:03,768 - DCRNN-Occupancy - INFO - 🔍 Teacher Forcing 99%로 예측 범위: [-0.315, 0.178]
2025-11-14 05:30:04,006 - DCRNN-Occupancy - INFO - Epoch 0, Batch 0/125, Loss: 0.9564, TF Ratio: 0.700
2025-11-14 05:30:07,486 - DCRNN-Occupancy - INFO - Epoch 41, Batch 0/125, Loss: 0.7406, TF Ratio: 0.100
2025-11-14 05:30:33,161 - DCRNN-Occupancy - INFO - Epoch 0, Batch 50/125, Loss: 0.8790, TF Ratio: 0.700
2025-11-14 05:30:37,269 - DCRNN-Occupancy - INFO - Epoch 41, Batch 50/125, Loss: 0.5927, TF Ratio: 0.100
2025-11-14 05:31:00,484 - DCRNN-Occupancy - INFO - 혼잡도 전용 데이터셋 로드 중...
2025-11-14 05:31:00,582 - DCRNN-Occupancy - INFO - 계절별 균등 분할 완료:
2025-11-14 05:31:00,582 - DCRNN-Occupancy - INFO -   Train: 166일
2025-11-14 05:31:00,582 - DCRNN-Occupancy - INFO -   Val: 37일
2025-11-14 05:31:00,582 - DCRNN-Occupancy - INFO -   Test: 40일
2025-11-14 05:31:00,582 - DCRNN-Occupancy - INFO - 분할 정보 저장: data/seasonal_split.pkl
2025-11-14 05:31:10,065 - DCRNN-Occupancy - INFO - Train batches: 249
2025-11-14 05:31:10,065 - DCRNN-Occupancy - INFO - Val batches: 56
2025-11-14 05:31:10,067 - DCRNN-Occupancy - INFO - 혼잡도 전용 DCRNN 모델 구성 중...
2025-11-14 05:31:10,070 - DCRNN-Occupancy - INFO - Total parameters: 565,949
2025-11-14 05:31:10,070 - DCRNN-Occupancy - INFO - Trainable parameters: 565,949
2025-11-14 05:31:10,655 - DCRNN-Occupancy - INFO - 혼잡도 모델 훈련 설정 완료
2025-11-14 05:31:10,655 - DCRNN-Occupancy - INFO - 혼잡도 모델 훈련 시작...
2025-11-14 05:31:10,655 - DCRNN-Occupancy - INFO - 총 100 에포크 훈련 예정
2025-11-14 05:31:10,655 - DCRNN-Occupancy - INFO - 시작 에포크: 0
2025-11-14 05:31:10,655 - DCRNN-Occupancy - INFO - 디바이스: cpu
2025-11-14 05:31:10,714 - DCRNN-Occupancy - INFO - 첫 배치 처리 시작 - X shape: torch.Size([8, 12, 22, 31]), Y shape: torch.Size([8, 22, 1])
2025-11-14 05:31:10,767 - DCRNN-Occupancy - INFO - 🔍 Teacher Forcing 없이 예측 범위: [0.038, 0.590]
2025-11-14 05:31:10,767 - DCRNN-Occupancy - INFO - 🔍 Teacher Forcing 99%로 예측 범위: [0.062, 0.635]
2025-11-14 05:31:10,824 - DCRNN-Occupancy - INFO - Epoch 0, Batch 0/249, Loss: 1.0205, TF Ratio: 0.700
2025-11-14 05:31:17,287 - DCRNN-Occupancy - INFO - Epoch 0, Batch 50/249, Loss: 0.1086, TF Ratio: 0.700
2025-11-14 05:31:23,483 - DCRNN-Occupancy - INFO - Epoch 0, Batch 100/249, Loss: 0.1072, TF Ratio: 0.700
2025-11-14 05:31:29,725 - DCRNN-Occupancy - INFO - Epoch 0, Batch 150/249, Loss: 0.0735, TF Ratio: 0.700
2025-11-14 05:31:36,515 - DCRNN-Occupancy - INFO - Epoch 0, Batch 200/249, Loss: 0.0737, TF Ratio: 0.700
2025-11-14 05:31:47,384 - DCRNN-Occupancy - INFO - Epoch 0: Train Loss: 0.3455, Val Loss: 0.6613, LR: 0.000500, Time: 36.7s
2025-11-14 05:31:47,385 - DCRNN-Occupancy - INFO - 혼잡도 예측 범위 (정규화): [-1.55, 2.24]
2025-11-14 05:31:47,385 - DCRNN-Occupancy - INFO - 혼잡도 예측 범위 (실제): [-0.7, 842.6]명
2025-11-14 05:31:47,411 - DCRNN-Occupancy - INFO - Best occupancy model saved: checkpoints/occupancy_model/best_occupancy_model.pth
2025-11-14 05:31:47,431 - DCRNN-Occupancy - INFO - Best occupancy model saved: checkpoints/occupancy_model/best_occupancy_model.pth
2025-11-14 05:31:47,553 - DCRNN-Occupancy - INFO - Epoch 1, Batch 0/249, Loss: 0.0719, TF Ratio: 0.685
2025-11-14 05:31:54,054 - DCRNN-Occupancy - INFO - Epoch 1, Batch 50/249, Loss: 0.5116, TF Ratio: 0.685
2025-11-14 05:32:00,838 - DCRNN-Occupancy - INFO - Epoch 1, Batch 100/249, Loss: 0.3787, TF Ratio: 0.685
2025-11-14 05:32:06,857 - DCRNN-Occupancy - INFO - Epoch 1, Batch 150/249, Loss: 0.0501, TF Ratio: 0.685
2025-11-14 05:32:13,149 - DCRNN-Occupancy - INFO - Epoch 1, Batch 200/249, Loss: 0.0611, TF Ratio: 0.685
2025-11-14 05:32:23,530 - DCRNN-Occupancy - INFO - Epoch 1: Train Loss: 0.2623, Val Loss: 0.6423, LR: 0.000500, Time: 36.1s
2025-11-14 05:32:23,530 - DCRNN-Occupancy - INFO - 혼잡도 예측 범위 (정규화): [-1.16, 2.38]
2025-11-14 05:32:23,530 - DCRNN-Occupancy - INFO - 혼잡도 예측 범위 (실제): [-0.3, 1139.3]명
2025-11-14 05:32:23,555 - DCRNN-Occupancy - INFO - Best occupancy model saved: checkpoints/occupancy_model/best_occupancy_model.pth
2025-11-14 05:32:23,677 - DCRNN-Occupancy - INFO - Epoch 2, Batch 0/249, Loss: 0.0491, TF Ratio: 0.643
2025-11-14 05:32:29,894 - DCRNN-Occupancy - INFO - Epoch 2, Batch 50/249, Loss: 0.0441, TF Ratio: 0.643
2025-11-14 05:32:37,217 - DCRNN-Occupancy - INFO - Epoch 2, Batch 100/249, Loss: 0.0303, TF Ratio: 0.643
2025-11-14 05:32:44,194 - DCRNN-Occupancy - INFO - Epoch 2, Batch 150/249, Loss: 0.0405, TF Ratio: 0.643
2025-11-14 05:32:51,382 - DCRNN-Occupancy - INFO - Epoch 2, Batch 200/249, Loss: 0.0444, TF Ratio: 0.643
2025-11-14 05:33:02,975 - DCRNN-Occupancy - INFO - Epoch 2: Train Loss: 0.2743, Val Loss: 0.6460, LR: 0.000499, Time: 39.4s
2025-11-14 05:33:02,975 - DCRNN-Occupancy - INFO - 혼잡도 예측 범위 (정규화): [-1.10, 2.46]
2025-11-14 05:33:02,975 - DCRNN-Occupancy - INFO - 혼잡도 예측 범위 (실제): [-0.2, 1332.6]명
2025-11-14 05:33:03,110 - DCRNN-Occupancy - INFO - Epoch 3, Batch 0/249, Loss: 0.8602, TF Ratio: 0.576
2025-11-14 05:33:09,887 - DCRNN-Occupancy - INFO - Epoch 3, Batch 50/249, Loss: 0.0448, TF Ratio: 0.576
2025-11-14 05:33:16,632 - DCRNN-Occupancy - INFO - Epoch 3, Batch 100/249, Loss: 0.0410, TF Ratio: 0.576
2025-11-14 05:33:23,043 - DCRNN-Occupancy - INFO - Epoch 3, Batch 150/249, Loss: 0.0317, TF Ratio: 0.576
2025-11-14 05:33:29,940 - DCRNN-Occupancy - INFO - Epoch 3, Batch 200/249, Loss: 0.4976, TF Ratio: 0.576
2025-11-14 05:33:40,683 - DCRNN-Occupancy - INFO - Epoch 3: Train Loss: 0.3238, Val Loss: 0.6855, LR: 0.000498, Time: 37.7s
2025-11-14 05:33:40,684 - DCRNN-Occupancy - INFO - 혼잡도 예측 범위 (정규화): [-1.11, 2.37]
2025-11-14 05:33:40,684 - DCRNN-Occupancy - INFO - 혼잡도 예측 범위 (실제): [-0.3, 1113.8]명
2025-11-14 05:33:40,806 - DCRNN-Occupancy - INFO - Epoch 4, Batch 0/249, Loss: 0.0458, TF Ratio: 0.493
2025-11-14 05:33:46,943 - DCRNN-Occupancy - INFO - Epoch 4, Batch 50/249, Loss: 0.0242, TF Ratio: 0.493
2025-11-14 05:33:52,955 - DCRNN-Occupancy - INFO - Epoch 4, Batch 100/249, Loss: 0.0357, TF Ratio: 0.493
2025-11-14 05:33:59,193 - DCRNN-Occupancy - INFO - Epoch 4, Batch 150/249, Loss: 0.0284, TF Ratio: 0.493
2025-11-14 05:34:06,086 - DCRNN-Occupancy - INFO - Epoch 4, Batch 200/249, Loss: 0.6737, TF Ratio: 0.493
2025-11-14 05:34:17,147 - DCRNN-Occupancy - INFO - Epoch 4: Train Loss: 0.3307, Val Loss: 0.6302, LR: 0.000497, Time: 36.5s
2025-11-14 05:34:17,148 - DCRNN-Occupancy - INFO - 혼잡도 예측 범위 (정규화): [-1.02, 2.45]
2025-11-14 05:34:17,148 - DCRNN-Occupancy - INFO - 혼잡도 예측 범위 (실제): [-0.1, 1307.7]명
2025-11-14 05:34:17,168 - DCRNN-Occupancy - INFO - Best occupancy model saved: checkpoints/occupancy_model/best_occupancy_model.pth
2025-11-14 05:34:17,304 - DCRNN-Occupancy - INFO - Epoch 5, Batch 0/249, Loss: 0.0349, TF Ratio: 0.400
2025-11-14 05:34:24,252 - DCRNN-Occupancy - INFO - Epoch 5, Batch 50/249, Loss: 0.7186, TF Ratio: 0.400
2025-11-14 05:34:31,675 - DCRNN-Occupancy - INFO - Epoch 5, Batch 100/249, Loss: 0.0278, TF Ratio: 0.400
2025-11-14 05:34:38,613 - DCRNN-Occupancy - INFO - Epoch 5, Batch 150/249, Loss: 0.0309, TF Ratio: 0.400
2025-11-14 05:34:45,452 - DCRNN-Occupancy - INFO - Epoch 5, Batch 200/249, Loss: 0.6662, TF Ratio: 0.400
2025-11-14 05:34:56,785 - DCRNN-Occupancy - INFO - Epoch 5: Train Loss: 0.3935, Val Loss: 0.6642, LR: 0.000496, Time: 39.6s
2025-11-14 05:34:56,785 - DCRNN-Occupancy - INFO - 혼잡도 예측 범위 (정규화): [-1.05, 2.37]
2025-11-14 05:34:56,785 - DCRNN-Occupancy - INFO - 혼잡도 예측 범위 (실제): [-0.2, 1118.2]명
2025-11-14 05:34:56,914 - DCRNN-Occupancy - INFO - Epoch 6, Batch 0/249, Loss: 0.7124, TF Ratio: 0.307
2025-11-14 05:35:03,760 - DCRNN-Occupancy - INFO - Epoch 6, Batch 50/249, Loss: 0.6175, TF Ratio: 0.307
2025-11-14 05:35:11,184 - DCRNN-Occupancy - INFO - Epoch 6, Batch 100/249, Loss: 0.5362, TF Ratio: 0.307
2025-11-14 05:35:17,584 - DCRNN-Occupancy - INFO - Epoch 6, Batch 150/249, Loss: 0.6665, TF Ratio: 0.307
2025-11-14 05:35:24,105 - DCRNN-Occupancy - INFO - Epoch 6, Batch 200/249, Loss: 0.4418, TF Ratio: 0.307
2025-11-14 05:35:35,427 - DCRNN-Occupancy - INFO - Epoch 6: Train Loss: 0.4535, Val Loss: 0.6279, LR: 0.000494, Time: 38.6s
2025-11-14 05:35:35,428 - DCRNN-Occupancy - INFO - 혼잡도 예측 범위 (정규화): [-1.01, 2.37]
2025-11-14 05:35:35,428 - DCRNN-Occupancy - INFO - 혼잡도 예측 범위 (실제): [-0.1, 1102.2]명
2025-11-14 05:35:35,449 - DCRNN-Occupancy - INFO - Best occupancy model saved: checkpoints/occupancy_model/best_occupancy_model.pth
2025-11-14 05:35:35,584 - DCRNN-Occupancy - INFO - Epoch 7, Batch 0/249, Loss: 0.6144, TF Ratio: 0.224
2025-11-14 05:35:42,675 - DCRNN-Occupancy - INFO - Epoch 7, Batch 50/249, Loss: 0.3927, TF Ratio: 0.224
2025-11-14 05:35:49,956 - DCRNN-Occupancy - INFO - Epoch 7, Batch 100/249, Loss: 0.5770, TF Ratio: 0.224
2025-11-14 05:35:57,595 - DCRNN-Occupancy - INFO - Epoch 7, Batch 150/249, Loss: 0.6354, TF Ratio: 0.224
2025-11-14 05:36:04,746 - DCRNN-Occupancy - INFO - Epoch 7, Batch 200/249, Loss: 0.8731, TF Ratio: 0.224
2025-11-14 05:36:15,665 - DCRNN-Occupancy - INFO - Epoch 7: Train Loss: 0.4846, Val Loss: 0.6194, LR: 0.000492, Time: 40.2s
2025-11-14 05:36:15,665 - DCRNN-Occupancy - INFO - 혼잡도 예측 범위 (정규화): [-1.01, 2.34]
2025-11-14 05:36:15,666 - DCRNN-Occupancy - INFO - 혼잡도 예측 범위 (실제): [-0.1, 1041.8]명
2025-11-14 05:36:15,686 - DCRNN-Occupancy - INFO - Best occupancy model saved: checkpoints/occupancy_model/best_occupancy_model.pth
2025-11-14 05:36:15,815 - DCRNN-Occupancy - INFO - Epoch 8, Batch 0/249, Loss: 0.7320, TF Ratio: 0.157
2025-11-14 05:36:22,240 - DCRNN-Occupancy - INFO - Epoch 8, Batch 50/249, Loss: 0.0343, TF Ratio: 0.157
2025-11-14 05:36:28,677 - DCRNN-Occupancy - INFO - Epoch 8, Batch 100/249, Loss: 0.8420, TF Ratio: 0.157
2025-11-14 05:36:35,129 - DCRNN-Occupancy - INFO - Epoch 8, Batch 150/249, Loss: 0.8420, TF Ratio: 0.157
2025-11-14 05:36:41,656 - DCRNN-Occupancy - INFO - Epoch 8, Batch 200/249, Loss: 0.6670, TF Ratio: 0.157
2025-11-14 05:36:52,670 - DCRNN-Occupancy - INFO - Epoch 8: Train Loss: 0.5266, Val Loss: 0.6292, LR: 0.000490, Time: 37.0s
2025-11-14 05:36:52,670 - DCRNN-Occupancy - INFO - 혼잡도 예측 범위 (정규화): [-0.99, 2.44]
2025-11-14 05:36:52,670 - DCRNN-Occupancy - INFO - 혼잡도 예측 범위 (실제): [-0.1, 1297.8]명
2025-11-14 05:36:52,800 - DCRNN-Occupancy - INFO - Epoch 9, Batch 0/249, Loss: 0.5295, TF Ratio: 0.115
2025-11-14 05:36:59,564 - DCRNN-Occupancy - INFO - Epoch 9, Batch 50/249, Loss: 0.0324, TF Ratio: 0.115
2025-11-14 05:37:06,264 - DCRNN-Occupancy - INFO - Epoch 9, Batch 100/249, Loss: 0.8086, TF Ratio: 0.115
2025-11-14 05:37:12,924 - DCRNN-Occupancy - INFO - Epoch 9, Batch 150/249, Loss: 0.4724, TF Ratio: 0.115
2025-11-14 05:37:19,424 - DCRNN-Occupancy - INFO - Epoch 9, Batch 200/249, Loss: 0.4644, TF Ratio: 0.115
2025-11-14 05:37:30,491 - DCRNN-Occupancy - INFO - Epoch 9: Train Loss: 0.5682, Val Loss: 0.6137, LR: 0.000488, Time: 37.8s
2025-11-14 05:37:30,491 - DCRNN-Occupancy - INFO - 혼잡도 예측 범위 (정규화): [-1.00, 2.34]
2025-11-14 05:37:30,491 - DCRNN-Occupancy - INFO - 혼잡도 예측 범위 (실제): [-0.1, 1048.2]명
2025-11-14 05:37:30,518 - DCRNN-Occupancy - INFO - Best occupancy model saved: checkpoints/occupancy_model/best_occupancy_model.pth
2025-11-14 05:37:30,649 - DCRNN-Occupancy - INFO - Epoch 10, Batch 0/249, Loss: 0.6464, TF Ratio: 0.100
2025-11-14 05:37:37,096 - DCRNN-Occupancy - INFO - Epoch 10, Batch 50/249, Loss: 0.8034, TF Ratio: 0.100
2025-11-14 05:37:43,642 - DCRNN-Occupancy - INFO - Epoch 10, Batch 100/249, Loss: 0.4212, TF Ratio: 0.100
2025-11-14 05:37:49,869 - DCRNN-Occupancy - INFO - Epoch 10, Batch 150/249, Loss: 0.4416, TF Ratio: 0.100
2025-11-14 05:37:56,448 - DCRNN-Occupancy - INFO - Epoch 10, Batch 200/249, Loss: 0.5352, TF Ratio: 0.100
2025-11-14 05:38:07,387 - DCRNN-Occupancy - INFO - Epoch 10: Train Loss: 0.5511, Val Loss: 0.6136, LR: 0.000485, Time: 36.9s
2025-11-14 05:38:07,387 - DCRNN-Occupancy - INFO - 혼잡도 예측 범위 (정규화): [-1.01, 2.33]
2025-11-14 05:38:07,387 - DCRNN-Occupancy - INFO - 혼잡도 예측 범위 (실제): [-0.1, 1018.9]명
2025-11-14 05:38:07,408 - DCRNN-Occupancy - INFO - Best occupancy model saved: checkpoints/occupancy_model/best_occupancy_model.pth
2025-11-14 05:38:07,425 - DCRNN-Occupancy - INFO - Best occupancy model saved: checkpoints/occupancy_model/best_occupancy_model.pth
2025-11-14 05:38:07,546 - DCRNN-Occupancy - INFO - Epoch 11, Batch 0/249, Loss: 0.6878, TF Ratio: 0.100
2025-11-14 05:38:14,129 - DCRNN-Occupancy - INFO - Epoch 11, Batch 50/249, Loss: 0.8100, TF Ratio: 0.100
2025-11-14 05:38:20,623 - DCRNN-Occupancy - INFO - Epoch 11, Batch 100/249, Loss: 0.5714, TF Ratio: 0.100
2025-11-14 05:38:27,314 - DCRNN-Occupancy - INFO - Epoch 11, Batch 150/249, Loss: 0.4609, TF Ratio: 0.100
2025-11-14 05:38:33,671 - DCRNN-Occupancy - INFO - Epoch 11, Batch 200/249, Loss: 0.0520, TF Ratio: 0.100
2025-11-14 05:38:44,095 - DCRNN-Occupancy - INFO - Epoch 11: Train Loss: 0.5862, Val Loss: 0.6222, LR: 0.000482, Time: 36.7s
2025-11-14 05:38:44,095 - DCRNN-Occupancy - INFO - 혼잡도 예측 범위 (정규화): [-0.99, 2.37]
2025-11-14 05:38:44,095 - DCRNN-Occupancy - INFO - 혼잡도 예측 범위 (실제): [-0.1, 1102.8]명
2025-11-14 05:38:44,213 - DCRNN-Occupancy - INFO - Epoch 12, Batch 0/249, Loss: 0.4993, TF Ratio: 0.100
2025-11-14 05:38:50,543 - DCRNN-Occupancy - INFO - Epoch 12, Batch 50/249, Loss: 0.0349, TF Ratio: 0.100
2025-11-14 05:40:27,122 - DCRNN-Occupancy - INFO - Epoch 12, Batch 100/249, Loss: 0.8240, TF Ratio: 0.100
2025-11-14 05:40:34,558 - DCRNN-Occupancy - INFO - Epoch 12, Batch 150/249, Loss: 0.5022, TF Ratio: 0.100
2025-11-14 05:43:18,037 - DCRNN-Occupancy - INFO - Epoch 12, Batch 200/249, Loss: 0.7348, TF Ratio: 0.100
2025-11-14 05:43:28,452 - DCRNN-Occupancy - INFO - Epoch 12: Train Loss: 0.5576, Val Loss: 0.6131, LR: 0.000479, Time: 284.4s
2025-11-14 05:43:28,453 - DCRNN-Occupancy - INFO - 혼잡도 예측 범위 (정규화): [-1.00, 2.39]
2025-11-14 05:43:28,453 - DCRNN-Occupancy - INFO - 혼잡도 예측 범위 (실제): [-0.1, 1167.0]명
2025-11-14 05:43:28,473 - DCRNN-Occupancy - INFO - Best occupancy model saved: checkpoints/occupancy_model/best_occupancy_model.pth
2025-11-14 05:43:28,590 - DCRNN-Occupancy - INFO - Epoch 13, Batch 0/249, Loss: 0.2691, TF Ratio: 0.100
2025-11-14 05:43:34,375 - DCRNN-Occupancy - INFO - Epoch 13, Batch 50/249, Loss: 0.6815, TF Ratio: 0.100
2025-11-14 05:43:40,808 - DCRNN-Occupancy - INFO - Epoch 13, Batch 100/249, Loss: 0.8387, TF Ratio: 0.100
2025-11-14 05:43:46,847 - DCRNN-Occupancy - INFO - Epoch 13, Batch 150/249, Loss: 0.7695, TF Ratio: 0.100
2025-11-14 05:43:53,261 - DCRNN-Occupancy - INFO - Epoch 13, Batch 200/249, Loss: 0.5565, TF Ratio: 0.100
2025-11-14 05:44:03,556 - DCRNN-Occupancy - INFO - Epoch 13: Train Loss: 0.5765, Val Loss: 0.6115, LR: 0.000476, Time: 35.1s
2025-11-14 05:44:03,557 - DCRNN-Occupancy - INFO - 혼잡도 예측 범위 (정규화): [-1.07, 2.35]
2025-11-14 05:44:03,557 - DCRNN-Occupancy - INFO - 혼잡도 예측 범위 (실제): [-0.2, 1074.8]명
2025-11-14 05:44:03,574 - DCRNN-Occupancy - INFO - Best occupancy model saved: checkpoints/occupancy_model/best_occupancy_model.pth
2025-11-14 05:44:03,695 - DCRNN-Occupancy - INFO - Epoch 14, Batch 0/249, Loss: 0.5263, TF Ratio: 0.100
2025-11-14 05:44:09,841 - DCRNN-Occupancy - INFO - Epoch 14, Batch 50/249, Loss: 0.6165, TF Ratio: 0.100
2025-11-14 05:44:16,112 - DCRNN-Occupancy - INFO - Epoch 14, Batch 100/249, Loss: 0.6728, TF Ratio: 0.100
2025-11-14 05:44:22,287 - DCRNN-Occupancy - INFO - Epoch 14, Batch 150/249, Loss: 0.4744, TF Ratio: 0.100
2025-11-14 05:44:28,694 - DCRNN-Occupancy - INFO - Epoch 14, Batch 200/249, Loss: 0.8747, TF Ratio: 0.100
2025-11-14 05:44:39,266 - DCRNN-Occupancy - INFO - Epoch 14: Train Loss: 0.5539, Val Loss: 0.6151, LR: 0.000473, Time: 35.7s
2025-11-14 05:44:39,266 - DCRNN-Occupancy - INFO - 혼잡도 예측 범위 (정규화): [-1.00, 2.27]
2025-11-14 05:44:39,266 - DCRNN-Occupancy - INFO - 혼잡도 예측 범위 (실제): [-0.1, 907.5]명
2025-11-14 05:44:39,384 - DCRNN-Occupancy - INFO - Epoch 15, Batch 0/249, Loss: 0.1070, TF Ratio: 0.100
2025-11-14 05:44:45,208 - DCRNN-Occupancy - INFO - Epoch 15, Batch 50/249, Loss: 0.8261, TF Ratio: 0.100
2025-11-14 05:44:50,249 - DCRNN-Occupancy - INFO - 혼잡도 전용 데이터셋 로드 중...
2025-11-14 05:44:50,344 - DCRNN-Occupancy - INFO - 계절별 균등 분할 완료:
2025-11-14 05:44:50,344 - DCRNN-Occupancy - INFO -   Train: 166일
2025-11-14 05:44:50,344 - DCRNN-Occupancy - INFO -   Val: 37일
2025-11-14 05:44:50,344 - DCRNN-Occupancy - INFO -   Test: 40일
2025-11-14 05:44:50,344 - DCRNN-Occupancy - INFO - 분할 정보 저장: data/seasonal_split.pkl
2025-11-14 05:44:52,001 - DCRNN-Occupancy - INFO - Epoch 15, Batch 100/249, Loss: 0.9014, TF Ratio: 0.100
2025-11-14 05:45:03,818 - DCRNN-Occupancy - INFO - 혼잡도 전용 데이터셋 로드 중...
2025-11-14 05:45:03,905 - DCRNN-Occupancy - INFO - 계절별 균등 분할 완료:
2025-11-14 05:45:03,905 - DCRNN-Occupancy - INFO -   Train: 166일
2025-11-14 05:45:03,905 - DCRNN-Occupancy - INFO -   Val: 37일
2025-11-14 05:45:03,905 - DCRNN-Occupancy - INFO -   Test: 40일
2025-11-14 05:45:03,906 - DCRNN-Occupancy - INFO - 분할 정보 저장: data/seasonal_split.pkl
2025-11-14 05:45:12,951 - DCRNN-Occupancy - INFO - Train batches: 249
2025-11-14 05:45:12,951 - DCRNN-Occupancy - INFO - Val batches: 56
2025-11-14 05:45:12,954 - DCRNN-Occupancy - INFO - 혼잡도 전용 DCRNN 모델 구성 중...
2025-11-14 05:45:12,955 - DCRNN-Occupancy - INFO - Total parameters: 565,949
2025-11-14 05:45:12,955 - DCRNN-Occupancy - INFO - Trainable parameters: 565,949
2025-11-14 05:45:13,521 - DCRNN-Occupancy - INFO - 혼잡도 모델 훈련 설정 완료
2025-11-14 05:45:13,521 - DCRNN-Occupancy - INFO - 혼잡도 모델 훈련 시작...
2025-11-14 05:45:13,521 - DCRNN-Occupancy - INFO - 총 100 에포크 훈련 예정
2025-11-14 05:45:13,521 - DCRNN-Occupancy - INFO - 시작 에포크: 0
2025-11-14 05:45:13,521 - DCRNN-Occupancy - INFO - 디바이스: cpu
2025-11-14 05:45:13,578 - DCRNN-Occupancy - INFO - 첫 배치 처리 시작 - X shape: torch.Size([8, 12, 22, 31]), Y shape: torch.Size([8, 22, 1])
2025-11-14 05:45:13,635 - DCRNN-Occupancy - INFO - 🔍 Teacher Forcing 없이 예측 범위: [-0.273, 0.336]
2025-11-14 05:45:13,635 - DCRNN-Occupancy - INFO - 🔍 Teacher Forcing 99%로 예측 범위: [-0.323, 0.256]
2025-11-14 05:45:13,690 - DCRNN-Occupancy - INFO - Epoch 0, Batch 0/249, Loss: 1.0238, TF Ratio: 0.700
2025-11-14 05:45:20,184 - DCRNN-Occupancy - INFO - Epoch 0, Batch 50/249, Loss: 0.1216, TF Ratio: 0.700
2025-11-14 05:45:21,668 - DCRNN-Occupancy - INFO - 혼잡도 전용 데이터셋 로드 중...
2025-11-14 05:45:21,767 - DCRNN-Occupancy - INFO - 계절별 균등 분할 완료:
2025-11-14 05:45:21,767 - DCRNN-Occupancy - INFO -   Train: 166일
2025-11-14 05:45:21,767 - DCRNN-Occupancy - INFO -   Val: 37일
2025-11-14 05:45:21,767 - DCRNN-Occupancy - INFO -   Test: 40일
2025-11-14 05:45:21,767 - DCRNN-Occupancy - INFO - 분할 정보 저장: data/seasonal_split.pkl
2025-11-14 05:45:26,347 - DCRNN-Occupancy - INFO - Epoch 0, Batch 100/249, Loss: 0.0998, TF Ratio: 0.700
2025-11-14 05:45:32,428 - DCRNN-Occupancy - INFO - Train batches: 249
2025-11-14 05:45:32,429 - DCRNN-Occupancy - INFO - Val batches: 56
2025-11-14 05:45:32,432 - DCRNN-Occupancy - INFO - 혼잡도 전용 DCRNN 모델 구성 중...
2025-11-14 05:45:32,434 - DCRNN-Occupancy - INFO - Total parameters: 565,949
2025-11-14 05:45:32,435 - DCRNN-Occupancy - INFO - Trainable parameters: 565,949
2025-11-14 05:45:32,883 - DCRNN-Occupancy - INFO - Epoch 0, Batch 150/249, Loss: 0.0993, TF Ratio: 0.700
2025-11-14 05:45:33,053 - DCRNN-Occupancy - INFO - 혼잡도 모델 훈련 설정 완료
2025-11-14 05:47:29,686 - DCRNN-Occupancy - INFO - 혼잡도 전용 데이터셋 로드 중...
2025-11-14 05:47:29,792 - DCRNN-Occupancy - INFO - 계절별 균등 분할 완료:
2025-11-14 05:47:29,792 - DCRNN-Occupancy - INFO -   Train: 166일
2025-11-14 05:47:29,793 - DCRNN-Occupancy - INFO -   Val: 37일
2025-11-14 05:47:29,793 - DCRNN-Occupancy - INFO -   Test: 40일
2025-11-14 05:47:29,793 - DCRNN-Occupancy - INFO - 분할 정보 저장: data/seasonal_split.pkl
2025-11-14 05:47:38,396 - DCRNN-Occupancy - INFO - Train batches: 249
2025-11-14 05:47:38,396 - DCRNN-Occupancy - INFO - Val batches: 56
2025-11-14 05:47:38,399 - DCRNN-Occupancy - INFO - 혼잡도 전용 DCRNN 모델 구성 중...
2025-11-14 05:47:38,402 - DCRNN-Occupancy - INFO - Total parameters: 565,949
2025-11-14 05:47:38,402 - DCRNN-Occupancy - INFO - Trainable parameters: 565,949
2025-11-14 05:47:39,269 - DCRNN-Occupancy - INFO - 혼잡도 모델 훈련 설정 완료
2025-11-14 05:48:53,831 - DCRNN-Occupancy - INFO - 혼잡도 전용 데이터셋 로드 중...
2025-11-14 05:48:53,925 - DCRNN-Occupancy - INFO - 계절별 균등 분할 완료:
2025-11-14 05:48:53,925 - DCRNN-Occupancy - INFO -   Train: 166일
2025-11-14 05:48:53,925 - DCRNN-Occupancy - INFO -   Val: 37일
2025-11-14 05:48:53,925 - DCRNN-Occupancy - INFO -   Test: 40일
2025-11-14 05:48:53,925 - DCRNN-Occupancy - INFO - 분할 정보 저장: data/seasonal_split.pkl
2025-11-14 05:49:03,116 - DCRNN-Occupancy - INFO - Train batches: 249
2025-11-14 05:49:03,116 - DCRNN-Occupancy - INFO - Val batches: 56
2025-11-14 05:49:03,119 - DCRNN-Occupancy - INFO - 혼잡도 전용 DCRNN 모델 구성 중...
2025-11-14 05:49:03,124 - DCRNN-Occupancy - INFO - Total parameters: 565,949
2025-11-14 05:49:03,124 - DCRNN-Occupancy - INFO - Trainable parameters: 565,949
2025-11-14 05:49:03,651 - DCRNN-Occupancy - INFO - 혼잡도 모델 훈련 설정 완료
2025-11-14 05:49:03,652 - DCRNN-Occupancy - INFO - 혼잡도 모델 훈련 시작...
2025-11-14 05:49:03,652 - DCRNN-Occupancy - INFO - 총 100 에포크 훈련 예정
2025-11-14 05:49:03,652 - DCRNN-Occupancy - INFO - 시작 에포크: 0
2025-11-14 05:49:03,652 - DCRNN-Occupancy - INFO - 디바이스: cpu
2025-11-14 05:49:03,719 - DCRNN-Occupancy - INFO - 첫 배치 처리 시작 - X shape: torch.Size([8, 12, 22, 31]), Y shape: torch.Size([8, 22, 1])
2025-11-14 05:49:03,784 - DCRNN-Occupancy - INFO - 🔍 Teacher Forcing 없이 예측 범위: [-0.273, 0.336]
2025-11-14 05:49:03,784 - DCRNN-Occupancy - INFO - 🔍 Teacher Forcing 99%로 예측 범위: [-0.323, 0.256]
2025-11-14 05:49:03,850 - DCRNN-Occupancy - INFO - Epoch 0, Batch 0/249, Loss: 1.0238, TF Ratio: 0.700
2025-11-14 05:49:09,732 - DCRNN-Occupancy - INFO - Epoch 0, Batch 50/249, Loss: 0.1216, TF Ratio: 0.700
2025-11-14 05:49:15,531 - DCRNN-Occupancy - INFO - Epoch 0, Batch 100/249, Loss: 0.0998, TF Ratio: 0.700
2025-11-14 05:49:21,289 - DCRNN-Occupancy - INFO - Epoch 0, Batch 150/249, Loss: 0.0993, TF Ratio: 0.700
2025-11-14 05:49:27,019 - DCRNN-Occupancy - INFO - Epoch 0, Batch 200/249, Loss: 0.1024, TF Ratio: 0.700
2025-11-14 05:49:37,146 - DCRNN-Occupancy - INFO - Epoch 0: Train Loss: 0.3564, Val Loss: 0.6597, LR: 0.000500, Time: 33.5s
2025-11-14 05:49:37,148 - DCRNN-Occupancy - INFO - 혼잡도 예측 범위 (정규화): [-1.86, 2.18]
2025-11-14 05:49:37,148 - DCRNN-Occupancy - INFO - 혼잡도 예측 범위 (실제): [-0.8, 750.8]명
2025-11-14 05:49:37,166 - DCRNN-Occupancy - INFO - Best occupancy model saved: checkpoints/occupancy_model/best_occupancy_model.pth
2025-11-14 05:49:37,180 - DCRNN-Occupancy - INFO - Best occupancy model saved: checkpoints/occupancy_model/best_occupancy_model.pth
2025-11-14 05:49:37,297 - DCRNN-Occupancy - INFO - Epoch 1, Batch 0/249, Loss: 0.0697, TF Ratio: 0.685
2025-11-14 05:49:43,057 - DCRNN-Occupancy - INFO - Epoch 1, Batch 50/249, Loss: 0.4754, TF Ratio: 0.685
2025-11-14 05:49:49,007 - DCRNN-Occupancy - INFO - Epoch 1, Batch 100/249, Loss: 0.4117, TF Ratio: 0.685
2025-11-14 05:49:54,828 - DCRNN-Occupancy - INFO - Epoch 1, Batch 150/249, Loss: 0.0478, TF Ratio: 0.685
2025-11-14 05:50:00,823 - DCRNN-Occupancy - INFO - Epoch 1, Batch 200/249, Loss: 0.0650, TF Ratio: 0.685
2025-11-14 05:50:10,733 - DCRNN-Occupancy - INFO - Epoch 1: Train Loss: 0.2323, Val Loss: 0.4581, LR: 0.000500, Time: 33.6s
2025-11-14 05:50:10,733 - DCRNN-Occupancy - INFO - 혼잡도 예측 범위 (정규화): [-1.25, 2.35]
2025-11-14 05:50:10,733 - DCRNN-Occupancy - INFO - 혼잡도 예측 범위 (실제): [-0.4, 1059.1]명
2025-11-14 05:50:10,747 - DCRNN-Occupancy - INFO - Best occupancy model saved: checkpoints/occupancy_model/best_occupancy_model.pth
2025-11-14 05:50:10,862 - DCRNN-Occupancy - INFO - Epoch 2, Batch 0/249, Loss: 0.0484, TF Ratio: 0.643
2025-11-14 05:50:16,592 - DCRNN-Occupancy - INFO - Epoch 2, Batch 50/249, Loss: 0.0332, TF Ratio: 0.643
2025-11-14 05:50:22,411 - DCRNN-Occupancy - INFO - Epoch 2, Batch 100/249, Loss: 0.0411, TF Ratio: 0.643
2025-11-14 05:50:28,202 - DCRNN-Occupancy - INFO - Epoch 2, Batch 150/249, Loss: 0.0372, TF Ratio: 0.643
2025-11-14 05:50:34,074 - DCRNN-Occupancy - INFO - Epoch 2, Batch 200/249, Loss: 0.0427, TF Ratio: 0.643
2025-11-14 05:50:43,816 - DCRNN-Occupancy - INFO - Epoch 2: Train Loss: 0.1914, Val Loss: 0.4438, LR: 0.000499, Time: 33.1s
2025-11-14 05:50:43,816 - DCRNN-Occupancy - INFO - 혼잡도 예측 범위 (정규화): [-1.11, 2.34]
2025-11-14 05:50:43,816 - DCRNN-Occupancy - INFO - 혼잡도 예측 범위 (실제): [-0.3, 1052.3]명
2025-11-14 05:50:43,832 - DCRNN-Occupancy - INFO - Best occupancy model saved: checkpoints/occupancy_model/best_occupancy_model.pth
2025-11-14 05:50:43,949 - DCRNN-Occupancy - INFO - Epoch 3, Batch 0/249, Loss: 0.6045, TF Ratio: 0.576
2025-11-14 05:50:49,850 - DCRNN-Occupancy - INFO - Epoch 3, Batch 50/249, Loss: 0.0395, TF Ratio: 0.576
2025-11-14 05:50:55,901 - DCRNN-Occupancy - INFO - Epoch 3, Batch 100/249, Loss: 0.0479, TF Ratio: 0.576
2025-11-14 05:51:01,944 - DCRNN-Occupancy - INFO - Epoch 3, Batch 150/249, Loss: 0.0236, TF Ratio: 0.576
2025-11-14 05:51:07,844 - DCRNN-Occupancy - INFO - Epoch 3, Batch 200/249, Loss: 0.2914, TF Ratio: 0.576
2025-11-14 05:51:17,563 - DCRNN-Occupancy - INFO - Epoch 3: Train Loss: 0.2090, Val Loss: 0.3891, LR: 0.000498, Time: 33.7s
2025-11-14 05:51:17,563 - DCRNN-Occupancy - INFO - 혼잡도 예측 범위 (정규화): [-1.20, 2.35]
2025-11-14 05:51:17,563 - DCRNN-Occupancy - INFO - 혼잡도 예측 범위 (실제): [-0.4, 1054.4]명
2025-11-14 05:51:17,583 - DCRNN-Occupancy - INFO - Best occupancy model saved: checkpoints/occupancy_model/best_occupancy_model.pth
2025-11-14 05:51:17,700 - DCRNN-Occupancy - INFO - Epoch 4, Batch 0/249, Loss: 0.0295, TF Ratio: 0.493
2025-11-14 05:51:23,659 - DCRNN-Occupancy - INFO - Epoch 4, Batch 50/249, Loss: 0.0227, TF Ratio: 0.493
2025-11-14 05:51:29,672 - DCRNN-Occupancy - INFO - Epoch 4, Batch 100/249, Loss: 0.0339, TF Ratio: 0.493
2025-11-14 05:51:35,784 - DCRNN-Occupancy - INFO - Epoch 4, Batch 150/249, Loss: 0.0387, TF Ratio: 0.493
2025-11-14 05:51:41,672 - DCRNN-Occupancy - INFO - Epoch 4, Batch 200/249, Loss: 0.3932, TF Ratio: 0.493
2025-11-14 05:51:51,538 - DCRNN-Occupancy - INFO - Epoch 4: Train Loss: 0.2193, Val Loss: 0.3849, LR: 0.000497, Time: 34.0s
2025-11-14 05:51:51,539 - DCRNN-Occupancy - INFO - 혼잡도 예측 범위 (정규화): [-1.14, 2.42]
2025-11-14 05:51:51,539 - DCRNN-Occupancy - INFO - 혼잡도 예측 범위 (실제): [-0.3, 1233.1]명
2025-11-14 05:51:51,558 - DCRNN-Occupancy - INFO - Best occupancy model saved: checkpoints/occupancy_model/best_occupancy_model.pth
2025-11-14 05:51:51,671 - DCRNN-Occupancy - INFO - Epoch 5, Batch 0/249, Loss: 0.0689, TF Ratio: 0.400
2025-11-14 05:51:57,711 - DCRNN-Occupancy - INFO - Epoch 5, Batch 50/249, Loss: 0.4435, TF Ratio: 0.400
2025-11-14 05:52:03,871 - DCRNN-Occupancy - INFO - Epoch 5, Batch 100/249, Loss: 0.0283, TF Ratio: 0.400
2025-11-14 05:52:09,751 - DCRNN-Occupancy - INFO - Epoch 5, Batch 150/249, Loss: 0.0231, TF Ratio: 0.400
2025-11-14 05:52:15,868 - DCRNN-Occupancy - INFO - Epoch 5, Batch 200/249, Loss: 0.3935, TF Ratio: 0.400
2025-11-14 05:52:26,011 - DCRNN-Occupancy - INFO - Epoch 5: Train Loss: 0.2462, Val Loss: 0.3827, LR: 0.000496, Time: 34.5s
2025-11-14 05:52:26,011 - DCRNN-Occupancy - INFO - 혼잡도 예측 범위 (정규화): [-1.13, 2.40]
2025-11-14 05:52:26,011 - DCRNN-Occupancy - INFO - 혼잡도 예측 범위 (실제): [-0.3, 1186.9]명
2025-11-14 05:52:26,029 - DCRNN-Occupancy - INFO - Best occupancy model saved: checkpoints/occupancy_model/best_occupancy_model.pth
2025-11-14 05:52:26,148 - DCRNN-Occupancy - INFO - Epoch 6, Batch 0/249, Loss: 0.3603, TF Ratio: 0.307
2025-11-14 05:52:32,143 - DCRNN-Occupancy - INFO - Epoch 6, Batch 50/249, Loss: 0.4214, TF Ratio: 0.307
2025-11-14 05:52:38,046 - DCRNN-Occupancy - INFO - Epoch 6, Batch 100/249, Loss: 0.3608, TF Ratio: 0.307
2025-11-14 05:52:43,858 - DCRNN-Occupancy - INFO - Epoch 6, Batch 150/249, Loss: 0.3741, TF Ratio: 0.307
2025-11-14 05:52:49,622 - DCRNN-Occupancy - INFO - Epoch 6, Batch 200/249, Loss: 0.2356, TF Ratio: 0.307
2025-11-14 05:52:59,353 - DCRNN-Occupancy - INFO - Epoch 6: Train Loss: 0.2720, Val Loss: 0.3561, LR: 0.000494, Time: 33.3s
2025-11-14 05:52:59,353 - DCRNN-Occupancy - INFO - 혼잡도 예측 범위 (정규화): [-1.11, 2.36]
2025-11-14 05:52:59,353 - DCRNN-Occupancy - INFO - 혼잡도 예측 범위 (실제): [-0.3, 1092.7]명
2025-11-14 05:52:59,370 - DCRNN-Occupancy - INFO - Best occupancy model saved: checkpoints/occupancy_model/best_occupancy_model.pth
2025-11-14 05:52:59,485 - DCRNN-Occupancy - INFO - Epoch 7, Batch 0/249, Loss: 0.3160, TF Ratio: 0.224
2025-11-14 05:53:05,364 - DCRNN-Occupancy - INFO - Epoch 7, Batch 50/249, Loss: 0.3136, TF Ratio: 0.224
2025-11-14 05:53:11,108 - DCRNN-Occupancy - INFO - Epoch 7, Batch 100/249, Loss: 0.3390, TF Ratio: 0.224
2025-11-14 05:53:16,916 - DCRNN-Occupancy - INFO - Epoch 7, Batch 150/249, Loss: 0.3828, TF Ratio: 0.224
2025-11-14 05:53:22,668 - DCRNN-Occupancy - INFO - Epoch 7, Batch 200/249, Loss: 0.4224, TF Ratio: 0.224
2025-11-14 05:53:32,270 - DCRNN-Occupancy - INFO - Epoch 7: Train Loss: 0.2802, Val Loss: 0.3468, LR: 0.000492, Time: 32.9s
2025-11-14 05:53:32,271 - DCRNN-Occupancy - INFO - 혼잡도 예측 범위 (정규화): [-1.07, 2.37]
2025-11-14 05:53:32,271 - DCRNN-Occupancy - INFO - 혼잡도 예측 범위 (실제): [-0.2, 1121.5]명
2025-11-14 05:53:32,288 - DCRNN-Occupancy - INFO - Best occupancy model saved: checkpoints/occupancy_model/best_occupancy_model.pth
2025-11-14 05:53:32,403 - DCRNN-Occupancy - INFO - Epoch 8, Batch 0/249, Loss: 0.3947, TF Ratio: 0.157
2025-11-14 05:53:38,305 - DCRNN-Occupancy - INFO - Epoch 8, Batch 50/249, Loss: 0.0434, TF Ratio: 0.157
2025-11-14 05:53:44,415 - DCRNN-Occupancy - INFO - Epoch 8, Batch 100/249, Loss: 0.4438, TF Ratio: 0.157
2025-11-14 05:53:50,157 - DCRNN-Occupancy - INFO - Epoch 8, Batch 150/249, Loss: 0.4908, TF Ratio: 0.157
2025-11-14 05:53:56,281 - DCRNN-Occupancy - INFO - Epoch 8, Batch 200/249, Loss: 0.2967, TF Ratio: 0.157
2025-11-14 05:54:06,053 - DCRNN-Occupancy - INFO - Epoch 8: Train Loss: 0.2949, Val Loss: 0.3467, LR: 0.000490, Time: 33.8s
2025-11-14 05:54:06,053 - DCRNN-Occupancy - INFO - 혼잡도 예측 범위 (정규화): [-1.06, 2.46]
2025-11-14 05:54:06,053 - DCRNN-Occupancy - INFO - 혼잡도 예측 범위 (실제): [-0.2, 1341.6]명
2025-11-14 05:54:06,071 - DCRNN-Occupancy - INFO - Best occupancy model saved: checkpoints/occupancy_model/best_occupancy_model.pth
2025-11-14 05:54:06,186 - DCRNN-Occupancy - INFO - Epoch 9, Batch 0/249, Loss: 0.2900, TF Ratio: 0.115
2025-11-14 05:54:11,924 - DCRNN-Occupancy - INFO - Epoch 9, Batch 50/249, Loss: 0.0502, TF Ratio: 0.115
2025-11-14 05:54:17,653 - DCRNN-Occupancy - INFO - Epoch 9, Batch 100/249, Loss: 0.4997, TF Ratio: 0.115
2025-11-14 05:54:23,366 - DCRNN-Occupancy - INFO - Epoch 9, Batch 150/249, Loss: 0.2656, TF Ratio: 0.115
2025-11-14 05:54:29,086 - DCRNN-Occupancy - INFO - Epoch 9, Batch 200/249, Loss: 0.2926, TF Ratio: 0.115
2025-11-14 05:54:38,822 - DCRNN-Occupancy - INFO - Epoch 9: Train Loss: 0.3067, Val Loss: 0.3292, LR: 0.000488, Time: 32.8s
2025-11-14 05:54:38,822 - DCRNN-Occupancy - INFO - 혼잡도 예측 범위 (정규화): [-1.03, 2.36]
2025-11-14 05:54:38,822 - DCRNN-Occupancy - INFO - 혼잡도 예측 범위 (실제): [-0.1, 1093.6]명
2025-11-14 05:54:38,839 - DCRNN-Occupancy - INFO - Best occupancy model saved: checkpoints/occupancy_model/best_occupancy_model.pth
2025-11-14 05:54:38,952 - DCRNN-Occupancy - INFO - Epoch 10, Batch 0/249, Loss: 0.2692, TF Ratio: 0.100
2025-11-14 05:54:44,745 - DCRNN-Occupancy - INFO - Epoch 10, Batch 50/249, Loss: 0.3537, TF Ratio: 0.100
2025-11-14 05:54:50,470 - DCRNN-Occupancy - INFO - Epoch 10, Batch 100/249, Loss: 0.2366, TF Ratio: 0.100
2025-11-14 05:54:56,197 - DCRNN-Occupancy - INFO - Epoch 10, Batch 150/249, Loss: 0.1598, TF Ratio: 0.100
2025-11-14 05:55:02,127 - DCRNN-Occupancy - INFO - Epoch 10, Batch 200/249, Loss: 0.2953, TF Ratio: 0.100
2025-11-14 05:55:11,773 - DCRNN-Occupancy - INFO - Epoch 10: Train Loss: 0.2972, Val Loss: 0.3144, LR: 0.000485, Time: 32.9s
2025-11-14 05:55:11,773 - DCRNN-Occupancy - INFO - 혼잡도 예측 범위 (정규화): [-1.03, 2.44]
2025-11-14 05:55:11,773 - DCRNN-Occupancy - INFO - 혼잡도 예측 범위 (실제): [-0.1, 1294.6]명
2025-11-14 05:55:11,790 - DCRNN-Occupancy - INFO - Best occupancy model saved: checkpoints/occupancy_model/best_occupancy_model.pth
2025-11-14 05:55:11,810 - DCRNN-Occupancy - INFO - Best occupancy model saved: checkpoints/occupancy_model/best_occupancy_model.pth
2025-11-14 05:55:11,924 - DCRNN-Occupancy - INFO - Epoch 11, Batch 0/249, Loss: 0.2796, TF Ratio: 0.100
2025-11-14 05:55:17,626 - DCRNN-Occupancy - INFO - Epoch 11, Batch 50/249, Loss: 0.4200, TF Ratio: 0.100
2025-11-14 05:55:23,348 - DCRNN-Occupancy - INFO - Epoch 11, Batch 100/249, Loss: 0.2953, TF Ratio: 0.100
2025-11-14 05:55:29,084 - DCRNN-Occupancy - INFO - Epoch 11, Batch 150/249, Loss: 0.2176, TF Ratio: 0.100
2025-11-14 05:55:34,811 - DCRNN-Occupancy - INFO - Epoch 11, Batch 200/249, Loss: 0.0346, TF Ratio: 0.100
2025-11-14 05:55:44,683 - DCRNN-Occupancy - INFO - Epoch 11: Train Loss: 0.3017, Val Loss: 0.3055, LR: 0.000482, Time: 32.9s
2025-11-14 05:55:44,683 - DCRNN-Occupancy - INFO - 혼잡도 예측 범위 (정규화): [-1.06, 2.43]
2025-11-14 05:55:44,683 - DCRNN-Occupancy - INFO - 혼잡도 예측 범위 (실제): [-0.2, 1251.6]명
2025-11-14 05:55:44,700 - DCRNN-Occupancy - INFO - Best occupancy model saved: checkpoints/occupancy_model/best_occupancy_model.pth
2025-11-14 05:55:44,819 - DCRNN-Occupancy - INFO - Epoch 12, Batch 0/249, Loss: 0.3598, TF Ratio: 0.100
2025-11-14 05:55:50,661 - DCRNN-Occupancy - INFO - Epoch 12, Batch 50/249, Loss: 0.0335, TF Ratio: 0.100
2025-11-14 05:55:56,563 - DCRNN-Occupancy - INFO - Epoch 12, Batch 100/249, Loss: 0.4667, TF Ratio: 0.100
2025-11-14 05:56:02,593 - DCRNN-Occupancy - INFO - Epoch 12, Batch 150/249, Loss: 0.2740, TF Ratio: 0.100
2025-11-14 05:56:08,435 - DCRNN-Occupancy - INFO - Epoch 12, Batch 200/249, Loss: 0.3740, TF Ratio: 0.100
2025-11-14 05:56:18,404 - DCRNN-Occupancy - INFO - Epoch 12: Train Loss: 0.2813, Val Loss: 0.3127, LR: 0.000479, Time: 33.7s
2025-11-14 05:56:18,404 - DCRNN-Occupancy - INFO - 혼잡도 예측 범위 (정규화): [-1.05, 2.54]
2025-11-14 05:56:18,404 - DCRNN-Occupancy - INFO - 혼잡도 예측 범위 (실제): [-0.2, 1590.9]명
2025-11-14 05:56:18,521 - DCRNN-Occupancy - INFO - Epoch 13, Batch 0/249, Loss: 0.2518, TF Ratio: 0.100
2025-11-14 05:56:24,353 - DCRNN-Occupancy - INFO - Epoch 13, Batch 50/249, Loss: 0.3897, TF Ratio: 0.100
2025-11-14 05:56:30,170 - DCRNN-Occupancy - INFO - Epoch 13, Batch 100/249, Loss: 0.4589, TF Ratio: 0.100
2025-11-14 05:56:35,937 - DCRNN-Occupancy - INFO - Epoch 13, Batch 150/249, Loss: 0.3824, TF Ratio: 0.100
2025-11-14 05:56:41,716 - DCRNN-Occupancy - INFO - Epoch 13, Batch 200/249, Loss: 0.1926, TF Ratio: 0.100
2025-11-14 05:56:51,785 - DCRNN-Occupancy - INFO - Epoch 13: Train Loss: 0.2777, Val Loss: 0.3064, LR: 0.000476, Time: 33.4s
2025-11-14 05:56:51,785 - DCRNN-Occupancy - INFO - 혼잡도 예측 범위 (정규화): [-1.07, 2.54]
2025-11-14 05:56:51,785 - DCRNN-Occupancy - INFO - 혼잡도 예측 범위 (실제): [-0.2, 1576.4]명
2025-11-14 05:56:51,901 - DCRNN-Occupancy - INFO - Epoch 14, Batch 0/249, Loss: 0.2490, TF Ratio: 0.100
2025-11-14 05:56:58,175 - DCRNN-Occupancy - INFO - Epoch 14, Batch 50/249, Loss: 0.2259, TF Ratio: 0.100
2025-11-14 05:57:04,416 - DCRNN-Occupancy - INFO - Epoch 14, Batch 100/249, Loss: 0.2637, TF Ratio: 0.100
2025-11-14 05:57:10,407 - DCRNN-Occupancy - INFO - Epoch 14, Batch 150/249, Loss: 0.3253, TF Ratio: 0.100
2025-11-14 05:57:16,459 - DCRNN-Occupancy - INFO - Epoch 14, Batch 200/249, Loss: 0.3580, TF Ratio: 0.100
2025-11-14 05:57:26,939 - DCRNN-Occupancy - INFO - Epoch 14: Train Loss: 0.2730, Val Loss: 0.2908, LR: 0.000473, Time: 35.2s
2025-11-14 05:57:26,939 - DCRNN-Occupancy - INFO - 혼잡도 예측 범위 (정규화): [-1.09, 2.48]
2025-11-14 05:57:26,939 - DCRNN-Occupancy - INFO - 혼잡도 예측 범위 (실제): [-0.2, 1404.0]명
2025-11-14 05:57:26,956 - DCRNN-Occupancy - INFO - Best occupancy model saved: checkpoints/occupancy_model/best_occupancy_model.pth
2025-11-14 05:57:27,076 - DCRNN-Occupancy - INFO - Epoch 15, Batch 0/249, Loss: 0.0863, TF Ratio: 0.100
2025-11-14 05:57:33,451 - DCRNN-Occupancy - INFO - Epoch 15, Batch 50/249, Loss: 0.3026, TF Ratio: 0.100
2025-11-14 05:57:39,557 - DCRNN-Occupancy - INFO - Epoch 15, Batch 100/249, Loss: 0.2943, TF Ratio: 0.100
2025-11-14 05:57:45,506 - DCRNN-Occupancy - INFO - Epoch 15, Batch 150/249, Loss: 0.2370, TF Ratio: 0.100
2025-11-14 05:57:51,959 - DCRNN-Occupancy - INFO - Epoch 15, Batch 200/249, Loss: 0.3142, TF Ratio: 0.100
2025-11-14 05:58:02,503 - DCRNN-Occupancy - INFO - Epoch 15: Train Loss: 0.2701, Val Loss: 0.2832, LR: 0.000469, Time: 35.5s
2025-11-14 05:58:02,503 - DCRNN-Occupancy - INFO - 혼잡도 예측 범위 (정규화): [-1.04, 2.52]
2025-11-14 05:58:02,503 - DCRNN-Occupancy - INFO - 혼잡도 예측 범위 (실제): [-0.1, 1513.9]명
2025-11-14 05:58:02,520 - DCRNN-Occupancy - INFO - Best occupancy model saved: checkpoints/occupancy_model/best_occupancy_model.pth
2025-11-14 05:58:02,639 - DCRNN-Occupancy - INFO - Epoch 16, Batch 0/249, Loss: 0.0437, TF Ratio: 0.100
2025-11-14 05:58:08,522 - DCRNN-Occupancy - INFO - Epoch 16, Batch 50/249, Loss: 0.3336, TF Ratio: 0.100
2025-11-14 05:58:14,383 - DCRNN-Occupancy - INFO - Epoch 16, Batch 100/249, Loss: 0.0367, TF Ratio: 0.100
2025-11-14 05:58:20,449 - DCRNN-Occupancy - INFO - Epoch 16, Batch 150/249, Loss: 0.0948, TF Ratio: 0.100
2025-11-14 05:58:26,764 - DCRNN-Occupancy - INFO - Epoch 16, Batch 200/249, Loss: 0.2196, TF Ratio: 0.100
2025-11-14 05:58:37,422 - DCRNN-Occupancy - INFO - Epoch 16: Train Loss: 0.2638, Val Loss: 0.2992, LR: 0.000465, Time: 34.9s
2025-11-14 05:58:37,423 - DCRNN-Occupancy - INFO - 혼잡도 예측 범위 (정규화): [-1.02, 2.50]
2025-11-14 05:58:37,423 - DCRNN-Occupancy - INFO - 혼잡도 예측 범위 (실제): [-0.1, 1460.8]명
2025-11-14 05:58:37,547 - DCRNN-Occupancy - INFO - Epoch 17, Batch 0/249, Loss: 0.3129, TF Ratio: 0.100
2025-11-14 05:58:43,656 - DCRNN-Occupancy - INFO - Epoch 17, Batch 50/249, Loss: 0.2693, TF Ratio: 0.100
2025-11-14 05:58:49,938 - DCRNN-Occupancy - INFO - Epoch 17, Batch 100/249, Loss: 0.2317, TF Ratio: 0.100
2025-11-14 05:58:56,136 - DCRNN-Occupancy - INFO - Epoch 17, Batch 150/249, Loss: 0.3247, TF Ratio: 0.100
2025-11-14 05:59:02,730 - DCRNN-Occupancy - INFO - Epoch 17, Batch 200/249, Loss: 0.2479, TF Ratio: 0.100
2025-11-14 05:59:13,598 - DCRNN-Occupancy - INFO - Epoch 17: Train Loss: 0.2716, Val Loss: 0.3030, LR: 0.000461, Time: 36.2s
2025-11-14 05:59:13,598 - DCRNN-Occupancy - INFO - 혼잡도 예측 범위 (정규화): [-1.02, 2.57]
2025-11-14 05:59:13,598 - DCRNN-Occupancy - INFO - 혼잡도 예측 범위 (실제): [-0.1, 1690.0]명
2025-11-14 05:59:13,724 - DCRNN-Occupancy - INFO - Epoch 18, Batch 0/249, Loss: 0.3093, TF Ratio: 0.100
2025-11-14 05:59:19,933 - DCRNN-Occupancy - INFO - Epoch 18, Batch 50/249, Loss: 0.2960, TF Ratio: 0.100
2025-11-14 05:59:26,428 - DCRNN-Occupancy - INFO - Epoch 18, Batch 100/249, Loss: 0.3584, TF Ratio: 0.100
2025-11-14 05:59:32,744 - DCRNN-Occupancy - INFO - Epoch 18, Batch 150/249, Loss: 0.2553, TF Ratio: 0.100
2025-11-14 05:59:39,034 - DCRNN-Occupancy - INFO - Epoch 18, Batch 200/249, Loss: 0.2841, TF Ratio: 0.100
2025-11-14 05:59:49,772 - DCRNN-Occupancy - INFO - Epoch 18: Train Loss: 0.2474, Val Loss: 0.2771, LR: 0.000457, Time: 36.2s
2025-11-14 05:59:49,772 - DCRNN-Occupancy - INFO - 혼잡도 예측 범위 (정규화): [-1.03, 2.55]
2025-11-14 05:59:49,772 - DCRNN-Occupancy - INFO - 혼잡도 예측 범위 (실제): [-0.1, 1611.0]명
2025-11-14 05:59:49,790 - DCRNN-Occupancy - INFO - Best occupancy model saved: checkpoints/occupancy_model/best_occupancy_model.pth
2025-11-14 05:59:49,914 - DCRNN-Occupancy - INFO - Epoch 19, Batch 0/249, Loss: 0.3387, TF Ratio: 0.100
2025-11-14 05:59:56,277 - DCRNN-Occupancy - INFO - Epoch 19, Batch 50/249, Loss: 0.3429, TF Ratio: 0.100
2025-11-14 06:00:02,859 - DCRNN-Occupancy - INFO - Epoch 19, Batch 100/249, Loss: 0.2945, TF Ratio: 0.100
2025-11-14 06:00:09,232 - DCRNN-Occupancy - INFO - Epoch 19, Batch 150/249, Loss: 0.0391, TF Ratio: 0.100
2025-11-14 06:00:15,326 - DCRNN-Occupancy - INFO - Epoch 19, Batch 200/249, Loss: 0.2981, TF Ratio: 0.100
2025-11-14 06:00:25,190 - DCRNN-Occupancy - INFO - Epoch 19: Train Loss: 0.2573, Val Loss: 0.2809, LR: 0.000452, Time: 35.4s
2025-11-14 06:00:25,191 - DCRNN-Occupancy - INFO - 혼잡도 예측 범위 (정규화): [-1.04, 2.55]
2025-11-14 06:00:25,191 - DCRNN-Occupancy - INFO - 혼잡도 예측 범위 (실제): [-0.1, 1623.8]명
2025-11-14 06:00:25,308 - DCRNN-Occupancy - INFO - Epoch 20, Batch 0/249, Loss: 0.0321, TF Ratio: 0.100
2025-11-14 06:00:31,246 - DCRNN-Occupancy - INFO - Epoch 20, Batch 50/249, Loss: 0.2980, TF Ratio: 0.100
2025-11-14 06:00:37,177 - DCRNN-Occupancy - INFO - Epoch 20, Batch 100/249, Loss: 0.1783, TF Ratio: 0.100
2025-11-14 06:00:43,063 - DCRNN-Occupancy - INFO - Epoch 20, Batch 150/249, Loss: 0.2925, TF Ratio: 0.100
2025-11-14 06:00:48,965 - DCRNN-Occupancy - INFO - Epoch 20, Batch 200/249, Loss: 0.2042, TF Ratio: 0.100
2025-11-14 06:00:58,920 - DCRNN-Occupancy - INFO - Epoch 20: Train Loss: 0.2590, Val Loss: 0.2878, LR: 0.000448, Time: 33.7s
2025-11-14 06:00:58,920 - DCRNN-Occupancy - INFO - 혼잡도 예측 범위 (정규화): [-1.03, 2.53]
2025-11-14 06:00:58,920 - DCRNN-Occupancy - INFO - 혼잡도 예측 범위 (실제): [-0.1, 1538.2]명
2025-11-14 06:00:59,052 - DCRNN-Occupancy - INFO - Epoch 21, Batch 0/249, Loss: 0.2546, TF Ratio: 0.100
2025-11-14 06:01:05,115 - DCRNN-Occupancy - INFO - Epoch 21, Batch 50/249, Loss: 0.1844, TF Ratio: 0.100
2025-11-14 06:01:11,224 - DCRNN-Occupancy - INFO - Epoch 21, Batch 100/249, Loss: 0.2999, TF Ratio: 0.100
2025-11-14 06:01:17,145 - DCRNN-Occupancy - INFO - Epoch 21, Batch 150/249, Loss: 0.1808, TF Ratio: 0.100
2025-11-14 06:01:23,033 - DCRNN-Occupancy - INFO - Epoch 21, Batch 200/249, Loss: 0.2181, TF Ratio: 0.100
2025-11-14 06:01:32,852 - DCRNN-Occupancy - INFO - Epoch 21: Train Loss: 0.2558, Val Loss: 0.2803, LR: 0.000443, Time: 33.9s
2025-11-14 06:01:32,852 - DCRNN-Occupancy - INFO - 혼잡도 예측 범위 (정규화): [-1.05, 2.50]
2025-11-14 06:01:32,852 - DCRNN-Occupancy - INFO - 혼잡도 예측 범위 (실제): [-0.2, 1473.2]명
2025-11-14 06:01:32,967 - DCRNN-Occupancy - INFO - Epoch 22, Batch 0/249, Loss: 0.2433, TF Ratio: 0.100
2025-11-14 06:01:38,855 - DCRNN-Occupancy - INFO - Epoch 22, Batch 50/249, Loss: 0.2263, TF Ratio: 0.100
2025-11-14 06:01:44,787 - DCRNN-Occupancy - INFO - Epoch 22, Batch 100/249, Loss: 0.2503, TF Ratio: 0.100
2025-11-14 06:01:50,658 - DCRNN-Occupancy - INFO - Epoch 22, Batch 150/249, Loss: 0.3129, TF Ratio: 0.100
2025-11-14 06:01:56,589 - DCRNN-Occupancy - INFO - Epoch 22, Batch 200/249, Loss: 0.2218, TF Ratio: 0.100
2025-11-14 06:02:06,666 - DCRNN-Occupancy - INFO - Epoch 22: Train Loss: 0.2594, Val Loss: 0.2776, LR: 0.000438, Time: 33.8s
2025-11-14 06:02:06,666 - DCRNN-Occupancy - INFO - 혼잡도 예측 범위 (정규화): [-1.05, 2.49]
2025-11-14 06:02:06,666 - DCRNN-Occupancy - INFO - 혼잡도 예측 범위 (실제): [-0.2, 1441.8]명
2025-11-14 06:02:06,780 - DCRNN-Occupancy - INFO - Epoch 23, Batch 0/249, Loss: 0.3268, TF Ratio: 0.100
2025-11-14 06:02:12,646 - DCRNN-Occupancy - INFO - Epoch 23, Batch 50/249, Loss: 0.2381, TF Ratio: 0.100
2025-11-14 06:02:18,586 - DCRNN-Occupancy - INFO - Epoch 23, Batch 100/249, Loss: 0.3214, TF Ratio: 0.100
2025-11-14 06:02:24,455 - DCRNN-Occupancy - INFO - Epoch 23, Batch 150/249, Loss: 0.2092, TF Ratio: 0.100
2025-11-14 06:02:30,325 - DCRNN-Occupancy - INFO - Epoch 23, Batch 200/249, Loss: 0.2641, TF Ratio: 0.100
2025-11-14 06:02:40,207 - DCRNN-Occupancy - INFO - Epoch 23: Train Loss: 0.2492, Val Loss: 0.2806, LR: 0.000432, Time: 33.5s
2025-11-14 06:02:40,207 - DCRNN-Occupancy - INFO - 혼잡도 예측 범위 (정규화): [-1.02, 2.50]
2025-11-14 06:02:40,207 - DCRNN-Occupancy - INFO - 혼잡도 예측 범위 (실제): [-0.1, 1460.5]명
2025-11-14 06:02:40,323 - DCRNN-Occupancy - INFO - Epoch 24, Batch 0/249, Loss: 0.2014, TF Ratio: 0.100
2025-11-14 06:02:46,210 - DCRNN-Occupancy - INFO - Epoch 24, Batch 50/249, Loss: 0.2028, TF Ratio: 0.100
2025-11-14 06:02:52,103 - DCRNN-Occupancy - INFO - Epoch 24, Batch 100/249, Loss: 0.3300, TF Ratio: 0.100
2025-11-14 06:02:58,002 - DCRNN-Occupancy - INFO - Epoch 24, Batch 150/249, Loss: 0.1776, TF Ratio: 0.100
2025-11-14 06:03:04,064 - DCRNN-Occupancy - INFO - Epoch 24, Batch 200/249, Loss: 0.3507, TF Ratio: 0.100
2025-11-14 06:03:14,129 - DCRNN-Occupancy - INFO - Epoch 24: Train Loss: 0.2402, Val Loss: 0.2837, LR: 0.000427, Time: 33.9s
2025-11-14 06:03:14,129 - DCRNN-Occupancy - INFO - 혼잡도 예측 범위 (정규화): [-1.00, 2.56]
2025-11-14 06:03:14,129 - DCRNN-Occupancy - INFO - 혼잡도 예측 범위 (실제): [-0.1, 1644.6]명
2025-11-14 06:03:14,246 - DCRNN-Occupancy - INFO - Epoch 25, Batch 0/249, Loss: 0.2908, TF Ratio: 0.100
2025-11-14 06:03:20,126 - DCRNN-Occupancy - INFO - Epoch 25, Batch 50/249, Loss: 0.3127, TF Ratio: 0.100
2025-11-14 06:03:26,054 - DCRNN-Occupancy - INFO - Epoch 25, Batch 100/249, Loss: 0.0645, TF Ratio: 0.100
2025-11-14 06:03:31,964 - DCRNN-Occupancy - INFO - Epoch 25, Batch 150/249, Loss: 0.2828, TF Ratio: 0.100
2025-11-14 06:03:37,923 - DCRNN-Occupancy - INFO - Epoch 25, Batch 200/249, Loss: 0.3254, TF Ratio: 0.100
2025-11-14 06:03:47,807 - DCRNN-Occupancy - INFO - Epoch 25: Train Loss: 0.2497, Val Loss: 0.2769, LR: 0.000421, Time: 33.7s
2025-11-14 06:03:47,807 - DCRNN-Occupancy - INFO - 혼잡도 예측 범위 (정규화): [-1.02, 2.52]
2025-11-14 06:03:47,807 - DCRNN-Occupancy - INFO - 혼잡도 예측 범위 (실제): [-0.1, 1532.1]명
2025-11-14 06:03:47,826 - DCRNN-Occupancy - INFO - Best occupancy model saved: checkpoints/occupancy_model/best_occupancy_model.pth
2025-11-14 06:03:47,941 - DCRNN-Occupancy - INFO - Epoch 26, Batch 0/249, Loss: 0.1393, TF Ratio: 0.100
2025-11-14 06:03:53,870 - DCRNN-Occupancy - INFO - Epoch 26, Batch 50/249, Loss: 0.0308, TF Ratio: 0.100
2025-11-14 06:04:00,200 - DCRNN-Occupancy - INFO - Epoch 26, Batch 100/249, Loss: 0.3068, TF Ratio: 0.100
2025-11-14 06:04:06,398 - DCRNN-Occupancy - INFO - Epoch 26, Batch 150/249, Loss: 0.3302, TF Ratio: 0.100
2025-11-14 06:48:45,671 - DCRNN-Occupancy - INFO - 혼잡도 전용 데이터셋 로드 중...
2025-11-14 06:48:45,760 - DCRNN-Occupancy - INFO - 계절별 균등 분할 완료:
2025-11-14 06:48:45,760 - DCRNN-Occupancy - INFO -   Train: 166일
2025-11-14 06:48:45,760 - DCRNN-Occupancy - INFO -   Val: 37일
2025-11-14 06:48:45,760 - DCRNN-Occupancy - INFO -   Test: 40일
2025-11-14 06:48:45,761 - DCRNN-Occupancy - INFO - 분할 정보 저장: data/seasonal_split.pkl
2025-11-14 06:48:53,986 - DCRNN-Occupancy - INFO - Train batches: 249
2025-11-14 06:48:53,986 - DCRNN-Occupancy - INFO - Val batches: 56
2025-11-14 06:48:53,989 - DCRNN-Occupancy - INFO - 혼잡도 전용 DCRNN 모델 구성 중...
2025-11-14 06:48:53,993 - DCRNN-Occupancy - INFO - Total parameters: 565,949
2025-11-14 06:48:53,993 - DCRNN-Occupancy - INFO - Trainable parameters: 565,949
2025-11-14 06:48:54,539 - DCRNN-Occupancy - INFO - 혼잡도 모델 훈련 설정 완료
2025-11-14 06:48:54,539 - DCRNN-Occupancy - INFO - 혼잡도 모델 훈련 시작...
2025-11-14 06:48:54,539 - DCRNN-Occupancy - INFO - 총 100 에포크 훈련 예정
2025-11-14 06:48:54,539 - DCRNN-Occupancy - INFO - 시작 에포크: 0
2025-11-14 06:48:54,539 - DCRNN-Occupancy - INFO - 디바이스: cpu
2025-11-14 06:48:54,601 - DCRNN-Occupancy - INFO - 첫 배치 처리 시작 - X shape: torch.Size([8, 12, 22, 31]), Y shape: torch.Size([8, 22, 1])
2025-11-14 06:48:54,671 - DCRNN-Occupancy - INFO - 🔍 Teacher Forcing 없이 예측 범위: [-0.273, 0.336]
2025-11-14 06:48:54,671 - DCRNN-Occupancy - INFO - 🔍 Teacher Forcing 99%로 예측 범위: [-0.323, 0.256]
2025-11-14 06:48:54,741 - DCRNN-Occupancy - INFO - Epoch 0, Batch 0/249, Loss: 1.0238, TF Ratio: 0.700
2025-11-14 06:49:00,266 - DCRNN-Occupancy - INFO - Epoch 0, Batch 50/249, Loss: 0.1216, TF Ratio: 0.700
2025-11-14 06:49:05,823 - DCRNN-Occupancy - INFO - Epoch 0, Batch 100/249, Loss: 0.0998, TF Ratio: 0.700
2025-11-14 06:49:11,674 - DCRNN-Occupancy - INFO - Epoch 0, Batch 150/249, Loss: 0.0993, TF Ratio: 0.700
2025-11-14 06:49:17,344 - DCRNN-Occupancy - INFO - Epoch 0, Batch 200/249, Loss: 0.1024, TF Ratio: 0.700
2025-11-14 06:49:26,819 - DCRNN-Occupancy - INFO - Epoch 0: Train Loss: 0.3564, Val Loss: 0.6597, LR: 0.000500, Time: 32.3s
2025-11-14 06:49:26,820 - DCRNN-Occupancy - INFO - 혼잡도 예측 범위 (정규화): [-1.86, 2.18]
2025-11-14 06:49:26,820 - DCRNN-Occupancy - INFO - 혼잡도 예측 범위 (실제): [-0.8, 750.8]명
2025-11-14 06:49:26,838 - DCRNN-Occupancy - INFO - Best occupancy model saved: checkpoints/occupancy_model/best_occupancy_model.pth
2025-11-14 06:49:26,854 - DCRNN-Occupancy - INFO - Best occupancy model saved: checkpoints/occupancy_model/best_occupancy_model.pth
2025-11-14 06:49:26,967 - DCRNN-Occupancy - INFO - Epoch 1, Batch 0/249, Loss: 0.0697, TF Ratio: 0.685
2025-11-14 06:49:32,859 - DCRNN-Occupancy - INFO - Epoch 1, Batch 50/249, Loss: 0.4754, TF Ratio: 0.685
2025-11-14 06:49:38,807 - DCRNN-Occupancy - INFO - Epoch 1, Batch 100/249, Loss: 0.4117, TF Ratio: 0.685
2025-11-14 06:49:44,789 - DCRNN-Occupancy - INFO - Epoch 1, Batch 150/249, Loss: 0.0478, TF Ratio: 0.685
2025-11-14 06:49:50,712 - DCRNN-Occupancy - INFO - Epoch 1, Batch 200/249, Loss: 0.0650, TF Ratio: 0.685
2025-11-14 06:50:00,926 - DCRNN-Occupancy - INFO - Epoch 1: Train Loss: 0.2323, Val Loss: 0.4581, LR: 0.000500, Time: 34.1s
2025-11-14 06:50:00,926 - DCRNN-Occupancy - INFO - 혼잡도 예측 범위 (정규화): [-1.25, 2.35]
2025-11-14 06:50:00,926 - DCRNN-Occupancy - INFO - 혼잡도 예측 범위 (실제): [-0.4, 1059.1]명
2025-11-14 06:50:00,944 - DCRNN-Occupancy - INFO - Best occupancy model saved: checkpoints/occupancy_model/best_occupancy_model.pth
2025-11-14 06:50:01,061 - DCRNN-Occupancy - INFO - Epoch 2, Batch 0/249, Loss: 0.0484, TF Ratio: 0.643
2025-11-14 06:50:07,173 - DCRNN-Occupancy - INFO - Epoch 2, Batch 50/249, Loss: 0.0332, TF Ratio: 0.643
2025-11-14 06:50:12,958 - DCRNN-Occupancy - INFO - Epoch 2, Batch 100/249, Loss: 0.0411, TF Ratio: 0.643
2025-11-14 06:50:18,975 - DCRNN-Occupancy - INFO - Epoch 2, Batch 150/249, Loss: 0.0372, TF Ratio: 0.643
2025-11-14 06:50:37,380 - DCRNN-Occupancy - INFO - 혼잡도 전용 데이터셋 로드 중...
2025-11-14 06:50:37,454 - DCRNN-Occupancy - INFO - 계절별 균등 분할 완료:
2025-11-14 06:50:37,454 - DCRNN-Occupancy - INFO -   Train: 166일
2025-11-14 06:50:37,454 - DCRNN-Occupancy - INFO -   Val: 37일
2025-11-14 06:50:37,454 - DCRNN-Occupancy - INFO -   Test: 40일
2025-11-14 06:50:37,455 - DCRNN-Occupancy - INFO - 분할 정보 저장: data/seasonal_split.pkl
2025-11-14 06:50:46,522 - DCRNN-Occupancy - INFO - Train batches: 249
2025-11-14 06:50:46,522 - DCRNN-Occupancy - INFO - Val batches: 56
2025-11-14 06:50:46,524 - DCRNN-Occupancy - INFO - 혼잡도 전용 DCRNN 모델 구성 중...
2025-11-14 06:50:46,526 - DCRNN-Occupancy - INFO - Total parameters: 565,949
2025-11-14 06:50:46,526 - DCRNN-Occupancy - INFO - Trainable parameters: 565,949
2025-11-14 06:50:47,097 - DCRNN-Occupancy - INFO - 혼잡도 모델 훈련 설정 완료
2025-11-14 06:50:47,111 - DCRNN-Occupancy - INFO - 혼잡도 모델 훈련 시작...
2025-11-14 06:50:47,111 - DCRNN-Occupancy - INFO - 총 100 에포크 훈련 예정
2025-11-14 06:50:47,111 - DCRNN-Occupancy - INFO - 시작 에포크: 26
2025-11-14 06:50:47,111 - DCRNN-Occupancy - INFO - 디바이스: cpu
2025-11-14 06:50:47,262 - DCRNN-Occupancy - INFO - Epoch 26, Batch 0/249, Loss: 0.3239, TF Ratio: 0.100
2025-11-14 06:50:53,243 - DCRNN-Occupancy - INFO - Epoch 26, Batch 50/249, Loss: 0.2998, TF Ratio: 0.100
2025-11-14 06:50:59,154 - DCRNN-Occupancy - INFO - Epoch 26, Batch 100/249, Loss: 0.3118, TF Ratio: 0.100
2025-11-14 06:51:05,277 - DCRNN-Occupancy - INFO - Epoch 26, Batch 150/249, Loss: 0.2420, TF Ratio: 0.100
2025-11-14 06:51:11,078 - DCRNN-Occupancy - INFO - Epoch 26, Batch 200/249, Loss: 0.3661, TF Ratio: 0.100
2025-11-14 06:51:21,471 - DCRNN-Occupancy - INFO - Epoch 26: Train Loss: 0.2503, Val Loss: 0.2786, LR: 0.000415, Time: 34.4s
2025-11-14 06:51:21,472 - DCRNN-Occupancy - INFO - 혼잡도 예측 범위 (정규화): [-1.01, 2.55]
2025-11-14 06:51:21,472 - DCRNN-Occupancy - INFO - 혼잡도 예측 범위 (실제): [-0.1, 1612.4]명
2025-11-14 06:51:21,589 - DCRNN-Occupancy - INFO - Epoch 27, Batch 0/249, Loss: 0.2341, TF Ratio: 0.100
2025-11-14 06:51:27,709 - DCRNN-Occupancy - INFO - Epoch 27, Batch 50/249, Loss: 0.3709, TF Ratio: 0.100
2025-11-14 06:51:33,576 - DCRNN-Occupancy - INFO - Epoch 27, Batch 100/249, Loss: 0.2867, TF Ratio: 0.100
2025-11-14 06:51:39,678 - DCRNN-Occupancy - INFO - Epoch 27, Batch 150/249, Loss: 0.3102, TF Ratio: 0.100
2025-11-14 06:51:45,918 - DCRNN-Occupancy - INFO - Epoch 27, Batch 200/249, Loss: 0.2987, TF Ratio: 0.100
2025-11-14 06:51:55,809 - DCRNN-Occupancy - INFO - Epoch 27: Train Loss: 0.2426, Val Loss: 0.2796, LR: 0.000410, Time: 34.3s
2025-11-14 06:51:55,809 - DCRNN-Occupancy - INFO - 혼잡도 예측 범위 (정규화): [-1.01, 2.52]
2025-11-14 06:51:55,809 - DCRNN-Occupancy - INFO - 혼잡도 예측 범위 (실제): [-0.1, 1515.7]명
2025-11-14 06:51:55,923 - DCRNN-Occupancy - INFO - Epoch 28, Batch 0/249, Loss: 0.2173, TF Ratio: 0.100
2025-11-14 06:52:01,732 - DCRNN-Occupancy - INFO - Epoch 28, Batch 50/249, Loss: 0.4187, TF Ratio: 0.100
2025-11-14 06:52:07,506 - DCRNN-Occupancy - INFO - Epoch 28, Batch 100/249, Loss: 0.2893, TF Ratio: 0.100
2025-11-14 06:52:13,350 - DCRNN-Occupancy - INFO - Epoch 28, Batch 150/249, Loss: 0.2792, TF Ratio: 0.100
2025-11-14 06:52:19,170 - DCRNN-Occupancy - INFO - Epoch 28, Batch 200/249, Loss: 0.2693, TF Ratio: 0.100
2025-11-14 06:52:29,129 - DCRNN-Occupancy - INFO - Epoch 28: Train Loss: 0.2484, Val Loss: 0.2730, LR: 0.000403, Time: 33.3s
2025-11-14 06:52:29,129 - DCRNN-Occupancy - INFO - 혼잡도 예측 범위 (정규화): [-1.02, 2.53]
2025-11-14 06:52:29,129 - DCRNN-Occupancy - INFO - 혼잡도 예측 범위 (실제): [-0.1, 1556.4]명
2025-11-14 06:52:29,155 - DCRNN-Occupancy - INFO - Best occupancy model saved: checkpoints/occupancy_model/best_occupancy_model.pth
2025-11-14 06:52:29,277 - DCRNN-Occupancy - INFO - Epoch 29, Batch 0/249, Loss: 0.0264, TF Ratio: 0.100
2025-11-14 06:52:35,049 - DCRNN-Occupancy - INFO - Epoch 29, Batch 50/249, Loss: 0.0395, TF Ratio: 0.100
2025-11-14 06:52:40,766 - DCRNN-Occupancy - INFO - Epoch 29, Batch 100/249, Loss: 0.3058, TF Ratio: 0.100
2025-11-14 06:52:46,729 - DCRNN-Occupancy - INFO - Epoch 29, Batch 150/249, Loss: 0.2114, TF Ratio: 0.100
2025-11-14 06:52:52,634 - DCRNN-Occupancy - INFO - Epoch 29, Batch 200/249, Loss: 0.2597, TF Ratio: 0.100
2025-11-14 06:53:02,897 - DCRNN-Occupancy - INFO - Epoch 29: Train Loss: 0.2395, Val Loss: 0.2800, LR: 0.000397, Time: 33.7s
2025-11-14 06:53:02,897 - DCRNN-Occupancy - INFO - 혼잡도 예측 범위 (정규화): [-1.01, 2.51]
2025-11-14 06:53:02,897 - DCRNN-Occupancy - INFO - 혼잡도 예측 범위 (실제): [-0.1, 1491.0]명
2025-11-14 06:53:03,020 - DCRNN-Occupancy - INFO - Epoch 30, Batch 0/249, Loss: 0.0356, TF Ratio: 0.100
2025-11-14 06:53:09,199 - DCRNN-Occupancy - INFO - Epoch 30, Batch 50/249, Loss: 0.3670, TF Ratio: 0.100
2025-11-14 06:53:15,075 - DCRNN-Occupancy - INFO - Epoch 30, Batch 100/249, Loss: 0.3089, TF Ratio: 0.100
2025-11-14 06:53:20,963 - DCRNN-Occupancy - INFO - Epoch 30, Batch 150/249, Loss: 0.3236, TF Ratio: 0.100
2025-11-14 06:53:26,785 - DCRNN-Occupancy - INFO - Epoch 30, Batch 200/249, Loss: 0.1815, TF Ratio: 0.100
2025-11-14 06:53:36,683 - DCRNN-Occupancy - INFO - Epoch 30: Train Loss: 0.2455, Val Loss: 0.2716, LR: 0.000391, Time: 33.8s
2025-11-14 06:53:36,683 - DCRNN-Occupancy - INFO - 혼잡도 예측 범위 (정규화): [-1.02, 2.54]
2025-11-14 06:53:36,683 - DCRNN-Occupancy - INFO - 혼잡도 예측 범위 (실제): [-0.1, 1581.5]명
2025-11-14 06:53:36,703 - DCRNN-Occupancy - INFO - Best occupancy model saved: checkpoints/occupancy_model/best_occupancy_model.pth
2025-11-14 06:53:36,719 - DCRNN-Occupancy - INFO - Best occupancy model saved: checkpoints/occupancy_model/best_occupancy_model.pth
2025-11-14 06:53:36,834 - DCRNN-Occupancy - INFO - Epoch 31, Batch 0/249, Loss: 0.1760, TF Ratio: 0.100
2025-11-14 06:53:42,860 - DCRNN-Occupancy - INFO - Epoch 31, Batch 50/249, Loss: 0.3063, TF Ratio: 0.100
2025-11-14 06:53:49,215 - DCRNN-Occupancy - INFO - Epoch 31, Batch 100/249, Loss: 0.3551, TF Ratio: 0.100
2025-11-14 06:53:55,504 - DCRNN-Occupancy - INFO - Epoch 31, Batch 150/249, Loss: 0.3967, TF Ratio: 0.100
2025-11-14 06:54:01,663 - DCRNN-Occupancy - INFO - Epoch 31, Batch 200/249, Loss: 0.2187, TF Ratio: 0.100
2025-11-14 06:54:12,373 - DCRNN-Occupancy - INFO - Epoch 31: Train Loss: 0.2530, Val Loss: 0.2766, LR: 0.000384, Time: 35.7s
2025-11-14 06:54:12,373 - DCRNN-Occupancy - INFO - 혼잡도 예측 범위 (정규화): [-1.01, 2.55]
2025-11-14 06:54:12,373 - DCRNN-Occupancy - INFO - 혼잡도 예측 범위 (실제): [-0.1, 1630.1]명
2025-11-14 06:54:12,508 - DCRNN-Occupancy - INFO - Epoch 32, Batch 0/249, Loss: 0.2875, TF Ratio: 0.100
2025-11-14 06:54:18,683 - DCRNN-Occupancy - INFO - Epoch 32, Batch 50/249, Loss: 0.2160, TF Ratio: 0.100
2025-11-14 06:54:24,761 - DCRNN-Occupancy - INFO - Epoch 32, Batch 100/249, Loss: 0.2600, TF Ratio: 0.100
2025-11-14 06:54:30,878 - DCRNN-Occupancy - INFO - Epoch 32, Batch 150/249, Loss: 0.2824, TF Ratio: 0.100
2025-11-14 06:54:36,895 - DCRNN-Occupancy - INFO - Epoch 32, Batch 200/249, Loss: 0.1590, TF Ratio: 0.100
2025-11-14 06:54:47,078 - DCRNN-Occupancy - INFO - Epoch 32: Train Loss: 0.2354, Val Loss: 0.2727, LR: 0.000378, Time: 34.7s
2025-11-14 06:54:47,078 - DCRNN-Occupancy - INFO - 혼잡도 예측 범위 (정규화): [-1.02, 2.50]
2025-11-14 06:54:47,078 - DCRNN-Occupancy - INFO - 혼잡도 예측 범위 (실제): [-0.1, 1449.0]명
2025-11-14 06:54:47,191 - DCRNN-Occupancy - INFO - Epoch 33, Batch 0/249, Loss: 0.3333, TF Ratio: 0.100
2025-11-14 06:54:52,937 - DCRNN-Occupancy - INFO - Epoch 33, Batch 50/249, Loss: 0.1513, TF Ratio: 0.100
2025-11-14 06:54:58,662 - DCRNN-Occupancy - INFO - Epoch 33, Batch 100/249, Loss: 0.1863, TF Ratio: 0.100
2025-11-14 06:55:04,453 - DCRNN-Occupancy - INFO - Epoch 33, Batch 150/249, Loss: 0.3018, TF Ratio: 0.100
2025-11-14 06:55:10,330 - DCRNN-Occupancy - INFO - Epoch 33, Batch 200/249, Loss: 0.2215, TF Ratio: 0.100
2025-11-14 06:55:20,540 - DCRNN-Occupancy - INFO - Epoch 33: Train Loss: 0.2281, Val Loss: 0.2687, LR: 0.000371, Time: 33.5s
2025-11-14 06:55:20,540 - DCRNN-Occupancy - INFO - 혼잡도 예측 범위 (정규화): [-1.03, 2.51]
2025-11-14 06:55:20,540 - DCRNN-Occupancy - INFO - 혼잡도 예측 범위 (실제): [-0.1, 1502.1]명
2025-11-14 06:55:20,558 - DCRNN-Occupancy - INFO - Best occupancy model saved: checkpoints/occupancy_model/best_occupancy_model.pth
2025-11-14 06:55:20,675 - DCRNN-Occupancy - INFO - Epoch 34, Batch 0/249, Loss: 0.3025, TF Ratio: 0.100
2025-11-14 06:55:26,806 - DCRNN-Occupancy - INFO - Epoch 34, Batch 50/249, Loss: 0.3990, TF Ratio: 0.100
2025-11-14 06:55:33,058 - DCRNN-Occupancy - INFO - Epoch 34, Batch 100/249, Loss: 0.2968, TF Ratio: 0.100
2025-11-14 06:55:39,091 - DCRNN-Occupancy - INFO - Epoch 34, Batch 150/249, Loss: 0.0343, TF Ratio: 0.100
2025-11-14 06:55:45,402 - DCRNN-Occupancy - INFO - Epoch 34, Batch 200/249, Loss: 0.3196, TF Ratio: 0.100
2025-11-14 06:55:56,035 - DCRNN-Occupancy - INFO - Epoch 34: Train Loss: 0.2385, Val Loss: 0.2673, LR: 0.000364, Time: 35.5s
2025-11-14 06:55:56,035 - DCRNN-Occupancy - INFO - 혼잡도 예측 범위 (정규화): [-1.00, 2.46]
2025-11-14 06:55:56,035 - DCRNN-Occupancy - INFO - 혼잡도 예측 범위 (실제): [-0.1, 1350.3]명
2025-11-14 06:55:56,053 - DCRNN-Occupancy - INFO - Best occupancy model saved: checkpoints/occupancy_model/best_occupancy_model.pth
2025-11-14 06:55:56,174 - DCRNN-Occupancy - INFO - Epoch 35, Batch 0/249, Loss: 0.2615, TF Ratio: 0.100
2025-11-14 06:56:02,380 - DCRNN-Occupancy - INFO - Epoch 35, Batch 50/249, Loss: 0.2755, TF Ratio: 0.100
2025-11-14 06:56:08,418 - DCRNN-Occupancy - INFO - Epoch 35, Batch 100/249, Loss: 0.3127, TF Ratio: 0.100
2025-11-14 06:56:14,378 - DCRNN-Occupancy - INFO - Epoch 35, Batch 150/249, Loss: 0.1703, TF Ratio: 0.100
2025-11-14 06:56:20,235 - DCRNN-Occupancy - INFO - Epoch 35, Batch 200/249, Loss: 0.1893, TF Ratio: 0.100
2025-11-14 06:56:30,721 - DCRNN-Occupancy - INFO - Epoch 35: Train Loss: 0.2422, Val Loss: 0.2662, LR: 0.000357, Time: 34.7s
2025-11-14 06:56:30,721 - DCRNN-Occupancy - INFO - 혼잡도 예측 범위 (정규화): [-1.02, 2.54]
2025-11-14 06:56:30,722 - DCRNN-Occupancy - INFO - 혼잡도 예측 범위 (실제): [-0.1, 1575.7]명
2025-11-14 06:56:30,740 - DCRNN-Occupancy - INFO - Best occupancy model saved: checkpoints/occupancy_model/best_occupancy_model.pth
2025-11-14 06:56:30,861 - DCRNN-Occupancy - INFO - Epoch 36, Batch 0/249, Loss: 0.2829, TF Ratio: 0.100
2025-11-14 06:56:37,053 - DCRNN-Occupancy - INFO - Epoch 36, Batch 50/249, Loss: 0.0274, TF Ratio: 0.100
2025-11-14 06:56:43,136 - DCRNN-Occupancy - INFO - Epoch 36, Batch 100/249, Loss: 0.2230, TF Ratio: 0.100
2025-11-14 06:56:49,577 - DCRNN-Occupancy - INFO - Epoch 36, Batch 150/249, Loss: 0.3564, TF Ratio: 0.100
2025-11-14 06:56:55,587 - DCRNN-Occupancy - INFO - Epoch 36, Batch 200/249, Loss: 0.3235, TF Ratio: 0.100
2025-11-14 06:57:05,463 - DCRNN-Occupancy - INFO - Epoch 36: Train Loss: 0.2401, Val Loss: 0.2692, LR: 0.000350, Time: 34.7s
2025-11-14 06:57:05,463 - DCRNN-Occupancy - INFO - 혼잡도 예측 범위 (정규화): [-1.02, 2.52]
2025-11-14 06:57:05,463 - DCRNN-Occupancy - INFO - 혼잡도 예측 범위 (실제): [-0.1, 1527.6]명
2025-11-14 06:57:05,572 - DCRNN-Occupancy - INFO - Epoch 37, Batch 0/249, Loss: 0.2039, TF Ratio: 0.100
2025-11-14 06:57:11,383 - DCRNN-Occupancy - INFO - Epoch 37, Batch 50/249, Loss: 0.3053, TF Ratio: 0.100
2025-11-14 06:57:17,156 - DCRNN-Occupancy - INFO - Epoch 37, Batch 100/249, Loss: 0.2907, TF Ratio: 0.100
2025-11-14 06:57:22,907 - DCRNN-Occupancy - INFO - Epoch 37, Batch 150/249, Loss: 0.3191, TF Ratio: 0.100
2025-11-14 06:57:28,651 - DCRNN-Occupancy - INFO - Epoch 37, Batch 200/249, Loss: 0.2099, TF Ratio: 0.100
2025-11-14 06:57:38,513 - DCRNN-Occupancy - INFO - Epoch 37: Train Loss: 0.2325, Val Loss: 0.2638, LR: 0.000342, Time: 33.1s
2025-11-14 06:57:38,514 - DCRNN-Occupancy - INFO - 혼잡도 예측 범위 (정규화): [-1.02, 2.53]
2025-11-14 06:57:38,514 - DCRNN-Occupancy - INFO - 혼잡도 예측 범위 (실제): [-0.1, 1568.3]명
2025-11-14 06:57:38,536 - DCRNN-Occupancy - INFO - Best occupancy model saved: checkpoints/occupancy_model/best_occupancy_model.pth
2025-11-14 06:57:38,655 - DCRNN-Occupancy - INFO - Epoch 38, Batch 0/249, Loss: 0.2557, TF Ratio: 0.100
2025-11-14 06:57:44,416 - DCRNN-Occupancy - INFO - Epoch 38, Batch 50/249, Loss: 0.0211, TF Ratio: 0.100
2025-11-14 06:57:50,353 - DCRNN-Occupancy - INFO - Epoch 38, Batch 100/249, Loss: 0.1248, TF Ratio: 0.100
2025-11-14 06:57:56,121 - DCRNN-Occupancy - INFO - Epoch 38, Batch 150/249, Loss: 0.0591, TF Ratio: 0.100
2025-11-14 06:58:01,957 - DCRNN-Occupancy - INFO - Epoch 38, Batch 200/249, Loss: 0.1840, TF Ratio: 0.100
2025-11-14 06:58:11,909 - DCRNN-Occupancy - INFO - Epoch 38: Train Loss: 0.2379, Val Loss: 0.2654, LR: 0.000335, Time: 33.4s
2025-11-14 06:58:11,909 - DCRNN-Occupancy - INFO - 혼잡도 예측 범위 (정규화): [-1.01, 2.54]
2025-11-14 06:58:11,909 - DCRNN-Occupancy - INFO - 혼잡도 예측 범위 (실제): [-0.1, 1578.0]명
2025-11-14 06:58:12,024 - DCRNN-Occupancy - INFO - Epoch 39, Batch 0/249, Loss: 0.0342, TF Ratio: 0.100
2025-11-14 06:58:18,387 - DCRNN-Occupancy - INFO - Epoch 39, Batch 50/249, Loss: 0.0499, TF Ratio: 0.100
2025-11-14 06:58:24,343 - DCRNN-Occupancy - INFO - Epoch 39, Batch 100/249, Loss: 0.2524, TF Ratio: 0.100
2025-11-14 06:58:30,483 - DCRNN-Occupancy - INFO - Epoch 39, Batch 150/249, Loss: 0.2632, TF Ratio: 0.100
2025-11-14 06:58:36,392 - DCRNN-Occupancy - INFO - Epoch 39, Batch 200/249, Loss: 0.2980, TF Ratio: 0.100
2025-11-14 06:58:46,871 - DCRNN-Occupancy - INFO - Epoch 39: Train Loss: 0.2306, Val Loss: 0.2662, LR: 0.000328, Time: 35.0s
2025-11-14 06:58:46,871 - DCRNN-Occupancy - INFO - 혼잡도 예측 범위 (정규화): [-1.02, 2.51]
2025-11-14 06:58:46,871 - DCRNN-Occupancy - INFO - 혼잡도 예측 범위 (실제): [-0.1, 1478.3]명
2025-11-14 06:58:46,998 - DCRNN-Occupancy - INFO - Epoch 40, Batch 0/249, Loss: 0.1870, TF Ratio: 0.100
2025-11-14 06:58:52,930 - DCRNN-Occupancy - INFO - Epoch 40, Batch 50/249, Loss: 0.2387, TF Ratio: 0.100
2025-11-14 06:58:58,903 - DCRNN-Occupancy - INFO - Epoch 40, Batch 100/249, Loss: 0.3500, TF Ratio: 0.100
2025-11-14 06:59:04,745 - DCRNN-Occupancy - INFO - Epoch 40, Batch 150/249, Loss: 0.3778, TF Ratio: 0.100
2025-11-14 06:59:10,571 - DCRNN-Occupancy - INFO - Epoch 40, Batch 200/249, Loss: 0.2562, TF Ratio: 0.100
2025-11-14 06:59:20,621 - DCRNN-Occupancy - INFO - Epoch 40: Train Loss: 0.2363, Val Loss: 0.2630, LR: 0.000320, Time: 33.7s
2025-11-14 06:59:20,621 - DCRNN-Occupancy - INFO - 혼잡도 예측 범위 (정규화): [-1.02, 2.50]
2025-11-14 06:59:20,621 - DCRNN-Occupancy - INFO - 혼잡도 예측 범위 (실제): [-0.1, 1470.2]명
2025-11-14 06:59:20,639 - DCRNN-Occupancy - INFO - Best occupancy model saved: checkpoints/occupancy_model/best_occupancy_model.pth
2025-11-14 06:59:20,656 - DCRNN-Occupancy - INFO - Best occupancy model saved: checkpoints/occupancy_model/best_occupancy_model.pth
2025-11-14 06:59:20,776 - DCRNN-Occupancy - INFO - Epoch 41, Batch 0/249, Loss: 0.1809, TF Ratio: 0.100
2025-11-14 06:59:27,142 - DCRNN-Occupancy - INFO - Epoch 41, Batch 50/249, Loss: 0.1979, TF Ratio: 0.100
2025-11-14 06:59:33,264 - DCRNN-Occupancy - INFO - Epoch 41, Batch 100/249, Loss: 0.2633, TF Ratio: 0.100
2025-11-14 06:59:39,444 - DCRNN-Occupancy - INFO - Epoch 41, Batch 150/249, Loss: 0.2444, TF Ratio: 0.100
2025-11-14 06:59:45,861 - DCRNN-Occupancy - INFO - Epoch 41, Batch 200/249, Loss: 0.3181, TF Ratio: 0.100
2025-11-14 06:59:55,977 - DCRNN-Occupancy - INFO - Epoch 41: Train Loss: 0.2348, Val Loss: 0.2678, LR: 0.000313, Time: 35.3s
2025-11-14 06:59:55,977 - DCRNN-Occupancy - INFO - 혼잡도 예측 범위 (정규화): [-1.00, 2.54]
2025-11-14 06:59:55,977 - DCRNN-Occupancy - INFO - 혼잡도 예측 범위 (실제): [-0.1, 1571.1]명
2025-11-14 06:59:56,093 - DCRNN-Occupancy - INFO - Epoch 42, Batch 0/249, Loss: 0.2591, TF Ratio: 0.100
2025-11-14 07:00:01,912 - DCRNN-Occupancy - INFO - Epoch 42, Batch 50/249, Loss: 0.3476, TF Ratio: 0.100
2025-11-14 07:00:07,752 - DCRNN-Occupancy - INFO - Epoch 42, Batch 100/249, Loss: 0.2021, TF Ratio: 0.100
2025-11-14 07:00:13,605 - DCRNN-Occupancy - INFO - Epoch 42, Batch 150/249, Loss: 0.1739, TF Ratio: 0.100
2025-11-14 07:00:19,848 - DCRNN-Occupancy - INFO - Epoch 42, Batch 200/249, Loss: 0.3566, TF Ratio: 0.100
2025-11-14 07:00:30,723 - DCRNN-Occupancy - INFO - Epoch 42: Train Loss: 0.2309, Val Loss: 0.2604, LR: 0.000305, Time: 34.7s
2025-11-14 07:00:30,723 - DCRNN-Occupancy - INFO - 혼잡도 예측 범위 (정규화): [-1.01, 2.50]
2025-11-14 07:00:30,723 - DCRNN-Occupancy - INFO - 혼잡도 예측 범위 (실제): [-0.1, 1466.1]명
2025-11-14 07:00:30,743 - DCRNN-Occupancy - INFO - Best occupancy model saved: checkpoints/occupancy_model/best_occupancy_model.pth
2025-11-14 07:00:30,866 - DCRNN-Occupancy - INFO - Epoch 43, Batch 0/249, Loss: 0.2154, TF Ratio: 0.100
2025-11-14 07:00:37,245 - DCRNN-Occupancy - INFO - Epoch 43, Batch 50/249, Loss: 0.3315, TF Ratio: 0.100
2025-11-14 07:00:43,406 - DCRNN-Occupancy - INFO - Epoch 43, Batch 100/249, Loss: 0.1478, TF Ratio: 0.100
2025-11-14 07:00:49,430 - DCRNN-Occupancy - INFO - Epoch 43, Batch 150/249, Loss: 0.0211, TF Ratio: 0.100
2025-11-14 07:00:55,303 - DCRNN-Occupancy - INFO - Epoch 43, Batch 200/249, Loss: 0.0249, TF Ratio: 0.100
2025-11-14 07:01:05,362 - DCRNN-Occupancy - INFO - Epoch 43: Train Loss: 0.2267, Val Loss: 0.2677, LR: 0.000297, Time: 34.6s
2025-11-14 07:01:05,362 - DCRNN-Occupancy - INFO - 혼잡도 예측 범위 (정규화): [-1.00, 2.55]
2025-11-14 07:01:05,362 - DCRNN-Occupancy - INFO - 혼잡도 예측 범위 (실제): [-0.1, 1608.8]명
2025-11-14 07:01:05,477 - DCRNN-Occupancy - INFO - Epoch 44, Batch 0/249, Loss: 0.2758, TF Ratio: 0.100
2025-11-14 07:01:11,274 - DCRNN-Occupancy - INFO - Epoch 44, Batch 50/249, Loss: 0.2108, TF Ratio: 0.100
2025-11-14 07:01:17,038 - DCRNN-Occupancy - INFO - Epoch 44, Batch 100/249, Loss: 0.2997, TF Ratio: 0.100
2025-11-14 07:01:22,896 - DCRNN-Occupancy - INFO - Epoch 44, Batch 150/249, Loss: 0.3357, TF Ratio: 0.100
2025-11-14 07:01:28,844 - DCRNN-Occupancy - INFO - Epoch 44, Batch 200/249, Loss: 0.2273, TF Ratio: 0.100
2025-11-14 07:01:39,023 - DCRNN-Occupancy - INFO - Epoch 44: Train Loss: 0.2282, Val Loss: 0.2608, LR: 0.000290, Time: 33.7s
2025-11-14 07:01:39,023 - DCRNN-Occupancy - INFO - 혼잡도 예측 범위 (정규화): [-1.01, 2.52]
2025-11-14 07:01:39,023 - DCRNN-Occupancy - INFO - 혼잡도 예측 범위 (실제): [-0.1, 1526.9]명
2025-11-14 07:01:39,145 - DCRNN-Occupancy - INFO - Epoch 45, Batch 0/249, Loss: 0.0280, TF Ratio: 0.100
2025-11-14 07:01:44,982 - DCRNN-Occupancy - INFO - Epoch 45, Batch 50/249, Loss: 0.0586, TF Ratio: 0.100
2025-11-14 07:01:51,273 - DCRNN-Occupancy - INFO - Epoch 45, Batch 100/249, Loss: 0.2463, TF Ratio: 0.100
2025-11-14 07:01:57,286 - DCRNN-Occupancy - INFO - Epoch 45, Batch 150/249, Loss: 0.2785, TF Ratio: 0.100
2025-11-14 07:02:03,066 - DCRNN-Occupancy - INFO - Epoch 45, Batch 200/249, Loss: 0.2868, TF Ratio: 0.100
2025-11-14 07:02:13,077 - DCRNN-Occupancy - INFO - Epoch 45: Train Loss: 0.2323, Val Loss: 0.2567, LR: 0.000282, Time: 34.1s
2025-11-14 07:02:13,077 - DCRNN-Occupancy - INFO - 혼잡도 예측 범위 (정규화): [-1.00, 2.50]
2025-11-14 07:02:13,077 - DCRNN-Occupancy - INFO - 혼잡도 예측 범위 (실제): [-0.1, 1449.5]명
2025-11-14 07:02:13,096 - DCRNN-Occupancy - INFO - Best occupancy model saved: checkpoints/occupancy_model/best_occupancy_model.pth
2025-11-14 07:02:13,217 - DCRNN-Occupancy - INFO - Epoch 46, Batch 0/249, Loss: 0.2502, TF Ratio: 0.100
2025-11-14 07:02:19,265 - DCRNN-Occupancy - INFO - Epoch 46, Batch 50/249, Loss: 0.2149, TF Ratio: 0.100
2025-11-14 07:02:25,243 - DCRNN-Occupancy - INFO - Epoch 46, Batch 100/249, Loss: 0.2233, TF Ratio: 0.100
2025-11-14 07:02:31,064 - DCRNN-Occupancy - INFO - Epoch 46, Batch 150/249, Loss: 0.2933, TF Ratio: 0.100
2025-11-14 07:02:36,838 - DCRNN-Occupancy - INFO - Epoch 46, Batch 200/249, Loss: 0.2293, TF Ratio: 0.100
2025-11-14 07:02:46,977 - DCRNN-Occupancy - INFO - Epoch 46: Train Loss: 0.2291, Val Loss: 0.2578, LR: 0.000274, Time: 33.9s
2025-11-14 07:02:46,977 - DCRNN-Occupancy - INFO - 혼잡도 예측 범위 (정규화): [-1.01, 2.49]
2025-11-14 07:02:46,977 - DCRNN-Occupancy - INFO - 혼잡도 예측 범위 (실제): [-0.1, 1418.6]명
2025-11-14 07:02:47,096 - DCRNN-Occupancy - INFO - Epoch 47, Batch 0/249, Loss: 0.2167, TF Ratio: 0.100
2025-11-14 07:02:52,899 - DCRNN-Occupancy - INFO - Epoch 47, Batch 50/249, Loss: 0.3226, TF Ratio: 0.100
2025-11-14 07:02:58,732 - DCRNN-Occupancy - INFO - Epoch 47, Batch 100/249, Loss: 0.1836, TF Ratio: 0.100
2025-11-14 07:03:04,806 - DCRNN-Occupancy - INFO - Epoch 47, Batch 150/249, Loss: 0.2322, TF Ratio: 0.100
2025-11-14 07:03:10,792 - DCRNN-Occupancy - INFO - Epoch 47, Batch 200/249, Loss: 0.2609, TF Ratio: 0.100
2025-11-14 07:03:20,498 - DCRNN-Occupancy - INFO - Epoch 47: Train Loss: 0.2300, Val Loss: 0.2574, LR: 0.000266, Time: 33.5s
2025-11-14 07:03:20,498 - DCRNN-Occupancy - INFO - 혼잡도 예측 범위 (정규화): [-1.03, 2.52]
2025-11-14 07:03:20,499 - DCRNN-Occupancy - INFO - 혼잡도 예측 범위 (실제): [-0.1, 1516.5]명
2025-11-14 07:03:20,614 - DCRNN-Occupancy - INFO - Epoch 48, Batch 0/249, Loss: 0.3296, TF Ratio: 0.100
2025-11-14 07:03:26,413 - DCRNN-Occupancy - INFO - Epoch 48, Batch 50/249, Loss: 0.1684, TF Ratio: 0.100
2025-11-14 07:03:32,386 - DCRNN-Occupancy - INFO - Epoch 48, Batch 100/249, Loss: 0.3239, TF Ratio: 0.100
2025-11-14 07:03:38,280 - DCRNN-Occupancy - INFO - Epoch 48, Batch 150/249, Loss: 0.1822, TF Ratio: 0.100
2025-11-14 07:03:44,086 - DCRNN-Occupancy - INFO - Epoch 48, Batch 200/249, Loss: 0.3436, TF Ratio: 0.100
2025-11-14 07:03:54,320 - DCRNN-Occupancy - INFO - Epoch 48: Train Loss: 0.2267, Val Loss: 0.2561, LR: 0.000258, Time: 33.8s
2025-11-14 07:03:54,320 - DCRNN-Occupancy - INFO - 혼잡도 예측 범위 (정규화): [-1.00, 2.50]
2025-11-14 07:03:54,320 - DCRNN-Occupancy - INFO - 혼잡도 예측 범위 (실제): [-0.1, 1454.7]명
2025-11-14 07:03:54,345 - DCRNN-Occupancy - INFO - Best occupancy model saved: checkpoints/occupancy_model/best_occupancy_model.pth
2025-11-14 07:03:54,462 - DCRNN-Occupancy - INFO - Epoch 49, Batch 0/249, Loss: 0.3082, TF Ratio: 0.100
2025-11-14 07:04:00,243 - DCRNN-Occupancy - INFO - Epoch 49, Batch 50/249, Loss: 0.2119, TF Ratio: 0.100
2025-11-14 07:04:06,280 - DCRNN-Occupancy - INFO - Epoch 49, Batch 100/249, Loss: 0.2419, TF Ratio: 0.100
2025-11-14 07:04:12,037 - DCRNN-Occupancy - INFO - Epoch 49, Batch 150/249, Loss: 0.2176, TF Ratio: 0.100
2025-11-14 07:04:17,916 - DCRNN-Occupancy - INFO - Epoch 49, Batch 200/249, Loss: 0.1313, TF Ratio: 0.100
2025-11-14 07:04:28,212 - DCRNN-Occupancy - INFO - Epoch 49: Train Loss: 0.2293, Val Loss: 0.2548, LR: 0.000251, Time: 33.9s
2025-11-14 07:04:28,213 - DCRNN-Occupancy - INFO - 혼잡도 예측 범위 (정규화): [-1.02, 2.52]
2025-11-14 07:04:28,213 - DCRNN-Occupancy - INFO - 혼잡도 예측 범위 (실제): [-0.1, 1525.2]명
2025-11-14 07:04:28,233 - DCRNN-Occupancy - INFO - Best occupancy model saved: checkpoints/occupancy_model/best_occupancy_model.pth
2025-11-14 07:04:28,347 - DCRNN-Occupancy - INFO - Epoch 50, Batch 0/249, Loss: 0.2392, TF Ratio: 0.100
2025-11-14 07:04:34,163 - DCRNN-Occupancy - INFO - Epoch 50, Batch 50/249, Loss: 0.2246, TF Ratio: 0.100
2025-11-14 07:04:40,001 - DCRNN-Occupancy - INFO - Epoch 50, Batch 100/249, Loss: 0.1518, TF Ratio: 0.100
2025-11-14 07:04:46,181 - DCRNN-Occupancy - INFO - Epoch 50, Batch 150/249, Loss: 0.0564, TF Ratio: 0.100
2025-11-14 07:04:52,152 - DCRNN-Occupancy - INFO - Epoch 50, Batch 200/249, Loss: 0.2010, TF Ratio: 0.100
2025-11-14 07:05:02,324 - DCRNN-Occupancy - INFO - Epoch 50: Train Loss: 0.2267, Val Loss: 0.2583, LR: 0.000243, Time: 34.1s
2025-11-14 07:05:02,324 - DCRNN-Occupancy - INFO - 혼잡도 예측 범위 (정규화): [-1.01, 2.51]
2025-11-14 07:05:02,324 - DCRNN-Occupancy - INFO - 혼잡도 예측 범위 (실제): [-0.1, 1491.5]명
2025-11-14 07:05:02,457 - DCRNN-Occupancy - INFO - Epoch 51, Batch 0/249, Loss: 0.3122, TF Ratio: 0.100
2025-11-14 07:05:08,475 - DCRNN-Occupancy - INFO - Epoch 51, Batch 50/249, Loss: 0.2623, TF Ratio: 0.100
2025-11-14 07:05:14,391 - DCRNN-Occupancy - INFO - Epoch 51, Batch 100/249, Loss: 0.2902, TF Ratio: 0.100
2025-11-14 07:05:20,222 - DCRNN-Occupancy - INFO - Epoch 51, Batch 150/249, Loss: 0.1844, TF Ratio: 0.100
2025-11-14 07:05:26,004 - DCRNN-Occupancy - INFO - Epoch 51, Batch 200/249, Loss: 0.2902, TF Ratio: 0.100
2025-11-14 07:05:35,733 - DCRNN-Occupancy - INFO - Epoch 51: Train Loss: 0.2145, Val Loss: 0.2605, LR: 0.000235, Time: 33.4s
2025-11-14 07:05:35,733 - DCRNN-Occupancy - INFO - 혼잡도 예측 범위 (정규화): [-1.03, 2.50]
2025-11-14 07:05:35,733 - DCRNN-Occupancy - INFO - 혼잡도 예측 범위 (실제): [-0.1, 1451.1]명
2025-11-14 07:05:35,846 - DCRNN-Occupancy - INFO - Epoch 52, Batch 0/249, Loss: 0.1939, TF Ratio: 0.100
2025-11-14 07:05:41,648 - DCRNN-Occupancy - INFO - Epoch 52, Batch 50/249, Loss: 0.0237, TF Ratio: 0.100
2025-11-14 07:05:47,575 - DCRNN-Occupancy - INFO - Epoch 52, Batch 100/249, Loss: 0.0222, TF Ratio: 0.100
2025-11-14 07:05:53,340 - DCRNN-Occupancy - INFO - Epoch 52, Batch 150/249, Loss: 0.2609, TF Ratio: 0.100
2025-11-14 07:05:59,145 - DCRNN-Occupancy - INFO - Epoch 52, Batch 200/249, Loss: 0.2029, TF Ratio: 0.100
2025-11-14 07:06:09,123 - DCRNN-Occupancy - INFO - Epoch 52: Train Loss: 0.2209, Val Loss: 0.2610, LR: 0.000227, Time: 33.4s
2025-11-14 07:06:09,123 - DCRNN-Occupancy - INFO - 혼잡도 예측 범위 (정규화): [-1.02, 2.53]
2025-11-14 07:06:09,123 - DCRNN-Occupancy - INFO - 혼잡도 예측 범위 (실제): [-0.1, 1539.1]명
2025-11-14 07:06:09,240 - DCRNN-Occupancy - INFO - Epoch 53, Batch 0/249, Loss: 0.1746, TF Ratio: 0.100
2025-11-14 07:06:15,014 - DCRNN-Occupancy - INFO - Epoch 53, Batch 50/249, Loss: 0.2627, TF Ratio: 0.100
2025-11-14 07:06:20,823 - DCRNN-Occupancy - INFO - Epoch 53, Batch 100/249, Loss: 0.2693, TF Ratio: 0.100
2025-11-14 07:06:26,669 - DCRNN-Occupancy - INFO - Epoch 53, Batch 150/249, Loss: 0.3251, TF Ratio: 0.100
2025-11-14 07:06:32,502 - DCRNN-Occupancy - INFO - Epoch 53, Batch 200/249, Loss: 0.3435, TF Ratio: 0.100
2025-11-14 07:06:42,258 - DCRNN-Occupancy - INFO - Epoch 53: Train Loss: 0.2193, Val Loss: 0.2563, LR: 0.000219, Time: 33.1s
2025-11-14 07:06:42,258 - DCRNN-Occupancy - INFO - 혼잡도 예측 범위 (정규화): [-1.01, 2.51]
2025-11-14 07:06:42,258 - DCRNN-Occupancy - INFO - 혼잡도 예측 범위 (실제): [-0.1, 1496.0]명
2025-11-14 07:06:42,371 - DCRNN-Occupancy - INFO - Epoch 54, Batch 0/249, Loss: 0.2264, TF Ratio: 0.100
2025-11-14 07:06:48,296 - DCRNN-Occupancy - INFO - Epoch 54, Batch 50/249, Loss: 0.2332, TF Ratio: 0.100
2025-11-14 07:06:54,085 - DCRNN-Occupancy - INFO - Epoch 54, Batch 100/249, Loss: 0.2287, TF Ratio: 0.100
2025-11-14 07:06:59,876 - DCRNN-Occupancy - INFO - Epoch 54, Batch 150/249, Loss: 0.2375, TF Ratio: 0.100
2025-11-14 07:07:05,637 - DCRNN-Occupancy - INFO - Epoch 54, Batch 200/249, Loss: 0.1025, TF Ratio: 0.100
2025-11-14 07:07:15,520 - DCRNN-Occupancy - INFO - Epoch 54: Train Loss: 0.2221, Val Loss: 0.2531, LR: 0.000211, Time: 33.3s
2025-11-14 07:07:15,520 - DCRNN-Occupancy - INFO - 혼잡도 예측 범위 (정규화): [-1.01, 2.50]
2025-11-14 07:07:15,520 - DCRNN-Occupancy - INFO - 혼잡도 예측 범위 (실제): [-0.1, 1453.5]명
2025-11-14 07:07:15,542 - DCRNN-Occupancy - INFO - Best occupancy model saved: checkpoints/occupancy_model/best_occupancy_model.pth
2025-11-14 07:07:15,655 - DCRNN-Occupancy - INFO - Epoch 55, Batch 0/249, Loss: 0.2380, TF Ratio: 0.100
2025-11-14 07:07:21,551 - DCRNN-Occupancy - INFO - Epoch 55, Batch 50/249, Loss: 0.2463, TF Ratio: 0.100
2025-11-14 07:07:27,342 - DCRNN-Occupancy - INFO - Epoch 55, Batch 100/249, Loss: 0.1955, TF Ratio: 0.100
2025-11-14 07:07:33,127 - DCRNN-Occupancy - INFO - Epoch 55, Batch 150/249, Loss: 0.1253, TF Ratio: 0.100
2025-11-14 07:07:38,900 - DCRNN-Occupancy - INFO - Epoch 55, Batch 200/249, Loss: 0.2142, TF Ratio: 0.100
2025-11-14 07:07:48,803 - DCRNN-Occupancy - INFO - Epoch 55: Train Loss: 0.2212, Val Loss: 0.2561, LR: 0.000204, Time: 33.3s
2025-11-14 07:07:48,803 - DCRNN-Occupancy - INFO - 혼잡도 예측 범위 (정규화): [-0.99, 2.50]
2025-11-14 07:07:48,803 - DCRNN-Occupancy - INFO - 혼잡도 예측 범위 (실제): [-0.1, 1461.6]명
2025-11-14 07:07:48,917 - DCRNN-Occupancy - INFO - Epoch 56, Batch 0/249, Loss: 0.2109, TF Ratio: 0.100
2025-11-14 07:07:54,702 - DCRNN-Occupancy - INFO - Epoch 56, Batch 50/249, Loss: 0.0241, TF Ratio: 0.100
2025-11-14 07:08:00,534 - DCRNN-Occupancy - INFO - Epoch 56, Batch 100/249, Loss: 0.2112, TF Ratio: 0.100
2025-11-14 07:08:06,353 - DCRNN-Occupancy - INFO - Epoch 56, Batch 150/249, Loss: 0.2360, TF Ratio: 0.100
2025-11-14 07:08:12,137 - DCRNN-Occupancy - INFO - Epoch 56, Batch 200/249, Loss: 0.3270, TF Ratio: 0.100
2025-11-14 07:08:21,904 - DCRNN-Occupancy - INFO - Epoch 56: Train Loss: 0.2195, Val Loss: 0.2548, LR: 0.000196, Time: 33.1s
2025-11-14 07:08:21,904 - DCRNN-Occupancy - INFO - 혼잡도 예측 범위 (정규화): [-1.00, 2.49]
2025-11-14 07:08:21,904 - DCRNN-Occupancy - INFO - 혼잡도 예측 범위 (실제): [-0.1, 1415.2]명
2025-11-14 07:08:22,020 - DCRNN-Occupancy - INFO - Epoch 57, Batch 0/249, Loss: 0.2218, TF Ratio: 0.100
2025-11-14 07:08:27,740 - DCRNN-Occupancy - INFO - Epoch 57, Batch 50/249, Loss: 0.3961, TF Ratio: 0.100
2025-11-14 07:08:33,520 - DCRNN-Occupancy - INFO - Epoch 57, Batch 100/249, Loss: 0.1654, TF Ratio: 0.100
2025-11-14 07:08:39,712 - DCRNN-Occupancy - INFO - Epoch 57, Batch 150/249, Loss: 0.2477, TF Ratio: 0.100
2025-11-14 07:08:45,724 - DCRNN-Occupancy - INFO - Epoch 57, Batch 200/249, Loss: 0.0218, TF Ratio: 0.100
2025-11-14 07:08:57,044 - DCRNN-Occupancy - INFO - Epoch 57: Train Loss: 0.2169, Val Loss: 0.2600, LR: 0.000188, Time: 35.1s
2025-11-14 07:08:57,044 - DCRNN-Occupancy - INFO - 혼잡도 예측 범위 (정규화): [-1.00, 2.53]
2025-11-14 07:08:57,044 - DCRNN-Occupancy - INFO - 혼잡도 예측 범위 (실제): [-0.1, 1552.7]명
2025-11-14 07:08:57,157 - DCRNN-Occupancy - INFO - Epoch 58, Batch 0/249, Loss: 0.1907, TF Ratio: 0.100
2025-11-14 07:09:03,236 - DCRNN-Occupancy - INFO - Epoch 58, Batch 50/249, Loss: 0.2435, TF Ratio: 0.100
2025-11-14 07:09:09,032 - DCRNN-Occupancy - INFO - Epoch 58, Batch 100/249, Loss: 0.2827, TF Ratio: 0.100
2025-11-14 07:09:14,822 - DCRNN-Occupancy - INFO - Epoch 58, Batch 150/249, Loss: 0.2225, TF Ratio: 0.100
2025-11-14 07:09:20,632 - DCRNN-Occupancy - INFO - Epoch 58, Batch 200/249, Loss: 0.2097, TF Ratio: 0.100
2025-11-14 07:09:30,320 - DCRNN-Occupancy - INFO - Epoch 58: Train Loss: 0.2115, Val Loss: 0.2582, LR: 0.000181, Time: 33.3s
2025-11-14 07:09:30,320 - DCRNN-Occupancy - INFO - 혼잡도 예측 범위 (정규화): [-0.99, 2.52]
2025-11-14 07:09:30,320 - DCRNN-Occupancy - INFO - 혼잡도 예측 범위 (실제): [-0.0, 1512.2]명
2025-11-14 07:09:30,434 - DCRNN-Occupancy - INFO - Epoch 59, Batch 0/249, Loss: 0.2884, TF Ratio: 0.100
2025-11-14 07:09:36,253 - DCRNN-Occupancy - INFO - Epoch 59, Batch 50/249, Loss: 0.1992, TF Ratio: 0.100
2025-11-14 07:09:42,047 - DCRNN-Occupancy - INFO - Epoch 59, Batch 100/249, Loss: 0.3104, TF Ratio: 0.100
2025-11-14 07:09:47,958 - DCRNN-Occupancy - INFO - Epoch 59, Batch 150/249, Loss: 0.2649, TF Ratio: 0.100
2025-11-14 07:09:53,746 - DCRNN-Occupancy - INFO - Epoch 59, Batch 200/249, Loss: 0.0214, TF Ratio: 0.100
2025-11-14 07:10:03,549 - DCRNN-Occupancy - INFO - Epoch 59: Train Loss: 0.2180, Val Loss: 0.2530, LR: 0.000173, Time: 33.2s
2025-11-14 07:10:03,549 - DCRNN-Occupancy - INFO - 혼잡도 예측 범위 (정규화): [-1.00, 2.48]
2025-11-14 07:10:03,549 - DCRNN-Occupancy - INFO - 혼잡도 예측 범위 (실제): [-0.1, 1413.2]명
2025-11-14 07:10:03,567 - DCRNN-Occupancy - INFO - Best occupancy model saved: checkpoints/occupancy_model/best_occupancy_model.pth
2025-11-14 07:10:03,683 - DCRNN-Occupancy - INFO - Epoch 60, Batch 0/249, Loss: 0.2058, TF Ratio: 0.100
2025-11-14 07:10:09,439 - DCRNN-Occupancy - INFO - Epoch 60, Batch 50/249, Loss: 0.2580, TF Ratio: 0.100
2025-11-14 07:10:15,204 - DCRNN-Occupancy - INFO - Epoch 60, Batch 100/249, Loss: 0.2075, TF Ratio: 0.100
2025-11-14 07:10:20,967 - DCRNN-Occupancy - INFO - Epoch 60, Batch 150/249, Loss: 0.2607, TF Ratio: 0.100
2025-11-14 07:10:26,761 - DCRNN-Occupancy - INFO - Epoch 60, Batch 200/249, Loss: 0.0265, TF Ratio: 0.100
2025-11-14 07:10:37,236 - DCRNN-Occupancy - INFO - Epoch 60: Train Loss: 0.2154, Val Loss: 0.2513, LR: 0.000166, Time: 33.7s
2025-11-14 07:10:37,236 - DCRNN-Occupancy - INFO - 혼잡도 예측 범위 (정규화): [-1.00, 2.50]
2025-11-14 07:10:37,236 - DCRNN-Occupancy - INFO - 혼잡도 예측 범위 (실제): [-0.1, 1473.2]명
2025-11-14 07:10:37,254 - DCRNN-Occupancy - INFO - Best occupancy model saved: checkpoints/occupancy_model/best_occupancy_model.pth
2025-11-14 07:10:37,272 - DCRNN-Occupancy - INFO - Best occupancy model saved: checkpoints/occupancy_model/best_occupancy_model.pth
2025-11-14 07:10:37,402 - DCRNN-Occupancy - INFO - Epoch 61, Batch 0/249, Loss: 0.1564, TF Ratio: 0.100
2025-11-14 07:10:43,765 - DCRNN-Occupancy - INFO - Epoch 61, Batch 50/249, Loss: 0.1907, TF Ratio: 0.100
2025-11-14 07:10:50,107 - DCRNN-Occupancy - INFO - Epoch 61, Batch 100/249, Loss: 0.2395, TF Ratio: 0.100
2025-11-14 07:10:56,554 - DCRNN-Occupancy - INFO - Epoch 61, Batch 150/249, Loss: 0.1904, TF Ratio: 0.100
2025-11-14 07:11:02,919 - DCRNN-Occupancy - INFO - Epoch 61, Batch 200/249, Loss: 0.2016, TF Ratio: 0.100
2025-11-14 07:11:13,632 - DCRNN-Occupancy - INFO - Epoch 61: Train Loss: 0.2076, Val Loss: 0.2555, LR: 0.000159, Time: 36.4s
2025-11-14 07:11:13,632 - DCRNN-Occupancy - INFO - 혼잡도 예측 범위 (정규화): [-0.99, 2.50]
2025-11-14 07:11:13,632 - DCRNN-Occupancy - INFO - 혼잡도 예측 범위 (실제): [-0.1, 1457.2]명
2025-11-14 07:11:13,751 - DCRNN-Occupancy - INFO - Epoch 62, Batch 0/249, Loss: 0.2126, TF Ratio: 0.100
2025-11-14 07:11:20,268 - DCRNN-Occupancy - INFO - Epoch 62, Batch 50/249, Loss: 0.2567, TF Ratio: 0.100
2025-11-14 07:11:26,504 - DCRNN-Occupancy - INFO - Epoch 62, Batch 100/249, Loss: 0.1274, TF Ratio: 0.100
2025-11-14 07:11:32,785 - DCRNN-Occupancy - INFO - Epoch 62, Batch 150/249, Loss: 0.1697, TF Ratio: 0.100
2025-11-14 07:11:38,954 - DCRNN-Occupancy - INFO - Epoch 62, Batch 200/249, Loss: 0.1621, TF Ratio: 0.100
2025-11-14 07:11:49,968 - DCRNN-Occupancy - INFO - Epoch 62: Train Loss: 0.2194, Val Loss: 0.2539, LR: 0.000151, Time: 36.3s
2025-11-14 07:11:49,968 - DCRNN-Occupancy - INFO - 혼잡도 예측 범위 (정규화): [-0.99, 2.52]
2025-11-14 07:11:49,968 - DCRNN-Occupancy - INFO - 혼잡도 예측 범위 (실제): [-0.1, 1516.4]명
2025-11-14 07:11:50,090 - DCRNN-Occupancy - INFO - Epoch 63, Batch 0/249, Loss: 0.2278, TF Ratio: 0.100
2025-11-14 07:11:56,300 - DCRNN-Occupancy - INFO - Epoch 63, Batch 50/249, Loss: 0.1960, TF Ratio: 0.100
2025-11-14 07:12:02,487 - DCRNN-Occupancy - INFO - Epoch 63, Batch 100/249, Loss: 0.2974, TF Ratio: 0.100
2025-11-14 07:12:08,681 - DCRNN-Occupancy - INFO - Epoch 63, Batch 150/249, Loss: 0.2126, TF Ratio: 0.100
2025-11-14 07:12:14,941 - DCRNN-Occupancy - INFO - Epoch 63, Batch 200/249, Loss: 0.2056, TF Ratio: 0.100
2025-11-14 07:12:25,356 - DCRNN-Occupancy - INFO - Epoch 63: Train Loss: 0.2140, Val Loss: 0.2543, LR: 0.000144, Time: 35.4s
2025-11-14 07:12:25,356 - DCRNN-Occupancy - INFO - 혼잡도 예측 범위 (정규화): [-1.01, 2.48]
2025-11-14 07:12:25,356 - DCRNN-Occupancy - INFO - 혼잡도 예측 범위 (실제): [-0.1, 1400.1]명
2025-11-14 07:12:25,475 - DCRNN-Occupancy - INFO - Epoch 64, Batch 0/249, Loss: 0.2523, TF Ratio: 0.100
2025-11-14 07:12:31,659 - DCRNN-Occupancy - INFO - Epoch 64, Batch 50/249, Loss: 0.1754, TF Ratio: 0.100
2025-11-14 07:12:37,809 - DCRNN-Occupancy - INFO - Epoch 64, Batch 100/249, Loss: 0.2470, TF Ratio: 0.100
2025-11-14 07:12:43,966 - DCRNN-Occupancy - INFO - Epoch 64, Batch 150/249, Loss: 0.1549, TF Ratio: 0.100
2025-11-14 07:12:50,659 - DCRNN-Occupancy - INFO - Epoch 64, Batch 200/249, Loss: 0.2910, TF Ratio: 0.100
2025-11-14 07:13:00,845 - DCRNN-Occupancy - INFO - Epoch 64: Train Loss: 0.2093, Val Loss: 0.2537, LR: 0.000137, Time: 35.5s
2025-11-14 07:13:00,846 - DCRNN-Occupancy - INFO - 혼잡도 예측 범위 (정규화): [-0.99, 2.53]
2025-11-14 07:13:00,846 - DCRNN-Occupancy - INFO - 혼잡도 예측 범위 (실제): [-0.1, 1555.5]명
2025-11-14 07:13:00,960 - DCRNN-Occupancy - INFO - Epoch 65, Batch 0/249, Loss: 0.2671, TF Ratio: 0.100
2025-11-14 07:13:06,756 - DCRNN-Occupancy - INFO - Epoch 65, Batch 50/249, Loss: 0.2352, TF Ratio: 0.100
2025-11-14 07:13:12,675 - DCRNN-Occupancy - INFO - Epoch 65, Batch 100/249, Loss: 0.2173, TF Ratio: 0.100
2025-11-14 07:13:18,585 - DCRNN-Occupancy - INFO - Epoch 65, Batch 150/249, Loss: 0.1128, TF Ratio: 0.100
2025-11-14 07:13:24,366 - DCRNN-Occupancy - INFO - Epoch 65, Batch 200/249, Loss: 0.1619, TF Ratio: 0.100
2025-11-14 07:13:34,154 - DCRNN-Occupancy - INFO - Epoch 65: Train Loss: 0.2117, Val Loss: 0.2530, LR: 0.000130, Time: 33.3s
2025-11-14 07:13:34,155 - DCRNN-Occupancy - INFO - 혼잡도 예측 범위 (정규화): [-0.99, 2.52]
2025-11-14 07:13:34,155 - DCRNN-Occupancy - INFO - 혼잡도 예측 범위 (실제): [-0.0, 1520.5]명
2025-11-14 07:13:34,271 - DCRNN-Occupancy - INFO - Epoch 66, Batch 0/249, Loss: 0.1992, TF Ratio: 0.100
2025-11-14 07:13:40,134 - DCRNN-Occupancy - INFO - Epoch 66, Batch 50/249, Loss: 0.1602, TF Ratio: 0.100
2025-11-14 07:13:46,128 - DCRNN-Occupancy - INFO - Epoch 66, Batch 100/249, Loss: 0.2299, TF Ratio: 0.100
2025-11-14 07:13:51,968 - DCRNN-Occupancy - INFO - Epoch 66, Batch 150/249, Loss: 0.1733, TF Ratio: 0.100
2025-11-14 07:13:57,765 - DCRNN-Occupancy - INFO - Epoch 66, Batch 200/249, Loss: 0.1626, TF Ratio: 0.100
2025-11-14 07:14:07,664 - DCRNN-Occupancy - INFO - Epoch 66: Train Loss: 0.2087, Val Loss: 0.2569, LR: 0.000123, Time: 33.5s
2025-11-14 07:14:07,664 - DCRNN-Occupancy - INFO - 혼잡도 예측 범위 (정규화): [-1.01, 2.55]
2025-11-14 07:14:07,664 - DCRNN-Occupancy - INFO - 혼잡도 예측 범위 (실제): [-0.1, 1609.7]명
2025-11-14 07:14:07,780 - DCRNN-Occupancy - INFO - Epoch 67, Batch 0/249, Loss: 0.1946, TF Ratio: 0.100
2025-11-14 07:14:13,538 - DCRNN-Occupancy - INFO - Epoch 67, Batch 50/249, Loss: 0.1877, TF Ratio: 0.100
2025-11-14 07:14:19,289 - DCRNN-Occupancy - INFO - Epoch 67, Batch 100/249, Loss: 0.2616, TF Ratio: 0.100
2025-11-14 07:14:25,028 - DCRNN-Occupancy - INFO - Epoch 67, Batch 150/249, Loss: 0.1611, TF Ratio: 0.100
2025-11-14 07:14:30,773 - DCRNN-Occupancy - INFO - Epoch 67, Batch 200/249, Loss: 0.2013, TF Ratio: 0.100
2025-11-14 07:14:40,528 - DCRNN-Occupancy - INFO - Epoch 67: Train Loss: 0.2074, Val Loss: 0.2524, LR: 0.000117, Time: 32.9s
2025-11-14 07:14:40,529 - DCRNN-Occupancy - INFO - 혼잡도 예측 범위 (정규화): [-0.99, 2.51]
2025-11-14 07:14:40,529 - DCRNN-Occupancy - INFO - 혼잡도 예측 범위 (실제): [-0.0, 1503.6]명
2025-11-14 07:14:40,645 - DCRNN-Occupancy - INFO - Epoch 68, Batch 0/249, Loss: 0.1132, TF Ratio: 0.100
2025-11-14 07:14:46,517 - DCRNN-Occupancy - INFO - Epoch 68, Batch 50/249, Loss: 0.2866, TF Ratio: 0.100
2025-11-14 07:14:52,246 - DCRNN-Occupancy - INFO - Epoch 68, Batch 100/249, Loss: 0.2451, TF Ratio: 0.100
2025-11-14 07:14:58,029 - DCRNN-Occupancy - INFO - Epoch 68, Batch 150/249, Loss: 0.2157, TF Ratio: 0.100
2025-11-14 07:15:03,821 - DCRNN-Occupancy - INFO - Epoch 68, Batch 200/249, Loss: 0.1775, TF Ratio: 0.100
2025-11-14 07:15:13,694 - DCRNN-Occupancy - INFO - Epoch 68: Train Loss: 0.2069, Val Loss: 0.2507, LR: 0.000110, Time: 33.2s
2025-11-14 07:15:13,694 - DCRNN-Occupancy - INFO - 혼잡도 예측 범위 (정규화): [-0.99, 2.51]
2025-11-14 07:15:13,694 - DCRNN-Occupancy - INFO - 혼잡도 예측 범위 (실제): [-0.0, 1494.7]명
2025-11-14 07:15:13,713 - DCRNN-Occupancy - INFO - Best occupancy model saved: checkpoints/occupancy_model/best_occupancy_model.pth
2025-11-14 07:15:13,825 - DCRNN-Occupancy - INFO - Epoch 69, Batch 0/249, Loss: 0.1782, TF Ratio: 0.100
2025-11-14 07:15:19,589 - DCRNN-Occupancy - INFO - Epoch 69, Batch 50/249, Loss: 0.2525, TF Ratio: 0.100
2025-11-14 07:15:25,366 - DCRNN-Occupancy - INFO - Epoch 69, Batch 100/249, Loss: 0.2713, TF Ratio: 0.100
2025-11-14 07:15:31,144 - DCRNN-Occupancy - INFO - Epoch 69, Batch 150/249, Loss: 0.2626, TF Ratio: 0.100
2025-11-14 07:15:36,945 - DCRNN-Occupancy - INFO - Epoch 69, Batch 200/249, Loss: 0.1661, TF Ratio: 0.100
2025-11-14 07:15:46,966 - DCRNN-Occupancy - INFO - Epoch 69: Train Loss: 0.2020, Val Loss: 0.2524, LR: 0.000104, Time: 33.3s
2025-11-14 07:15:46,966 - DCRNN-Occupancy - INFO - 혼잡도 예측 범위 (정규화): [-0.99, 2.49]
2025-11-14 07:15:46,966 - DCRNN-Occupancy - INFO - 혼잡도 예측 범위 (실제): [-0.1, 1420.1]명
2025-11-14 07:15:47,083 - DCRNN-Occupancy - INFO - Epoch 70, Batch 0/249, Loss: 0.0146, TF Ratio: 0.100
2025-11-14 07:15:52,859 - DCRNN-Occupancy - INFO - Epoch 70, Batch 50/249, Loss: 0.0156, TF Ratio: 0.100
2025-11-14 07:15:58,892 - DCRNN-Occupancy - INFO - Epoch 70, Batch 100/249, Loss: 0.0194, TF Ratio: 0.100
2025-11-14 07:16:04,696 - DCRNN-Occupancy - INFO - Epoch 70, Batch 150/249, Loss: 0.2294, TF Ratio: 0.100
2025-11-14 07:16:10,512 - DCRNN-Occupancy - INFO - Epoch 70, Batch 200/249, Loss: 0.2897, TF Ratio: 0.100
2025-11-14 07:16:20,375 - DCRNN-Occupancy - INFO - Epoch 70: Train Loss: 0.2069, Val Loss: 0.2524, LR: 0.000098, Time: 33.4s
2025-11-14 07:16:20,375 - DCRNN-Occupancy - INFO - 혼잡도 예측 범위 (정규화): [-1.00, 2.49]
2025-11-14 07:16:20,375 - DCRNN-Occupancy - INFO - 혼잡도 예측 범위 (실제): [-0.1, 1424.8]명
2025-11-14 07:16:20,504 - DCRNN-Occupancy - INFO - Epoch 71, Batch 0/249, Loss: 0.2981, TF Ratio: 0.100
2025-11-14 07:16:26,343 - DCRNN-Occupancy - INFO - Epoch 71, Batch 50/249, Loss: 0.0208, TF Ratio: 0.100
2025-11-14 07:16:32,177 - DCRNN-Occupancy - INFO - Epoch 71, Batch 100/249, Loss: 0.2110, TF Ratio: 0.100
2025-11-14 07:16:38,015 - DCRNN-Occupancy - INFO - Epoch 71, Batch 150/249, Loss: 0.2413, TF Ratio: 0.100
2025-11-14 07:16:43,818 - DCRNN-Occupancy - INFO - Epoch 71, Batch 200/249, Loss: 0.2035, TF Ratio: 0.100
2025-11-14 07:16:53,786 - DCRNN-Occupancy - INFO - Epoch 71: Train Loss: 0.2017, Val Loss: 0.2511, LR: 0.000091, Time: 33.4s
2025-11-14 07:16:53,787 - DCRNN-Occupancy - INFO - 혼잡도 예측 범위 (정규화): [-0.99, 2.55]
2025-11-14 07:16:53,787 - DCRNN-Occupancy - INFO - 혼잡도 예측 범위 (실제): [-0.1, 1610.4]명
2025-11-14 07:16:53,900 - DCRNN-Occupancy - INFO - Epoch 72, Batch 0/249, Loss: 0.2465, TF Ratio: 0.100
2025-11-14 07:16:59,977 - DCRNN-Occupancy - INFO - Epoch 72, Batch 50/249, Loss: 0.1803, TF Ratio: 0.100
2025-11-14 07:17:05,896 - DCRNN-Occupancy - INFO - Epoch 72, Batch 100/249, Loss: 0.2102, TF Ratio: 0.100
2025-11-14 07:17:11,764 - DCRNN-Occupancy - INFO - Epoch 72, Batch 150/249, Loss: 0.2952, TF Ratio: 0.100
2025-11-14 07:17:17,870 - DCRNN-Occupancy - INFO - Epoch 72, Batch 200/249, Loss: 0.2115, TF Ratio: 0.100
2025-11-14 07:17:28,419 - DCRNN-Occupancy - INFO - Epoch 72: Train Loss: 0.2139, Val Loss: 0.2494, LR: 0.000086, Time: 34.6s
2025-11-14 07:17:28,419 - DCRNN-Occupancy - INFO - 혼잡도 예측 범위 (정규화): [-0.99, 2.52]
2025-11-14 07:17:28,419 - DCRNN-Occupancy - INFO - 혼잡도 예측 범위 (실제): [-0.0, 1509.7]명
2025-11-14 07:17:28,437 - DCRNN-Occupancy - INFO - Best occupancy model saved: checkpoints/occupancy_model/best_occupancy_model.pth
2025-11-14 07:17:28,557 - DCRNN-Occupancy - INFO - Epoch 73, Batch 0/249, Loss: 0.2070, TF Ratio: 0.100
2025-11-14 07:17:34,767 - DCRNN-Occupancy - INFO - Epoch 73, Batch 50/249, Loss: 0.2790, TF Ratio: 0.100
2025-11-14 07:17:41,281 - DCRNN-Occupancy - INFO - Epoch 73, Batch 100/249, Loss: 0.3270, TF Ratio: 0.100
2025-11-14 07:17:47,651 - DCRNN-Occupancy - INFO - Epoch 73, Batch 150/249, Loss: 0.2449, TF Ratio: 0.100
2025-11-14 07:17:53,973 - DCRNN-Occupancy - INFO - Epoch 73, Batch 200/249, Loss: 0.2278, TF Ratio: 0.100
2025-11-14 07:18:04,501 - DCRNN-Occupancy - INFO - Epoch 73: Train Loss: 0.2061, Val Loss: 0.2492, LR: 0.000080, Time: 36.1s
2025-11-14 07:18:04,501 - DCRNN-Occupancy - INFO - 혼잡도 예측 범위 (정규화): [-1.00, 2.50]
2025-11-14 07:18:04,501 - DCRNN-Occupancy - INFO - 혼잡도 예측 범위 (실제): [-0.1, 1472.3]명
2025-11-14 07:18:04,518 - DCRNN-Occupancy - INFO - Best occupancy model saved: checkpoints/occupancy_model/best_occupancy_model.pth
2025-11-14 07:18:04,486 - DCRNN-Occupancy - INFO - Epoch 74, Batch 0/249, Loss: 0.2161, TF Ratio: 0.100
2025-11-14 07:18:10,811 - DCRNN-Occupancy - INFO - Epoch 74, Batch 50/249, Loss: 0.0246, TF Ratio: 0.100
2025-11-14 07:18:16,948 - DCRNN-Occupancy - INFO - Epoch 74, Batch 100/249, Loss: 0.2973, TF Ratio: 0.100
2025-11-14 07:18:23,147 - DCRNN-Occupancy - INFO - Epoch 74, Batch 150/249, Loss: 0.0215, TF Ratio: 0.100
2025-11-14 07:18:29,347 - DCRNN-Occupancy - INFO - Epoch 74, Batch 200/249, Loss: 0.3247, TF Ratio: 0.100
2025-11-14 07:18:40,338 - DCRNN-Occupancy - INFO - Epoch 74: Train Loss: 0.2088, Val Loss: 0.2501, LR: 0.000074, Time: 35.8s
2025-11-14 07:18:40,339 - DCRNN-Occupancy - INFO - 혼잡도 예측 범위 (정규화): [-0.99, 2.49]
2025-11-14 07:18:40,339 - DCRNN-Occupancy - INFO - 혼잡도 예측 범위 (실제): [-0.0, 1418.2]명
2025-11-14 07:18:40,468 - DCRNN-Occupancy - INFO - Epoch 75, Batch 0/249, Loss: 0.1958, TF Ratio: 0.100
2025-11-14 07:18:46,870 - DCRNN-Occupancy - INFO - Epoch 75, Batch 50/249, Loss: 0.1776, TF Ratio: 0.100
2025-11-14 07:18:53,211 - DCRNN-Occupancy - INFO - Epoch 75, Batch 100/249, Loss: 0.2411, TF Ratio: 0.100
2025-11-14 07:18:59,302 - DCRNN-Occupancy - INFO - Epoch 75, Batch 150/249, Loss: 0.0173, TF Ratio: 0.100
2025-11-14 07:19:05,312 - DCRNN-Occupancy - INFO - Epoch 75, Batch 200/249, Loss: 0.3486, TF Ratio: 0.100
2025-11-14 07:19:15,402 - DCRNN-Occupancy - INFO - Epoch 75: Train Loss: 0.1988, Val Loss: 0.2503, LR: 0.000069, Time: 35.1s
2025-11-14 07:19:15,402 - DCRNN-Occupancy - INFO - 혼잡도 예측 범위 (정규화): [-0.99, 2.49]
2025-11-14 07:19:15,402 - DCRNN-Occupancy - INFO - 혼잡도 예측 범위 (실제): [-0.1, 1427.5]명
2025-11-14 07:19:15,519 - DCRNN-Occupancy - INFO - Epoch 76, Batch 0/249, Loss: 0.2933, TF Ratio: 0.100
2025-11-14 07:19:21,431 - DCRNN-Occupancy - INFO - Epoch 76, Batch 50/249, Loss: 0.2900, TF Ratio: 0.100
2025-11-14 07:19:27,378 - DCRNN-Occupancy - INFO - Epoch 76, Batch 100/249, Loss: 0.0172, TF Ratio: 0.100
2025-11-14 07:19:33,326 - DCRNN-Occupancy - INFO - Epoch 76, Batch 150/249, Loss: 0.1667, TF Ratio: 0.100
2025-11-14 07:19:39,539 - DCRNN-Occupancy - INFO - Epoch 76, Batch 200/249, Loss: 0.2262, TF Ratio: 0.100
2025-11-14 07:19:50,146 - DCRNN-Occupancy - INFO - Epoch 76: Train Loss: 0.2056, Val Loss: 0.2513, LR: 0.000063, Time: 34.7s
2025-11-14 07:19:50,147 - DCRNN-Occupancy - INFO - 혼잡도 예측 범위 (정규화): [-0.98, 2.53]
2025-11-14 07:19:50,147 - DCRNN-Occupancy - INFO - 혼잡도 예측 범위 (실제): [-0.0, 1544.5]명
2025-11-14 07:19:50,264 - DCRNN-Occupancy - INFO - Epoch 77, Batch 0/249, Loss: 0.1852, TF Ratio: 0.100
2025-11-14 07:19:56,716 - DCRNN-Occupancy - INFO - Epoch 77, Batch 50/249, Loss: 0.2294, TF Ratio: 0.100
2025-11-14 07:20:03,130 - DCRNN-Occupancy - INFO - Epoch 77, Batch 100/249, Loss: 0.1906, TF Ratio: 0.100
2025-11-14 07:20:09,672 - DCRNN-Occupancy - INFO - Epoch 77, Batch 150/249, Loss: 0.1728, TF Ratio: 0.100
2025-11-14 07:20:16,034 - DCRNN-Occupancy - INFO - Epoch 77, Batch 200/249, Loss: 0.2472, TF Ratio: 0.100
2025-11-14 07:20:25,858 - DCRNN-Occupancy - INFO - Epoch 77: Train Loss: 0.2026, Val Loss: 0.2503, LR: 0.000058, Time: 35.7s
2025-11-14 07:20:25,858 - DCRNN-Occupancy - INFO - 혼잡도 예측 범위 (정규화): [-0.99, 2.52]
2025-11-14 07:20:25,858 - DCRNN-Occupancy - INFO - 혼잡도 예측 범위 (실제): [-0.0, 1529.9]명
2025-11-14 07:20:25,971 - DCRNN-Occupancy - INFO - Epoch 78, Batch 0/249, Loss: 0.3003, TF Ratio: 0.100
2025-11-14 07:20:31,737 - DCRNN-Occupancy - INFO - Epoch 78, Batch 50/249, Loss: 0.2453, TF Ratio: 0.100
2025-11-14 07:20:37,579 - DCRNN-Occupancy - INFO - Epoch 78, Batch 100/249, Loss: 0.1280, TF Ratio: 0.100
2025-11-14 07:20:43,522 - DCRNN-Occupancy - INFO - Epoch 78, Batch 150/249, Loss: 0.2358, TF Ratio: 0.100
2025-11-14 07:20:49,993 - DCRNN-Occupancy - INFO - Epoch 78, Batch 200/249, Loss: 0.3028, TF Ratio: 0.100
2025-11-14 07:21:00,193 - DCRNN-Occupancy - INFO - Epoch 78: Train Loss: 0.2023, Val Loss: 0.2496, LR: 0.000053, Time: 34.3s
2025-11-14 07:21:00,193 - DCRNN-Occupancy - INFO - 혼잡도 예측 범위 (정규화): [-0.99, 2.50]
2025-11-14 07:21:00,193 - DCRNN-Occupancy - INFO - 혼잡도 예측 범위 (실제): [-0.0, 1444.1]명
2025-11-14 07:21:00,305 - DCRNN-Occupancy - INFO - Epoch 79, Batch 0/249, Loss: 0.2168, TF Ratio: 0.100
2025-11-14 07:21:06,247 - DCRNN-Occupancy - INFO - Epoch 79, Batch 50/249, Loss: 0.1434, TF Ratio: 0.100
2025-11-14 07:21:12,035 - DCRNN-Occupancy - INFO - Epoch 79, Batch 100/249, Loss: 0.0164, TF Ratio: 0.100
2025-11-14 07:21:17,862 - DCRNN-Occupancy - INFO - Epoch 79, Batch 150/249, Loss: 0.1486, TF Ratio: 0.100
2025-11-14 07:21:23,795 - DCRNN-Occupancy - INFO - Epoch 79, Batch 200/249, Loss: 0.2382, TF Ratio: 0.100
2025-11-14 07:21:33,784 - DCRNN-Occupancy - INFO - Epoch 79: Train Loss: 0.2017, Val Loss: 0.2494, LR: 0.000049, Time: 33.6s
2025-11-14 07:21:33,784 - DCRNN-Occupancy - INFO - 혼잡도 예측 범위 (정규화): [-0.99, 2.49]
2025-11-14 07:21:33,784 - DCRNN-Occupancy - INFO - 혼잡도 예측 범위 (실제): [-0.0, 1435.0]명
2025-11-14 07:21:33,898 - DCRNN-Occupancy - INFO - Epoch 80, Batch 0/249, Loss: 0.1673, TF Ratio: 0.100
2025-11-14 07:21:39,752 - DCRNN-Occupancy - INFO - Epoch 80, Batch 50/249, Loss: 0.2015, TF Ratio: 0.100
2025-11-14 07:21:45,730 - DCRNN-Occupancy - INFO - Epoch 80, Batch 100/249, Loss: 0.1844, TF Ratio: 0.100
2025-11-14 07:21:51,644 - DCRNN-Occupancy - INFO - Epoch 80, Batch 150/249, Loss: 0.1872, TF Ratio: 0.100
2025-11-14 07:21:57,437 - DCRNN-Occupancy - INFO - Epoch 80, Batch 200/249, Loss: 0.0171, TF Ratio: 0.100
2025-11-14 07:22:07,264 - DCRNN-Occupancy - INFO - Epoch 80: Train Loss: 0.1981, Val Loss: 0.2513, LR: 0.000044, Time: 33.5s
2025-11-14 07:22:07,264 - DCRNN-Occupancy - INFO - 혼잡도 예측 범위 (정규화): [-0.98, 2.50]
2025-11-14 07:22:07,264 - DCRNN-Occupancy - INFO - 혼잡도 예측 범위 (실제): [-0.0, 1450.3]명
2025-11-14 07:22:07,389 - DCRNN-Occupancy - INFO - Epoch 81, Batch 0/249, Loss: 0.2072, TF Ratio: 0.100
2025-11-14 07:22:13,152 - DCRNN-Occupancy - INFO - Epoch 81, Batch 50/249, Loss: 0.2559, TF Ratio: 0.100
2025-11-14 07:22:18,908 - DCRNN-Occupancy - INFO - Epoch 81, Batch 100/249, Loss: 0.2797, TF Ratio: 0.100
2025-11-14 07:22:24,677 - DCRNN-Occupancy - INFO - Epoch 81, Batch 150/249, Loss: 0.1883, TF Ratio: 0.100
2025-11-14 07:22:30,425 - DCRNN-Occupancy - INFO - Epoch 81, Batch 200/249, Loss: 0.2325, TF Ratio: 0.100
2025-11-14 07:22:40,747 - DCRNN-Occupancy - INFO - Epoch 81: Train Loss: 0.2045, Val Loss: 0.2495, LR: 0.000040, Time: 33.5s
2025-11-14 07:22:40,748 - DCRNN-Occupancy - INFO - 혼잡도 예측 범위 (정규화): [-0.99, 2.50]
2025-11-14 07:22:40,748 - DCRNN-Occupancy - INFO - 혼잡도 예측 범위 (실제): [-0.0, 1452.9]명
2025-11-14 07:22:40,867 - DCRNN-Occupancy - INFO - Epoch 82, Batch 0/249, Loss: 0.2582, TF Ratio: 0.100
2025-11-14 07:22:47,111 - DCRNN-Occupancy - INFO - Epoch 82, Batch 50/249, Loss: 0.2470, TF Ratio: 0.100
2025-11-14 07:22:53,167 - DCRNN-Occupancy - INFO - Epoch 82, Batch 100/249, Loss: 0.1546, TF Ratio: 0.100
2025-11-14 07:22:59,156 - DCRNN-Occupancy - INFO - Epoch 82, Batch 150/249, Loss: 0.2533, TF Ratio: 0.100
2025-11-14 07:23:05,198 - DCRNN-Occupancy - INFO - Epoch 82, Batch 200/249, Loss: 0.2848, TF Ratio: 0.100
2025-11-14 07:23:15,234 - DCRNN-Occupancy - INFO - Epoch 82: Train Loss: 0.1994, Val Loss: 0.2505, LR: 0.000036, Time: 34.5s
2025-11-14 07:23:15,235 - DCRNN-Occupancy - INFO - 혼잡도 예측 범위 (정규화): [-0.99, 2.50]
2025-11-14 07:23:15,235 - DCRNN-Occupancy - INFO - 혼잡도 예측 범위 (실제): [-0.0, 1460.0]명
2025-11-14 07:23:15,353 - DCRNN-Occupancy - INFO - Epoch 83, Batch 0/249, Loss: 0.3031, TF Ratio: 0.100
2025-11-14 07:23:21,214 - DCRNN-Occupancy - INFO - Epoch 83, Batch 50/249, Loss: 0.2617, TF Ratio: 0.100
2025-11-14 07:23:26,977 - DCRNN-Occupancy - INFO - Epoch 83, Batch 100/249, Loss: 0.1612, TF Ratio: 0.100
2025-11-14 07:23:32,751 - DCRNN-Occupancy - INFO - Epoch 83, Batch 150/249, Loss: 0.0168, TF Ratio: 0.100
2025-11-14 07:23:38,518 - DCRNN-Occupancy - INFO - Epoch 83, Batch 200/249, Loss: 0.1973, TF Ratio: 0.100
2025-11-14 07:23:48,413 - DCRNN-Occupancy - INFO - Epoch 83: Train Loss: 0.1999, Val Loss: 0.2491, LR: 0.000032, Time: 33.2s
2025-11-14 07:23:48,413 - DCRNN-Occupancy - INFO - 혼잡도 예측 범위 (정규화): [-0.98, 2.56]
2025-11-14 07:23:48,413 - DCRNN-Occupancy - INFO - 혼잡도 예측 범위 (실제): [-0.0, 1659.1]명
2025-11-14 07:23:48,432 - DCRNN-Occupancy - INFO - Best occupancy model saved: checkpoints/occupancy_model/best_occupancy_model.pth
2025-11-14 07:23:48,544 - DCRNN-Occupancy - INFO - Epoch 84, Batch 0/249, Loss: 0.2419, TF Ratio: 0.100
2025-11-14 07:23:54,313 - DCRNN-Occupancy - INFO - Epoch 84, Batch 50/249, Loss: 0.2238, TF Ratio: 0.100
2025-11-14 07:24:00,201 - DCRNN-Occupancy - INFO - Epoch 84, Batch 100/249, Loss: 0.0138, TF Ratio: 0.100
2025-11-14 07:24:05,982 - DCRNN-Occupancy - INFO - Epoch 84, Batch 150/249, Loss: 0.2558, TF Ratio: 0.100
2025-11-14 07:24:11,771 - DCRNN-Occupancy - INFO - Epoch 84, Batch 200/249, Loss: 0.0232, TF Ratio: 0.100
2025-11-14 07:24:21,786 - DCRNN-Occupancy - INFO - Epoch 84: Train Loss: 0.1921, Val Loss: 0.2501, LR: 0.000028, Time: 33.4s
2025-11-14 07:24:21,786 - DCRNN-Occupancy - INFO - 혼잡도 예측 범위 (정규화): [-0.99, 2.53]
2025-11-14 07:24:21,786 - DCRNN-Occupancy - INFO - 혼잡도 예측 범위 (실제): [-0.0, 1552.0]명
2025-11-14 07:24:21,900 - DCRNN-Occupancy - INFO - Epoch 85, Batch 0/249, Loss: 0.0196, TF Ratio: 0.100
2025-11-14 07:24:27,735 - DCRNN-Occupancy - INFO - Epoch 85, Batch 50/249, Loss: 0.2536, TF Ratio: 0.100
2025-11-14 07:24:33,695 - DCRNN-Occupancy - INFO - Epoch 85, Batch 100/249, Loss: 0.2471, TF Ratio: 0.100
2025-11-14 07:24:39,958 - DCRNN-Occupancy - INFO - Epoch 85, Batch 150/249, Loss: 0.1967, TF Ratio: 0.100
2025-11-14 07:24:46,218 - DCRNN-Occupancy - INFO - Epoch 85, Batch 200/249, Loss: 0.2436, TF Ratio: 0.100
2025-11-14 07:24:56,683 - DCRNN-Occupancy - INFO - Epoch 85: Train Loss: 0.1987, Val Loss: 0.2492, LR: 0.000025, Time: 34.9s
2025-11-14 07:24:56,683 - DCRNN-Occupancy - INFO - 혼잡도 예측 범위 (정규화): [-0.99, 2.52]
2025-11-14 07:24:56,683 - DCRNN-Occupancy - INFO - 혼잡도 예측 범위 (실제): [-0.1, 1518.0]명
2025-11-14 07:24:56,802 - DCRNN-Occupancy - INFO - Epoch 86, Batch 0/249, Loss: 0.1552, TF Ratio: 0.100
2025-11-14 07:25:03,194 - DCRNN-Occupancy - INFO - Epoch 86, Batch 50/249, Loss: 0.1117, TF Ratio: 0.100
2025-11-14 07:25:09,466 - DCRNN-Occupancy - INFO - Epoch 86, Batch 100/249, Loss: 0.1992, TF Ratio: 0.100
2025-11-14 07:25:15,810 - DCRNN-Occupancy - INFO - Epoch 86, Batch 150/249, Loss: 0.2334, TF Ratio: 0.100
2025-11-14 07:25:22,103 - DCRNN-Occupancy - INFO - Epoch 86, Batch 200/249, Loss: 0.0185, TF Ratio: 0.100
2025-11-14 07:25:32,739 - DCRNN-Occupancy - INFO - Epoch 86: Train Loss: 0.1953, Val Loss: 0.2489, LR: 0.000022, Time: 36.1s
2025-11-14 07:25:32,739 - DCRNN-Occupancy - INFO - 혼잡도 예측 범위 (정규화): [-0.99, 2.51]
2025-11-14 07:25:32,739 - DCRNN-Occupancy - INFO - 혼잡도 예측 범위 (실제): [-0.1, 1481.5]명
2025-11-14 07:25:32,758 - DCRNN-Occupancy - INFO - Best occupancy model saved: checkpoints/occupancy_model/best_occupancy_model.pth
2025-11-14 07:25:32,885 - DCRNN-Occupancy - INFO - Epoch 87, Batch 0/249, Loss: 0.0141, TF Ratio: 0.100
2025-11-14 07:25:39,130 - DCRNN-Occupancy - INFO - Epoch 87, Batch 50/249, Loss: 0.1304, TF Ratio: 0.100
2025-11-14 07:25:45,542 - DCRNN-Occupancy - INFO - Epoch 87, Batch 100/249, Loss: 0.0146, TF Ratio: 0.100
2025-11-14 07:25:51,779 - DCRNN-Occupancy - INFO - Epoch 87, Batch 150/249, Loss: 0.1653, TF Ratio: 0.100
2025-11-14 07:25:58,021 - DCRNN-Occupancy - INFO - Epoch 87, Batch 200/249, Loss: 0.3320, TF Ratio: 0.100
2025-11-14 07:26:08,663 - DCRNN-Occupancy - INFO - Epoch 87: Train Loss: 0.1941, Val Loss: 0.2494, LR: 0.000019, Time: 35.9s
2025-11-14 07:26:08,663 - DCRNN-Occupancy - INFO - 혼잡도 예측 범위 (정규화): [-0.99, 2.49]
2025-11-14 07:26:08,663 - DCRNN-Occupancy - INFO - 혼잡도 예측 범위 (실제): [-0.1, 1428.2]명
2025-11-14 07:26:08,785 - DCRNN-Occupancy - INFO - Epoch 88, Batch 0/249, Loss: 0.1709, TF Ratio: 0.100
2025-11-14 07:26:15,188 - DCRNN-Occupancy - INFO - Epoch 88, Batch 50/249, Loss: 0.2441, TF Ratio: 0.100
2025-11-14 07:26:21,654 - DCRNN-Occupancy - INFO - Epoch 88, Batch 100/249, Loss: 0.2572, TF Ratio: 0.100
2025-11-14 07:26:27,875 - DCRNN-Occupancy - INFO - Epoch 88, Batch 150/249, Loss: 0.2662, TF Ratio: 0.100
2025-11-14 07:26:34,057 - DCRNN-Occupancy - INFO - Epoch 88, Batch 200/249, Loss: 0.2295, TF Ratio: 0.100
2025-11-14 07:26:44,853 - DCRNN-Occupancy - INFO - Epoch 88: Train Loss: 0.2005, Val Loss: 0.2489, LR: 0.000016, Time: 36.2s
2025-11-14 07:26:44,853 - DCRNN-Occupancy - INFO - 혼잡도 예측 범위 (정규화): [-0.99, 2.54]
2025-11-14 07:26:44,853 - DCRNN-Occupancy - INFO - 혼잡도 예측 범위 (실제): [-0.1, 1586.5]명
2025-11-14 07:26:44,876 - DCRNN-Occupancy - INFO - Best occupancy model saved: checkpoints/occupancy_model/best_occupancy_model.pth
2025-11-14 07:26:44,995 - DCRNN-Occupancy - INFO - Epoch 89, Batch 0/249, Loss: 0.3065, TF Ratio: 0.100
2025-11-14 07:26:51,421 - DCRNN-Occupancy - INFO - Epoch 89, Batch 50/249, Loss: 0.2933, TF Ratio: 0.100
2025-11-14 07:26:57,593 - DCRNN-Occupancy - INFO - Epoch 89, Batch 100/249, Loss: 0.1703, TF Ratio: 0.100
2025-11-14 07:27:03,627 - DCRNN-Occupancy - INFO - Epoch 89, Batch 150/249, Loss: 0.1784, TF Ratio: 0.100
2025-11-14 07:27:09,743 - DCRNN-Occupancy - INFO - Epoch 89, Batch 200/249, Loss: 0.2642, TF Ratio: 0.100
2025-11-14 07:27:20,314 - DCRNN-Occupancy - INFO - Epoch 89: Train Loss: 0.1958, Val Loss: 0.2484, LR: 0.000013, Time: 35.4s
2025-11-14 07:27:20,314 - DCRNN-Occupancy - INFO - 혼잡도 예측 범위 (정규화): [-0.99, 2.51]
2025-11-14 07:27:20,314 - DCRNN-Occupancy - INFO - 혼잡도 예측 범위 (실제): [-0.0, 1487.2]명
2025-11-14 07:27:20,333 - DCRNN-Occupancy - INFO - Best occupancy model saved: checkpoints/occupancy_model/best_occupancy_model.pth
2025-11-14 07:27:20,456 - DCRNN-Occupancy - INFO - Epoch 90, Batch 0/249, Loss: 0.1488, TF Ratio: 0.100
2025-11-14 07:27:26,529 - DCRNN-Occupancy - INFO - Epoch 90, Batch 50/249, Loss: 0.1656, TF Ratio: 0.100
2025-11-14 07:27:32,625 - DCRNN-Occupancy - INFO - Epoch 90, Batch 100/249, Loss: 0.2423, TF Ratio: 0.100
2025-11-14 07:27:38,606 - DCRNN-Occupancy - INFO - Epoch 90, Batch 150/249, Loss: 0.0155, TF Ratio: 0.100
2025-11-14 07:27:44,763 - DCRNN-Occupancy - INFO - Epoch 90, Batch 200/249, Loss: 0.2644, TF Ratio: 0.100
2025-11-14 07:27:54,944 - DCRNN-Occupancy - INFO - Epoch 90: Train Loss: 0.1996, Val Loss: 0.2493, LR: 0.000011, Time: 34.6s
2025-11-14 07:27:54,944 - DCRNN-Occupancy - INFO - 혼잡도 예측 범위 (정규화): [-0.99, 2.56]
2025-11-14 07:27:54,944 - DCRNN-Occupancy - INFO - 혼잡도 예측 범위 (실제): [-0.0, 1655.9]명
2025-11-14 07:27:55,073 - DCRNN-Occupancy - INFO - Epoch 91, Batch 0/249, Loss: 0.2229, TF Ratio: 0.100
2025-11-14 07:28:00,956 - DCRNN-Occupancy - INFO - Epoch 91, Batch 50/249, Loss: 0.2402, TF Ratio: 0.100
2025-11-14 07:28:06,791 - DCRNN-Occupancy - INFO - Epoch 91, Batch 100/249, Loss: 0.1794, TF Ratio: 0.100
2025-11-14 07:28:12,605 - DCRNN-Occupancy - INFO - Epoch 91, Batch 150/249, Loss: 0.2086, TF Ratio: 0.100
2025-11-14 07:28:18,420 - DCRNN-Occupancy - INFO - Epoch 91, Batch 200/249, Loss: 0.1888, TF Ratio: 0.100
2025-11-14 07:28:28,303 - DCRNN-Occupancy - INFO - Epoch 91: Train Loss: 0.2023, Val Loss: 0.2484, LR: 0.000009, Time: 33.3s
2025-11-14 07:28:28,303 - DCRNN-Occupancy - INFO - 혼잡도 예측 범위 (정규화): [-0.99, 2.49]
2025-11-14 07:28:28,303 - DCRNN-Occupancy - INFO - 혼잡도 예측 범위 (실제): [-0.0, 1418.2]명
2025-11-14 07:28:28,320 - DCRNN-Occupancy - INFO - Best occupancy model saved: checkpoints/occupancy_model/best_occupancy_model.pth
2025-11-14 07:28:28,438 - DCRNN-Occupancy - INFO - Epoch 92, Batch 0/249, Loss: 0.2072, TF Ratio: 0.100
2025-11-14 07:28:34,249 - DCRNN-Occupancy - INFO - Epoch 92, Batch 50/249, Loss: 0.2418, TF Ratio: 0.100
2025-11-14 07:28:40,092 - DCRNN-Occupancy - INFO - Epoch 92, Batch 100/249, Loss: 0.0200, TF Ratio: 0.100
2025-11-14 07:28:46,081 - DCRNN-Occupancy - INFO - Epoch 92, Batch 150/249, Loss: 0.2767, TF Ratio: 0.100
2025-11-14 07:28:51,866 - DCRNN-Occupancy - INFO - Epoch 92, Batch 200/249, Loss: 0.2128, TF Ratio: 0.100
2025-11-14 07:29:01,874 - DCRNN-Occupancy - INFO - Epoch 92: Train Loss: 0.1964, Val Loss: 0.2483, LR: 0.000007, Time: 33.6s
2025-11-14 07:29:01,874 - DCRNN-Occupancy - INFO - 혼잡도 예측 범위 (정규화): [-0.98, 2.50]
2025-11-14 07:29:01,874 - DCRNN-Occupancy - INFO - 혼잡도 예측 범위 (실제): [-0.0, 1472.0]명
2025-11-14 07:29:01,892 - DCRNN-Occupancy - INFO - Best occupancy model saved: checkpoints/occupancy_model/best_occupancy_model.pth
2025-11-14 07:29:02,007 - DCRNN-Occupancy - INFO - Epoch 93, Batch 0/249, Loss: 0.3735, TF Ratio: 0.100
2025-11-14 07:29:07,845 - DCRNN-Occupancy - INFO - Epoch 93, Batch 50/249, Loss: 0.2185, TF Ratio: 0.100
2025-11-14 07:29:13,710 - DCRNN-Occupancy - INFO - Epoch 93, Batch 100/249, Loss: 0.2990, TF Ratio: 0.100
2025-11-14 07:29:19,553 - DCRNN-Occupancy - INFO - Epoch 93, Batch 150/249, Loss: 0.3353, TF Ratio: 0.100
2025-11-14 07:29:25,342 - DCRNN-Occupancy - INFO - Epoch 93, Batch 200/249, Loss: 0.2378, TF Ratio: 0.100
2025-11-14 07:29:35,233 - DCRNN-Occupancy - INFO - Epoch 93: Train Loss: 0.1939, Val Loss: 0.2484, LR: 0.000005, Time: 33.3s
2025-11-14 07:29:35,233 - DCRNN-Occupancy - INFO - 혼잡도 예측 범위 (정규화): [-0.98, 2.50]
2025-11-14 07:29:35,233 - DCRNN-Occupancy - INFO - 혼잡도 예측 범위 (실제): [-0.0, 1473.5]명
2025-11-14 07:29:35,350 - DCRNN-Occupancy - INFO - Epoch 94, Batch 0/249, Loss: 0.2840, TF Ratio: 0.100
2025-11-14 07:29:41,326 - DCRNN-Occupancy - INFO - Epoch 94, Batch 50/249, Loss: 0.2006, TF Ratio: 0.100
2025-11-14 07:29:47,271 - DCRNN-Occupancy - INFO - Epoch 94, Batch 100/249, Loss: 0.1956, TF Ratio: 0.100
2025-11-14 07:29:53,068 - DCRNN-Occupancy - INFO - Epoch 94, Batch 150/249, Loss: 0.0181, TF Ratio: 0.100
2025-11-14 07:29:59,018 - DCRNN-Occupancy - INFO - Epoch 94, Batch 200/249, Loss: 0.2932, TF Ratio: 0.100
2025-11-14 07:30:08,955 - DCRNN-Occupancy - INFO - Epoch 94: Train Loss: 0.1970, Val Loss: 0.2482, LR: 0.000004, Time: 33.7s
2025-11-14 07:30:08,955 - DCRNN-Occupancy - INFO - 혼잡도 예측 범위 (정규화): [-0.99, 2.50]
2025-11-14 07:30:08,955 - DCRNN-Occupancy - INFO - 혼잡도 예측 범위 (실제): [-0.1, 1466.6]명
2025-11-14 07:30:08,978 - DCRNN-Occupancy - INFO - Best occupancy model saved: checkpoints/occupancy_model/best_occupancy_model.pth
2025-11-14 07:30:09,096 - DCRNN-Occupancy - INFO - Epoch 95, Batch 0/249, Loss: 0.2057, TF Ratio: 0.100
2025-11-14 07:30:14,925 - DCRNN-Occupancy - INFO - Epoch 95, Batch 50/249, Loss: 0.1963, TF Ratio: 0.100
2025-11-14 07:30:20,755 - DCRNN-Occupancy - INFO - Epoch 95, Batch 100/249, Loss: 0.2381, TF Ratio: 0.100
2025-11-14 07:30:26,593 - DCRNN-Occupancy - INFO - Epoch 95, Batch 150/249, Loss: 0.2072, TF Ratio: 0.100
2025-11-14 07:30:32,469 - DCRNN-Occupancy - INFO - Epoch 95, Batch 200/249, Loss: 0.1852, TF Ratio: 0.100
2025-11-14 07:30:42,293 - DCRNN-Occupancy - INFO - Epoch 95: Train Loss: 0.1974, Val Loss: 0.2485, LR: 0.000003, Time: 33.3s
2025-11-14 07:30:42,293 - DCRNN-Occupancy - INFO - 혼잡도 예측 범위 (정규화): [-0.99, 2.48]
2025-11-14 07:30:42,293 - DCRNN-Occupancy - INFO - 혼잡도 예측 범위 (실제): [-0.0, 1397.2]명
2025-11-14 07:30:42,407 - DCRNN-Occupancy - INFO - Epoch 96, Batch 0/249, Loss: 0.0111, TF Ratio: 0.100
2025-11-14 07:30:48,374 - DCRNN-Occupancy - INFO - Epoch 96, Batch 50/249, Loss: 0.1429, TF Ratio: 0.100
2025-11-14 07:30:54,255 - DCRNN-Occupancy - INFO - Epoch 96, Batch 100/249, Loss: 0.2883, TF Ratio: 0.100
2025-11-14 07:31:00,009 - DCRNN-Occupancy - INFO - Epoch 96, Batch 150/249, Loss: 0.2415, TF Ratio: 0.100
2025-11-14 07:31:05,782 - DCRNN-Occupancy - INFO - Epoch 96, Batch 200/249, Loss: 0.2285, TF Ratio: 0.100
2025-11-14 07:31:15,683 - DCRNN-Occupancy - INFO - Epoch 96: Train Loss: 0.2004, Val Loss: 0.2483, LR: 0.000002, Time: 33.4s
2025-11-14 07:31:15,683 - DCRNN-Occupancy - INFO - 혼잡도 예측 범위 (정규화): [-0.98, 2.49]
2025-11-14 07:31:15,683 - DCRNN-Occupancy - INFO - 혼잡도 예측 범위 (실제): [-0.0, 1437.8]명
2025-11-14 07:31:15,801 - DCRNN-Occupancy - INFO - Epoch 97, Batch 0/249, Loss: 0.0113, TF Ratio: 0.100
2025-11-14 07:31:21,680 - DCRNN-Occupancy - INFO - Epoch 97, Batch 50/249, Loss: 0.1077, TF Ratio: 0.100
2025-11-14 07:31:27,531 - DCRNN-Occupancy - INFO - Epoch 97, Batch 100/249, Loss: 0.2601, TF Ratio: 0.100
2025-11-14 07:31:33,366 - DCRNN-Occupancy - INFO - Epoch 97, Batch 150/249, Loss: 0.1759, TF Ratio: 0.100
2025-11-14 07:31:39,232 - DCRNN-Occupancy - INFO - Epoch 97, Batch 200/249, Loss: 0.0161, TF Ratio: 0.100
2025-11-14 07:31:49,458 - DCRNN-Occupancy - INFO - Epoch 97: Train Loss: 0.1980, Val Loss: 0.2483, LR: 0.000001, Time: 33.8s
2025-11-14 07:31:49,458 - DCRNN-Occupancy - INFO - 혼잡도 예측 범위 (정규화): [-0.99, 2.51]
2025-11-14 07:31:49,458 - DCRNN-Occupancy - INFO - 혼잡도 예측 범위 (실제): [-0.0, 1500.5]명
2025-11-14 07:31:49,666 - DCRNN-Occupancy - INFO - Epoch 98, Batch 0/249, Loss: 0.0206, TF Ratio: 0.100
2025-11-14 07:31:55,702 - DCRNN-Occupancy - INFO - Epoch 98, Batch 50/249, Loss: 0.2038, TF Ratio: 0.100
2025-11-14 07:32:01,674 - DCRNN-Occupancy - INFO - Epoch 98, Batch 100/249, Loss: 0.2327, TF Ratio: 0.100
2025-11-14 07:32:07,542 - DCRNN-Occupancy - INFO - Epoch 98, Batch 150/249, Loss: 0.1876, TF Ratio: 0.100
2025-11-14 07:32:13,408 - DCRNN-Occupancy - INFO - Epoch 98, Batch 200/249, Loss: 0.2046, TF Ratio: 0.100
2025-11-14 07:32:23,344 - DCRNN-Occupancy - INFO - Epoch 98: Train Loss: 0.2017, Val Loss: 0.2483, LR: 0.000001, Time: 33.9s
2025-11-14 07:32:23,344 - DCRNN-Occupancy - INFO - 혼잡도 예측 범위 (정규화): [-0.99, 2.48]
2025-11-14 07:32:23,344 - DCRNN-Occupancy - INFO - 혼잡도 예측 범위 (실제): [-0.0, 1401.3]명
2025-11-14 07:32:23,460 - DCRNN-Occupancy - INFO - Epoch 99, Batch 0/249, Loss: 0.0154, TF Ratio: 0.100
2025-11-14 07:32:29,372 - DCRNN-Occupancy - INFO - Epoch 99, Batch 50/249, Loss: 0.1288, TF Ratio: 0.100
2025-11-14 07:32:35,275 - DCRNN-Occupancy - INFO - Epoch 99, Batch 100/249, Loss: 0.2214, TF Ratio: 0.100
2025-11-14 07:32:41,320 - DCRNN-Occupancy - INFO - Epoch 99, Batch 150/249, Loss: 0.2302, TF Ratio: 0.100
2025-11-14 07:32:47,441 - DCRNN-Occupancy - INFO - Epoch 99, Batch 200/249, Loss: 0.1464, TF Ratio: 0.100
2025-11-14 07:32:57,499 - DCRNN-Occupancy - INFO - Epoch 99: Train Loss: 0.2010, Val Loss: 0.2483, LR: 0.000001, Time: 34.2s
2025-11-14 07:32:57,499 - DCRNN-Occupancy - INFO - 혼잡도 예측 범위 (정규화): [-0.98, 2.53]
2025-11-14 07:32:57,499 - DCRNN-Occupancy - INFO - 혼잡도 예측 범위 (실제): [-0.0, 1540.6]명
2025-11-14 07:32:57,500 - DCRNN-Occupancy - INFO - 혼잡도 모델 훈련 완료!
