역명,월,요일,구분,03-04시,04-05시,05-06시,06-07시,07-08시,08-09시,09-10시,10-11시,11-12시,12-13시,13-14시,14-15시,15-16시,16-17시,17-18시,18-19시,19-20시,20-21시,21-22시,22-23시,23-00시,00-01시,01-02시,02-03시
갈마역,1,금요일,승차,0.0,0.0,58.8,95.4,236.6,466.4,206.2,142.6,184.0,171.6,189.2,157.8,173.2,188.4,197.2,221.4,120.2,87.2,73.0,49.8,40.6,1.8,0.0,0.0
갈마역,1,금요일,하차,0.0,0.0,17.8,32.8,51.8,120.6,89.8,108.6,125.8,152.4,164.0,161.8,218.6,307.6,320.2,447.0,247.2,173.2,166.4,144.6,100.2,14.2,0.0,0.0
갈마역,1,금요일,합계,0.0,0.0,76.6,128.2,288.4,587.0,296.0,251.2,309.8,324.0,353.2,319.6,391.8,496.0,517.4,668.4,367.4,260.4,239.4,194.4,140.8,16.0,0.0,0.0
갈마역,1,목요일,승차,0.0,0.0,63.0,99.2,226.0,389.4,186.2,133.2,146.4,138.0,158.4,131.4,140.6,139.2,172.4,181.8,91.2,71.4,70.6,39.0,30.4,1.4,0.0,0.0
갈마역,1,목요일,하차,0.0,0.0,17.6,33.6,47.4,110.8,82.4,79.4,112.4,140.2,145.2,151.8,167.2,202.6,265.0,365.6,207.2,147.8,150.2,133.2,81.0,10.2,0.0,0.0
갈마역,1,목요일,합계,0.0,0.0,80.6,132.8,273.4,500.2,268.6,212.6,258.8,278.2,303.6,283.2,307.8,341.8,437.4,547.4,298.4,219.2,220.8,172.2,111.4,11.6,0.0,0.0
갈마역,1,수요일,승차,0.0,0.0,58.0,82.6,182.4,340.0,173.0,115.8,133.4,133.6,136.4,124.6,127.0,139.4,154.8,162.6,94.4,76.8,61.4,41.2,22.2,1.0,0.0,0.0
갈마역,1,수요일,하차,0.0,0.0,14.8,26.6,43.2,99.4,78.2,80.8,108.0,131.2,125.8,142.0,156.6,189.4,223.6,314.4,178.6,138.4,137.2,141.6,70.4,10.0,0.0,0.0
갈마역,1,수요일,합계,0.0,0.0,72.8,109.2,225.6,439.4,251.2,196.6,241.4,264.8,262.2,266.6,283.6,328.8,378.4,477.0,273.0,215.2,198.6,182.8,92.6,11.0,0.0,0.0
갈마역,1,월요일,승차,0.0,0.0,69.0,96.75,199.0,391.0,201.5,143.75,159.25,151.0,170.75,149.5,153.25,180.5,183.5,161.5,90.75,70.75,71.25,40.0,29.25,2.0,0.0,0.0
갈마역,1,월요일,하차,0.0,0.0,19.5,34.5,43.75,129.25,98.75,96.5,124.0,149.75,148.25,166.25,171.0,199.5,256.0,364.75,191.0,138.25,120.75,115.25,78.75,13.25,0.0,0.0
갈마역,1,월요일,합계,0.0,0.0,88.5,131.25,242.75,520.25,300.25,240.25,283.25,300.75,319.0,315.75,324.25,380.0,439.5,526.25,281.75,209.0,192.0,155.25,108.0,15.25,0.0,0.0
갈마역,1,일요일,승차,0.0,0.0,33.5,47.75,51.0,100.5,137.5,163.0,152.75,142.0,160.5,144.5,137.5,124.75,131.0,108.0,95.5,59.5,50.25,26.0,28.0,0.75,0.0,0.0
갈마역,1,일요일,하차,0.0,0.0,14.0,12.0,20.25,35.5,47.0,95.75,90.25,125.5,137.0,158.0,178.25,162.5,211.75,152.5,140.5,118.75,118.75,107.75,84.5,9.25,0.0,0.0
갈마역,1,일요일,합계,0.0,0.0,47.5,59.75,71.25,136.0,184.5,258.75,243.0,267.5,297.5,302.5,315.75,287.25,342.75,260.5,236.0,178.25,169.0,133.75,112.5,10.0,0.0,0.0
갈마역,1,토요일,승차,0.0,0.0,54.25,60.75,120.25,167.75,185.5,195.75,192.0,200.75,195.0,173.0,181.25,203.25,172.25,140.25,89.5,85.25,65.0,42.0,43.75,1.25,0.0,0.0
갈마역,1,토요일,하차,0.0,0.0,19.75,21.5,30.75,61.25,75.75,98.5,141.0,171.25,197.25,192.75,210.25,211.25,264.75,223.25,162.0,149.25,122.75,124.0,106.5,11.5,0.0,0.0
갈마역,1,토요일,합계,0.0,0.0,74.0,82.25,151.0,229.0,261.25,294.25,333.0,372.0,392.25,365.75,391.5,414.5,437.0,363.5,251.5,234.5,187.75,166.0,150.25,12.75,0.0,0.0
갈마역,1,화요일,승차,0.0,0.25,60.5,90.25,219.5,401.5,189.75,165.0,145.0,142.0,169.0,142.25,155.25,149.0,167.5,165.75,96.5,69.75,75.0,41.0,25.5,1.25,0.0,0.0
갈마역,1,화요일,하차,0.0,0.0,17.0,32.25,48.0,120.5,83.5,93.25,121.0,139.0,128.0,151.25,169.0,198.5,263.25,385.5,190.25,128.75,132.75,127.25,84.25,13.75,0.0,0.0
갈마역,1,화요일,합계,0.0,0.25,77.5,122.5,267.5,522.0,273.25,258.25,266.0,281.0,297.0,293.5,324.25,347.5,430.75,551.25,286.75,198.5,207.75,168.25,109.75,15.0,0.0,0.0
갈마역,2,금요일,승차,0.0,0.0,66.5,106.75,261.0,502.25,213.25,173.75,168.75,172.0,189.0,158.0,167.5,169.75,227.0,247.75,139.25,98.25,76.25,49.0,41.25,1.5,0.0,0.0
갈마역,2,금요일,하차,0.0,0.0,18.25,34.75,56.75,125.25,92.75,91.75,137.25,163.5,190.5,157.5,213.25,251.0,321.75,472.25,266.5,194.0,187.75,168.0,109.25,22.75,0.0,0.0
갈마역,2,금요일,합계,0.0,0.0,84.75,141.5,317.75,627.5,306.0,265.5,306.0,335.5,379.5,315.5,380.75,420.75,548.75,720.0,405.75,292.25,264.0,217.0,150.5,24.25,0.0,0.0
갈마역,2,목요일,승차,0.0,0.0,57.75,104.75,259.75,500.0,220.0,161.0,148.75,155.5,171.5,165.5,157.25,157.5,216.5,199.0,107.75,91.25,82.75,45.0,37.75,2.75,0.0,0.0
갈마역,2,목요일,하차,0.0,0.0,18.75,39.25,53.0,122.75,88.25,91.25,129.0,160.5,157.5,166.25,192.25,223.0,287.25,442.0,241.75,167.5,184.75,151.5,101.5,14.5,0.0,0.0
갈마역,2,목요일,합계,0.0,0.0,76.5,144.0,312.75,622.75,308.25,252.25,277.75,316.0,329.0,331.75,349.5,380.5,503.75,641.0,349.5,258.75,267.5,196.5,139.25,17.25,0.0,0.0
갈마역,2,수요일,승차,0.0,0.0,54.0,104.75,266.0,517.0,237.0,168.75,156.75,159.75,171.5,135.25,144.0,159.0,195.75,205.5,131.25,95.25,88.25,44.5,37.5,1.25,0.0,0.0
갈마역,2,수요일,하차,0.0,0.0,15.5,35.5,51.25,136.5,97.5,100.25,119.25,169.25,158.5,168.75,183.0,221.0,282.25,454.5,237.0,157.25,175.0,148.25,81.5,13.25,0.0,0.0
갈마역,2,수요일,합계,0.0,0.0,69.5,140.25,317.25,653.5,334.5,269.0,276.0,329.0,330.0,304.0,327.0,380.0,478.0,660.0,368.25,252.5,263.25,192.75,119.0,14.5,0.0,0.0
갈마역,2,월요일,승차,0.0,0.0,79.0,119.5,265.0,468.0,217.25,158.25,149.5,168.75,173.5,159.25,154.0,162.25,191.5,192.75,97.25,70.75,81.0,39.75,30.0,0.75,0.0,0.0
갈마역,2,월요일,하차,0.0,0.0,19.75,36.5,61.25,142.25,112.5,115.75,135.0,160.25,183.5,171.75,180.75,209.25,272.75,444.25,220.5,166.75,130.0,130.75,80.5,7.5,0.0,0.0
갈마역,2,월요일,합계,0.0,0.0,98.75,156.0,326.25,610.25,329.75,274.0,284.5,329.0,357.0,331.0,334.75,371.5,464.25,637.0,317.75,237.5,211.0,170.5,110.5,8.25,0.0,0.0
갈마역,2,일요일,승차,0.0,0.0,37.0,46.0,58.25,114.0,133.75,160.75,152.75,167.75,165.75,143.0,145.0,138.5,138.5,113.0,90.75,73.25,56.5,28.5,24.5,2.75,0.0,0.0
갈마역,2,일요일,하차,0.0,0.0,12.25,13.5,18.25,41.5,50.0,91.0,114.5,138.0,144.0,154.0,180.75,203.25,213.25,156.5,155.25,118.25,113.25,123.25,89.0,15.0,0.0,0.0
갈마역,2,일요일,합계,0.0,0.0,49.25,59.5,76.5,155.5,183.75,251.75,267.25,305.75,309.75,297.0,325.75,341.75,351.75,269.5,246.0,191.5,169.75,151.75,113.5,17.75,0.0,0.0
갈마역,2,토요일,승차,0.0,0.25,59.5,62.5,114.25,170.75,205.25,196.75,216.5,204.5,217.5,189.0,166.5,182.0,195.75,137.0,97.0,87.25,69.75,50.0,43.25,0.25,0.0,0.0
갈마역,2,토요일,하차,0.0,0.0,16.75,18.75,34.0,64.75,84.75,116.25,161.75,187.0,190.5,185.25,216.0,234.25,290.25,226.75,182.25,155.0,143.75,134.0,102.5,17.5,0.0,0.0
갈마역,2,토요일,합계,0.0,0.25,76.25,81.25,148.25,235.5,290.0,313.0,378.25,391.5,408.0,374.25,382.5,416.25,486.0,363.75,279.25,242.25,213.5,184.0,145.75,17.75,0.0,0.0
갈마역,2,화요일,승차,0.0,0.0,67.75,109.0,252.0,499.0,221.75,158.0,173.75,147.75,173.5,153.0,139.75,164.5,201.5,190.75,99.75,83.25,86.25,39.5,35.0,1.0,0.0,0.0
갈마역,2,화요일,하차,0.0,0.0,19.75,38.5,48.25,132.75,97.25,90.75,137.75,173.0,175.5,167.75,176.75,224.25,287.25,455.5,225.0,169.75,155.25,147.75,86.0,13.5,0.0,0.0
갈마역,2,화요일,합계,0.0,0.0,87.5,147.5,300.25,631.75,319.0,248.75,311.5,320.75,349.0,320.75,316.5,388.75,488.75,646.25,324.75,253.0,241.5,187.25,121.0,14.5,0.0,0.0
갈마역,3,금요일,승차,0.0,0.0,64.75,108.75,281.0,511.25,237.75,154.75,164.0,147.0,172.25,157.75,182.25,194.75,216.0,258.5,136.25,108.0,87.5,53.5,40.0,0.25,0.0,0.0
갈마역,3,금요일,하차,0.0,0.0,19.25,40.5,80.0,151.5,97.0,94.0,126.25,161.75,153.75,173.25,217.5,248.5,342.75,483.5,276.0,194.0,189.0,170.25,123.25,14.0,0.0,0.0
갈마역,3,금요일,합계,0.0,0.0,84.0,149.25,361.0,662.75,334.75,248.75,290.25,308.75,326.0,331.0,399.75,443.25,558.75,742.0,412.25,302.0,276.5,223.75,163.25,14.25,0.0,0.0
갈마역,3,목요일,승차,0.0,0.0,64.0,103.75,287.25,508.25,244.25,152.75,151.75,153.0,167.5,132.0,150.5,158.25,197.75,210.5,101.5,81.75,83.75,45.0,32.0,0.25,0.0,0.0
갈마역,3,목요일,하차,0.0,0.0,20.0,43.25,83.25,153.0,95.5,79.0,109.5,153.75,140.75,149.25,173.25,227.75,304.75,448.25,234.0,175.0,177.5,136.5,88.75,15.75,0.0,0.0
갈마역,3,목요일,합계,0.0,0.0,84.0,147.0,370.5,661.25,339.75,231.75,261.25,306.75,308.25,281.25,323.75,386.0,502.5,658.75,335.5,256.75,261.25,181.5,120.75,16.0,0.0,0.0
갈마역,3,수요일,승차,0.0,0.0,62.0,110.5,295.75,511.75,251.75,156.5,155.5,139.25,147.0,135.5,148.5,182.25,182.5,199.5,109.5,79.75,84.25,53.5,30.0,0.5,0.0,0.0
갈마역,3,수요일,하차,0.0,0.0,17.25,37.0,81.25,154.0,96.5,80.25,105.5,140.25,140.75,149.25,177.25,236.75,305.75,447.75,240.25,152.5,187.75,134.75,81.5,12.0,0.0,0.0
갈마역,3,수요일,합계,0.0,0.0,79.25,147.5,377.0,665.75,348.25,236.75,261.0,279.5,287.75,284.75,325.75,419.0,488.25,647.25,349.75,232.25,272.0,188.25,111.5,12.5,0.0,0.0
갈마역,3,월요일,승차,0.0,0.0,70.0,108.4,255.4,425.8,210.6,147.4,145.4,144.2,160.0,148.6,139.6,168.2,171.6,166.6,101.2,63.8,79.4,35.4,20.8,0.6,0.0,0.0
갈마역,3,월요일,하차,0.0,0.0,20.6,34.8,68.2,134.2,103.8,98.0,110.2,152.2,136.8,154.4,164.6,222.2,259.4,385.0,207.4,154.2,143.8,108.4,71.6,11.4,0.0,0.0
갈마역,3,월요일,합계,0.0,0.0,90.6,143.2,323.6,560.0,314.4,245.4,255.6,296.4,296.8,303.0,304.2,390.4,431.0,551.6,308.6,218.0,223.2,143.8,92.4,12.0,0.0,0.0
갈마역,3,일요일,승차,0.0,0.0,35.4,47.8,66.2,120.6,150.8,178.6,157.6,172.6,165.2,148.0,146.0,139.0,139.2,109.4,98.4,75.6,53.0,30.0,24.4,0.8,0.0,0.0
갈마역,3,일요일,하차,0.0,0.0,13.0,14.2,16.6,47.2,52.8,87.8,113.0,137.8,149.0,161.0,168.6,203.0,193.0,176.6,156.4,121.6,116.6,114.8,99.6,13.6,0.0,0.0
갈마역,3,일요일,합계,0.0,0.0,48.4,62.0,82.8,167.8,203.6,266.4,270.6,310.4,314.2,309.0,314.6,342.0,332.2,286.0,254.8,197.2,169.6,144.8,124.0,14.4,0.0,0.0
갈마역,3,토요일,승차,0.0,0.0,57.8,67.2,121.8,175.8,213.4,212.4,219.8,188.4,202.8,174.4,172.0,188.6,208.2,142.2,95.4,81.6,65.6,42.6,45.0,0.4,0.0,0.0
갈마역,3,토요일,하차,0.0,0.0,18.2,23.8,31.6,79.2,85.0,111.8,144.4,194.2,200.0,184.2,190.4,227.2,252.0,228.8,196.2,152.0,136.6,133.4,120.4,15.6,0.0,0.0
갈마역,3,토요일,합계,0.0,0.0,76.0,91.0,153.4,255.0,298.4,324.2,364.2,382.6,402.8,358.6,362.4,415.8,460.2,371.0,291.6,233.6,202.2,176.0,165.4,16.0,0.0,0.0
갈마역,3,화요일,승차,0.0,0.0,72.75,125.5,297.0,515.5,251.75,139.25,155.5,141.75,143.5,116.75,136.75,167.25,170.0,195.25,89.5,70.0,78.0,31.75,26.25,0.0,0.0,0.0
갈마역,3,화요일,하차,0.0,0.0,18.5,39.5,78.25,149.75,102.5,93.25,115.5,144.25,143.75,136.0,167.0,220.25,288.0,444.25,215.0,159.5,154.0,121.0,81.0,11.75,0.0,0.0
갈마역,3,화요일,합계,0.0,0.0,91.25,165.0,375.25,665.25,354.25,232.5,271.0,286.0,287.25,252.75,303.75,387.5,458.0,639.5,304.5,229.5,232.0,152.75,107.25,11.75,0.0,0.0
갈마역,4,금요일,승차,0.0,0.0,64.25,113.25,291.25,509.25,234.75,152.0,153.25,150.0,174.0,151.75,186.75,206.5,233.5,246.25,146.5,103.5,95.0,57.25,37.5,1.75,0.0,0.0
갈마역,4,금요일,하차,0.0,0.0,20.75,38.75,85.75,155.0,104.25,96.25,127.75,164.0,167.5,171.5,216.0,261.0,328.0,462.75,280.75,194.75,195.0,195.0,115.25,19.25,0.0,0.0
갈마역,4,금요일,합계,0.0,0.0,85.0,152.0,377.0,664.25,339.0,248.25,281.0,314.0,341.5,323.25,402.75,467.5,561.5,709.0,427.25,298.25,290.0,252.25,152.75,21.0,0.0,0.0
갈마역,4,목요일,승차,0.0,0.0,64.75,128.25,305.5,530.5,243.5,166.25,154.75,139.0,149.5,130.75,167.25,156.75,207.25,199.75,105.0,91.25,78.75,47.75,29.75,2.0,0.0,0.0
갈마역,4,목요일,하차,0.0,0.0,23.5,43.25,90.5,155.0,106.75,92.75,117.5,146.25,152.0,150.25,180.25,235.5,305.0,458.25,228.0,174.75,169.75,143.25,90.75,15.5,0.0,0.0
갈마역,4,목요일,합계,0.0,0.0,88.25,171.5,396.0,685.5,350.25,259.0,272.25,285.25,301.5,281.0,347.5,392.25,512.25,658.0,333.0,266.0,248.5,191.0,120.5,17.5,0.0,0.0
갈마역,4,수요일,승차,0.0,0.0,62.8,125.8,298.2,532.0,231.6,173.2,152.6,140.2,155.4,145.8,168.8,168.4,195.8,215.0,125.8,78.8,78.2,52.8,33.8,0.6,0.0,0.0
갈마역,4,수요일,하차,0.0,0.0,20.8,39.8,94.6,159.4,99.6,98.2,114.6,148.8,158.2,168.0,196.0,244.0,297.6,440.8,241.8,153.4,169.4,158.6,90.0,14.2,0.0,0.0
갈마역,4,수요일,합계,0.0,0.0,83.6,165.6,392.8,691.4,331.2,271.4,267.2,289.0,313.6,313.8,364.8,412.4,493.4,655.8,367.6,232.2,247.6,211.4,123.8,14.8,0.0,0.0
갈마역,4,월요일,승차,0.0,0.0,78.5,129.25,318.0,523.0,214.75,151.5,154.5,155.25,160.5,134.75,149.25,172.5,174.75,179.75,93.0,71.0,80.0,43.5,23.25,2.25,0.0,0.0
갈마역,4,월요일,하차,0.0,0.0,23.5,41.25,86.0,161.0,113.25,109.5,124.25,146.0,151.5,148.75,181.75,220.5,297.75,434.75,220.0,144.25,136.5,121.75,68.5,10.5,0.0,0.0
갈마역,4,월요일,합계,0.0,0.0,102.0,170.5,404.0,684.0,328.0,261.0,278.75,301.25,312.0,283.5,331.0,393.0,472.5,614.5,313.0,215.25,216.5,165.25,91.75,12.75,0.0,0.0
갈마역,4,일요일,승차,0.0,0.0,40.25,56.0,73.0,133.75,159.5,163.0,150.0,166.5,158.5,130.25,126.75,128.5,131.0,107.75,83.0,77.25,59.75,31.0,21.0,0.5,0.0,0.0
갈마역,4,일요일,하차,0.0,0.0,15.0,16.25,23.75,58.75,64.5,92.25,97.0,127.25,133.5,162.5,170.25,167.75,208.0,180.75,179.0,135.25,135.25,121.0,83.5,11.25,0.0,0.0
갈마역,4,일요일,합계,0.0,0.0,55.25,72.25,96.75,192.5,224.0,255.25,247.0,293.75,292.0,292.75,297.0,296.25,339.0,288.5,262.0,212.5,195.0,152.0,104.5,11.75,0.0,0.0
갈마역,4,토요일,승차,0.0,0.5,58.0,80.0,139.25,212.25,220.0,212.25,199.0,187.0,180.5,175.0,191.75,176.75,184.5,132.5,97.5,78.25,58.75,33.0,34.5,1.75,0.0,0.0
갈마역,4,토요일,하차,0.0,0.0,22.0,26.5,39.25,95.5,93.0,116.75,149.0,215.0,201.75,179.5,192.75,208.5,240.0,209.75,199.25,156.75,142.25,133.25,108.75,15.25,0.0,0.0
갈마역,4,토요일,합계,0.0,0.5,80.0,106.5,178.5,307.75,313.0,329.0,348.0,402.0,382.25,354.5,384.5,385.25,424.5,342.25,296.75,235.0,201.0,166.25,143.25,17.0,0.0,0.0
갈마역,4,화요일,승차,0.0,0.0,65.6,124.0,306.2,540.4,236.0,147.2,147.6,138.6,159.8,131.4,134.8,158.2,173.0,184.8,93.6,80.8,79.0,42.0,20.4,1.2,0.0,0.0
갈마역,4,화요일,하차,0.0,0.0,21.6,40.2,86.8,151.4,107.4,95.2,124.0,143.0,138.8,150.6,178.6,228.4,278.2,418.8,214.8,171.0,159.4,137.2,73.2,12.8,0.0,0.0
갈마역,4,화요일,합계,0.0,0.0,87.2,164.2,393.0,691.8,343.4,242.4,271.6,281.6,298.6,282.0,313.4,386.6,451.2,603.6,308.4,251.8,238.4,179.2,93.6,14.0,0.0,0.0
갈마역,5,금요일,승차,0.0,0.0,64.6,120.0,287.6,504.8,225.8,149.6,142.8,156.8,169.8,152.0,178.6,193.2,218.4,238.2,133.4,108.6,88.2,52.6,42.8,0.8,0.0,0.0
갈마역,5,금요일,하차,0.0,0.0,22.4,38.0,83.2,142.4,98.8,100.0,132.6,160.2,157.0,174.4,215.2,241.6,301.0,459.0,252.2,176.8,178.8,168.4,111.8,15.0,0.0,0.0
갈마역,5,금요일,합계,0.0,0.0,87.0,158.0,370.8,647.2,324.6,249.6,275.4,317.0,326.8,326.4,393.8,434.8,519.4,697.2,385.6,285.4,267.0,221.0,154.6,15.8,0.0,0.0
갈마역,5,목요일,승차,0.0,0.0,64.6,111.4,277.4,468.2,227.0,155.4,144.6,141.2,158.6,131.2,136.2,165.4,178.2,178.8,96.8,83.0,80.6,43.8,24.2,2.6,0.0,0.0
갈마역,5,목요일,하차,0.0,0.0,22.6,43.2,79.0,135.8,95.6,93.8,115.2,132.0,156.0,155.8,173.4,226.8,282.0,398.2,210.4,155.4,163.2,135.8,83.8,13.8,0.0,0.0
갈마역,5,목요일,합계,0.0,0.0,87.2,154.6,356.4,604.0,322.6,249.2,259.8,273.2,314.6,287.0,309.6,392.2,460.2,577.0,307.2,238.4,243.8,179.6,108.0,16.4,0.0,0.0
갈마역,5,수요일,승차,0.0,0.0,68.5,132.25,314.25,540.0,237.0,160.75,148.75,145.75,146.25,139.25,175.75,180.75,208.5,213.25,132.5,100.5,81.5,57.0,26.25,2.5,0.0,0.0
갈마역,5,수요일,하차,0.0,0.0,21.5,41.75,89.0,152.5,108.0,105.0,118.5,157.75,153.25,153.5,206.25,224.75,298.75,442.5,241.0,162.75,183.0,156.75,97.5,11.0,0.0,0.0
갈마역,5,수요일,합계,0.0,0.0,90.0,174.0,403.25,692.5,345.0,265.75,267.25,303.5,299.5,292.75,382.0,405.5,507.25,655.75,373.5,263.25,264.5,213.75,123.75,13.5,0.0,0.0
갈마역,5,월요일,승차,0.0,0.25,73.5,119.75,251.25,420.25,204.75,158.0,149.0,131.25,151.25,152.25,139.5,160.5,180.75,167.5,109.25,85.75,75.5,46.75,29.75,0.5,0.0,0.0
갈마역,5,월요일,하차,0.0,0.0,21.0,39.0,77.75,132.0,103.75,105.25,119.5,154.5,152.5,146.0,172.25,196.5,264.5,383.0,192.75,159.0,136.5,123.75,81.5,10.25,0.0,0.0
갈마역,5,월요일,합계,0.0,0.25,94.5,158.75,329.0,552.25,308.5,263.25,268.5,285.75,303.75,298.25,311.75,357.0,445.25,550.5,302.0,244.75,212.0,170.5,111.25,10.75,0.0,0.0
갈마역,5,일요일,승차,0.0,0.0,42.5,56.75,78.0,131.25,168.25,162.25,141.5,170.0,167.75,128.0,148.5,144.25,161.5,116.5,97.25,86.25,60.0,38.0,24.5,1.5,0.0,0.0
갈마역,5,일요일,하차,0.0,0.0,14.25,16.0,27.0,48.5,62.25,95.75,113.5,153.25,153.5,174.75,172.25,189.75,206.0,173.5,168.25,132.5,135.0,122.75,99.75,14.75,0.0,0.0
갈마역,5,일요일,합계,0.0,0.0,56.75,72.75,105.0,179.75,230.5,258.0,255.0,323.25,321.25,302.75,320.75,334.0,367.5,290.0,265.5,218.75,195.0,160.75,124.25,16.25,0.0,0.0
갈마역,5,토요일,승차,0.0,0.0,71.2,78.4,141.2,170.4,211.2,202.0,193.0,181.8,184.0,179.4,180.0,178.2,228.8,142.4,96.6,81.8,70.2,48.0,41.2,1.4,0.0,0.0
갈마역,5,토요일,하차,0.0,0.0,21.0,28.2,36.8,80.4,99.0,120.0,137.8,174.2,191.6,188.6,186.2,210.0,229.2,208.6,212.4,160.4,166.6,132.4,118.4,18.8,0.0,0.0
갈마역,5,토요일,합계,0.0,0.0,92.2,106.6,178.0,250.8,310.2,322.0,330.8,356.0,375.6,368.0,366.2,388.2,458.0,351.0,309.0,242.2,236.8,180.4,159.6,20.2,0.0,0.0
갈마역,5,화요일,승차,0.0,0.0,70.0,107.5,258.75,438.75,216.25,149.75,136.5,148.75,151.5,140.5,132.75,163.0,198.5,183.0,101.0,78.25,81.75,47.75,28.75,2.75,0.0,0.0
갈마역,5,화요일,하차,0.0,0.0,21.5,38.75,77.75,129.75,84.75,101.0,119.75,130.0,138.25,156.25,170.0,231.5,255.25,378.25,199.75,164.0,155.25,128.25,95.5,15.5,0.0,0.0
갈마역,5,화요일,합계,0.0,0.0,91.5,146.25,336.5,568.5,301.0,250.75,256.25,278.75,289.75,296.75,302.75,394.5,453.75,561.25,300.75,242.25,237.0,176.0,124.25,18.25,0.0,0.0
갈마역,6,금요일,승차,0.0,0.0,66.75,106.5,252.0,411.25,210.25,153.75,153.5,138.5,159.0,133.5,163.0,169.75,191.75,217.5,127.5,78.0,76.75,48.25,44.25,1.25,0.0,0.0
갈마역,6,금요일,하차,0.0,0.0,17.75,32.25,75.5,122.0,91.25,99.25,136.25,149.25,136.0,156.5,180.25,224.75,282.5,386.0,224.75,158.5,182.75,144.25,108.0,15.75,0.0,0.0
갈마역,6,금요일,합계,0.0,0.0,84.5,138.75,327.5,533.25,301.5,253.0,289.75,287.75,295.0,290.0,343.25,394.5,474.25,603.5,352.25,236.5,259.5,192.5,152.25,17.0,0.0,0.0
갈마역,6,목요일,승차,0.0,0.0,72.75,128.5,299.25,507.5,230.25,161.5,146.75,150.25,168.75,140.25,168.5,191.75,201.75,215.0,122.0,83.75,93.75,56.0,32.0,2.25,0.0,0.0
갈마역,6,목요일,하차,0.0,0.0,22.25,40.0,97.25,162.75,105.0,103.75,129.75,145.75,146.25,156.5,184.25,245.75,299.25,450.0,229.0,178.0,182.25,164.75,97.0,15.0,0.0,0.0
갈마역,6,목요일,합계,0.0,0.0,95.0,168.5,396.5,670.25,335.25,265.25,276.5,296.0,315.0,296.75,352.75,437.5,501.0,665.0,351.0,261.75,276.0,220.75,129.0,17.25,0.0,0.0
갈마역,6,수요일,승차,0.0,0.0,62.75,127.0,296.5,519.25,226.5,165.25,152.0,141.75,156.0,136.25,159.75,176.0,213.5,204.75,128.0,100.0,85.25,51.25,34.0,0.5,0.0,0.0
갈마역,6,수요일,하차,0.0,0.0,20.25,38.25,95.75,156.75,100.75,100.75,121.75,146.5,139.75,163.25,169.75,236.5,288.5,439.5,225.5,162.75,187.0,159.0,89.5,12.0,0.0,0.0
갈마역,6,수요일,합계,0.0,0.0,83.0,165.25,392.25,676.0,327.25,266.0,273.75,288.25,295.75,299.5,329.5,412.5,502.0,644.25,353.5,262.75,272.25,210.25,123.5,12.5,0.0,0.0
갈마역,6,월요일,승차,0.0,0.0,78.2,133.2,296.4,504.2,204.6,147.2,157.4,134.0,158.2,147.6,145.0,184.4,184.6,191.2,110.0,80.0,87.2,43.8,32.2,1.2,0.0,0.0
갈마역,6,월요일,하차,0.0,0.0,21.0,38.2,95.0,167.4,113.8,123.8,115.2,136.8,142.6,148.4,183.4,215.2,278.0,447.4,217.8,157.8,150.2,120.8,82.0,11.8,0.0,0.0
갈마역,6,월요일,합계,0.0,0.0,99.2,171.4,391.4,671.6,318.4,271.0,272.6,270.8,300.8,296.0,328.4,399.6,462.6,638.6,327.8,237.8,237.4,164.6,114.2,13.0,0.0,0.0
갈마역,6,일요일,승차,0.0,0.2,46.2,63.2,69.8,123.0,145.2,149.6,134.2,148.8,155.6,118.8,126.6,132.6,145.6,111.8,81.4,77.0,52.2,34.0,23.4,0.2,0.0,0.0
갈마역,6,일요일,하차,0.0,0.0,14.8,17.0,29.2,55.8,67.6,117.8,114.6,126.2,135.4,147.4,157.4,162.0,188.4,143.6,143.0,122.2,131.2,115.6,89.8,12.6,0.0,0.0
갈마역,6,일요일,합계,0.0,0.2,61.0,80.2,99.0,178.8,212.8,267.4,248.8,275.0,291.0,266.2,284.0,294.6,334.0,255.4,224.4,199.2,183.4,149.6,113.2,12.8,0.0,0.0
갈마역,6,토요일,승차,0.0,0.0,56.0,72.25,132.25,161.5,193.75,195.25,202.75,167.0,181.5,154.75,144.5,171.75,181.25,133.5,95.5,83.5,65.25,43.0,36.75,0.5,0.0,0.0
갈마역,6,토요일,하차,0.0,0.0,19.5,21.25,39.5,85.5,98.25,110.5,144.25,168.0,187.75,175.25,159.5,202.25,222.25,182.25,154.5,167.0,132.75,144.25,115.5,17.5,0.0,0.0
갈마역,6,토요일,합계,0.0,0.0,75.5,93.5,171.75,247.0,292.0,305.75,347.0,335.0,369.25,330.0,304.0,374.0,403.5,315.75,250.0,250.5,198.0,187.25,152.25,18.0,0.0,0.0
갈마역,6,화요일,승차,0.0,0.0,68.75,111.5,248.25,434.75,210.25,147.5,157.75,141.0,164.5,120.75,124.0,168.75,175.0,172.0,107.75,81.0,93.0,40.25,27.5,1.5,0.0,0.0
갈마역,6,화요일,하차,0.0,0.0,18.25,38.25,77.5,137.0,95.0,104.5,125.75,136.5,142.75,142.5,167.25,208.0,259.5,366.75,191.25,147.5,153.0,126.5,80.5,13.0,0.0,0.0
갈마역,6,화요일,합계,0.0,0.0,87.0,149.75,325.75,571.75,305.25,252.0,283.5,277.5,307.25,263.25,291.25,376.75,434.5,538.75,299.0,228.5,246.0,166.75,108.0,14.5,0.0,0.0
갈마역,7,금요일,승차,0.0,0.0,69.75,117.25,289.25,498.5,201.0,147.0,146.0,143.0,146.5,136.25,168.0,175.0,212.0,245.5,138.75,92.25,89.75,56.0,38.0,2.25,0.0,0.0
갈마역,7,금요일,하차,0.0,0.0,21.25,42.25,87.5,132.5,100.0,94.0,118.75,139.75,138.75,165.0,189.0,227.5,288.5,448.25,232.25,173.25,172.25,162.75,113.25,13.5,0.0,0.0
갈마역,7,금요일,합계,0.0,0.0,91.0,159.5,376.75,631.0,301.0,241.0,264.75,282.75,285.25,301.25,357.0,402.5,500.5,693.75,371.0,265.5,262.0,218.75,151.25,15.75,0.0,0.0
갈마역,7,목요일,승차,0.0,0.0,72.6,110.4,279.8,491.4,211.2,141.4,131.6,140.4,142.8,125.0,138.8,150.2,186.2,194.2,102.0,82.6,85.6,48.8,35.0,0.8,0.0,0.0
갈마역,7,목요일,하차,0.0,0.0,19.4,46.4,88.4,144.6,105.6,92.0,114.2,132.2,135.6,133.6,150.4,194.6,271.8,419.0,205.8,158.6,150.2,145.0,102.0,15.6,0.0,0.0
갈마역,7,목요일,합계,0.0,0.0,92.0,156.8,368.2,636.0,316.8,233.4,245.8,272.6,278.4,258.6,289.2,344.8,458.0,613.2,307.8,241.2,235.8,193.8,137.0,16.4,0.0,0.0
갈마역,7,수요일,승차,0.0,0.2,69.8,109.6,289.6,514.4,203.4,139.8,132.8,136.6,139.6,126.2,140.6,155.4,173.8,201.2,120.8,83.6,86.0,43.8,29.8,1.2,0.0,0.0
갈마역,7,수요일,하차,0.0,0.0,18.0,42.8,88.4,153.2,100.2,97.8,99.8,134.2,147.8,156.0,150.0,198.0,265.6,426.0,203.2,144.0,163.8,162.2,85.4,13.0,0.0,0.0
갈마역,7,수요일,합계,0.0,0.2,87.8,152.4,378.0,667.6,303.6,237.6,232.6,270.8,287.4,282.2,290.6,353.4,439.4,627.2,324.0,227.6,249.8,206.0,115.2,14.2,0.0,0.0
갈마역,7,월요일,승차,0.0,1.0,82.5,118.25,288.25,497.0,218.0,142.5,141.5,140.0,157.0,136.5,137.75,165.75,161.0,189.0,109.75,84.0,77.75,36.25,28.0,1.0,0.0,0.0
갈마역,7,월요일,하차,0.0,0.0,22.5,44.75,94.25,158.5,120.75,113.25,127.0,138.25,153.25,157.5,163.75,196.75,286.75,442.25,205.25,147.25,124.5,115.25,80.5,9.0,0.0,0.0
갈마역,7,월요일,합계,0.0,1.0,105.0,163.0,382.5,655.5,338.75,255.75,268.5,278.25,310.25,294.0,301.5,362.5,447.75,631.25,315.0,231.25,202.25,151.5,108.5,10.0,0.0,0.0
갈마역,7,일요일,승차,0.0,0.0,51.0,63.75,68.0,111.25,139.5,145.25,138.5,124.0,145.0,141.25,120.0,130.25,148.25,111.25,76.25,66.75,52.0,24.25,25.5,0.5,0.0,0.0
갈마역,7,일요일,하차,0.0,0.0,12.25,15.0,30.0,54.0,66.5,101.5,96.0,125.25,118.0,155.0,150.0,152.0,188.0,143.0,143.25,122.0,146.25,133.25,86.75,11.0,0.0,0.0
갈마역,7,일요일,합계,0.0,0.0,63.25,78.75,98.0,165.25,206.0,246.75,234.5,249.25,263.0,296.25,270.0,282.25,336.25,254.25,219.5,188.75,198.25,157.5,112.25,11.5,0.0,0.0
갈마역,7,토요일,승차,0.0,0.0,69.5,72.5,130.25,177.5,193.5,202.75,192.75,168.5,165.75,135.25,147.75,156.25,189.0,130.0,108.0,81.25,65.5,41.5,30.5,1.5,0.0,0.0
갈마역,7,토요일,하차,0.0,0.0,18.5,25.0,47.0,79.75,100.25,111.25,127.0,163.0,180.0,165.75,174.0,180.25,216.75,191.5,153.0,148.0,136.25,134.5,119.75,17.25,0.0,0.0
갈마역,7,토요일,합계,0.0,0.0,88.0,97.5,177.25,257.25,293.75,314.0,319.75,331.5,345.75,301.0,321.75,336.5,405.75,321.5,261.0,229.25,201.75,176.0,150.25,18.75,0.0,0.0
갈마역,7,화요일,승차,0.0,0.2,74.2,118.2,300.0,515.8,213.2,138.4,136.6,142.8,150.2,132.8,133.8,153.0,188.8,204.8,107.8,84.6,86.4,44.6,28.2,0.6,0.0,0.0
갈마역,7,화요일,하차,0.0,0.0,20.0,39.4,90.8,154.0,108.6,98.2,118.6,137.4,145.2,144.0,143.8,195.2,272.0,426.8,206.2,148.0,145.8,146.2,85.8,14.6,0.0,0.0
갈마역,7,화요일,합계,0.0,0.2,94.2,157.6,390.8,669.8,321.8,236.6,255.2,280.2,295.4,276.8,277.6,348.2,460.8,631.6,314.0,232.6,232.2,190.8,114.0,15.2,0.0,0.0
갈마역,8,금요일,승차,0.0,0.2,63.2,102.4,239.8,398.6,202.2,150.2,144.2,142.8,157.2,172.8,170.8,199.4,236.2,247.4,138.8,113.2,85.6,59.0,38.4,3.2,0.4,0.0
갈마역,8,금요일,하차,0.0,0.0,20.0,33.0,70.2,119.4,89.2,88.4,110.6,133.8,128.6,143.4,167.8,215.8,284.2,404.4,252.4,183.8,192.6,184.4,154.0,53.2,36.8,0.0
갈마역,8,금요일,합계,0.0,0.2,83.2,135.4,310.0,518.0,291.4,238.6,254.8,276.6,285.8,316.2,338.6,415.2,520.4,651.8,391.2,297.0,278.2,243.4,192.4,56.4,37.2,0.0
갈마역,8,목요일,승차,0.0,0.25,64.25,117.25,288.0,487.0,202.75,149.25,151.0,140.0,152.75,140.75,182.25,198.75,223.0,215.5,138.0,117.0,86.5,47.5,24.0,1.25,0.75,0.0
갈마역,8,목요일,하차,0.0,0.0,20.0,40.75,90.0,147.5,108.25,97.75,125.25,153.5,161.75,138.25,177.75,209.75,295.25,428.5,226.5,165.75,185.5,169.5,125.5,50.75,8.75,0.0
갈마역,8,목요일,합계,0.0,0.25,84.25,158.0,378.0,634.5,311.0,247.0,276.25,293.5,314.5,279.0,360.0,408.5,518.25,644.0,364.5,282.75,272.0,217.0,149.5,52.0,9.5,0.0
갈마역,8,수요일,승차,0.0,0.0,58.5,112.75,273.0,497.75,213.0,166.75,151.0,138.0,149.25,142.25,154.25,169.75,201.0,222.25,127.5,84.25,87.75,48.25,29.0,2.25,0.0,0.0
갈마역,8,수요일,하차,0.0,0.0,19.75,40.25,88.25,148.25,101.25,97.5,128.25,149.25,151.25,160.0,173.75,203.25,284.75,430.75,211.75,143.5,184.25,159.25,108.75,37.25,2.75,0.0
갈마역,8,수요일,합계,0.0,0.0,78.25,153.0,361.25,646.0,314.25,264.25,279.25,287.25,300.5,302.25,328.0,373.0,485.75,653.0,339.25,227.75,272.0,207.5,137.75,39.5,2.75,0.0
갈마역,8,월요일,승차,0.0,0.5,76.0,121.0,285.0,468.25,211.25,153.75,153.5,156.25,154.0,148.25,137.0,160.25,189.25,203.25,103.0,80.5,81.25,38.5,31.75,1.75,0.0,0.0
갈마역,8,월요일,하차,0.0,0.0,20.5,43.0,84.75,148.0,115.25,109.75,122.0,137.75,143.75,149.75,166.25,213.25,271.25,456.75,202.0,141.0,139.0,124.75,87.75,27.5,1.75,0.0
갈마역,8,월요일,합계,0.0,0.5,96.5,164.0,369.75,616.25,326.5,263.5,275.5,294.0,297.75,298.0,303.25,373.5,460.5,660.0,305.0,221.5,220.25,163.25,119.5,29.25,1.75,0.0
갈마역,8,일요일,승차,0.0,0.4,39.0,56.0,70.6,119.4,143.8,140.2,127.4,158.0,147.6,129.6,138.6,153.6,161.4,125.8,94.0,80.4,55.4,29.0,17.4,2.2,0.0,0.0
갈마역,8,일요일,하차,0.0,0.0,12.4,18.4,27.2,59.2,63.4,107.4,102.0,122.4,135.4,147.0,156.2,166.0,185.8,155.4,152.2,137.4,157.4,146.6,106.2,50.0,3.6,0.0
갈마역,8,일요일,합계,0.0,0.4,51.4,74.4,97.8,178.6,207.2,247.6,229.4,280.4,283.0,276.6,294.8,319.6,347.2,281.2,246.2,217.8,212.8,175.6,123.6,52.2,3.6,0.0
갈마역,8,토요일,승차,0.0,0.8,60.4,82.4,135.2,164.2,202.6,191.4,179.2,170.8,182.4,183.6,162.8,189.8,196.4,156.2,119.6,83.8,79.2,43.6,32.6,3.0,0.2,0.0
갈마역,8,토요일,하차,0.0,0.0,17.8,26.2,44.8,88.4,94.4,101.8,133.0,158.6,173.6,167.2,166.6,203.4,208.2,198.2,185.8,154.8,164.8,154.4,138.4,56.2,7.2,0.0
갈마역,8,토요일,합계,0.0,0.8,78.2,108.6,180.0,252.6,297.0,293.2,312.2,329.4,356.0,350.8,329.4,393.2,404.6,354.4,305.4,238.6,244.0,198.0,171.0,59.2,7.4,0.0
갈마역,8,화요일,승차,0.0,0.25,62.25,109.75,283.25,486.75,230.75,138.75,153.5,160.5,150.25,143.0,139.0,175.5,203.5,204.0,106.25,85.25,90.75,48.0,23.5,0.25,1.0,0.0
갈마역,8,화요일,하차,0.0,0.0,20.0,38.5,72.0,149.0,117.5,99.75,115.0,134.0,154.75,154.75,174.75,198.5,280.5,447.0,212.75,152.5,154.0,163.5,88.5,24.25,3.25,0.0
갈마역,8,화요일,합계,0.0,0.25,82.25,148.25,355.25,635.75,348.25,238.5,268.5,294.5,305.0,297.75,313.75,374.0,484.0,651.0,319.0,237.75,244.75,211.5,112.0,24.5,4.25,0.0
갑천역,1,금요일,승차,0.0,0.0,12.4,27.4,82.8,196.2,68.2,43.6,45.6,39.4,48.2,47.4,48.6,61.6,80.6,95.4,40.2,27.0,20.8,10.6,6.8,0.2,0.0,0.0
갑천역,1,금요일,하차,0.0,0.0,4.0,12.0,31.0,90.4,31.2,34.2,40.6,45.0,46.6,48.4,60.8,72.0,79.6,142.0,72.4,49.8,47.2,33.6,25.6,2.2,0.0,0.0
갑천역,1,금요일,합계,0.0,0.0,16.4,39.4,113.8,286.6,99.4,77.8,86.2,84.4,94.8,95.8,109.4,133.6,160.2,237.4,112.6,76.8,68.0,44.2,32.4,2.4,0.0,0.0
갑천역,1,목요일,승차,0.0,0.0,12.2,28.0,73.2,166.8,79.4,42.4,35.6,37.4,45.2,40.2,52.0,43.8,69.4,83.4,34.0,21.4,20.8,9.0,8.2,0.0,0.0,0.0
갑천역,1,목요일,하차,0.0,0.0,3.2,14.8,32.2,91.0,40.0,29.0,33.8,47.0,42.2,41.0,50.0,58.2,70.0,129.2,68.0,43.0,42.0,32.2,21.0,2.2,0.0,0.0
갑천역,1,목요일,합계,0.0,0.0,15.4,42.8,105.4,257.8,119.4,71.4,69.4,84.4,87.4,81.2,102.0,102.0,139.4,212.6,102.0,64.4,62.8,41.2,29.2,2.2,0.0,0.0
갑천역,1,수요일,승차,0.0,0.0,9.6,21.4,62.6,137.8,49.0,40.6,34.0,32.2,40.8,40.6,41.6,45.2,59.2,69.8,29.6,18.0,19.8,8.8,7.4,0.4,0.0,0.0
갑천역,1,수요일,하차,0.0,0.0,3.2,10.8,25.6,66.0,27.2,27.6,29.2,37.8,34.2,36.8,49.4,50.0,58.6,106.4,56.8,37.6,48.0,27.8,20.4,2.8,0.0,0.0
갑천역,1,수요일,합계,0.0,0.0,12.8,32.2,88.2,203.8,76.2,68.2,63.2,70.0,75.0,77.4,91.0,95.2,117.8,176.2,86.4,55.6,67.8,36.6,27.8,3.2,0.0,0.0
갑천역,1,월요일,승차,0.0,0.0,12.5,25.0,76.25,155.75,62.0,44.5,40.0,44.75,49.0,40.25,47.75,42.5,68.5,80.5,33.25,21.5,16.5,12.0,6.5,0.0,0.0,0.0
갑천역,1,월요일,하차,0.0,0.0,3.0,16.25,30.5,82.0,32.75,29.0,40.0,38.0,44.75,44.75,51.25,63.5,63.5,129.0,59.5,41.75,37.5,30.75,17.25,3.0,0.0,0.0
갑천역,1,월요일,합계,0.0,0.0,15.5,41.25,106.75,237.75,94.75,73.5,80.0,82.75,93.75,85.0,99.0,106.0,132.0,209.5,92.75,63.25,54.0,42.75,23.75,3.0,0.0,0.0
갑천역,1,일요일,승차,0.0,0.0,8.75,11.25,22.5,44.0,44.0,40.25,36.25,58.5,52.25,49.75,40.25,42.75,39.25,33.25,21.75,18.5,15.25,6.75,6.5,0.0,0.0,0.0
갑천역,1,일요일,하차,0.0,0.0,4.75,9.25,11.5,17.25,25.25,46.75,32.25,34.75,34.25,44.25,51.25,44.0,45.25,44.75,31.5,34.5,31.5,28.75,22.25,2.5,0.0,0.0
갑천역,1,일요일,합계,0.0,0.0,13.5,20.5,34.0,61.25,69.25,87.0,68.5,93.25,86.5,94.0,91.5,86.75,84.5,78.0,53.25,53.0,46.75,35.5,28.75,2.5,0.0,0.0
갑천역,1,토요일,승차,0.0,0.0,12.25,16.75,35.5,62.25,65.25,48.25,56.5,59.0,64.25,56.5,68.75,51.75,58.0,43.0,26.5,25.0,14.75,8.5,8.0,0.5,0.0,0.0
갑천역,1,토요일,하차,0.0,0.0,7.25,14.25,16.0,29.75,38.25,44.75,47.5,59.5,59.0,53.25,62.5,63.75,64.0,66.25,35.5,43.0,33.25,28.5,23.5,3.5,0.0,0.0
갑천역,1,토요일,합계,0.0,0.0,19.5,31.0,51.5,92.0,103.5,93.0,104.0,118.5,123.25,109.75,131.25,115.5,122.0,109.25,62.0,68.0,48.0,37.0,31.5,4.0,0.0,0.0
갑천역,1,화요일,승차,0.0,0.0,9.25,27.0,71.25,170.0,59.5,44.0,45.25,40.5,47.5,40.5,46.5,41.25,71.75,77.0,31.75,23.5,15.5,10.5,7.0,0.25,0.0,0.0
갑천역,1,화요일,하차,0.0,0.0,3.0,10.0,30.5,73.5,37.5,35.0,38.0,47.5,44.75,40.75,52.25,51.0,60.75,122.25,55.75,43.5,37.25,25.0,20.0,3.0,0.0,0.0
갑천역,1,화요일,합계,0.0,0.0,12.25,37.0,101.75,243.5,97.0,79.0,83.25,88.0,92.25,81.25,98.75,92.25,132.5,199.25,87.5,67.0,52.75,35.5,27.0,3.25,0.0,0.0
갑천역,2,금요일,승차,0.0,0.0,14.0,28.25,90.0,214.5,72.25,51.0,45.0,43.5,54.75,46.75,49.5,47.25,79.0,99.25,48.5,32.25,22.5,10.0,7.25,0.0,0.0,0.0
갑천역,2,금요일,하차,0.0,0.0,3.25,10.75,38.5,99.25,35.75,36.5,30.25,49.5,54.75,50.25,59.25,67.5,77.0,143.5,76.75,50.25,47.5,46.75,29.25,2.75,0.0,0.0
갑천역,2,금요일,합계,0.0,0.0,17.25,39.0,128.5,313.75,108.0,87.5,75.25,93.0,109.5,97.0,108.75,114.75,156.0,242.75,125.25,82.5,70.0,56.75,36.5,2.75,0.0,0.0
갑천역,2,목요일,승차,0.0,0.0,15.0,29.75,92.5,222.5,83.25,44.25,43.75,47.0,56.0,41.25,47.0,50.5,81.25,93.5,43.75,28.0,23.75,8.25,5.5,0.0,0.0,0.0
갑천역,2,목요일,하차,0.0,0.0,2.75,13.75,39.0,113.75,34.75,37.0,39.5,49.25,44.25,48.0,50.0,64.0,74.25,161.0,73.5,59.5,49.5,41.75,22.0,2.0,0.0,0.0
갑천역,2,목요일,합계,0.0,0.0,17.75,43.5,131.5,336.25,118.0,81.25,83.25,96.25,100.25,89.25,97.0,114.5,155.5,254.5,117.25,87.5,73.25,50.0,27.5,2.0,0.0,0.0
갑천역,2,수요일,승차,0.0,0.0,12.5,27.0,86.25,221.5,70.5,44.0,42.25,43.0,47.75,41.5,58.5,38.25,93.25,92.5,42.75,25.5,20.0,11.25,5.5,0.25,0.0,0.0
갑천역,2,수요일,하차,0.0,0.0,4.25,12.75,37.25,101.75,30.5,36.25,39.25,57.0,54.5,45.5,59.75,57.5,68.75,147.0,71.75,49.5,52.0,42.0,19.75,2.25,0.0,0.0
갑천역,2,수요일,합계,0.0,0.0,16.75,39.75,123.5,323.25,101.0,80.25,81.5,100.0,102.25,87.0,118.25,95.75,162.0,239.5,114.5,75.0,72.0,53.25,25.25,2.5,0.0,0.0
갑천역,2,월요일,승차,0.0,0.0,14.75,30.0,92.0,212.75,69.0,46.5,48.25,40.25,47.5,46.25,47.0,46.75,78.75,97.25,34.75,30.25,18.25,12.0,5.0,0.25,0.0,0.0
갑천역,2,월요일,하차,0.0,0.0,3.0,15.25,39.0,97.25,31.25,33.0,37.25,50.0,48.75,42.25,57.5,66.5,63.0,150.5,73.5,48.75,46.25,35.5,21.5,3.0,0.0,0.0
갑천역,2,월요일,합계,0.0,0.0,17.75,45.25,131.0,310.0,100.25,79.5,85.5,90.25,96.25,88.5,104.5,113.25,141.75,247.75,108.25,79.0,64.5,47.5,26.5,3.25,0.0,0.0
갑천역,2,일요일,승차,0.0,0.0,8.25,11.75,23.75,42.75,41.75,42.25,42.75,62.0,57.0,61.5,51.25,51.75,48.0,34.5,24.25,18.0,13.25,7.0,4.5,0.0,0.0,0.0
갑천역,2,일요일,하차,0.0,0.0,3.5,12.75,10.5,19.75,33.5,58.25,39.5,41.0,41.0,51.75,56.75,47.25,49.75,47.0,39.0,35.0,35.5,27.0,23.75,3.75,0.0,0.0
갑천역,2,일요일,합계,0.0,0.0,11.75,24.5,34.25,62.5,75.25,100.5,82.25,103.0,98.0,113.25,108.0,99.0,97.75,81.5,63.25,53.0,48.75,34.0,28.25,3.75,0.0,0.0
갑천역,2,토요일,승차,0.0,0.0,13.75,13.75,31.5,63.25,65.5,50.25,52.75,55.5,65.0,68.25,69.25,60.25,52.25,47.0,27.0,29.5,19.0,8.5,8.0,0.75,0.0,0.0
갑천역,2,토요일,하차,0.0,0.0,5.5,13.0,16.0,30.75,36.75,38.5,43.5,65.75,56.5,58.0,65.25,55.25,77.0,55.25,41.25,43.25,36.0,28.5,23.5,4.5,0.0,0.0
갑천역,2,토요일,합계,0.0,0.0,19.25,26.75,47.5,94.0,102.25,88.75,96.25,121.25,121.5,126.25,134.5,115.5,129.25,102.25,68.25,72.75,55.0,37.0,31.5,5.25,0.0,0.0
갑천역,2,화요일,승차,0.0,0.0,13.5,27.25,93.75,223.0,54.75,42.5,44.0,49.25,53.0,52.25,48.75,42.25,82.5,92.25,43.0,27.75,19.5,8.5,5.25,0.0,0.0,0.0
갑천역,2,화요일,하차,0.0,0.0,1.75,14.0,34.25,101.25,35.75,32.5,43.5,49.75,50.0,50.5,54.0,63.75,70.25,155.75,73.25,46.75,47.5,35.0,22.0,3.25,0.0,0.0
갑천역,2,화요일,합계,0.0,0.0,15.25,41.25,128.0,324.25,90.5,75.0,87.5,99.0,103.0,102.75,102.75,106.0,152.75,248.0,116.25,74.5,67.0,43.5,27.25,3.25,0.0,0.0
갑천역,3,금요일,승차,0.0,0.0,14.75,36.0,96.25,218.0,66.0,43.25,46.0,45.5,39.5,51.75,53.5,53.0,98.75,106.0,43.0,38.0,24.75,11.75,6.25,0.25,0.0,0.0
갑천역,3,금요일,하차,0.0,0.0,4.75,18.25,49.5,99.25,46.5,35.0,41.5,53.25,54.25,45.25,63.75,83.5,85.0,155.75,77.0,44.0,57.25,46.0,24.5,1.0,0.0,0.0
갑천역,3,금요일,합계,0.0,0.0,19.5,54.25,145.75,317.25,112.5,78.25,87.5,98.75,93.75,97.0,117.25,136.5,183.75,261.75,120.0,82.0,82.0,57.75,30.75,1.25,0.0,0.0
갑천역,3,목요일,승차,0.0,0.0,15.5,35.5,104.5,224.75,84.75,42.5,41.0,39.0,47.25,47.75,43.25,45.0,85.0,95.5,39.25,27.5,23.25,9.25,7.75,0.0,0.0,0.0
갑천역,3,목요일,하차,0.0,0.0,3.5,16.25,50.0,110.75,40.25,35.5,45.25,48.25,43.0,52.0,55.25,71.0,76.25,140.25,74.75,57.0,51.5,38.0,25.0,2.25,0.0,0.0
갑천역,3,목요일,합계,0.0,0.0,19.0,51.75,154.5,335.5,125.0,78.0,86.25,87.25,90.25,99.75,98.5,116.0,161.25,235.75,114.0,84.5,74.75,47.25,32.75,2.25,0.0,0.0
갑천역,3,수요일,승차,0.0,0.0,13.5,34.25,102.75,212.75,75.5,47.25,46.0,44.75,47.5,41.25,52.0,47.75,94.75,97.0,43.5,31.0,27.75,14.75,3.5,0.0,0.0,0.0
갑천역,3,수요일,하차,0.0,0.0,3.25,17.0,47.0,102.5,36.5,32.0,40.75,52.25,47.75,49.25,57.75,67.0,86.75,160.0,80.75,56.0,52.5,39.25,29.75,1.5,0.0,0.0
갑천역,3,수요일,합계,0.0,0.0,16.75,51.25,149.75,315.25,112.0,79.25,86.75,97.0,95.25,90.5,109.75,114.75,181.5,257.0,124.25,87.0,80.25,54.0,33.25,1.5,0.0,0.0
갑천역,3,월요일,승차,0.0,0.0,13.4,32.0,83.4,184.8,66.4,44.6,41.0,43.2,54.0,43.4,47.0,46.2,71.6,80.6,44.4,27.2,23.4,11.2,5.6,0.2,0.0,0.0
갑천역,3,월요일,하차,0.0,0.0,4.0,18.4,33.8,85.8,30.2,39.2,43.8,49.4,46.8,45.4,57.8,60.6,71.0,139.0,71.2,46.0,50.6,31.6,23.2,2.0,0.0,0.0
갑천역,3,월요일,합계,0.0,0.0,17.4,50.4,117.2,270.6,96.6,83.8,84.8,92.6,100.8,88.8,104.8,106.8,142.6,219.6,115.6,73.2,74.0,42.8,28.8,2.2,0.0,0.0
갑천역,3,일요일,승차,0.0,0.0,8.2,15.0,22.4,51.6,46.2,48.6,45.8,54.8,62.8,51.6,45.8,50.2,42.2,36.6,26.8,19.0,18.4,5.8,3.2,0.0,0.0,0.0
갑천역,3,일요일,하차,0.0,0.0,3.4,11.4,9.8,21.4,36.0,53.6,33.2,46.8,39.2,48.4,56.0,46.6,50.6,49.0,43.4,37.0,38.8,30.2,27.0,2.8,0.0,0.0
갑천역,3,일요일,합계,0.0,0.0,11.6,26.4,32.2,73.0,82.2,102.2,79.0,101.6,102.0,100.0,101.8,96.8,92.8,85.6,70.2,56.0,57.2,36.0,30.2,2.8,0.0,0.0
갑천역,3,토요일,승차,0.0,0.0,13.6,18.4,35.0,72.8,68.8,51.4,59.4,67.6,72.2,69.2,72.4,59.8,60.2,49.8,34.0,27.2,20.8,7.6,6.6,0.6,0.0,0.0
갑천역,3,토요일,하차,0.0,0.0,9.8,17.6,21.6,35.0,46.8,52.4,64.8,73.4,65.8,58.2,53.8,61.8,59.6,60.8,46.8,45.8,37.0,32.2,21.0,3.2,0.0,0.0
갑천역,3,토요일,합계,0.0,0.0,23.4,36.0,56.6,107.8,115.6,103.8,124.2,141.0,138.0,127.4,126.2,121.6,119.8,110.6,80.8,73.0,57.8,39.8,27.6,3.8,0.0,0.0
갑천역,3,화요일,승차,0.0,0.0,15.5,33.5,100.75,219.5,75.25,44.25,43.0,39.75,51.75,43.0,47.0,40.75,72.75,94.0,38.0,27.25,17.5,8.0,6.25,0.25,0.0,0.0
갑천역,3,화요일,하차,0.0,0.0,3.75,16.5,41.5,90.0,36.5,33.25,39.25,45.0,49.25,46.0,48.25,65.75,80.25,153.75,84.0,47.0,50.25,33.25,21.0,2.25,0.0,0.0
갑천역,3,화요일,합계,0.0,0.0,19.25,50.0,142.25,309.5,111.75,77.5,82.25,84.75,101.0,89.0,95.25,106.5,153.0,247.75,122.0,74.25,67.75,41.25,27.25,2.5,0.0,0.0
갑천역,4,금요일,승차,0.0,0.0,15.5,41.0,97.75,230.25,71.5,45.5,42.25,46.0,51.5,48.25,55.25,63.25,99.25,104.25,48.25,39.25,27.5,19.75,6.75,0.25,0.0,0.0
갑천역,4,금요일,하차,0.0,0.0,7.25,22.25,45.25,109.0,41.0,40.5,44.25,55.0,52.0,57.5,77.5,81.5,91.75,157.25,79.5,57.75,49.0,47.0,26.25,3.5,0.0,0.0
갑천역,4,금요일,합계,0.0,0.0,22.75,63.25,143.0,339.25,112.5,86.0,86.5,101.0,103.5,105.75,132.75,144.75,191.0,261.5,127.75,97.0,76.5,66.75,33.0,3.75,0.0,0.0
갑천역,4,목요일,승차,0.0,0.0,13.75,40.75,104.75,225.5,89.5,52.0,40.75,48.5,51.0,54.5,57.0,51.0,89.75,101.0,43.25,31.5,24.75,11.0,9.0,0.5,0.0,0.0
갑천역,4,목요일,하차,0.0,0.0,6.75,24.0,48.25,123.5,51.0,40.5,40.75,54.5,52.25,50.5,52.75,77.5,87.25,160.25,81.0,52.75,48.5,39.5,30.5,1.75,0.0,0.0
갑천역,4,목요일,합계,0.0,0.0,20.5,64.75,153.0,349.0,140.5,92.5,81.5,103.0,103.25,105.0,109.75,128.5,177.0,261.25,124.25,84.25,73.25,50.5,39.5,2.25,0.0,0.0
갑천역,4,수요일,승차,0.0,0.0,13.4,36.0,109.2,227.4,67.4,46.8,41.0,41.0,48.2,44.8,48.6,54.2,85.2,97.8,42.6,33.8,24.2,10.6,9.0,0.6,0.0,0.0
갑천역,4,수요일,하차,0.0,0.0,7.2,20.6,44.2,101.4,42.8,39.2,43.8,50.6,49.2,47.4,57.6,65.2,74.2,154.8,83.4,48.6,54.6,42.2,25.4,2.4,0.0,0.0
갑천역,4,수요일,합계,0.0,0.0,20.6,56.6,153.4,328.8,110.2,86.0,84.8,91.6,97.4,92.2,106.2,119.4,159.4,252.6,126.0,82.4,78.8,52.8,34.4,3.0,0.0,0.0
갑천역,4,월요일,승차,0.0,0.0,18.5,42.5,107.75,223.5,77.0,41.5,47.25,34.75,45.5,44.0,42.25,49.25,70.75,96.25,33.5,30.0,21.0,13.75,6.75,0.25,0.0,0.0
갑천역,4,월요일,하차,0.0,0.0,7.75,23.75,42.25,97.75,42.5,39.5,34.75,53.5,51.5,51.5,55.5,80.0,73.75,163.75,75.75,43.75,48.25,30.5,23.0,1.5,0.0,0.0
갑천역,4,월요일,합계,0.0,0.0,26.25,66.25,150.0,321.25,119.5,81.0,82.0,88.25,97.0,95.5,97.75,129.25,144.5,260.0,109.25,73.75,69.25,44.25,29.75,1.75,0.0,0.0
갑천역,4,일요일,승차,0.0,0.0,10.5,18.5,27.75,46.25,47.25,37.0,34.0,63.0,55.25,52.0,47.5,49.0,40.0,43.25,31.25,22.5,23.75,8.5,3.75,0.0,0.0,0.0
갑천역,4,일요일,하차,0.0,0.0,7.0,17.25,12.25,29.0,39.0,59.5,39.0,50.25,50.75,52.0,65.25,53.25,57.25,47.25,49.25,38.25,43.0,28.0,22.5,2.5,0.0,0.0
갑천역,4,일요일,합계,0.0,0.0,17.5,35.75,40.0,75.25,86.25,96.5,73.0,113.25,106.0,104.0,112.75,102.25,97.25,90.5,80.5,60.75,66.75,36.5,26.25,2.5,0.0,0.0
갑천역,4,토요일,승차,0.0,0.0,15.75,25.0,42.75,77.25,72.25,52.25,64.25,79.25,74.75,66.0,78.25,67.75,64.75,47.25,32.0,33.75,21.5,7.5,7.0,0.75,0.0,0.0
갑천역,4,토요일,하차,0.0,0.0,12.5,22.25,23.25,39.5,62.25,66.5,66.5,84.0,65.5,64.75,56.0,57.25,63.25,60.75,48.0,44.0,40.5,36.75,26.25,4.5,0.0,0.0
갑천역,4,토요일,합계,0.0,0.0,28.25,47.25,66.0,116.75,134.5,118.75,130.75,163.25,140.25,130.75,134.25,125.0,128.0,108.0,80.0,77.75,62.0,44.25,33.25,5.25,0.0,0.0
갑천역,4,화요일,승차,0.0,0.0,13.4,34.8,105.2,229.0,72.4,46.2,41.0,39.2,47.6,36.8,51.0,48.6,79.6,93.8,33.6,33.6,24.4,12.4,5.0,0.0,0.0,0.0
갑천역,4,화요일,하차,0.0,0.0,7.6,20.2,43.6,101.0,37.2,43.2,36.8,58.4,50.4,44.8,54.0,66.8,78.8,170.6,68.0,49.2,51.4,38.0,25.4,3.4,0.0,0.0
갑천역,4,화요일,합계,0.0,0.0,21.0,55.0,148.8,330.0,109.6,89.4,77.8,97.6,98.0,81.6,105.0,115.4,158.4,264.4,101.6,82.8,75.8,50.4,30.4,3.4,0.0,0.0
갑천역,5,금요일,승차,0.0,0.0,17.2,34.4,97.4,209.8,61.2,49.2,44.6,42.4,49.0,50.6,48.6,58.4,86.2,93.8,43.0,23.8,37.0,16.0,9.0,0.4,0.0,0.0
갑천역,5,금요일,하차,0.0,0.0,5.6,20.8,40.6,96.2,44.8,37.4,37.4,47.2,43.6,43.8,61.8,75.0,80.4,147.0,77.8,53.6,51.2,43.0,25.0,2.6,0.0,0.0
갑천역,5,금요일,합계,0.0,0.0,22.8,55.2,138.0,306.0,106.0,86.6,82.0,89.6,92.6,94.4,110.4,133.4,166.6,240.8,120.8,77.4,88.2,59.0,34.0,3.0,0.0,0.0
갑천역,5,목요일,승차,0.0,0.0,17.2,33.2,99.4,201.2,80.2,46.6,42.0,44.2,44.0,39.8,46.2,53.6,81.8,82.0,35.2,30.8,29.6,13.4,6.4,1.2,0.0,0.0
갑천역,5,목요일,하차,0.0,0.0,6.6,20.8,47.0,103.8,39.4,35.2,44.2,46.6,44.2,44.4,54.2,59.4,71.0,143.2,63.4,51.6,42.2,39.2,25.2,2.6,0.0,0.0
갑천역,5,목요일,합계,0.0,0.0,23.8,54.0,146.4,305.0,119.6,81.8,86.2,90.8,88.2,84.2,100.4,113.0,152.8,225.2,98.6,82.4,71.8,52.6,31.6,3.8,0.0,0.0
갑천역,5,수요일,승차,0.0,0.0,15.0,37.5,110.75,221.75,67.25,51.5,40.0,42.0,46.75,40.75,49.25,53.25,78.75,92.5,39.0,30.25,24.5,17.0,7.25,0.75,0.0,0.0
갑천역,5,수요일,하차,0.0,0.0,7.75,21.5,45.25,101.0,40.5,32.75,44.0,53.0,44.0,47.75,50.75,57.0,85.5,167.75,73.5,44.0,51.5,33.75,30.25,2.75,0.0,0.0
갑천역,5,수요일,합계,0.0,0.0,22.75,59.0,156.0,322.75,107.75,84.25,84.0,95.0,90.75,88.5,100.0,110.25,164.25,260.25,112.5,74.25,76.0,50.75,37.5,3.5,0.0,0.0
갑천역,5,월요일,승차,0.0,0.0,16.75,34.25,81.0,178.75,67.75,46.25,47.25,45.25,48.5,43.5,45.75,46.0,60.5,76.5,31.75,30.0,19.5,10.5,8.5,0.25,0.0,0.0
갑천역,5,월요일,하차,0.0,0.0,9.5,21.0,34.5,76.5,37.75,40.25,36.0,53.5,46.5,44.25,48.0,62.5,75.5,139.25,66.25,46.5,42.25,31.0,22.75,2.5,0.0,0.0
갑천역,5,월요일,합계,0.0,0.0,26.25,55.25,115.5,255.25,105.5,86.5,83.25,98.75,95.0,87.75,93.75,108.5,136.0,215.75,98.0,76.5,61.75,41.5,31.25,2.75,0.0,0.0
갑천역,5,일요일,승차,0.0,0.0,11.5,17.5,30.25,48.75,46.25,50.5,50.75,66.75,60.75,62.5,52.25,46.25,47.75,45.5,29.75,19.25,17.25,11.25,7.5,0.5,0.0,0.0
갑천역,5,일요일,하차,0.0,0.0,8.0,16.5,12.25,24.75,38.75,59.0,41.5,49.25,36.25,48.0,53.25,45.25,51.5,49.25,41.25,34.5,44.0,32.75,27.5,4.75,0.0,0.0
갑천역,5,일요일,합계,0.0,0.0,19.5,34.0,42.5,73.5,85.0,109.5,92.25,116.0,97.0,110.5,105.5,91.5,99.25,94.75,71.0,53.75,61.25,44.0,35.0,5.25,0.0,0.0
갑천역,5,토요일,승차,0.0,0.0,15.0,25.2,40.4,74.6,60.0,51.4,52.8,60.4,67.2,79.4,79.6,50.0,59.2,43.2,35.2,31.2,18.4,12.0,9.2,0.0,0.0,0.0
갑천역,5,토요일,하차,0.0,0.0,10.8,23.6,21.2,31.2,44.4,53.0,54.4,70.2,65.0,58.0,63.2,56.8,61.0,63.6,46.0,44.2,42.2,35.2,27.8,4.0,0.0,0.0
갑천역,5,토요일,합계,0.0,0.0,25.8,48.8,61.6,105.8,104.4,104.4,107.2,130.6,132.2,137.4,142.8,106.8,120.2,106.8,81.2,75.4,60.6,47.2,37.0,4.0,0.0,0.0
갑천역,5,화요일,승차,0.0,0.0,18.75,28.0,90.25,176.0,60.25,46.25,41.75,36.75,43.75,38.5,43.0,50.75,70.0,81.75,37.75,24.75,20.75,8.25,10.5,0.75,0.0,0.0
갑천역,5,화요일,하차,0.0,0.0,7.5,21.0,36.0,80.25,39.0,37.0,32.5,49.5,39.5,50.5,59.0,52.75,80.25,134.25,61.0,48.5,44.0,34.0,29.5,4.5,0.0,0.0
갑천역,5,화요일,합계,0.0,0.0,26.25,49.0,126.25,256.25,99.25,83.25,74.25,86.25,83.25,89.0,102.0,103.5,150.25,216.0,98.75,73.25,64.75,42.25,40.0,5.25,0.0,0.0
갑천역,6,금요일,승차,0.0,0.0,19.5,34.75,84.75,159.75,64.75,45.75,40.25,51.25,50.75,46.25,47.5,46.75,77.75,79.5,45.75,28.0,20.25,13.5,8.0,0.5,0.0,0.0
갑천역,6,금요일,하차,0.0,0.0,5.75,22.0,38.0,84.0,33.5,34.0,45.0,45.5,38.75,41.75,51.75,66.25,81.0,133.25,63.0,46.25,48.25,38.25,31.75,3.25,0.0,0.0
갑천역,6,금요일,합계,0.0,0.0,25.25,56.75,122.75,243.75,98.25,79.75,85.25,96.75,89.5,88.0,99.25,113.0,158.75,212.75,108.75,74.25,68.5,51.75,39.75,3.75,0.0,0.0
갑천역,6,목요일,승차,0.0,0.0,20.5,40.0,108.75,215.75,83.5,51.25,36.25,45.0,49.25,48.75,48.0,42.25,81.25,92.5,38.75,32.5,27.0,12.0,8.25,0.75,0.0,0.0
갑천역,6,목요일,하차,0.0,0.0,6.75,19.0,49.0,105.25,40.0,41.75,43.0,52.75,39.25,44.25,50.0,57.0,82.75,151.75,81.75,51.75,59.25,46.0,23.75,4.0,0.0,0.0
갑천역,6,목요일,합계,0.0,0.0,27.25,59.0,157.75,321.0,123.5,93.0,79.25,97.75,88.5,93.0,98.0,99.25,164.0,244.25,120.5,84.25,86.25,58.0,32.0,4.75,0.0,0.0
갑천역,6,수요일,승차,0.0,0.0,18.0,38.25,111.5,206.0,76.0,54.25,32.5,41.25,44.75,34.5,45.5,51.75,87.25,88.0,39.75,36.75,23.25,12.75,6.5,1.25,0.0,0.0
갑천역,6,수요일,하차,0.0,0.0,7.0,17.25,41.25,95.25,37.0,36.0,39.0,47.0,35.25,43.75,50.5,53.25,78.75,171.5,82.25,53.0,54.25,43.0,21.0,1.5,0.0,0.0
갑천역,6,수요일,합계,0.0,0.0,25.0,55.5,152.75,301.25,113.0,90.25,71.5,88.25,80.0,78.25,96.0,105.0,166.0,259.5,122.0,89.75,77.5,55.75,27.5,2.75,0.0,0.0
갑천역,6,월요일,승차,0.0,0.0,21.2,38.0,106.6,202.8,72.6,48.0,38.0,37.8,44.0,44.2,40.0,51.2,66.6,77.4,43.6,33.0,25.8,11.0,6.6,0.4,0.0,0.0
갑천역,6,월요일,하차,0.0,0.0,6.2,20.2,44.0,100.2,33.0,35.4,39.2,44.8,39.2,40.0,51.6,57.8,80.4,165.2,76.6,53.6,53.6,35.4,21.8,2.0,0.0,0.0
갑천역,6,월요일,합계,0.0,0.0,27.4,58.2,150.6,303.0,105.6,83.4,77.2,82.6,83.2,84.2,91.6,109.0,147.0,242.6,120.2,86.6,79.4,46.4,28.4,2.4,0.0,0.0
갑천역,6,일요일,승차,0.0,0.0,15.4,14.2,27.2,42.2,46.4,47.0,41.8,57.2,49.4,48.6,50.4,36.4,40.8,35.6,24.6,20.4,15.0,7.6,7.0,0.4,0.0,0.0
갑천역,6,일요일,하차,0.0,0.0,7.0,18.0,12.6,20.8,36.2,53.8,37.2,40.8,36.4,40.6,46.4,46.4,47.8,49.6,40.8,35.0,40.6,29.2,22.4,4.0,0.0,0.0
갑천역,6,일요일,합계,0.0,0.0,22.4,32.2,39.8,63.0,82.6,100.8,79.0,98.0,85.8,89.2,96.8,82.8,88.6,85.2,65.4,55.4,55.6,36.8,29.4,4.4,0.0,0.0
갑천역,6,토요일,승차,0.0,0.0,13.5,22.0,41.75,63.5,62.5,48.5,57.5,64.75,65.25,56.5,59.5,56.25,54.25,47.0,33.25,33.0,22.25,9.5,8.5,0.75,0.0,0.0
갑천역,6,토요일,하차,0.0,0.0,6.0,21.75,17.25,24.25,34.75,51.0,54.25,62.0,53.25,53.75,68.5,59.75,53.75,60.75,44.75,40.0,44.5,31.5,28.25,3.0,0.0,0.0
갑천역,6,토요일,합계,0.0,0.0,19.5,43.75,59.0,87.75,97.25,99.5,111.75,126.75,118.5,110.25,128.0,116.0,108.0,107.75,78.0,73.0,66.75,41.0,36.75,3.75,0.0,0.0
갑천역,6,화요일,승차,0.0,0.0,15.75,33.75,90.0,165.5,65.75,50.75,42.0,39.5,45.0,39.5,42.5,47.75,63.5,78.0,37.5,28.25,20.75,10.25,8.25,1.25,0.0,0.0
갑천역,6,화요일,하차,0.0,0.0,4.25,20.25,35.0,73.75,36.25,43.75,38.5,41.0,43.75,42.75,51.5,58.75,72.5,136.25,68.0,48.75,47.0,35.0,23.25,2.0,0.0,0.0
갑천역,6,화요일,합계,0.0,0.0,20.0,54.0,125.0,239.25,102.0,94.5,80.5,80.5,88.75,82.25,94.0,106.5,136.0,214.25,105.5,77.0,67.75,45.25,31.5,3.25,0.0,0.0
갑천역,7,금요일,승차,0.0,0.0,19.75,34.25,101.0,207.5,70.25,50.5,43.0,42.0,45.25,43.0,45.25,44.0,81.5,87.25,36.75,30.25,23.5,14.0,8.0,0.5,0.0,0.0
갑천역,7,금요일,하차,0.0,0.0,5.75,14.75,38.0,99.75,33.25,33.0,43.75,40.5,44.0,43.5,57.0,55.0,82.0,156.75,73.0,42.25,53.0,35.25,25.25,3.75,0.0,0.0
갑천역,7,금요일,합계,0.0,0.0,25.5,49.0,139.0,307.25,103.5,83.5,86.75,82.5,89.25,86.5,102.25,99.0,163.5,244.0,109.75,72.5,76.5,49.25,33.25,4.25,0.0,0.0
갑천역,7,목요일,승차,0.0,0.0,19.8,33.8,104.6,213.8,78.6,46.8,38.2,37.6,36.0,33.2,44.8,36.4,83.8,78.0,30.0,25.2,23.6,8.6,5.2,0.6,0.0,0.0
갑천역,7,목요일,하차,0.0,0.0,6.0,15.8,46.4,103.2,32.4,32.6,35.4,39.4,37.6,36.0,48.8,50.0,70.8,150.6,70.8,48.2,43.0,34.2,22.8,2.8,0.0,0.0
갑천역,7,목요일,합계,0.0,0.0,25.8,49.6,151.0,317.0,111.0,79.4,73.6,77.0,73.6,69.2,93.6,86.4,154.6,228.6,100.8,73.4,66.6,42.8,28.0,3.4,0.0,0.0
갑천역,7,수요일,승차,0.0,0.0,17.6,35.0,109.6,211.8,61.2,47.0,37.8,37.2,46.6,33.2,41.6,41.4,79.8,81.6,36.6,25.6,24.0,6.4,6.4,0.2,0.0,0.0
갑천역,7,수요일,하차,0.0,0.0,6.8,17.4,41.6,92.0,33.6,29.4,38.2,44.4,34.0,44.4,45.2,50.8,70.4,157.2,69.0,47.4,55.6,38.4,20.2,2.4,0.0,0.0
갑천역,7,수요일,합계,0.0,0.0,24.4,52.4,151.2,303.8,94.8,76.4,76.0,81.6,80.6,77.6,86.8,92.2,150.2,238.8,105.6,73.0,79.6,44.8,26.6,2.6,0.0,0.0
갑천역,7,월요일,승차,0.0,0.0,23.75,39.0,112.0,202.0,66.25,47.75,38.5,37.75,41.75,41.0,41.5,40.0,71.0,77.0,32.0,25.25,21.0,9.25,5.5,0.5,0.0,0.0
갑천역,7,월요일,하차,0.0,0.0,6.0,15.75,38.5,100.0,30.75,36.5,34.75,46.25,40.25,45.0,41.0,57.75,69.5,147.25,71.0,40.5,51.0,26.75,17.25,3.0,0.0,0.0
갑천역,7,월요일,합계,0.0,0.0,29.75,54.75,150.5,302.0,97.0,84.25,73.25,84.0,82.0,86.0,82.5,97.75,140.5,224.25,103.0,65.75,72.0,36.0,22.75,3.5,0.0,0.0
갑천역,7,일요일,승차,0.0,0.0,11.75,12.75,32.0,35.25,46.5,39.25,30.0,48.75,41.25,39.5,41.5,35.0,32.0,33.25,22.25,18.0,14.75,7.0,4.0,0.25,0.0,0.0
갑천역,7,일요일,하차,0.0,0.0,5.25,13.5,13.0,21.25,29.0,38.5,23.75,39.0,36.0,35.25,41.25,40.5,44.0,48.25,36.25,40.0,40.25,35.5,24.25,4.5,0.0,0.0
갑천역,7,일요일,합계,0.0,0.0,17.0,26.25,45.0,56.5,75.5,77.75,53.75,87.75,77.25,74.75,82.75,75.5,76.0,81.5,58.5,58.0,55.0,42.5,28.25,4.75,0.0,0.0
갑천역,7,토요일,승차,0.0,0.0,17.75,20.0,42.5,68.25,56.25,51.75,47.75,54.75,53.5,55.5,49.75,47.5,57.0,41.5,37.25,30.5,22.5,7.75,6.5,0.75,0.0,0.0
갑천역,7,토요일,하차,0.0,0.0,9.5,18.25,21.75,28.25,37.5,39.0,39.25,53.5,52.25,58.0,50.25,46.0,59.25,52.25,34.25,44.25,41.5,36.25,19.0,2.5,0.0,0.0
갑천역,7,토요일,합계,0.0,0.0,27.25,38.25,64.25,96.5,93.75,90.75,87.0,108.25,105.75,113.5,100.0,93.5,116.25,93.75,71.5,74.75,64.0,44.0,25.5,3.25,0.0,0.0
갑천역,7,화요일,승차,0.0,0.0,19.2,32.2,110.8,209.4,67.0,41.0,32.8,42.2,52.2,38.2,43.4,41.8,73.0,79.4,35.6,24.6,19.4,8.6,4.6,0.8,0.0,0.0
갑천역,7,화요일,하차,0.0,0.0,5.0,18.8,37.6,92.0,38.6,33.6,33.8,44.2,37.8,37.0,50.2,54.8,70.6,158.8,65.2,48.8,44.2,38.0,21.0,1.4,0.0,0.0
갑천역,7,화요일,합계,0.0,0.0,24.2,51.0,148.4,301.4,105.6,74.6,66.6,86.4,90.0,75.2,93.6,96.6,143.6,238.2,100.8,73.4,63.6,46.6,25.6,2.2,0.0,0.0
갑천역,8,금요일,승차,0.0,0.0,19.8,28.0,83.4,168.8,66.0,48.2,45.6,42.4,45.6,48.6,54.2,55.6,83.6,81.6,48.2,34.2,24.4,15.6,8.0,0.6,0.0,0.0
갑천역,8,금요일,하차,0.0,0.0,9.0,19.8,39.0,75.0,32.2,36.0,39.4,43.8,41.2,42.4,49.6,60.6,70.0,132.8,71.0,57.6,62.6,46.8,31.0,11.2,7.2,0.0
갑천역,8,금요일,합계,0.0,0.0,28.8,47.8,122.4,243.8,98.2,84.2,85.0,86.2,86.8,91.0,103.8,116.2,153.6,214.4,119.2,91.8,87.0,62.4,39.0,11.8,7.2,0.0
갑천역,8,목요일,승차,0.0,0.0,17.5,30.75,108.75,207.25,92.25,47.5,42.25,45.25,44.25,40.0,50.0,44.5,81.0,87.5,48.5,32.5,25.25,11.75,6.75,0.75,0.0,0.0
갑천역,8,목요일,하차,0.0,0.0,7.25,19.75,50.5,96.0,31.75,33.75,33.0,39.75,40.75,40.5,52.25,56.5,73.5,147.5,73.25,50.0,52.0,38.5,28.5,6.0,1.75,0.0
갑천역,8,목요일,합계,0.0,0.0,24.75,50.5,159.25,303.25,124.0,81.25,75.25,85.0,85.0,80.5,102.25,101.0,154.5,235.0,121.75,82.5,77.25,50.25,35.25,6.75,1.75,0.0
갑천역,8,수요일,승차,0.0,0.0,17.0,30.25,110.75,207.25,72.25,52.0,39.5,39.25,41.5,36.25,44.0,49.25,81.0,83.25,41.75,29.0,23.0,8.75,4.5,1.0,0.0,0.0
갑천역,8,수요일,하차,0.0,0.0,5.5,18.75,44.75,80.25,32.25,38.25,37.5,40.75,44.25,43.25,50.5,60.0,71.25,149.75,69.5,49.75,55.25,42.0,20.5,5.0,1.0,0.0
갑천역,8,수요일,합계,0.0,0.0,22.5,49.0,155.5,287.5,104.5,90.25,77.0,80.0,85.75,79.5,94.5,109.25,152.25,233.0,111.25,78.75,78.25,50.75,25.0,6.0,1.0,0.0
갑천역,8,월요일,승차,0.0,0.0,23.0,39.0,114.0,201.0,69.0,49.25,35.75,39.5,46.0,39.0,39.75,44.5,68.5,67.75,39.5,25.0,27.75,7.5,2.75,0.75,0.0,0.0
갑천역,8,월요일,하차,0.0,0.0,8.75,18.5,44.75,92.5,28.75,38.25,39.0,46.0,38.75,40.25,45.75,59.5,71.25,158.0,67.5,41.75,42.25,32.5,24.25,8.5,0.25,0.0
갑천역,8,월요일,합계,0.0,0.0,31.75,57.5,158.75,293.5,97.75,87.5,74.75,85.5,84.75,79.25,85.5,104.0,139.75,225.75,107.0,66.75,70.0,40.0,27.0,9.25,0.25,0.0
갑천역,8,일요일,승차,0.0,0.0,13.8,14.4,29.2,41.2,50.8,41.4,35.4,56.4,43.2,53.6,32.6,32.2,40.6,43.2,34.2,22.2,16.4,9.4,5.0,0.2,0.0,0.0
갑천역,8,일요일,하차,0.0,0.0,5.2,15.8,15.4,25.8,33.0,43.2,33.8,43.4,38.0,34.0,45.2,42.8,44.4,50.4,38.6,47.0,43.8,35.6,26.4,10.8,1.2,0.0
갑천역,8,일요일,합계,0.0,0.0,19.0,30.2,44.6,67.0,83.8,84.6,69.2,99.8,81.2,87.6,77.8,75.0,85.0,93.6,72.8,69.2,60.2,45.0,31.4,11.0,1.2,0.0
갑천역,8,토요일,승차,0.0,0.0,18.4,24.4,39.6,63.8,70.2,56.6,54.4,59.4,66.4,53.6,52.4,57.8,61.0,41.2,38.6,28.4,21.8,10.4,6.6,0.8,0.0,0.0
갑천역,8,토요일,하차,0.0,0.0,12.0,22.4,26.0,33.0,32.6,41.8,53.2,62.0,56.0,52.6,46.8,44.8,51.4,59.0,41.4,42.2,40.4,42.2,27.0,10.2,1.0,0.0
갑천역,8,토요일,합계,0.0,0.0,30.4,46.8,65.6,96.8,102.8,98.4,107.6,121.4,122.4,106.2,99.2,102.6,112.4,100.2,80.0,70.6,62.2,52.6,33.6,11.0,1.0,0.0
갑천역,8,화요일,승차,0.0,0.25,17.5,30.75,106.75,204.5,69.0,45.5,41.5,45.75,45.75,37.25,44.25,52.5,74.0,78.0,40.0,30.75,21.75,8.5,4.0,0.5,0.0,0.0
갑천역,8,화요일,하차,0.0,0.0,5.25,14.5,36.75,84.25,33.5,36.0,36.25,49.25,38.25,36.5,52.5,62.0,73.5,156.75,75.25,46.75,48.5,37.25,20.5,4.0,0.5,0.0
갑천역,8,화요일,합계,0.0,0.25,22.75,45.25,143.5,288.75,102.5,81.5,77.75,95.0,84.0,73.75,96.75,114.5,147.5,234.75,115.25,77.5,70.25,45.75,24.5,4.5,0.5,0.0
구암역,1,금요일,승차,0.0,0.0,41.0,75.2,186.2,394.6,177.0,170.2,189.8,183.6,211.2,230.2,227.8,237.6,258.4,279.2,159.8,98.4,63.0,41.0,18.8,0.2,0.0,0.0
구암역,1,금요일,하차,0.0,0.0,7.6,47.2,110.8,224.8,171.6,170.2,180.6,193.0,193.6,207.0,212.8,221.4,305.8,394.4,169.0,121.8,112.0,97.2,50.4,7.4,0.0,0.0
구암역,1,금요일,합계,0.0,0.0,48.6,122.4,297.0,619.4,348.6,340.4,370.4,376.6,404.8,437.2,440.6,459.0,564.2,673.6,328.8,220.2,175.0,138.2,69.2,7.6,0.0,0.0
구암역,1,목요일,승차,0.0,0.0,36.0,69.6,155.6,347.0,149.0,139.0,160.0,139.2,169.2,175.0,172.2,171.8,187.4,223.0,106.4,74.6,53.2,37.2,14.4,0.0,0.0,0.0
구암역,1,목요일,하차,0.0,0.0,9.6,39.6,95.2,187.0,121.4,131.4,155.6,155.4,156.8,151.0,163.4,166.2,223.4,296.2,128.4,104.2,107.8,87.8,47.8,7.8,0.0,0.0
구암역,1,목요일,합계,0.0,0.0,45.6,109.2,250.8,534.0,270.4,270.4,315.6,294.6,326.0,326.0,335.6,338.0,410.8,519.2,234.8,178.8,161.0,125.0,62.2,7.8,0.0,0.0
구암역,1,수요일,승차,0.0,0.0,32.2,56.8,136.2,299.0,128.6,106.8,115.0,102.0,117.2,139.6,144.4,152.2,151.4,184.6,95.2,74.6,53.8,36.6,10.0,0.4,0.0,0.0
구암역,1,수요일,하차,0.0,0.0,7.6,37.8,80.0,156.8,101.4,91.6,100.0,121.8,114.8,134.6,141.0,154.0,200.2,255.6,124.4,98.6,98.4,74.8,34.8,5.6,0.0,0.0
구암역,1,수요일,합계,0.0,0.0,39.8,94.6,216.2,455.8,230.0,198.4,215.0,223.8,232.0,274.2,285.4,306.2,351.6,440.2,219.6,173.2,152.2,111.4,44.8,6.0,0.0,0.0
구암역,1,월요일,승차,0.0,0.0,44.75,64.75,167.75,353.75,162.0,143.0,147.0,149.5,153.5,158.25,149.75,179.0,175.25,203.25,84.0,66.75,51.75,35.5,13.75,0.25,0.0,0.0
구암역,1,월요일,하차,0.0,0.0,8.5,51.0,96.75,192.5,136.5,129.0,138.5,162.75,133.25,148.25,177.75,168.75,217.5,283.0,139.75,92.0,98.5,66.5,42.5,6.0,0.0,0.0
구암역,1,월요일,합계,0.0,0.0,53.25,115.75,264.5,546.25,298.5,272.0,285.5,312.25,286.75,306.5,327.5,347.75,392.75,486.25,223.75,158.75,150.25,102.0,56.25,6.25,0.0,0.0
구암역,1,일요일,승차,0.0,0.0,14.5,23.0,35.75,82.0,103.25,145.25,194.75,178.0,183.0,209.0,205.75,182.5,138.5,126.25,103.25,72.75,54.25,31.0,19.75,0.5,0.0,0.0
구암역,1,일요일,하차,0.0,0.0,5.0,26.25,48.75,59.5,130.0,150.75,179.0,154.5,170.25,187.5,176.25,153.0,165.25,128.5,114.5,103.75,99.0,58.25,32.75,4.5,0.0,0.0
구암역,1,일요일,합계,0.0,0.0,19.5,49.25,84.5,141.5,233.25,296.0,373.75,332.5,353.25,396.5,382.0,335.5,303.75,254.75,217.75,176.5,153.25,89.25,52.5,5.0,0.0,0.0
구암역,1,토요일,승차,0.0,0.0,28.5,42.75,76.25,128.5,152.25,196.0,240.25,200.0,232.0,213.75,206.25,190.75,177.75,136.75,106.0,86.5,54.75,33.5,20.25,0.5,0.0,0.0
구암역,1,토요일,하차,0.0,0.0,8.0,36.25,60.0,98.0,145.0,196.25,225.25,209.0,192.75,205.25,188.5,186.75,209.0,149.25,124.0,113.25,106.5,64.5,39.75,5.0,0.0,0.0
구암역,1,토요일,합계,0.0,0.0,36.5,79.0,136.25,226.5,297.25,392.25,465.5,409.0,424.75,419.0,394.75,377.5,386.75,286.0,230.0,199.75,161.25,98.0,60.0,5.5,0.0,0.0
구암역,1,화요일,승차,0.0,0.0,38.5,62.75,155.75,355.25,162.25,153.5,178.25,171.5,204.0,207.5,206.5,194.25,201.0,196.75,93.5,64.25,59.75,32.25,14.5,0.5,0.0,0.0
구암역,1,화요일,하차,0.0,0.0,9.75,48.0,91.5,203.75,163.75,184.25,194.5,197.0,180.0,188.25,175.5,179.0,221.25,293.75,118.0,99.5,96.75,81.0,47.0,4.5,0.0,0.0
구암역,1,화요일,합계,0.0,0.0,48.25,110.75,247.25,559.0,326.0,337.75,372.75,368.5,384.0,395.75,382.0,373.25,422.25,490.5,211.5,163.75,156.5,113.25,61.5,5.0,0.0,0.0
구암역,2,금요일,승차,0.0,0.0,38.25,83.75,195.25,423.75,186.5,183.75,179.0,178.75,216.75,204.0,213.5,254.25,273.0,309.75,194.5,123.0,83.5,49.5,20.5,0.75,0.0,0.0
구암역,2,금요일,하차,0.0,0.0,11.25,46.0,109.0,228.0,180.5,185.0,194.5,198.5,191.75,206.75,215.5,232.25,320.0,404.75,182.0,128.75,119.0,86.0,62.0,12.25,0.0,0.0
구암역,2,금요일,합계,0.0,0.0,49.5,129.75,304.25,651.75,367.0,368.75,373.5,377.25,408.5,410.75,429.0,486.5,593.0,714.5,376.5,251.75,202.5,135.5,82.5,13.0,0.0,0.0
구암역,2,목요일,승차,0.0,0.0,36.25,79.5,199.5,427.5,185.0,135.25,159.5,149.25,162.25,164.25,182.75,200.5,221.25,265.25,108.5,106.0,60.5,42.0,16.0,0.25,0.0,0.0
구암역,2,목요일,하차,0.0,0.0,9.5,53.25,106.0,225.5,140.5,127.25,152.25,146.0,144.25,153.75,172.25,198.0,252.5,362.75,161.5,130.0,124.5,100.75,54.25,7.0,0.0,0.0
구암역,2,목요일,합계,0.0,0.0,45.75,132.75,305.5,653.0,325.5,262.5,311.75,295.25,306.5,318.0,355.0,398.5,473.75,628.0,270.0,236.0,185.0,142.75,70.25,7.25,0.0,0.0
구암역,2,수요일,승차,0.0,0.0,40.0,80.5,205.0,446.75,194.0,151.5,169.25,167.75,172.5,169.5,178.0,190.0,198.75,257.0,107.25,96.75,51.75,45.25,13.75,0.25,0.0,0.0
구암역,2,수요일,하차,0.0,0.0,9.75,48.25,104.5,241.25,146.5,157.75,161.5,162.5,161.75,178.25,194.25,185.25,262.5,348.75,151.75,124.25,126.5,92.0,51.0,4.75,0.0,0.0
구암역,2,수요일,합계,0.0,0.0,49.75,128.75,309.5,688.0,340.5,309.25,330.75,330.25,334.25,347.75,372.25,375.25,461.25,605.75,259.0,221.0,178.25,137.25,64.75,5.0,0.0,0.0
구암역,2,월요일,승차,0.0,0.0,45.25,81.25,203.0,426.75,185.25,170.25,176.0,184.75,211.25,186.0,200.25,194.5,201.25,246.0,101.5,86.0,54.0,37.5,13.75,0.0,0.0,0.0
구암역,2,월요일,하차,0.0,0.0,12.0,50.5,112.75,235.5,176.25,162.25,185.25,191.0,192.75,196.0,213.75,211.25,247.75,361.25,146.25,109.75,115.0,82.0,39.0,8.0,0.0,0.0
구암역,2,월요일,합계,0.0,0.0,57.25,131.75,315.75,662.25,361.5,332.5,361.25,375.75,404.0,382.0,414.0,405.75,449.0,607.25,247.75,195.75,169.0,119.5,52.75,8.0,0.0,0.0
구암역,2,일요일,승차,0.0,0.0,11.5,25.0,43.75,87.25,103.25,133.75,172.5,163.0,177.0,188.0,180.5,169.75,146.75,134.25,112.25,77.0,52.75,40.5,13.5,1.25,0.0,0.0
구암역,2,일요일,하차,0.0,0.0,7.5,29.0,54.0,63.75,105.25,129.25,163.25,159.25,155.0,181.0,165.25,162.75,167.0,166.0,128.5,124.0,106.25,67.5,35.0,4.25,0.0,0.0
구암역,2,일요일,합계,0.0,0.0,19.0,54.0,97.75,151.0,208.5,263.0,335.75,322.25,332.0,369.0,345.75,332.5,313.75,300.25,240.75,201.0,159.0,108.0,48.5,5.5,0.0,0.0
구암역,2,토요일,승차,0.0,0.0,30.0,39.25,86.25,135.5,162.25,174.25,226.25,193.25,219.25,195.75,176.5,163.0,187.5,151.75,103.75,89.25,58.5,38.5,17.75,0.5,0.0,0.0
구암역,2,토요일,하차,0.0,0.0,8.25,34.25,56.25,98.25,117.0,131.75,170.0,163.0,156.75,162.5,195.0,203.5,236.0,184.5,126.0,112.5,112.75,68.75,50.5,7.75,0.0,0.0
구암역,2,토요일,합계,0.0,0.0,38.25,73.5,142.5,233.75,279.25,306.0,396.25,356.25,376.0,358.25,371.5,366.5,423.5,336.25,229.75,201.75,171.25,107.25,68.25,8.25,0.0,0.0
구암역,2,화요일,승차,0.0,0.0,38.0,78.75,191.0,434.25,187.25,159.75,172.0,150.25,193.75,180.25,162.0,187.75,211.25,242.75,109.75,81.5,69.25,31.5,12.25,0.5,0.0,0.0
구암역,2,화요일,하차,0.0,0.0,13.25,54.25,99.5,231.25,126.75,147.75,171.25,186.5,159.5,164.5,174.75,184.5,255.0,359.25,153.25,115.0,111.0,91.75,42.75,8.0,0.0,0.0
구암역,2,화요일,합계,0.0,0.0,51.25,133.0,290.5,665.5,314.0,307.5,343.25,336.75,353.25,344.75,336.75,372.25,466.25,602.0,263.0,196.5,180.25,123.25,55.0,8.5,0.0,0.0
구암역,3,금요일,승차,0.0,0.0,38.5,79.0,236.75,429.5,190.25,168.25,184.0,202.5,225.0,254.25,304.5,294.75,308.75,323.75,246.25,142.5,89.25,51.25,23.25,0.25,0.0,0.0
구암역,3,금요일,하차,0.0,0.0,9.5,57.75,152.5,254.0,195.75,185.75,208.25,211.0,192.75,218.25,238.25,250.25,310.25,423.25,186.0,130.0,122.75,110.5,59.25,8.0,0.0,0.0
구암역,3,금요일,합계,0.0,0.0,48.0,136.75,389.25,683.5,386.0,354.0,392.25,413.5,417.75,472.5,542.75,545.0,619.0,747.0,432.25,272.5,212.0,161.75,82.5,8.25,0.0,0.0
구암역,3,목요일,승차,0.0,0.25,37.75,81.0,234.0,438.5,188.25,122.5,123.25,144.5,155.75,159.75,216.75,209.5,240.0,282.0,137.0,103.25,72.75,51.25,16.0,0.0,0.0,0.0
구암역,3,목요일,하차,0.0,0.0,11.75,55.5,154.0,228.0,143.75,112.75,157.0,159.5,146.5,140.0,159.5,186.5,253.0,363.25,138.75,109.5,119.75,100.5,51.5,11.0,0.0,0.0
구암역,3,목요일,합계,0.0,0.25,49.5,136.5,388.0,666.5,332.0,235.25,280.25,304.0,302.25,299.75,376.25,396.0,493.0,645.25,275.75,212.75,192.5,151.75,67.5,11.0,0.0,0.0
구암역,3,수요일,승차,0.0,0.0,39.25,84.75,236.75,437.75,187.25,133.75,170.0,169.5,180.75,184.75,184.0,257.75,227.25,257.75,125.0,94.25,64.25,34.75,14.0,0.0,0.0,0.0
구암역,3,수요일,하차,0.0,0.0,11.0,51.5,148.5,253.5,170.0,162.75,178.5,182.5,171.0,186.5,187.5,199.75,253.25,368.5,146.75,99.5,140.0,103.5,47.25,5.0,0.0,0.0
구암역,3,수요일,합계,0.0,0.0,50.25,136.25,385.25,691.25,357.25,296.5,348.5,352.0,351.75,371.25,371.5,457.5,480.5,626.25,271.75,193.75,204.25,138.25,61.25,5.0,0.0,0.0
구암역,3,월요일,승차,0.0,0.0,44.6,69.8,197.0,356.4,172.0,156.6,172.0,159.6,180.6,181.4,213.2,204.6,207.6,238.4,117.2,82.0,52.6,33.6,9.4,0.4,0.0,0.0
구암역,3,월요일,하차,0.0,0.0,11.2,59.8,129.2,219.6,155.4,162.4,182.2,191.0,172.6,174.4,181.6,204.0,243.6,304.0,142.4,101.2,115.0,77.8,40.6,5.8,0.0,0.0
구암역,3,월요일,합계,0.0,0.0,55.8,129.6,326.2,576.0,327.4,319.0,354.2,350.6,353.2,355.8,394.8,408.6,451.2,542.4,259.6,183.2,167.6,111.4,50.0,6.2,0.0,0.0
구암역,3,일요일,승차,0.0,0.0,13.2,24.0,41.0,93.4,112.4,152.0,180.2,172.6,196.2,191.0,202.0,178.6,158.2,136.2,122.6,83.8,62.8,36.6,12.8,0.4,0.0,0.0
구암역,3,일요일,하차,0.0,0.0,5.8,26.4,62.0,73.4,130.6,143.0,160.0,144.2,163.2,183.8,177.8,179.0,187.4,180.8,155.6,132.2,115.2,61.6,37.8,5.2,0.0,0.0
구암역,3,일요일,합계,0.0,0.0,19.0,50.4,103.0,166.8,243.0,295.0,340.2,316.8,359.4,374.8,379.8,357.6,345.6,317.0,278.2,216.0,178.0,98.2,50.6,5.6,0.0,0.0
구암역,3,토요일,승차,0.0,0.0,28.4,49.0,81.8,135.8,178.2,219.6,264.4,224.4,232.4,192.2,183.2,203.2,178.8,165.8,117.0,94.0,65.2,41.2,19.4,0.6,0.0,0.0
구암역,3,토요일,하차,0.0,0.0,7.4,42.6,73.6,127.8,187.8,192.8,214.4,205.4,187.4,172.6,171.2,199.4,218.0,172.2,138.4,114.0,107.4,67.0,51.0,7.2,0.0,0.0
구암역,3,토요일,합계,0.0,0.0,35.8,91.6,155.4,263.6,366.0,412.4,478.8,429.8,419.8,364.8,354.4,402.6,396.8,338.0,255.4,208.0,172.6,108.2,70.4,7.8,0.0,0.0
구암역,3,화요일,승차,0.0,0.0,37.0,81.75,232.25,447.5,191.75,119.5,138.25,149.0,166.75,168.5,177.25,218.5,225.0,265.25,111.5,84.75,60.0,37.0,11.0,0.0,0.0,0.0
구암역,3,화요일,하차,0.0,0.0,11.5,61.25,152.0,238.5,162.75,150.75,171.25,176.5,165.0,145.5,157.5,184.25,264.0,334.0,136.75,108.5,100.75,86.75,42.0,8.0,0.0,0.0
구암역,3,화요일,합계,0.0,0.0,48.5,143.0,384.25,686.0,354.5,270.25,309.5,325.5,331.75,314.0,334.75,402.75,489.0,599.25,248.25,193.25,160.75,123.75,53.0,8.0,0.0,0.0
구암역,4,금요일,승차,0.0,0.0,40.75,87.25,237.25,433.25,180.0,161.0,174.0,194.25,223.5,249.75,285.75,304.25,295.0,335.5,186.75,135.5,77.25,51.5,14.75,0.25,0.0,0.0
구암역,4,금요일,하차,0.0,0.0,12.25,61.5,154.25,269.25,172.75,172.5,175.0,186.25,189.0,219.5,232.0,255.0,310.0,424.25,181.75,131.25,127.75,101.25,62.75,8.25,0.0,0.0
구암역,4,금요일,합계,0.0,0.0,53.0,148.75,391.5,702.5,352.75,333.5,349.0,380.5,412.5,469.25,517.75,559.25,605.0,759.75,368.5,266.75,205.0,152.75,77.5,8.5,0.0,0.0
구암역,4,목요일,승차,0.0,0.0,37.0,88.25,239.5,433.5,202.0,167.0,173.25,174.75,206.75,191.25,237.0,231.75,259.0,282.75,140.5,104.0,77.0,44.0,14.0,0.75,0.0,0.0
구암역,4,목요일,하차,0.0,0.0,11.75,52.5,157.75,263.75,188.25,188.25,197.0,183.0,185.0,167.25,194.5,218.5,258.25,360.75,152.75,106.75,126.0,88.75,52.75,5.5,0.0,0.0
구암역,4,목요일,합계,0.0,0.0,48.75,140.75,397.25,697.25,390.25,355.25,370.25,357.75,391.75,358.5,431.5,450.25,517.25,643.5,293.25,210.75,203.0,132.75,66.75,6.25,0.0,0.0
구암역,4,수요일,승차,0.0,0.0,42.4,85.6,237.6,434.0,184.8,165.8,145.8,170.4,190.0,182.4,195.8,234.8,240.2,260.0,141.4,106.4,59.4,40.6,15.0,0.0,0.0,0.0
구암역,4,수요일,하차,0.0,0.0,12.6,58.4,163.4,263.6,179.6,174.4,182.0,174.0,174.8,172.0,178.2,202.0,254.8,353.4,142.0,110.6,122.2,96.0,60.4,6.6,0.0,0.0
구암역,4,수요일,합계,0.0,0.0,55.0,144.0,401.0,697.6,364.4,340.2,327.8,344.4,364.8,354.4,374.0,436.8,495.0,613.4,283.4,217.0,181.6,136.6,75.4,6.6,0.0,0.0
구암역,4,월요일,승차,0.0,0.0,50.5,83.25,236.0,441.5,184.5,155.0,161.25,164.25,175.0,149.25,191.0,193.25,209.75,249.0,121.25,86.0,67.25,39.25,9.0,0.5,0.0,0.0
구암역,4,월요일,하차,0.0,0.0,12.75,75.75,159.5,277.75,175.5,175.5,176.75,183.0,166.5,160.0,175.75,188.75,242.25,373.25,144.0,92.25,110.0,77.0,38.5,8.0,0.0,0.0
구암역,4,월요일,합계,0.0,0.0,63.25,159.0,395.5,719.25,360.0,330.5,338.0,347.25,341.5,309.25,366.75,382.0,452.0,622.25,265.25,178.25,177.25,116.25,47.5,8.5,0.0,0.0
구암역,4,일요일,승차,0.0,0.0,16.5,34.5,48.75,103.25,111.5,133.5,168.25,137.25,150.75,140.25,142.25,141.75,132.5,149.0,118.5,84.75,59.0,39.5,15.75,0.0,0.0,0.0
구암역,4,일요일,하차,0.0,0.0,4.5,36.75,72.5,74.25,114.75,97.75,112.5,103.5,120.5,136.25,154.0,172.25,178.75,217.5,146.75,132.25,129.25,52.75,43.5,5.0,0.0,0.0
구암역,4,일요일,합계,0.0,0.0,21.0,71.25,121.25,177.5,226.25,231.25,280.75,240.75,271.25,276.5,296.25,314.0,311.25,366.5,265.25,217.0,188.25,92.25,59.25,5.0,0.0,0.0
구암역,4,토요일,승차,0.0,0.0,34.75,58.25,98.25,171.0,185.0,241.25,263.75,243.0,226.25,207.0,211.5,200.75,192.0,150.0,117.0,90.0,62.25,41.25,17.75,0.5,0.0,0.0
구암역,4,토요일,하차,0.0,0.0,8.5,55.5,84.25,155.5,214.25,210.25,238.25,207.75,209.25,175.75,195.0,193.0,189.0,163.5,137.25,120.25,116.25,67.0,45.25,7.5,0.0,0.0
구암역,4,토요일,합계,0.0,0.0,43.25,113.75,182.5,326.5,399.25,451.5,502.0,450.75,435.5,382.75,406.5,393.75,381.0,313.5,254.25,210.25,178.5,108.25,63.0,8.0,0.0,0.0
구암역,4,화요일,승차,0.0,1.0,38.2,85.2,241.6,447.4,191.4,164.8,158.8,165.8,180.8,165.4,190.6,218.0,229.8,258.8,123.0,90.2,61.4,31.8,12.2,0.2,0.0,0.0
구암역,4,화요일,하차,0.0,1.0,11.8,57.4,154.4,252.2,166.4,199.4,201.8,177.2,165.0,151.4,175.8,192.0,262.2,354.6,149.4,96.6,115.6,82.2,44.0,10.2,0.0,0.0
구암역,4,화요일,합계,0.0,2.0,50.0,142.6,396.0,699.6,357.8,364.2,360.6,343.0,345.8,316.8,366.4,410.0,492.0,613.4,272.4,186.8,177.0,114.0,56.2,10.4,0.0,0.0
구암역,5,금요일,승차,0.0,0.0,40.8,83.6,230.2,433.4,182.6,157.2,164.2,169.4,185.8,217.6,256.8,274.8,297.0,302.0,195.6,122.4,89.2,44.0,20.4,0.8,0.0,0.0
구암역,5,금요일,하차,0.0,0.0,11.8,55.0,142.0,235.4,160.4,154.0,161.2,185.4,172.8,197.4,228.4,239.0,300.0,407.0,184.6,117.8,130.8,94.4,49.8,10.0,0.0,0.0
구암역,5,금요일,합계,0.0,0.0,52.6,138.6,372.2,668.8,343.0,311.2,325.4,354.8,358.6,415.0,485.2,513.8,597.0,709.0,380.2,240.2,220.0,138.4,70.2,10.8,0.0,0.0
구암역,5,목요일,승차,0.0,0.2,36.4,84.8,218.4,405.2,186.6,172.0,171.0,184.4,186.0,165.8,181.0,217.8,230.8,259.0,125.0,87.2,66.8,40.4,14.0,0.6,0.0,0.0
구암역,5,목요일,하차,0.0,0.2,12.8,54.6,143.0,248.6,180.8,170.0,172.6,174.2,157.8,155.6,174.4,207.4,235.8,308.2,145.4,97.4,117.6,93.2,49.8,7.8,0.0,0.0
구암역,5,목요일,합계,0.0,0.4,49.2,139.4,361.4,653.8,367.4,342.0,343.6,358.6,343.8,321.4,355.4,425.2,466.6,567.2,270.4,184.6,184.4,133.6,63.8,8.4,0.0,0.0
구암역,5,수요일,승차,0.0,0.0,45.75,86.5,249.0,450.25,205.25,166.25,177.25,174.5,187.75,183.75,200.75,236.25,239.0,252.25,121.0,92.0,61.0,37.75,15.0,0.0,0.0,0.0
구암역,5,수요일,하차,0.0,0.0,14.75,63.75,168.75,274.25,187.75,192.75,192.0,178.25,176.5,197.75,200.25,203.5,254.5,348.5,149.0,115.75,137.0,104.75,65.25,8.5,0.0,0.0
구암역,5,수요일,합계,0.0,0.0,60.5,150.25,417.75,724.5,393.0,359.0,369.25,352.75,364.25,381.5,401.0,439.75,493.5,600.75,270.0,207.75,198.0,142.5,80.25,8.5,0.0,0.0
구암역,5,월요일,승차,0.0,0.0,46.25,75.5,199.5,369.75,164.75,178.0,189.75,180.25,175.25,172.0,193.25,200.25,215.25,224.25,116.5,90.5,60.5,35.0,14.25,0.25,0.0,0.0
구암역,5,월요일,하차,0.0,0.0,12.5,58.0,137.0,225.0,183.25,179.25,183.75,178.75,169.25,175.75,188.75,195.25,245.5,323.5,150.5,114.5,109.0,78.75,46.5,6.0,0.0,0.0
구암역,5,월요일,합계,0.0,0.0,58.75,133.5,336.5,594.75,348.0,357.25,373.5,359.0,344.5,347.75,382.0,395.5,460.75,547.75,267.0,205.0,169.5,113.75,60.75,6.25,0.0,0.0
구암역,5,일요일,승차,0.0,0.0,21.25,32.5,47.25,103.0,126.25,170.0,188.25,167.0,185.5,193.0,203.0,175.5,145.5,145.75,128.0,95.0,66.5,49.25,18.25,0.75,0.0,0.0
구암역,5,일요일,하차,0.0,0.0,8.0,41.75,71.25,84.75,135.5,148.5,172.0,154.25,159.0,172.25,173.5,194.0,196.75,202.25,161.0,142.5,127.75,62.75,38.0,6.5,0.0,0.0
구암역,5,일요일,합계,0.0,0.0,29.25,74.25,118.5,187.75,261.75,318.5,360.25,321.25,344.5,365.25,376.5,369.5,342.25,348.0,289.0,237.5,194.25,112.0,56.25,7.25,0.0,0.0
구암역,5,토요일,승차,0.0,0.4,32.8,54.8,102.8,163.0,169.6,218.4,256.6,227.8,223.0,217.0,197.2,202.2,185.4,162.2,128.4,102.4,69.8,43.8,22.6,0.4,0.0,0.0
구암역,5,토요일,하차,0.0,0.2,10.8,52.6,75.8,135.4,193.0,195.0,209.6,188.8,204.6,173.4,184.6,173.4,196.6,160.6,134.4,117.2,118.8,71.4,48.2,5.6,0.0,0.0
구암역,5,토요일,합계,0.0,0.6,43.6,107.4,178.6,298.4,362.6,413.4,466.2,416.6,427.6,390.4,381.8,375.6,382.0,322.8,262.8,219.6,188.6,115.2,70.8,6.0,0.0,0.0
구암역,5,화요일,승차,0.0,0.0,41.0,67.0,202.5,370.25,159.75,145.75,133.75,139.5,155.75,152.75,147.25,197.0,221.5,228.0,121.25,97.5,60.75,37.25,12.75,0.25,0.0,0.0
구암역,5,화요일,하차,0.0,0.0,12.5,62.0,130.75,216.75,134.0,124.0,147.5,152.0,142.0,144.5,162.75,197.75,243.25,321.5,152.0,124.0,129.0,88.0,55.25,9.5,0.0,0.0
구암역,5,화요일,합계,0.0,0.0,53.5,129.0,333.25,587.0,293.75,269.75,281.25,291.5,297.75,297.25,310.0,394.75,464.75,549.5,273.25,221.5,189.75,125.25,68.0,9.75,0.0,0.0
구암역,6,금요일,승차,0.0,0.0,44.25,74.25,179.75,339.0,172.75,142.0,163.25,159.0,150.5,175.5,204.75,235.0,249.75,248.0,160.75,130.75,83.0,51.5,21.25,0.75,0.0,0.0
구암역,6,금요일,하차,0.0,0.0,16.0,67.0,137.0,209.0,138.75,134.25,164.5,155.5,131.25,157.0,185.75,206.75,253.5,334.25,159.5,116.75,120.0,81.25,50.25,9.25,0.0,0.0
구암역,6,금요일,합계,0.0,0.0,60.25,141.25,316.75,548.0,311.5,276.25,327.75,314.5,281.75,332.5,390.5,441.75,503.25,582.25,320.25,247.5,203.0,132.75,71.5,10.0,0.0,0.0
구암역,6,목요일,승차,0.0,0.25,41.75,90.25,231.25,419.0,189.75,189.0,175.0,171.0,158.75,175.5,224.0,227.5,266.0,288.0,140.75,133.0,78.0,52.25,22.0,0.5,0.0,0.0
구암역,6,목요일,하차,0.0,0.0,11.5,77.75,163.0,262.0,185.5,168.0,169.75,179.5,165.0,168.75,189.25,204.5,253.5,343.5,150.0,123.25,131.25,96.25,47.25,8.75,0.0,0.0
구암역,6,목요일,합계,0.0,0.25,53.25,168.0,394.25,681.0,375.25,357.0,344.75,350.5,323.75,344.25,413.25,432.0,519.5,631.5,290.75,256.25,209.25,148.5,69.25,9.25,0.0,0.0
구암역,6,수요일,승차,0.0,0.25,47.5,89.25,217.75,441.75,174.5,166.0,164.75,164.75,165.0,163.0,184.75,228.75,233.25,260.0,116.0,100.0,63.0,42.0,15.5,0.5,0.0,0.0
구암역,6,수요일,하차,0.0,0.0,14.5,72.25,165.0,256.75,187.0,178.75,176.5,147.5,167.75,162.0,183.75,181.0,234.0,339.5,143.25,100.5,123.75,103.75,50.0,9.0,0.0,0.0
구암역,6,수요일,합계,0.0,0.25,62.0,161.5,382.75,698.5,361.5,344.75,341.25,312.25,332.75,325.0,368.5,409.75,467.25,599.5,259.25,200.5,186.75,145.75,65.5,9.5,0.0,0.0
구암역,6,월요일,승차,0.0,0.0,51.6,92.8,217.0,419.2,184.0,159.6,157.2,159.2,168.2,152.0,175.4,197.0,214.4,257.8,111.6,88.2,64.2,42.4,12.4,0.8,0.0,0.0
구암역,6,월요일,하차,0.0,0.0,15.4,77.2,164.2,258.6,184.6,159.0,156.6,176.0,169.2,162.0,175.4,201.4,244.2,327.0,153.4,107.8,118.4,80.0,41.4,6.4,0.0,0.0
구암역,6,월요일,합계,0.0,0.0,67.0,170.0,381.2,677.8,368.6,318.6,313.8,335.2,337.4,314.0,350.8,398.4,458.6,584.8,265.0,196.0,182.6,122.4,53.8,7.2,0.0,0.0
구암역,6,일요일,승차,0.0,0.2,19.6,26.6,50.6,98.0,116.6,151.4,149.2,126.6,145.8,155.0,150.8,159.0,137.2,126.0,118.4,85.6,62.4,33.2,16.4,0.4,0.0,0.0
구암역,6,일요일,하차,0.0,0.0,6.2,41.8,73.2,82.0,137.4,126.4,137.6,109.4,125.6,134.0,148.8,156.0,168.6,151.6,120.6,121.0,114.4,63.6,37.2,3.8,0.0,0.0
구암역,6,일요일,합계,0.0,0.2,25.8,68.4,123.8,180.0,254.0,277.8,286.8,236.0,271.4,289.0,299.6,315.0,305.8,277.6,239.0,206.6,176.8,96.8,53.6,4.2,0.0,0.0
구암역,6,토요일,승차,0.0,0.0,30.75,49.75,92.5,152.5,145.5,181.5,217.75,171.25,170.25,185.0,179.5,185.5,169.5,146.75,113.25,98.5,66.0,37.25,19.25,1.0,0.0,0.0
구암역,6,토요일,하차,0.0,0.0,8.25,43.75,68.5,118.0,155.5,165.25,169.0,174.5,183.75,168.75,170.75,185.5,188.75,170.25,112.25,104.75,105.75,67.75,48.75,4.25,0.0,0.0
구암역,6,토요일,합계,0.0,0.0,39.0,93.5,161.0,270.5,301.0,346.75,386.75,345.75,354.0,353.75,350.25,371.0,358.25,317.0,225.5,203.25,171.75,105.0,68.0,5.25,0.0,0.0
구암역,6,화요일,승차,0.0,0.0,36.75,70.5,178.0,374.5,173.75,174.25,192.5,179.5,186.75,161.75,162.75,180.5,203.5,205.75,112.25,95.0,78.25,40.25,16.25,0.5,0.0,0.0
구암역,6,화요일,하차,0.0,0.0,11.5,68.25,139.75,241.0,169.75,164.75,178.25,155.25,154.25,145.75,160.75,196.5,216.25,310.75,147.0,105.75,111.5,79.5,42.75,6.5,0.0,0.0
구암역,6,화요일,합계,0.0,0.0,48.25,138.75,317.75,615.5,343.5,339.0,370.75,334.75,341.0,307.5,323.5,377.0,419.75,516.5,259.25,200.75,189.75,119.75,59.0,7.0,0.0,0.0
구암역,7,금요일,승차,0.0,0.0,42.25,86.75,217.5,418.0,178.5,163.75,151.0,161.5,158.5,183.25,213.75,245.25,259.5,287.75,183.25,124.75,81.5,47.75,17.25,0.25,0.0,0.0
구암역,7,금요일,하차,0.0,0.0,14.25,63.0,150.0,243.5,165.0,155.25,162.5,159.5,147.25,167.5,193.75,231.25,290.5,404.5,155.25,126.75,115.0,91.5,47.5,11.5,0.0,0.0
구암역,7,금요일,합계,0.0,0.0,56.5,149.75,367.5,661.5,343.5,319.0,313.5,321.0,305.75,350.75,407.5,476.5,550.0,692.25,338.5,251.5,196.5,139.25,64.75,11.75,0.0,0.0
구암역,7,목요일,승차,0.0,0.0,42.2,85.8,217.4,400.2,174.0,156.8,124.6,144.6,140.8,135.6,177.8,180.8,217.4,218.8,114.6,93.6,67.6,40.6,15.8,0.6,0.0,0.0
구암역,7,목요일,하차,0.0,0.0,14.6,61.6,133.0,236.0,150.6,134.0,146.2,142.6,134.0,134.2,151.4,163.4,224.0,334.4,147.4,101.8,116.6,87.8,46.8,11.0,0.0,0.0
구암역,7,목요일,합계,0.0,0.0,56.8,147.4,350.4,636.2,324.6,290.8,270.8,287.2,274.8,269.8,329.2,344.2,441.4,553.2,262.0,195.4,184.2,128.4,62.6,11.6,0.0,0.0
구암역,7,수요일,승차,0.0,0.0,44.8,88.4,224.8,424.6,173.0,149.8,155.4,150.0,140.2,147.0,147.0,179.6,186.6,241.2,112.4,85.4,56.2,43.4,17.4,0.2,0.0,0.0
구암역,7,수요일,하차,0.0,0.0,19.2,67.4,145.8,229.0,164.8,134.2,147.4,140.0,125.0,140.0,164.8,165.4,223.4,344.2,144.2,103.2,112.8,86.0,46.6,6.4,0.0,0.0
구암역,7,수요일,합계,0.0,0.0,64.0,155.8,370.6,653.6,337.8,284.0,302.8,290.0,265.2,287.0,311.8,345.0,410.0,585.4,256.6,188.6,169.0,129.4,64.0,6.6,0.0,0.0
구암역,7,월요일,승차,0.0,0.25,52.0,84.25,211.5,420.5,179.0,155.5,146.5,162.75,163.25,160.25,174.25,178.5,178.75,216.0,111.75,76.75,56.25,32.75,11.0,0.0,0.0,0.0
구암역,7,월요일,하차,0.0,0.0,16.25,71.0,140.75,242.0,170.0,157.0,155.0,163.0,150.5,148.0,171.5,178.75,226.75,330.0,139.5,107.25,105.75,69.75,36.5,8.25,0.0,0.0
구암역,7,월요일,합계,0.0,0.25,68.25,155.25,352.25,662.5,349.0,312.5,301.5,325.75,313.75,308.25,345.75,357.25,405.5,546.0,251.25,184.0,162.0,102.5,47.5,8.25,0.0,0.0
구암역,7,일요일,승차,0.0,0.0,21.5,25.75,46.0,96.25,94.5,116.25,139.0,120.5,133.0,132.25,126.25,123.5,116.25,120.5,111.25,85.5,61.25,38.75,19.75,0.0,0.0,0.0
구암역,7,일요일,하차,0.0,0.0,7.0,39.5,70.0,69.75,100.25,79.5,108.0,102.25,96.75,106.75,125.0,154.0,163.75,145.75,131.0,111.5,106.5,58.5,39.25,2.5,0.0,0.0
구암역,7,일요일,합계,0.0,0.0,28.5,65.25,116.0,166.0,194.75,195.75,247.0,222.75,229.75,239.0,251.25,277.5,280.0,266.25,242.25,197.0,167.75,97.25,59.0,2.5,0.0,0.0
구암역,7,토요일,승차,0.0,0.0,37.5,44.25,90.0,167.0,149.5,174.5,189.75,172.25,176.0,166.75,164.75,181.25,160.75,134.0,97.25,96.25,68.0,51.25,28.5,1.0,0.0,0.0
구암역,7,토요일,하차,0.0,0.0,11.75,51.0,70.25,126.0,141.75,155.25,166.25,138.5,168.0,151.5,167.5,169.0,175.5,154.75,120.25,107.0,101.5,69.25,43.25,5.25,0.0,0.0
구암역,7,토요일,합계,0.0,0.0,49.25,95.25,160.25,293.0,291.25,329.75,356.0,310.75,344.0,318.25,332.25,350.25,336.25,288.75,217.5,203.25,169.5,120.5,71.75,6.25,0.0,0.0
구암역,7,화요일,승차,0.0,0.0,44.6,82.0,221.8,435.0,164.8,152.6,131.0,145.0,142.2,125.2,160.6,199.2,198.2,220.2,126.6,95.6,63.4,35.0,10.6,0.2,0.0,0.0
구암역,7,화요일,하차,0.0,0.0,15.8,63.8,134.6,235.0,147.4,151.8,157.0,144.0,125.8,133.6,158.8,173.8,244.4,346.2,144.8,95.6,117.0,86.0,45.8,7.4,0.0,0.0
구암역,7,화요일,합계,0.0,0.0,60.4,145.8,356.4,670.0,312.2,304.4,288.0,289.0,268.0,258.8,319.4,373.0,442.6,566.4,271.4,191.2,180.4,121.0,56.4,7.6,0.0,0.0
구암역,8,금요일,승차,0.0,0.4,37.4,69.8,174.2,333.4,158.8,173.4,177.2,159.4,152.2,191.2,194.8,223.6,223.2,271.6,178.2,120.0,72.8,38.6,20.0,0.6,0.2,0.0
구암역,8,금요일,하차,0.0,0.4,17.0,56.8,124.2,213.4,160.4,152.6,162.6,137.4,144.6,151.0,173.0,206.6,267.0,334.6,170.6,133.6,127.0,103.6,66.6,22.0,19.6,0.0
구암역,8,금요일,합계,0.0,0.8,54.4,126.6,298.4,546.8,319.2,326.0,339.8,296.8,296.8,342.2,367.8,430.2,490.2,606.2,348.8,253.6,199.8,142.2,86.6,22.6,19.8,0.0
구암역,8,목요일,승차,0.0,0.0,41.75,78.75,203.5,393.0,179.75,154.0,159.25,148.75,171.75,150.5,181.75,200.5,215.75,250.75,146.25,101.75,79.75,42.75,19.75,1.25,0.0,0.0
구암역,8,목요일,하차,0.0,0.0,14.75,57.5,137.75,237.0,164.25,152.5,170.25,148.25,146.75,148.5,164.5,189.25,240.75,330.25,163.25,123.5,133.5,96.5,64.5,24.25,4.75,0.0
구암역,8,목요일,합계,0.0,0.0,56.5,136.25,341.25,630.0,344.0,306.5,329.5,297.0,318.5,299.0,346.25,389.75,456.5,581.0,309.5,225.25,213.25,139.25,84.25,25.5,4.75,0.0
구암역,8,수요일,승차,0.0,0.0,45.75,71.25,214.75,396.25,165.5,138.25,152.5,148.5,141.0,134.25,173.25,174.5,181.5,234.5,116.25,87.75,55.0,36.0,13.5,1.25,0.0,0.0
구암역,8,수요일,하차,0.0,0.0,16.25,58.75,131.5,219.75,139.25,116.25,128.5,133.0,135.75,146.0,171.5,171.75,241.25,344.75,152.0,103.25,122.75,89.0,60.25,16.25,0.25,0.0
구암역,8,수요일,합계,0.0,0.0,62.0,130.0,346.25,616.0,304.75,254.5,281.0,281.5,276.75,280.25,344.75,346.25,422.75,579.25,268.25,191.0,177.75,125.0,73.75,17.5,0.25,0.0
구암역,8,월요일,승차,0.0,0.25,51.75,78.25,209.5,380.5,170.0,156.25,164.0,163.0,155.5,142.5,158.25,195.0,184.0,212.25,115.5,89.0,53.75,35.0,12.25,0.0,0.0,0.0
구암역,8,월요일,하차,0.0,0.0,16.0,70.25,126.75,227.5,162.0,166.0,167.25,151.25,141.5,148.0,182.5,190.25,256.5,327.25,147.75,100.0,101.0,77.25,32.75,17.25,0.75,0.0
구암역,8,월요일,합계,0.0,0.25,67.75,148.5,336.25,608.0,332.0,322.25,331.25,314.25,297.0,290.5,340.75,385.25,440.5,539.5,263.25,189.0,154.75,112.25,45.0,17.25,0.75,0.0
구암역,8,일요일,승차,0.0,1.0,18.6,24.0,47.4,100.2,116.4,136.4,162.2,127.4,147.8,141.6,143.4,156.4,144.2,143.2,129.0,85.4,65.2,41.0,15.8,0.8,0.0,0.0
구암역,8,일요일,하차,0.0,1.0,9.2,39.4,61.0,91.0,125.8,110.4,116.0,110.6,112.2,125.6,136.0,162.0,161.4,148.6,132.6,132.4,112.2,69.4,48.6,25.0,3.2,0.0
구암역,8,일요일,합계,0.0,2.0,27.8,63.4,108.4,191.2,242.2,246.8,278.2,238.0,260.0,267.2,279.4,318.4,305.6,291.8,261.6,217.8,177.4,110.4,64.4,25.8,3.2,0.0
구암역,8,토요일,승차,0.0,0.0,36.6,46.6,84.4,137.8,158.2,189.6,196.2,180.2,179.6,173.8,173.8,167.8,163.2,139.4,122.8,96.0,62.0,42.8,22.8,1.4,0.0,0.0
구암역,8,토요일,하차,0.0,0.0,14.6,49.4,74.0,121.8,150.2,155.8,182.6,159.4,148.4,142.2,150.6,162.8,186.4,154.2,137.4,112.4,122.0,69.6,51.0,31.8,3.2,0.0
구암역,8,토요일,합계,0.0,0.0,51.2,96.0,158.4,259.6,308.4,345.4,378.8,339.6,328.0,316.0,324.4,330.6,349.6,293.6,260.2,208.4,184.0,112.4,73.8,33.2,3.2,0.0
구암역,8,화요일,승차,0.0,0.0,39.0,73.25,209.25,419.75,181.75,156.0,159.5,146.0,162.0,150.25,174.25,192.25,212.25,243.75,121.25,87.5,60.25,36.25,13.75,0.75,0.0,0.0
구암역,8,화요일,하차,0.0,0.0,14.25,58.5,134.0,243.5,159.25,156.5,170.0,151.25,138.25,136.75,170.0,185.75,248.0,345.75,149.25,109.25,124.25,87.5,46.5,11.75,0.75,0.0
구암역,8,화요일,합계,0.0,0.0,53.25,131.75,343.25,663.25,341.0,312.5,329.5,297.25,300.25,287.0,344.25,378.0,460.25,589.5,270.5,196.75,184.5,123.75,60.25,12.5,0.75,0.0
노은역,1,금요일,승차,0.0,0.0,31.2,74.6,260.6,475.2,241.0,260.6,216.2,250.6,242.4,259.6,307.0,309.6,395.8,435.6,232.8,187.8,188.2,157.2,72.2,4.0,0.0,0.0
노은역,1,금요일,하차,0.0,0.0,12.4,35.8,151.8,305.6,284.6,214.6,204.4,225.4,301.8,298.6,372.4,357.2,428.0,618.6,336.4,191.8,190.2,177.8,109.2,21.0,0.0,0.0
노은역,1,금요일,합계,0.0,0.0,43.6,110.4,412.4,780.8,525.6,475.2,420.6,476.0,544.2,558.2,679.4,666.8,823.8,1054.2,569.2,379.6,378.4,335.0,181.4,25.0,0.0,0.0
노은역,1,목요일,승차,0.0,0.0,34.4,70.2,229.0,415.4,199.0,180.2,180.8,213.2,211.4,194.6,236.0,261.2,321.8,336.0,197.6,192.0,178.0,147.2,66.8,2.6,0.0,0.0
노은역,1,목요일,하차,0.0,0.0,11.8,32.2,131.4,252.4,235.0,169.2,170.8,198.8,236.0,250.8,278.2,332.2,356.4,541.0,285.2,189.8,173.0,165.8,86.2,17.2,0.0,0.0
노은역,1,목요일,합계,0.0,0.0,46.2,102.4,360.4,667.8,434.0,349.4,351.6,412.0,447.4,445.4,514.2,593.4,678.2,877.0,482.8,381.8,351.0,313.0,153.0,19.8,0.0,0.0
노은역,1,수요일,승차,0.0,0.2,29.6,64.8,180.4,335.8,169.2,151.2,170.0,190.6,162.6,179.2,206.4,223.4,264.8,298.6,188.4,150.8,155.2,123.2,53.8,1.8,0.0,0.0
노은역,1,수요일,하차,0.0,0.0,13.0,32.6,117.4,218.4,197.6,145.0,142.8,165.4,200.6,231.6,218.8,269.8,304.6,447.6,230.2,156.8,162.2,149.0,80.2,13.2,0.0,0.0
노은역,1,수요일,합계,0.0,0.2,42.6,97.4,297.8,554.2,366.8,296.2,312.8,356.0,363.2,410.8,425.2,493.2,569.4,746.2,418.6,307.6,317.4,272.2,134.0,15.0,0.0,0.0
노은역,1,월요일,승차,0.0,0.0,34.5,76.0,216.5,407.0,216.75,207.25,204.0,250.25,220.25,240.0,270.75,255.25,316.25,330.0,209.75,167.75,167.25,129.5,57.5,1.75,0.0,0.0
노은역,1,월요일,하차,0.0,0.0,14.75,31.25,131.0,267.75,256.0,205.25,202.5,198.5,251.0,278.5,261.5,350.0,347.5,544.25,258.75,176.25,153.75,161.5,81.5,14.0,0.0,0.0
노은역,1,월요일,합계,0.0,0.0,49.25,107.25,347.5,674.75,472.75,412.5,406.5,448.75,471.25,518.5,532.25,605.25,663.75,874.25,468.5,344.0,321.0,291.0,139.0,15.75,0.0,0.0
노은역,1,일요일,승차,0.0,0.0,16.5,34.0,44.0,99.75,140.75,131.75,139.75,179.25,171.25,170.5,158.75,170.5,172.25,169.0,120.75,109.0,106.25,85.0,40.25,3.75,0.0,0.0
노은역,1,일요일,하차,0.0,0.0,8.75,17.25,25.25,56.5,95.0,101.0,142.75,147.75,176.25,185.0,207.0,233.75,243.75,214.25,169.25,131.75,100.0,106.0,63.25,23.25,0.0,0.0
노은역,1,일요일,합계,0.0,0.0,25.25,51.25,69.25,156.25,235.75,232.75,282.5,327.0,347.5,355.5,365.75,404.25,416.0,383.25,290.0,240.75,206.25,191.0,103.5,27.0,0.0,0.0
노은역,1,토요일,승차,0.0,0.0,28.25,44.5,73.5,162.25,201.5,222.25,220.0,288.0,293.25,227.0,228.5,261.75,258.0,194.0,153.25,149.75,147.5,108.75,65.25,4.25,0.0,0.0
노은역,1,토요일,하차,0.0,0.0,10.75,22.5,70.75,148.5,231.0,186.5,206.75,240.5,236.0,228.25,247.25,294.5,319.0,321.25,197.25,172.25,133.0,136.75,96.5,19.5,0.0,0.0
노은역,1,토요일,합계,0.0,0.0,39.0,67.0,144.25,310.75,432.5,408.75,426.75,528.5,529.25,455.25,475.75,556.25,577.0,515.25,350.5,322.0,280.5,245.5,161.75,23.75,0.0,0.0
노은역,1,화요일,승차,0.0,0.0,32.0,72.75,221.75,417.5,203.75,190.5,200.0,206.75,202.5,215.75,239.75,257.5,306.75,332.0,196.75,169.0,164.75,140.75,54.75,1.75,0.0,0.0
노은역,1,화요일,하차,0.0,0.0,11.75,34.75,131.0,272.0,242.5,181.25,164.0,194.5,243.75,256.5,258.25,303.75,336.5,525.25,263.0,167.5,177.0,150.25,84.0,18.5,0.0,0.0
노은역,1,화요일,합계,0.0,0.0,43.75,107.5,352.75,689.5,446.25,371.75,364.0,401.25,446.25,472.25,498.0,561.25,643.25,857.25,459.75,336.5,341.75,291.0,138.75,20.25,0.0,0.0
노은역,2,금요일,승차,0.0,0.0,36.25,83.75,288.25,523.25,234.75,215.5,242.0,264.25,258.25,266.0,319.0,308.0,418.25,477.5,255.5,186.5,190.25,160.75,83.0,3.0,0.0,0.0
노은역,2,금요일,하차,0.0,0.0,13.5,40.5,155.0,337.75,275.25,230.0,206.25,216.0,295.25,328.25,325.0,375.75,456.0,670.75,351.0,234.25,204.75,203.5,120.25,30.0,0.0,0.0
노은역,2,금요일,합계,0.0,0.0,49.75,124.25,443.25,861.0,510.0,445.5,448.25,480.25,553.5,594.25,644.0,683.75,874.25,1148.25,606.5,420.75,395.0,364.25,203.25,33.0,0.0,0.0
노은역,2,목요일,승차,0.0,0.0,31.5,86.5,282.25,521.5,213.5,200.75,217.75,270.75,222.25,237.75,253.0,303.25,351.5,426.75,232.75,208.75,195.25,173.5,63.5,2.75,0.0,0.0
노은역,2,목요일,하차,0.0,0.0,15.75,42.0,162.75,320.0,258.25,198.5,188.0,212.0,267.0,303.25,329.25,365.5,388.5,639.0,302.5,231.5,219.25,198.75,110.0,17.0,0.0,0.0
노은역,2,목요일,합계,0.0,0.0,47.25,128.5,445.0,841.5,471.75,399.25,405.75,482.75,489.25,541.0,582.25,668.75,740.0,1065.75,535.25,440.25,414.5,372.25,173.5,19.75,0.0,0.0
노은역,2,수요일,승차,0.0,0.25,32.5,84.0,297.25,549.25,240.75,196.25,216.75,236.75,221.25,230.0,278.75,264.0,355.5,406.5,227.25,192.25,196.0,154.0,70.5,1.5,0.0,0.0
노은역,2,수요일,하차,0.0,0.0,17.0,36.5,155.75,355.25,266.75,197.5,180.0,205.5,262.0,309.25,293.25,349.5,420.75,637.25,305.75,207.5,208.25,188.0,99.75,17.75,0.0,0.0
노은역,2,수요일,합계,0.0,0.25,49.5,120.5,453.0,904.5,507.5,393.75,396.75,442.25,483.25,539.25,572.0,613.5,776.25,1043.75,533.0,399.75,404.25,342.0,170.25,19.25,0.0,0.0
노은역,2,월요일,승차,0.0,0.0,37.5,90.0,283.75,506.25,246.25,206.75,231.5,266.75,222.75,250.75,273.25,293.0,337.25,405.5,215.0,174.25,158.75,123.5,57.25,1.75,0.0,0.0
노은역,2,월요일,하차,0.25,0.0,16.75,38.5,149.0,330.5,290.0,224.0,210.0,224.0,256.0,291.0,303.75,356.25,395.5,620.0,297.0,197.0,184.5,153.75,92.75,14.25,0.0,0.0
노은역,2,월요일,합계,0.25,0.0,54.25,128.5,432.75,836.75,536.25,430.75,441.5,490.75,478.75,541.75,577.0,649.25,732.75,1025.5,512.0,371.25,343.25,277.25,150.0,16.0,0.0,0.0
노은역,2,일요일,승차,0.0,0.0,20.0,31.5,54.75,109.75,133.5,136.5,143.75,180.5,195.25,183.0,163.5,181.75,187.75,172.75,141.25,114.25,97.0,69.75,37.0,0.25,0.0,0.0
노은역,2,일요일,하차,0.0,0.0,8.5,16.75,33.5,52.75,93.0,103.75,145.0,158.75,191.5,210.0,200.75,250.25,245.25,221.25,181.5,139.75,111.25,103.75,71.75,16.75,0.0,0.0
노은역,2,일요일,합계,0.0,0.0,28.5,48.25,88.25,162.5,226.5,240.25,288.75,339.25,386.75,393.0,364.25,432.0,433.0,394.0,322.75,254.0,208.25,173.5,108.75,17.0,0.0,0.0
노은역,2,토요일,승차,0.0,0.0,31.25,47.5,89.25,167.5,193.75,223.25,244.75,292.75,327.75,274.25,253.0,259.75,254.25,207.5,162.75,141.5,147.75,112.0,64.0,2.5,0.0,0.0
노은역,2,토요일,하차,0.0,0.0,12.75,26.0,66.25,154.5,210.25,181.75,199.0,232.0,260.25,248.25,247.5,309.5,343.0,354.0,201.25,165.75,135.75,146.75,96.0,21.75,0.0,0.0
노은역,2,토요일,합계,0.0,0.0,44.0,73.5,155.5,322.0,404.0,405.0,443.75,524.75,588.0,522.5,500.5,569.25,597.25,561.5,364.0,307.25,283.5,258.75,160.0,24.25,0.0,0.0
노은역,2,화요일,승차,0.0,0.0,35.5,90.0,289.25,514.5,217.75,215.75,214.75,247.5,226.25,229.0,262.75,273.75,342.25,425.0,236.75,210.75,180.0,145.25,67.0,2.5,0.0,0.0
노은역,2,화요일,하차,0.0,0.0,17.75,38.0,155.25,328.75,282.75,194.25,179.5,234.25,273.5,290.25,297.0,341.25,412.75,640.5,284.0,206.25,201.5,182.5,95.0,18.0,0.0,0.0
노은역,2,화요일,합계,0.0,0.0,53.25,128.0,444.5,843.25,500.5,410.0,394.25,481.75,499.75,519.25,559.75,615.0,755.0,1065.5,520.75,417.0,381.5,327.75,162.0,20.5,0.0,0.0
노은역,3,금요일,승차,0.0,0.25,34.5,89.0,344.0,532.25,229.75,211.75,201.25,225.25,224.0,214.5,353.75,334.75,399.0,474.5,261.0,221.5,216.75,191.0,78.0,3.25,0.0,0.0
노은역,3,금요일,하차,0.0,0.0,11.75,35.0,209.25,359.5,246.75,194.25,193.5,196.5,253.75,337.5,359.25,414.75,478.0,674.5,385.75,221.0,207.25,194.25,126.25,23.75,0.0,0.0
노은역,3,금요일,합계,0.0,0.25,46.25,124.0,553.25,891.75,476.5,406.0,394.75,421.75,477.75,552.0,713.0,749.5,877.0,1149.0,646.75,442.5,424.0,385.25,204.25,27.0,0.0,0.0
노은역,3,목요일,승차,0.0,0.0,35.25,99.0,348.5,526.25,248.0,191.75,185.5,221.75,181.0,199.0,228.25,324.0,346.0,437.75,235.75,213.0,200.25,164.25,83.0,1.0,0.0,0.0
노은역,3,목요일,하차,0.0,0.0,13.5,41.0,208.25,337.5,255.25,173.25,174.25,183.75,224.5,259.0,286.25,411.25,421.5,652.25,332.75,208.5,215.25,186.25,91.5,16.25,0.0,0.0
노은역,3,목요일,합계,0.0,0.0,48.75,140.0,556.75,863.75,503.25,365.0,359.75,405.5,405.5,458.0,514.5,735.25,767.5,1090.0,568.5,421.5,415.5,350.5,174.5,17.25,0.0,0.0
노은역,3,수요일,승차,0.0,0.0,35.5,88.0,359.25,558.25,243.25,191.75,211.75,213.25,194.25,187.0,281.75,288.25,342.25,440.75,220.5,183.25,204.25,148.25,70.75,1.25,0.0,0.0
노은역,3,수요일,하차,0.0,0.0,15.75,39.5,213.5,354.5,252.25,178.25,177.5,180.5,242.75,258.5,307.75,388.25,434.75,676.0,313.75,188.25,211.75,174.5,83.25,11.25,0.0,0.0
노은역,3,수요일,합계,0.0,0.0,51.25,127.5,572.75,912.75,495.5,370.0,389.25,393.75,437.0,445.5,589.5,676.5,777.0,1116.75,534.25,371.5,416.0,322.75,154.0,12.5,0.0,0.0
노은역,3,월요일,승차,0.0,0.0,36.0,83.0,291.4,446.6,233.2,211.8,213.6,202.2,194.0,199.4,253.6,285.0,294.6,352.6,186.8,174.4,174.0,124.4,53.6,2.0,0.0,0.0
노은역,3,월요일,하차,0.0,0.0,13.6,34.2,166.0,322.4,236.8,179.2,173.0,167.0,228.6,249.6,281.0,362.4,370.6,561.4,293.4,174.6,177.6,135.0,77.8,18.4,0.0,0.0
노은역,3,월요일,합계,0.0,0.0,49.6,117.2,457.4,769.0,470.0,391.0,386.6,369.2,422.6,449.0,534.6,647.4,665.2,914.0,480.2,349.0,351.6,259.4,131.4,20.4,0.0,0.0
노은역,3,일요일,승차,0.0,0.0,18.8,29.0,59.4,114.2,130.2,136.2,162.0,190.4,198.2,174.2,177.4,176.8,182.0,176.2,138.4,122.2,108.8,74.8,38.2,1.4,0.0,0.0
노은역,3,일요일,하차,0.0,0.0,7.0,16.4,29.2,61.4,98.4,112.6,137.2,155.8,205.2,217.8,208.4,232.4,238.8,232.6,175.0,136.6,102.8,101.2,52.2,16.2,0.0,0.0
노은역,3,일요일,합계,0.0,0.0,25.8,45.4,88.6,175.6,228.6,248.8,299.2,346.2,403.4,392.0,385.8,409.2,420.8,408.8,313.4,258.8,211.6,176.0,90.4,17.6,0.0,0.0
노은역,3,토요일,승차,0.0,0.0,27.2,51.0,95.8,172.6,217.2,207.8,251.6,292.0,277.6,240.8,232.2,264.4,263.0,214.4,172.2,147.4,159.2,104.0,62.0,3.6,0.0,0.0
노은역,3,토요일,하차,0.0,0.0,10.4,25.0,73.0,152.4,203.0,188.6,218.4,230.0,244.2,243.8,249.2,274.0,291.0,331.0,219.0,179.4,142.8,141.2,99.4,23.8,0.0,0.0
노은역,3,토요일,합계,0.0,0.0,37.6,76.0,168.8,325.0,420.2,396.4,470.0,522.0,521.8,484.6,481.4,538.4,554.0,545.4,391.2,326.8,302.0,245.2,161.4,27.4,0.0,0.0
노은역,3,화요일,승차,0.0,0.0,33.75,103.25,339.75,547.0,237.0,188.75,201.75,214.25,190.0,168.75,218.0,296.25,311.25,438.75,222.25,197.0,192.0,142.0,62.25,3.25,0.0,0.0
노은역,3,화요일,하차,0.0,0.0,14.5,39.0,202.75,358.0,255.75,190.75,176.75,179.5,224.75,243.75,268.5,406.75,429.25,655.75,317.25,196.0,191.75,158.75,80.25,14.5,0.0,0.0
노은역,3,화요일,합계,0.0,0.0,48.25,142.25,542.5,905.0,492.75,379.5,378.5,393.75,414.75,412.5,486.5,703.0,740.5,1094.5,539.5,393.0,383.75,300.75,142.5,17.75,0.0,0.0
노은역,4,금요일,승차,0.0,0.0,39.25,107.25,338.0,518.75,241.25,214.5,211.25,218.75,214.0,215.0,343.0,339.25,407.0,470.0,252.0,213.25,200.5,166.75,79.75,4.5,0.0,0.0
노은역,4,금요일,하차,0.0,0.0,15.25,42.0,217.25,357.5,256.75,197.75,168.5,214.5,258.0,310.75,365.0,398.75,473.5,694.0,354.0,224.25,199.75,211.5,142.5,19.25,0.0,0.0
노은역,4,금요일,합계,0.0,0.0,54.5,149.25,555.25,876.25,498.0,412.25,379.75,433.25,472.0,525.75,708.0,738.0,880.5,1164.0,606.0,437.5,400.25,378.25,222.25,23.75,0.0,0.0
노은역,4,목요일,승차,0.0,0.0,34.25,99.25,342.5,531.0,255.75,200.75,202.25,218.25,202.25,187.25,238.25,305.25,336.5,418.25,228.5,205.75,210.0,153.0,65.5,2.5,0.0,0.0
노은역,4,목요일,하차,0.0,0.0,14.25,44.25,207.25,349.75,246.25,172.75,177.25,186.5,237.0,250.25,304.25,397.25,439.75,649.5,327.25,211.25,208.5,172.75,85.75,19.0,0.0,0.0
노은역,4,목요일,합계,0.0,0.0,48.5,143.5,549.75,880.75,502.0,373.5,379.5,404.75,439.25,437.5,542.5,702.5,776.25,1067.75,555.75,417.0,418.5,325.75,151.25,21.5,0.0,0.0
노은역,4,수요일,승차,0.0,0.0,38.2,104.0,354.8,556.4,254.8,200.2,206.6,216.0,216.4,205.4,302.0,290.2,332.6,414.2,220.2,185.8,183.6,161.8,71.0,3.4,0.0,0.0
노은역,4,수요일,하차,0.0,0.0,18.0,41.4,220.6,363.0,242.2,167.4,166.6,199.0,287.0,275.4,334.4,355.0,421.8,642.8,313.6,187.2,201.0,175.0,87.8,16.2,0.0,0.0
노은역,4,수요일,합계,0.0,0.0,56.2,145.4,575.4,919.4,497.0,367.6,373.2,415.0,503.4,480.8,636.4,645.2,754.4,1057.0,533.8,373.0,384.6,336.8,158.8,19.6,0.0,0.0
노은역,4,월요일,승차,0.0,0.0,43.0,104.75,353.0,520.0,253.0,220.75,221.25,210.0,200.0,216.75,248.75,289.25,321.0,400.0,191.75,181.25,160.25,132.75,63.0,1.0,0.0,0.0
노은역,4,월요일,하차,0.0,0.0,17.5,42.75,192.25,364.0,280.0,197.0,178.5,212.0,239.75,241.25,285.0,340.75,390.25,628.0,306.25,173.25,170.5,140.5,70.5,15.5,0.0,0.0
노은역,4,월요일,합계,0.0,0.0,60.5,147.5,545.25,884.0,533.0,417.75,399.75,422.0,439.75,458.0,533.75,630.0,711.25,1028.0,498.0,354.5,330.75,273.25,133.5,16.5,0.0,0.0
노은역,4,일요일,승차,0.0,0.0,19.5,37.0,63.75,126.25,129.0,142.25,147.5,191.5,181.0,169.0,154.75,170.0,164.25,138.25,131.25,117.5,103.5,74.5,36.25,2.25,0.0,0.0
노은역,4,일요일,하차,0.0,0.0,8.0,18.25,33.25,61.5,104.25,116.5,140.5,144.25,202.25,215.25,196.0,198.75,221.25,233.5,159.25,133.5,87.5,95.0,48.0,16.0,0.0,0.0
노은역,4,일요일,합계,0.0,0.0,27.5,55.25,97.0,187.75,233.25,258.75,288.0,335.75,383.25,384.25,350.75,368.75,385.5,371.75,290.5,251.0,191.0,169.5,84.25,18.25,0.0,0.0
노은역,4,토요일,승차,0.0,0.0,35.25,65.25,103.0,216.0,212.5,232.75,244.0,290.75,277.75,229.5,220.0,248.25,249.5,182.5,168.0,153.0,129.0,105.5,59.25,2.0,0.0,0.0
노은역,4,토요일,하차,0.0,0.0,10.5,24.25,82.25,182.0,228.5,197.5,203.25,239.75,254.0,235.5,247.0,255.5,269.0,286.5,190.75,158.25,144.5,142.0,86.0,18.25,0.0,0.0
노은역,4,토요일,합계,0.0,0.0,45.75,89.5,185.25,398.0,441.0,430.25,447.25,530.5,531.75,465.0,467.0,503.75,518.5,469.0,358.75,311.25,273.5,247.5,145.25,20.25,0.0,0.0
노은역,4,화요일,승차,0.0,0.0,35.6,105.6,338.8,545.2,261.8,190.4,206.8,204.2,203.0,185.4,224.6,310.0,314.6,398.6,210.2,197.6,195.0,150.2,56.6,2.6,0.0,0.0
노은역,4,화요일,하차,0.0,0.0,13.8,41.0,212.6,360.8,270.2,189.8,161.4,187.0,230.6,249.8,263.0,381.0,407.2,649.6,304.2,191.2,183.4,164.4,83.6,11.6,0.0,0.0
노은역,4,화요일,합계,0.0,0.0,49.4,146.6,551.4,906.0,532.0,380.2,368.2,391.2,433.6,435.2,487.6,691.0,721.8,1048.2,514.4,388.8,378.4,314.6,140.2,14.2,0.0,0.0
노은역,5,금요일,승차,0.0,0.0,36.0,91.0,336.0,520.2,241.2,213.8,218.0,214.0,213.2,232.0,354.8,338.2,408.2,450.4,258.2,206.2,193.2,167.8,69.8,3.4,0.0,0.0
노은역,5,금요일,하차,0.0,0.0,19.0,47.2,207.4,346.4,226.8,201.8,192.2,206.4,257.2,333.8,381.0,404.4,445.2,667.0,359.2,237.2,206.8,193.0,113.4,20.6,0.0,0.0
노은역,5,금요일,합계,0.0,0.0,55.0,138.2,543.4,866.6,468.0,415.6,410.2,420.4,470.4,565.8,735.8,742.6,853.4,1117.4,617.4,443.4,400.0,360.8,183.2,24.0,0.0,0.0
노은역,5,목요일,승차,0.0,0.0,37.0,96.2,308.6,477.2,236.4,209.0,218.6,215.2,202.4,200.0,236.0,292.6,329.2,369.4,214.6,189.0,189.0,148.4,61.4,2.8,0.0,0.0
노은역,5,목요일,하차,0.0,0.0,16.2,43.6,196.2,320.4,218.6,181.0,190.4,187.0,234.0,261.8,255.4,366.6,407.2,571.4,318.8,206.6,210.2,179.8,83.2,14.8,0.0,0.0
노은역,5,목요일,합계,0.0,0.0,53.2,139.8,504.8,797.6,455.0,390.0,409.0,402.2,436.4,461.8,491.4,659.2,736.4,940.8,533.4,395.6,399.2,328.2,144.6,17.6,0.0,0.0
노은역,5,수요일,승차,0.0,0.0,41.25,107.75,347.75,549.5,265.75,198.0,218.25,207.75,188.75,198.25,303.5,298.5,356.0,416.75,221.5,209.25,199.25,161.25,66.0,2.5,0.0,0.0
노은역,5,수요일,하차,0.0,0.0,18.25,49.0,213.5,370.25,240.5,181.75,185.5,193.25,239.75,268.75,342.75,364.5,428.25,647.25,320.25,210.25,189.25,184.75,93.25,14.5,0.0,0.0
노은역,5,수요일,합계,0.0,0.0,59.5,156.75,561.25,919.75,506.25,379.75,403.75,401.0,428.5,467.0,646.25,663.0,784.25,1064.0,541.75,419.5,388.5,346.0,159.25,17.0,0.0,0.0
노은역,5,월요일,승차,0.0,0.0,43.0,89.25,278.25,418.5,227.0,203.0,202.5,191.25,196.75,199.5,232.0,279.75,272.25,336.75,185.0,179.5,150.75,118.5,47.5,2.25,0.0,0.0
노은역,5,월요일,하차,0.0,0.0,17.0,36.5,152.5,308.75,216.75,176.0,175.25,167.0,214.0,246.25,276.25,333.75,329.5,514.75,281.5,177.75,155.0,142.75,79.25,16.5,0.0,0.0
노은역,5,월요일,합계,0.0,0.0,60.0,125.75,430.75,727.25,443.75,379.0,377.75,358.25,410.75,445.75,508.25,613.5,601.75,851.5,466.5,357.25,305.75,261.25,126.75,18.75,0.0,0.0
노은역,5,일요일,승차,0.0,0.0,21.0,37.75,62.5,110.0,138.5,148.75,163.0,191.0,193.0,198.25,184.5,182.25,200.5,176.0,135.25,126.75,107.75,68.75,39.25,2.5,0.0,0.0
노은역,5,일요일,하차,0.0,0.0,9.75,18.25,30.25,63.5,106.5,108.0,139.75,150.0,187.5,217.75,202.0,238.25,236.75,246.5,191.0,161.25,125.0,123.75,58.0,20.75,0.0,0.0
노은역,5,일요일,합계,0.0,0.0,30.75,56.0,92.75,173.5,245.0,256.75,302.75,341.0,380.5,416.0,386.5,420.5,437.25,422.5,326.25,288.0,232.75,192.5,97.25,23.25,0.0,0.0
노은역,5,토요일,승차,0.0,0.2,31.0,58.8,113.6,195.4,208.2,236.2,254.0,281.8,282.2,250.8,232.6,246.8,277.4,223.8,177.8,151.4,145.2,102.2,70.2,3.8,0.0,0.0
노은역,5,토요일,하차,0.0,0.0,11.6,30.4,76.0,167.2,199.6,177.4,222.0,253.4,244.6,257.0,248.6,303.4,299.2,290.0,226.8,190.2,168.8,146.0,98.8,22.4,0.0,0.0
노은역,5,토요일,합계,0.0,0.2,42.6,89.2,189.6,362.6,407.8,413.6,476.0,535.2,526.8,507.8,481.2,550.2,576.6,513.8,404.6,341.6,314.0,248.2,169.0,26.2,0.0,0.0
노은역,5,화요일,승차,0.0,0.0,31.5,89.25,277.0,436.0,218.75,180.5,198.75,201.25,184.75,186.25,211.5,283.25,311.5,364.75,206.25,175.75,173.5,136.0,55.75,1.5,0.0,0.0
노은역,5,화요일,하차,0.0,0.0,15.75,40.75,173.0,293.0,212.5,157.0,157.5,168.25,219.0,248.75,263.0,336.75,360.25,563.0,277.5,180.0,174.25,157.5,102.0,15.25,0.0,0.0
노은역,5,화요일,합계,0.0,0.0,47.25,130.0,450.0,729.0,431.25,337.5,356.25,369.5,403.75,435.0,474.5,620.0,671.75,927.75,483.75,355.75,347.75,293.5,157.75,16.75,0.0,0.0
노은역,6,금요일,승차,0.0,0.0,37.25,93.75,267.25,412.5,212.0,204.25,180.25,206.0,203.25,203.25,306.25,295.75,343.0,383.5,224.25,180.5,190.5,164.25,72.0,2.0,0.0,0.0
노은역,6,금요일,하차,0.0,0.0,18.5,43.75,163.5,299.75,222.0,164.25,169.25,181.0,233.25,270.75,320.25,330.25,404.5,546.25,294.75,203.5,189.75,153.0,103.25,19.75,0.0,0.0
노은역,6,금요일,합계,0.0,0.0,55.75,137.5,430.75,712.25,434.0,368.5,349.5,387.0,436.5,474.0,626.5,626.0,747.5,929.75,519.0,384.0,380.25,317.25,175.25,21.75,0.0,0.0
노은역,6,목요일,승차,0.0,0.0,34.5,111.5,327.5,527.25,238.5,215.5,216.5,199.5,197.25,193.25,235.0,336.25,353.75,410.75,232.0,203.75,196.25,188.25,68.25,2.25,0.0,0.0
노은역,6,목요일,하차,0.0,0.0,19.75,46.5,203.5,365.5,242.25,173.5,187.5,186.75,218.0,276.0,307.5,390.75,409.0,628.75,328.0,220.75,207.75,195.75,101.0,14.25,0.0,0.0
노은역,6,목요일,합계,0.0,0.0,54.25,158.0,531.0,892.75,480.75,389.0,404.0,386.25,415.25,469.25,542.5,727.0,762.75,1039.5,560.0,424.5,404.0,384.0,169.25,16.5,0.0,0.0
노은역,6,수요일,승차,0.0,0.0,39.25,107.0,343.0,525.5,249.75,196.0,217.25,205.0,192.0,189.0,280.25,283.5,337.5,428.25,197.75,194.5,188.75,165.25,65.0,2.5,0.0,0.0
노은역,6,수요일,하차,0.0,0.0,21.5,47.75,216.5,369.5,237.0,169.25,169.25,181.5,244.25,249.5,320.5,349.25,413.25,629.0,308.0,197.0,212.25,194.5,80.5,18.0,0.0,0.0
노은역,6,수요일,합계,0.0,0.0,60.75,154.75,559.5,895.0,486.75,365.25,386.5,386.5,436.25,438.5,600.75,632.75,750.75,1057.25,505.75,391.5,401.0,359.75,145.5,20.5,0.0,0.0
노은역,6,월요일,승차,0.0,0.0,42.4,112.8,342.0,495.4,237.0,211.2,205.6,205.6,198.6,196.4,253.8,301.8,327.0,377.8,197.4,193.6,177.2,146.8,54.8,3.0,0.0,0.0
노은역,6,월요일,하차,0.0,0.0,22.8,46.0,190.0,383.6,242.2,174.8,191.4,165.0,216.6,240.0,293.2,378.6,399.0,605.4,321.8,176.6,178.8,151.8,75.4,16.6,0.0,0.0
노은역,6,월요일,합계,0.0,0.0,65.2,158.8,532.0,879.0,479.2,386.0,397.0,370.6,415.2,436.4,547.0,680.4,726.0,983.2,519.2,370.2,356.0,298.6,130.2,19.6,0.0,0.0
노은역,6,일요일,승차,0.0,0.0,20.0,32.8,58.0,116.0,132.8,136.0,153.6,165.4,172.6,159.2,173.8,163.2,169.0,157.4,117.6,115.6,96.0,72.0,34.8,1.2,0.0,0.0
노은역,6,일요일,하차,0.0,0.0,9.6,21.0,31.4,62.8,103.6,112.4,135.4,139.8,180.4,206.0,193.8,225.6,191.6,214.4,153.0,135.2,107.0,94.0,62.6,16.6,0.0,0.0
노은역,6,일요일,합계,0.0,0.0,29.6,53.8,89.4,178.8,236.4,248.4,289.0,305.2,353.0,365.2,367.6,388.8,360.6,371.8,270.6,250.8,203.0,166.0,97.4,17.8,0.0,0.0
노은역,6,토요일,승차,0.0,0.0,28.25,49.25,104.0,178.0,203.25,196.75,214.5,275.0,246.5,201.75,201.5,245.0,259.5,188.75,150.75,156.25,137.0,104.5,54.25,3.5,0.0,0.0
노은역,6,토요일,하차,0.0,0.0,14.25,28.75,77.0,159.25,202.0,196.0,195.5,213.0,236.5,224.0,221.25,250.75,275.0,301.25,175.75,169.0,143.0,141.75,106.5,23.25,0.0,0.0
노은역,6,토요일,합계,0.0,0.0,42.5,78.0,181.0,337.25,405.25,392.75,410.0,488.0,483.0,425.75,422.75,495.75,534.5,490.0,326.5,325.25,280.0,246.25,160.75,26.75,0.0,0.0
노은역,6,화요일,승차,0.0,0.0,31.0,84.5,259.75,427.25,221.0,209.75,215.0,214.0,192.5,186.5,210.25,289.75,285.25,356.5,179.5,186.25,187.25,144.5,52.25,1.25,0.0,0.0
노은역,6,화요일,하차,0.0,0.0,20.75,40.25,176.0,303.5,228.5,175.5,186.5,182.25,231.5,251.5,263.75,354.75,355.25,520.5,269.25,179.5,172.25,146.75,81.75,17.75,0.0,0.0
노은역,6,화요일,합계,0.0,0.0,51.75,124.75,435.75,730.75,449.5,385.25,401.5,396.25,424.0,438.0,474.0,644.5,640.5,877.0,448.75,365.75,359.5,291.25,134.0,19.0,0.0,0.0
노은역,7,금요일,승차,0.0,0.0,38.25,102.25,325.5,491.5,222.75,206.25,237.25,245.25,241.25,240.25,331.75,308.25,390.5,472.0,254.75,198.5,190.75,156.5,70.0,2.75,0.0,0.0
노은역,7,금요일,하차,0.0,0.0,21.75,51.0,192.25,390.5,243.5,195.75,173.0,242.0,278.25,284.0,327.0,334.25,453.0,650.5,336.75,235.25,198.25,188.5,109.75,21.25,0.0,0.0
노은역,7,금요일,합계,0.0,0.0,60.0,153.25,517.75,882.0,466.25,402.0,410.25,487.25,519.5,524.25,658.75,642.5,843.5,1122.5,591.5,433.75,389.0,345.0,179.75,24.0,0.0,0.0
노은역,7,목요일,승차,0.0,0.0,39.0,98.2,323.2,481.8,208.6,182.8,181.6,204.6,194.4,191.0,234.6,293.4,325.6,397.6,202.2,198.8,194.0,166.8,65.2,2.6,0.0,0.0
노은역,7,목요일,하차,0.0,0.0,19.6,47.8,183.6,363.0,238.2,154.8,165.2,184.4,234.4,252.4,266.8,321.0,380.6,598.6,300.4,193.2,195.8,173.2,91.6,19.6,0.0,0.0
노은역,7,목요일,합계,0.0,0.0,58.6,146.0,506.8,844.8,446.8,337.6,346.8,389.0,428.8,443.4,501.4,614.4,706.2,996.2,502.6,392.0,389.8,340.0,156.8,22.2,0.0,0.0
노은역,7,수요일,승차,0.0,0.0,37.0,106.8,315.2,499.8,234.2,195.2,201.8,196.8,184.6,201.6,272.8,277.0,326.4,398.6,205.4,182.8,200.6,163.2,61.8,1.6,0.0,0.0
노은역,7,수요일,하차,0.0,0.0,18.4,50.4,195.0,374.2,229.2,171.8,176.2,185.6,243.8,252.8,287.8,311.2,395.8,616.6,300.4,199.0,186.2,173.8,82.8,12.2,0.0,0.0
노은역,7,수요일,합계,0.0,0.0,55.4,157.2,510.2,874.0,463.4,367.0,378.0,382.4,428.4,454.4,560.6,588.2,722.2,1015.2,505.8,381.8,386.8,337.0,144.6,13.8,0.0,0.0
노은역,7,월요일,승차,0.0,0.0,48.75,101.25,314.75,486.75,229.25,215.0,201.75,196.5,183.0,213.5,232.75,273.25,309.5,367.75,206.0,180.0,163.0,144.0,50.25,0.25,0.0,0.0
노은역,7,월요일,하차,0.0,0.0,22.75,53.5,180.0,391.5,247.25,192.0,196.25,173.25,229.75,244.0,272.25,317.5,352.0,594.75,296.5,195.75,184.75,146.25,70.75,11.25,0.0,0.0
노은역,7,월요일,합계,0.0,0.0,71.5,154.75,494.75,878.25,476.5,407.0,398.0,369.75,412.75,457.5,505.0,590.75,661.5,962.5,502.5,375.75,347.75,290.25,121.0,11.5,0.0,0.0
노은역,7,일요일,승차,0.0,0.0,23.0,37.25,60.0,111.25,127.25,133.25,151.5,165.25,143.75,170.75,158.25,173.75,184.75,170.5,120.75,119.5,107.5,67.5,36.5,0.25,0.0,0.0
노은역,7,일요일,하차,0.0,0.0,9.5,19.0,34.5,64.75,95.75,106.75,135.5,164.25,168.75,195.25,173.75,222.5,215.5,210.75,156.0,162.25,127.0,117.75,70.75,16.75,0.0,0.0
노은역,7,일요일,합계,0.0,0.0,32.5,56.25,94.5,176.0,223.0,240.0,287.0,329.5,312.5,366.0,332.0,396.25,400.25,381.25,276.75,281.75,234.5,185.25,107.25,17.0,0.0,0.0
노은역,7,토요일,승차,0.0,0.0,34.75,56.5,115.0,169.75,193.25,203.25,219.75,255.25,239.0,220.75,210.0,233.75,250.75,219.5,153.25,145.5,146.25,106.5,68.0,1.25,0.0,0.0
노은역,7,토요일,하차,0.0,0.0,15.5,30.75,80.75,169.25,204.5,178.25,175.0,217.75,242.0,217.0,211.75,257.0,268.75,253.5,199.5,180.0,145.25,163.0,99.0,21.75,0.0,0.0
노은역,7,토요일,합계,0.0,0.0,50.25,87.25,195.75,339.0,397.75,381.5,394.75,473.0,481.0,437.75,421.75,490.75,519.5,473.0,352.75,325.5,291.5,269.5,167.0,23.0,0.0,0.0
노은역,7,화요일,승차,0.0,0.0,39.0,99.8,320.4,499.6,212.6,204.4,199.0,197.0,192.6,194.6,235.2,293.2,323.8,404.6,203.0,183.2,192.4,153.0,52.4,1.0,0.0,0.0
노은역,7,화요일,하차,0.0,0.0,19.0,47.8,192.8,395.2,252.0,180.4,177.8,185.2,219.6,246.6,263.2,325.8,366.2,596.8,299.0,197.0,178.8,162.0,86.6,13.4,0.0,0.0
노은역,7,화요일,합계,0.0,0.0,58.0,147.6,513.2,894.8,464.6,384.8,376.8,382.2,412.2,441.2,498.4,619.0,690.0,1001.4,502.0,380.2,371.2,315.0,139.0,14.4,0.0,0.0
노은역,8,금요일,승차,0.0,0.0,38.4,82.4,260.6,405.8,212.2,190.6,193.2,209.6,202.0,221.8,294.4,291.0,379.2,395.2,250.2,178.4,196.0,145.4,74.4,5.4,0.2,0.0
노은역,8,금요일,하차,0.0,0.0,14.6,43.2,162.6,307.6,229.4,168.0,168.2,184.4,211.2,265.8,284.8,320.8,369.8,560.0,297.0,211.6,200.8,205.2,117.0,37.4,24.0,0.0
노은역,8,금요일,합계,0.0,0.0,53.0,125.6,423.2,713.4,441.6,358.6,361.4,394.0,413.2,487.6,579.2,611.8,749.0,955.2,547.2,390.0,396.8,350.6,191.4,42.8,24.2,0.0
노은역,8,목요일,승차,0.0,0.0,37.75,94.25,306.5,460.0,217.75,201.0,183.75,224.75,192.0,201.5,253.5,316.0,346.25,415.75,230.75,203.5,196.0,164.25,54.25,4.75,1.0,0.0
노은역,8,목요일,하차,0.0,0.0,17.25,50.0,176.75,359.0,241.5,175.5,193.5,183.0,218.25,261.25,262.5,352.25,387.0,604.5,308.0,201.0,201.25,199.0,108.5,35.5,6.75,0.0
노은역,8,목요일,합계,0.0,0.0,55.0,144.25,483.25,819.0,459.25,376.5,377.25,407.75,410.25,462.75,516.0,668.25,733.25,1020.25,538.75,404.5,397.25,363.25,162.75,40.25,7.75,0.0
노은역,8,수요일,승차,0.0,0.0,39.5,95.5,305.75,481.0,231.0,199.25,200.75,212.0,185.5,212.0,267.25,298.5,329.25,425.5,204.5,185.0,199.0,167.25,58.5,3.0,1.25,0.0
노은역,8,수요일,하차,0.0,0.0,18.5,47.75,200.25,382.75,225.75,185.0,180.75,186.5,222.0,255.5,306.25,311.75,383.0,606.5,293.0,178.0,184.75,178.25,93.75,31.0,2.25,0.0
노은역,8,수요일,합계,0.0,0.0,58.0,143.25,506.0,863.75,456.75,384.25,381.5,398.5,407.5,467.5,573.5,610.25,712.25,1032.0,497.5,363.0,383.75,345.5,152.25,34.0,3.5,0.0
노은역,8,월요일,승차,0.0,0.0,48.5,109.5,292.5,453.0,225.0,217.75,222.25,217.5,191.75,200.5,258.0,278.75,309.5,377.75,189.0,177.5,174.25,137.25,57.75,1.75,0.0,0.0
노은역,8,월요일,하차,0.0,0.0,22.5,54.5,172.5,380.25,244.5,186.5,203.75,184.75,219.75,246.25,272.5,330.5,368.5,591.0,297.75,172.0,159.25,152.75,70.75,27.5,1.0,0.0
노은역,8,월요일,합계,0.0,0.0,71.0,164.0,465.0,833.25,469.5,404.25,426.0,402.25,411.5,446.75,530.5,609.25,678.0,968.75,486.75,349.5,333.5,290.0,128.5,29.25,1.0,0.0
노은역,8,일요일,승차,0.0,0.0,23.4,35.4,54.4,117.6,127.6,128.4,153.8,152.0,175.4,166.8,170.8,182.4,191.2,165.8,138.6,122.0,109.0,71.6,29.0,2.4,0.0,0.0
노은역,8,일요일,하차,0.0,0.0,10.6,22.2,31.6,54.4,94.0,112.6,128.4,138.8,183.6,192.4,195.8,219.6,202.4,218.4,150.8,150.6,120.0,113.2,61.0,27.6,2.2,0.0
노은역,8,일요일,합계,0.0,0.0,34.0,57.6,86.0,172.0,221.6,241.0,282.2,290.8,359.0,359.2,366.6,402.0,393.6,384.2,289.4,272.6,229.0,184.8,90.0,30.0,2.2,0.0
노은역,8,토요일,승차,0.0,0.2,32.2,58.8,119.0,177.8,196.2,199.8,228.8,242.8,265.8,201.0,225.0,222.0,248.8,222.6,168.2,148.8,145.2,87.4,46.2,6.6,0.6,0.0
노은역,8,토요일,하차,0.0,0.0,12.6,33.4,80.4,163.6,207.2,185.6,181.4,211.8,238.6,213.2,213.8,241.2,256.0,284.4,192.4,165.6,159.0,153.8,101.2,38.2,3.6,0.0
노은역,8,토요일,합계,0.0,0.2,44.8,92.2,199.4,341.4,403.4,385.4,410.2,454.6,504.4,414.2,438.8,463.2,504.8,507.0,360.6,314.4,304.2,241.2,147.4,44.8,4.2,0.0
노은역,8,화요일,승차,0.0,0.0,37.25,92.75,302.25,490.0,219.5,194.5,198.5,191.75,190.5,202.5,265.0,336.5,331.25,384.0,203.75,185.5,205.0,149.75,65.0,3.5,0.5,0.0
노은역,8,화요일,하차,0.0,0.0,18.0,50.75,186.25,369.5,260.5,181.0,174.0,189.25,212.25,251.0,239.0,369.5,382.25,619.75,279.5,184.0,186.25,195.5,84.25,18.75,1.25,0.0
노은역,8,화요일,합계,0.0,0.0,55.25,143.5,488.5,859.5,480.0,375.5,372.5,381.0,402.75,453.5,504.0,706.0,713.5,1003.75,483.25,369.5,391.25,345.25,149.25,22.25,1.75,0.0
대동역,1,금요일,승차,0.0,0.0,84.0,129.4,390.4,620.0,279.4,209.8,181.8,211.0,214.6,190.6,203.6,278.0,294.8,332.0,139.2,96.2,68.2,53.6,29.4,2.2,0.0,0.0
대동역,1,금요일,하차,0.0,0.0,18.8,28.4,111.0,254.0,131.4,108.2,139.6,151.0,154.0,182.2,220.4,249.6,327.6,491.0,215.6,160.6,184.8,167.0,113.6,17.6,0.0,0.0
대동역,1,금요일,합계,0.0,0.0,102.8,157.8,501.4,874.0,410.8,318.0,321.4,362.0,368.6,372.8,424.0,527.6,622.4,823.0,354.8,256.8,253.0,220.6,143.0,19.8,0.0,0.0
대동역,1,목요일,승차,0.0,1.0,72.2,128.0,328.2,530.8,228.6,177.6,164.2,189.0,200.6,176.4,178.2,219.8,248.0,267.8,99.6,74.0,63.0,44.6,24.6,0.2,1.4,0.0
대동역,1,목요일,하차,0.0,0.8,17.4,22.6,102.0,216.0,102.0,87.2,114.0,132.8,134.2,137.8,190.6,247.2,266.4,441.0,187.8,162.6,172.6,161.0,92.2,11.2,1.4,0.0
대동역,1,목요일,합계,0.0,1.8,89.6,150.6,430.2,746.8,330.6,264.8,278.2,321.8,334.8,314.2,368.8,467.0,514.4,708.8,287.4,236.6,235.6,205.6,116.8,11.4,2.8,0.0
대동역,1,수요일,승차,0.0,0.2,59.0,104.6,264.8,443.6,195.8,148.2,159.4,156.2,173.4,158.8,154.2,183.0,214.2,231.8,116.6,75.2,60.0,40.6,23.6,0.6,0.0,0.0
대동역,1,수요일,하차,0.0,0.0,19.2,31.6,91.4,189.0,99.2,79.4,90.0,109.2,116.6,148.8,168.4,196.0,228.8,347.0,177.4,131.6,162.4,143.0,88.4,10.2,0.0,0.0
대동역,1,수요일,합계,0.0,0.2,78.2,136.2,356.2,632.6,295.0,227.6,249.4,265.4,290.0,307.6,322.6,379.0,443.0,578.8,294.0,206.8,222.4,183.6,112.0,10.8,0.0,0.0
대동역,1,월요일,승차,0.0,0.0,76.75,128.25,327.5,538.0,265.0,204.5,177.25,184.25,211.25,205.0,198.25,191.75,260.5,260.25,105.0,77.5,62.25,41.75,18.25,1.5,0.0,0.0
대동역,1,월요일,하차,0.0,0.0,16.75,27.0,83.5,225.5,105.75,103.75,121.75,137.25,170.75,178.75,199.25,246.0,276.5,442.0,177.75,155.75,169.25,142.0,106.5,15.0,0.0,0.0
대동역,1,월요일,합계,0.0,0.0,93.5,155.25,411.0,763.5,370.75,308.25,299.0,321.5,382.0,383.75,397.5,437.75,537.0,702.25,282.75,233.25,231.5,183.75,124.75,16.5,0.0,0.0
대동역,1,일요일,승차,0.0,0.25,40.25,55.75,60.5,144.0,165.5,181.0,174.5,182.25,151.25,150.0,117.0,139.75,136.0,89.25,75.75,63.25,40.0,33.5,18.25,1.75,0.0,0.0
대동역,1,일요일,하차,0.0,0.0,15.25,23.25,33.75,73.0,56.25,84.75,77.25,82.25,96.25,138.0,141.75,152.5,156.5,152.75,118.75,131.25,125.0,108.5,75.0,11.75,0.0,0.0
대동역,1,일요일,합계,0.0,0.25,55.5,79.0,94.25,217.0,221.75,265.75,251.75,264.5,247.5,288.0,258.75,292.25,292.5,242.0,194.5,194.5,165.0,142.0,93.25,13.5,0.0,0.0
대동역,1,토요일,승차,0.0,0.0,62.25,84.0,133.75,196.75,236.75,220.5,225.25,238.25,199.75,162.0,158.5,200.75,231.5,146.75,100.5,69.75,49.0,40.25,24.25,2.0,0.0,0.0
대동역,1,토요일,하차,0.0,0.0,16.25,29.75,56.25,109.75,90.0,88.0,113.0,120.0,152.25,151.25,167.5,194.5,194.25,191.75,151.0,153.5,134.25,142.5,116.0,18.5,0.0,0.0
대동역,1,토요일,합계,0.0,0.0,78.5,113.75,190.0,306.5,326.75,308.5,338.25,358.25,352.0,313.25,326.0,395.25,425.75,338.5,251.5,223.25,183.25,182.75,140.25,20.5,0.0,0.0
대동역,1,화요일,승차,0.0,0.0,72.5,123.0,312.25,521.25,245.0,180.0,156.0,190.25,213.25,170.75,181.5,202.0,248.0,276.0,104.5,74.75,57.0,42.5,25.25,0.5,0.0,0.0
대동역,1,화요일,하차,0.0,0.0,16.75,27.75,94.75,221.25,113.0,100.5,118.5,132.5,131.75,154.0,191.0,241.5,287.25,427.25,181.5,156.25,162.25,154.25,89.25,10.75,0.0,0.0
대동역,1,화요일,합계,0.0,0.0,89.25,150.75,407.0,742.5,358.0,280.5,274.5,322.75,345.0,324.75,372.5,443.5,535.25,703.25,286.0,231.0,219.25,196.75,114.5,11.25,0.0,0.0
대동역,2,금요일,승차,0.0,0.25,82.0,130.5,387.75,659.75,289.75,207.5,183.75,231.5,220.0,198.0,211.25,243.25,315.5,365.0,156.5,99.0,67.0,66.25,36.25,0.5,0.0,0.0
대동역,2,금요일,하차,0.0,0.0,19.75,22.75,110.0,260.25,168.0,129.75,154.75,160.25,159.0,188.0,219.75,245.25,333.75,493.5,231.25,180.0,193.75,196.25,130.25,18.25,0.0,0.0
대동역,2,금요일,합계,0.0,0.25,101.75,153.25,497.75,920.0,457.75,337.25,338.5,391.75,379.0,386.0,431.0,488.5,649.25,858.5,387.75,279.0,260.75,262.5,166.5,18.75,0.0,0.0
대동역,2,목요일,승차,0.0,0.0,81.75,139.5,378.25,658.25,266.5,190.5,201.25,227.75,212.75,189.5,195.75,240.75,277.25,305.25,137.0,95.75,63.0,54.0,27.25,0.0,0.0,0.0
대동역,2,목요일,하차,0.0,0.0,19.75,29.5,110.5,263.25,134.5,127.0,142.75,143.0,158.0,177.25,227.25,268.0,312.5,507.0,235.25,185.75,208.25,195.25,110.75,14.5,0.0,0.0
대동역,2,목요일,합계,0.0,0.0,101.5,169.0,488.75,921.5,401.0,317.5,344.0,370.75,370.75,366.75,423.0,508.75,589.75,812.25,372.25,281.5,271.25,249.25,138.0,14.5,0.0,0.0
대동역,2,수요일,승차,0.0,0.0,78.75,130.5,385.25,688.5,246.25,197.0,202.5,207.25,211.5,189.25,167.75,220.75,272.0,326.75,148.75,85.25,69.75,44.0,30.0,0.75,0.0,0.0
대동역,2,수요일,하차,0.0,0.0,18.25,22.5,106.25,276.75,115.75,109.0,119.5,145.75,135.25,193.75,213.75,257.5,316.5,514.25,223.75,179.75,215.75,198.5,124.0,15.5,0.0,0.0
대동역,2,수요일,합계,0.0,0.0,97.0,153.0,491.5,965.25,362.0,306.0,322.0,353.0,346.75,383.0,381.5,478.25,588.5,841.0,372.5,265.0,285.5,242.5,154.0,16.25,0.0,0.0
대동역,2,월요일,승차,0.0,0.0,81.25,139.5,383.75,665.5,270.0,196.0,163.75,260.5,226.0,205.75,196.0,236.25,263.5,289.5,124.75,89.25,64.25,46.0,24.25,0.5,0.0,0.0
대동역,2,월요일,하차,0.0,0.0,18.0,24.5,102.75,264.0,139.0,109.0,133.5,163.75,152.5,173.75,239.25,272.75,306.0,527.5,236.25,186.0,172.0,150.0,111.5,14.5,0.0,0.0
대동역,2,월요일,합계,0.0,0.0,99.25,164.0,486.5,929.5,409.0,305.0,297.25,424.25,378.5,379.5,435.25,509.0,569.5,817.0,361.0,275.25,236.25,196.0,135.75,15.0,0.0,0.0
대동역,2,일요일,승차,0.0,0.75,40.25,55.75,72.25,142.5,176.75,175.25,176.25,209.5,157.0,160.0,138.0,140.0,129.0,97.25,84.5,57.5,39.25,28.5,22.5,2.25,0.0,0.0
대동역,2,일요일,하차,0.0,1.0,16.75,21.0,35.5,55.0,66.0,86.5,97.5,84.0,109.75,146.0,141.5,177.5,158.5,149.5,119.75,125.75,117.75,128.0,81.25,12.75,0.0,0.0
대동역,2,일요일,합계,0.0,1.75,57.0,76.75,107.75,197.5,242.75,261.75,273.75,293.5,266.75,306.0,279.5,317.5,287.5,246.75,204.25,183.25,157.0,156.5,103.75,15.0,0.0,0.0
대동역,2,토요일,승차,0.0,0.0,59.75,92.0,139.5,193.75,231.75,225.75,219.5,234.0,243.0,206.75,182.0,197.0,209.25,165.25,98.5,81.0,60.5,43.5,24.75,3.25,1.5,0.0
대동역,2,토요일,하차,0.0,0.0,18.5,23.25,51.5,119.75,97.75,87.25,118.0,138.0,149.25,145.5,170.5,209.25,220.75,221.5,149.5,161.5,145.0,141.5,124.25,16.5,1.5,0.0
대동역,2,토요일,합계,0.0,0.0,78.25,115.25,191.0,313.5,329.5,313.0,337.5,372.0,392.25,352.25,352.5,406.25,430.0,386.75,248.0,242.5,205.5,185.0,149.0,19.75,3.0,0.0
대동역,2,화요일,승차,0.0,0.0,86.75,129.5,389.0,683.0,255.75,204.25,210.0,226.25,205.75,185.75,180.25,223.5,250.5,310.25,123.0,93.75,66.0,46.0,27.0,3.0,1.0,0.0
대동역,2,화요일,하차,0.0,0.0,21.75,24.75,121.25,264.5,130.5,103.5,138.0,162.25,144.75,170.75,207.25,272.75,311.25,532.5,226.5,179.75,183.25,172.75,91.75,23.75,1.0,0.0
대동역,2,화요일,합계,0.0,0.0,108.5,154.25,510.25,947.5,386.25,307.75,348.0,388.5,350.5,356.5,387.5,496.25,561.75,842.75,349.5,273.5,249.25,218.75,118.75,26.75,2.0,0.0
대동역,3,금요일,승차,0.0,0.0,86.5,136.25,435.5,664.5,296.75,207.5,206.75,296.5,265.0,236.5,515.75,391.25,384.75,443.5,191.25,123.5,119.5,59.25,48.25,0.0,0.0,0.0
대동역,3,금요일,하차,0.0,0.0,22.0,27.75,252.25,440.25,179.0,137.0,152.75,183.25,184.5,200.5,267.5,305.5,359.75,547.25,258.75,185.5,219.5,219.25,139.25,17.25,0.0,0.0
대동역,3,금요일,합계,0.0,0.0,108.5,164.0,687.75,1104.75,475.75,344.5,359.5,479.75,449.5,437.0,783.25,696.75,744.5,990.75,450.0,309.0,339.0,278.5,187.5,17.25,0.0,0.0
대동역,3,목요일,승차,0.0,0.0,80.75,138.25,438.25,667.75,271.5,197.75,186.0,229.0,232.0,244.5,286.25,521.75,408.75,450.25,173.5,107.5,144.5,87.0,40.25,1.0,0.0,0.0
대동역,3,목요일,하차,0.0,0.0,21.25,29.25,251.5,488.25,245.0,186.25,160.75,230.0,181.0,178.5,225.25,285.0,332.75,524.75,228.5,205.25,214.0,194.25,131.25,15.0,0.0,0.0
대동역,3,목요일,합계,0.0,0.0,102.0,167.5,689.75,1156.0,516.5,384.0,346.75,459.0,413.0,423.0,511.5,806.75,741.5,975.0,402.0,312.75,358.5,281.25,171.5,16.0,0.0,0.0
대동역,3,수요일,승차,0.0,0.0,83.25,137.25,442.5,692.0,272.0,195.5,213.75,254.5,220.75,204.25,333.5,524.5,456.25,511.5,212.0,118.0,140.25,77.0,37.25,2.0,0.0,0.0
대동역,3,수요일,하차,0.0,0.0,20.0,28.75,265.75,499.0,262.5,190.5,153.25,193.75,194.25,216.75,253.75,288.75,341.0,542.25,235.0,200.5,238.75,206.25,126.75,18.0,0.0,0.0
대동역,3,수요일,합계,0.0,0.0,103.25,166.0,708.25,1191.0,534.5,386.0,367.0,448.25,415.0,421.0,587.25,813.25,797.25,1053.75,447.0,318.5,379.0,283.25,164.0,20.0,0.0,0.0
대동역,3,월요일,승차,0.0,0.0,73.2,115.6,375.6,557.6,246.2,192.0,160.2,233.2,219.8,217.4,256.4,416.2,361.6,373.2,163.2,102.4,132.2,66.8,32.4,0.6,0.0,0.0
대동역,3,월요일,하차,0.0,0.0,15.6,23.6,192.2,472.2,194.4,170.0,139.6,185.6,154.8,173.4,230.0,253.0,301.0,485.6,216.8,180.6,174.0,148.6,117.4,18.4,0.0,0.0
대동역,3,월요일,합계,0.0,0.0,88.8,139.2,567.8,1029.8,440.6,362.0,299.8,418.8,374.6,390.8,486.4,669.2,662.6,858.8,380.0,283.0,306.2,215.4,149.8,19.0,0.0,0.0
대동역,3,일요일,승차,0.0,0.0,41.8,53.8,69.0,145.2,182.0,196.2,171.6,207.0,167.8,162.6,140.6,143.6,163.8,108.4,88.0,56.8,45.2,32.8,26.0,1.6,0.0,0.0
대동역,3,일요일,하차,0.0,0.0,13.8,22.0,30.8,72.2,56.8,91.0,78.2,85.6,115.0,135.6,152.4,182.8,178.4,174.4,154.6,146.0,145.4,132.6,94.6,10.6,0.0,0.0
대동역,3,일요일,합계,0.0,0.0,55.6,75.8,99.8,217.4,238.8,287.2,249.8,292.6,282.8,298.2,293.0,326.4,342.2,282.8,242.6,202.8,190.6,165.4,120.6,12.2,0.0,0.0
대동역,3,토요일,승차,0.0,1.4,60.4,89.6,139.4,219.6,260.4,242.4,256.2,248.6,231.0,199.4,191.6,201.8,246.2,174.6,117.8,87.8,72.8,54.8,30.0,0.4,0.0,0.0
대동역,3,토요일,하차,0.0,1.2,20.0,27.2,50.8,133.2,98.0,98.0,129.4,156.2,150.2,165.0,184.4,221.8,220.8,208.4,195.4,189.6,162.4,159.0,125.2,13.8,0.0,0.0
대동역,3,토요일,합계,0.0,2.6,80.4,116.8,190.2,352.8,358.4,340.4,385.6,404.8,381.2,364.4,376.0,423.6,467.0,383.0,313.2,277.4,235.2,213.8,155.2,14.2,0.0,0.0
대동역,3,화요일,승차,0.0,0.0,84.0,135.75,440.75,681.75,286.0,200.5,182.75,218.5,217.25,218.5,287.75,510.75,431.75,475.75,165.75,113.0,150.25,65.75,30.5,3.25,1.25,0.0
대동역,3,화요일,하차,0.0,0.0,21.25,35.25,253.5,522.25,281.75,184.0,147.25,221.0,174.75,175.0,224.75,291.0,344.0,529.0,222.0,189.0,195.75,182.75,107.5,20.0,1.25,0.0
대동역,3,화요일,합계,0.0,0.0,105.25,171.0,694.25,1204.0,567.75,384.5,330.0,439.5,392.0,393.5,512.5,801.75,775.75,1004.75,387.75,302.0,346.0,248.5,138.0,23.25,2.5,0.0
대동역,4,금요일,승차,0.0,0.0,84.0,135.25,438.75,659.0,301.75,208.0,210.0,274.5,235.75,250.0,458.25,370.25,413.5,408.75,186.75,127.75,111.5,82.25,54.25,2.0,0.0,0.0
대동역,4,금요일,하차,0.0,0.0,19.25,29.25,274.25,426.75,192.0,158.75,144.0,187.5,183.25,190.0,257.5,292.25,336.5,503.5,242.0,180.75,211.0,210.25,133.75,19.75,0.0,0.0
대동역,4,금요일,합계,0.0,0.0,103.25,164.5,713.0,1085.75,493.75,366.75,354.0,462.0,419.0,440.0,715.75,662.5,750.0,912.25,428.75,308.5,322.5,292.5,188.0,21.75,0.0,0.0
대동역,4,목요일,승차,0.0,0.0,85.25,139.25,443.5,659.5,290.0,190.25,181.75,240.75,256.0,230.5,276.25,518.75,382.0,460.0,182.5,123.25,154.75,76.75,46.25,2.0,0.0,0.0
대동역,4,목요일,하차,0.0,0.0,20.25,41.75,266.25,476.5,248.75,171.75,156.25,208.0,180.75,183.25,242.25,282.0,338.0,525.0,232.5,180.5,222.75,195.5,111.0,16.5,0.0,0.0
대동역,4,목요일,합계,0.0,0.0,105.5,181.0,709.75,1136.0,538.75,362.0,338.0,448.75,436.75,413.75,518.5,800.75,720.0,985.0,415.0,303.75,377.5,272.25,157.25,18.5,0.0,0.0
대동역,4,수요일,승차,0.0,0.0,85.2,138.2,443.2,682.2,304.6,213.4,238.6,252.6,256.0,225.2,324.4,443.2,428.4,471.2,188.0,122.0,163.6,65.8,49.4,1.0,0.0,0.0
대동역,4,수요일,하차,0.0,0.0,18.2,34.2,276.8,488.0,259.4,189.2,148.2,209.8,207.8,200.8,253.6,286.0,332.4,522.4,241.6,190.8,236.0,199.8,130.8,17.4,0.0,0.0
대동역,4,수요일,합계,0.0,0.0,103.4,172.4,720.0,1170.2,564.0,402.6,386.8,462.4,463.8,426.0,578.0,729.2,760.8,993.6,429.6,312.8,399.6,265.6,180.2,18.4,0.0,0.0
대동역,4,월요일,승차,0.0,0.0,87.0,134.5,443.25,677.25,294.0,203.5,188.0,237.75,255.5,215.0,293.5,467.25,392.0,383.0,173.5,103.25,142.5,78.0,39.25,0.25,0.0,0.0
대동역,4,월요일,하차,0.0,0.0,15.25,29.5,226.0,544.75,234.5,184.75,149.5,211.0,182.25,196.25,251.5,280.25,330.25,541.75,226.25,182.25,179.25,150.5,116.25,20.5,0.0,0.0
대동역,4,월요일,합계,0.0,0.0,102.25,164.0,669.25,1222.0,528.5,388.25,337.5,448.75,437.75,411.25,545.0,747.5,722.25,924.75,399.75,285.5,321.75,228.5,155.5,20.75,0.0,0.0
대동역,4,일요일,승차,0.0,0.0,55.0,64.0,82.25,161.25,176.75,209.5,179.75,192.5,166.25,157.0,142.5,148.0,168.0,117.0,92.75,56.5,40.0,34.0,25.75,3.0,0.0,0.0
대동역,4,일요일,하차,0.0,0.0,16.5,26.0,33.5,95.25,62.25,90.0,107.25,95.5,115.75,133.25,155.75,169.75,174.75,162.75,161.25,138.25,150.75,123.75,94.5,12.5,0.0,0.0
대동역,4,일요일,합계,0.0,0.0,71.5,90.0,115.75,256.5,239.0,299.5,287.0,288.0,282.0,290.25,298.25,317.75,342.75,279.75,254.0,194.75,190.75,157.75,120.25,15.5,0.0,0.0
대동역,4,토요일,승차,0.0,0.0,68.75,100.5,162.5,237.5,264.25,256.5,241.0,294.0,207.25,198.0,176.5,213.75,222.25,157.5,109.0,71.75,61.75,50.75,29.5,0.0,0.0,0.0
대동역,4,토요일,하차,0.0,0.0,20.0,26.25,64.0,186.5,98.0,110.25,147.5,141.0,169.5,146.25,178.5,193.0,198.0,192.5,178.5,182.5,174.5,151.5,119.0,15.75,0.0,0.0
대동역,4,토요일,합계,0.0,0.0,88.75,126.75,226.5,424.0,362.25,366.75,388.5,435.0,376.75,344.25,355.0,406.75,420.25,350.0,287.5,254.25,236.25,202.25,148.5,15.75,0.0,0.0
대동역,4,화요일,승차,0.0,0.0,83.0,139.0,460.2,677.6,289.6,200.6,198.6,219.4,246.6,206.4,278.6,479.2,415.6,418.8,173.0,121.6,158.0,71.2,36.8,2.6,0.0,0.0
대동역,4,화요일,하차,0.0,0.0,20.4,34.8,269.8,487.0,283.4,182.0,153.6,194.8,177.0,197.6,228.0,294.4,327.4,539.2,219.6,191.8,207.8,173.2,114.8,20.2,0.0,0.0
대동역,4,화요일,합계,0.0,0.0,103.4,173.8,730.0,1164.6,573.0,382.6,352.2,414.2,423.6,404.0,506.6,773.6,743.0,958.0,392.6,313.4,365.8,244.4,151.6,22.8,0.0,0.0
대동역,5,금요일,승차,0.0,0.0,91.8,139.6,436.2,661.4,274.2,214.4,220.8,291.2,245.8,241.2,397.6,431.6,393.8,386.6,185.0,133.0,91.2,68.4,36.6,1.0,0.0,0.0
대동역,5,금요일,하차,0.0,0.0,19.4,33.8,253.6,413.6,189.0,163.4,157.4,190.6,185.4,203.2,259.4,300.2,325.4,516.0,245.4,189.6,205.4,188.0,141.4,20.6,0.0,0.0
대동역,5,금요일,합계,0.0,0.0,111.2,173.4,689.8,1075.0,463.2,377.8,378.2,481.8,431.2,444.4,657.0,731.8,719.2,902.6,430.4,322.6,296.6,256.4,178.0,21.6,0.0,0.0
대동역,5,목요일,승차,0.0,0.2,80.8,130.2,411.0,596.6,292.6,252.2,186.8,233.8,251.2,235.6,265.4,458.0,367.8,398.8,155.0,103.4,137.0,66.0,44.4,0.4,0.0,0.0
대동역,5,목요일,하차,0.0,0.2,19.6,37.8,269.2,397.0,228.2,177.2,162.4,203.2,179.2,190.6,228.2,267.8,298.6,485.2,222.4,178.2,209.4,181.4,138.8,16.0,0.0,0.0
대동역,5,목요일,합계,0.0,0.4,100.4,168.0,680.2,993.6,520.8,429.4,349.2,437.0,430.4,426.2,493.6,725.8,666.4,884.0,377.4,281.6,346.4,247.4,183.2,16.4,0.0,0.0
대동역,5,수요일,승차,0.0,0.0,89.5,151.25,462.75,687.25,272.0,215.25,218.75,240.0,243.25,235.5,370.25,451.5,415.5,462.25,192.25,132.75,152.5,65.75,47.75,1.75,0.0,0.0
대동역,5,수요일,하차,0.0,0.0,20.75,42.0,293.25,473.5,262.25,198.25,162.5,185.25,206.75,220.75,258.0,286.0,326.0,551.75,249.75,202.0,233.75,202.75,141.75,18.5,0.0,0.0
대동역,5,수요일,합계,0.0,0.0,110.25,193.25,756.0,1160.75,534.25,413.5,381.25,425.25,450.0,456.25,628.25,737.5,741.5,1014.0,442.0,334.75,386.25,268.5,189.5,20.25,0.0,0.0
대동역,5,월요일,승차,0.0,1.75,78.75,119.75,364.5,539.0,252.75,176.5,191.75,207.5,200.25,201.5,245.25,385.0,333.5,335.0,133.0,107.75,130.25,101.5,54.25,0.0,0.0,0.0
대동역,5,월요일,하차,0.0,1.5,16.5,36.0,171.75,431.0,189.75,156.5,148.0,172.75,145.25,175.0,223.75,257.25,304.0,478.75,211.0,177.25,168.0,147.0,117.25,16.5,0.0,0.0
대동역,5,월요일,합계,0.0,3.25,95.25,155.75,536.25,970.0,442.5,333.0,339.75,380.25,345.5,376.5,469.0,642.25,637.5,813.75,344.0,285.0,298.25,248.5,171.5,16.5,0.0,0.0
대동역,5,일요일,승차,0.0,2.25,54.25,65.75,85.5,165.5,188.5,206.75,176.0,209.0,183.5,195.5,161.25,164.25,152.0,99.0,92.75,65.75,53.0,42.25,33.5,1.0,0.0,0.0
대동역,5,일요일,하차,0.0,1.25,15.0,30.25,36.25,91.75,69.75,102.75,106.5,98.25,110.75,150.5,159.75,188.25,183.75,177.0,145.75,150.25,143.0,127.0,108.25,10.0,0.0,0.0
대동역,5,일요일,합계,0.0,3.5,69.25,96.0,121.75,257.25,258.25,309.5,282.5,307.25,294.25,346.0,321.0,352.5,335.75,276.0,238.5,216.0,196.0,169.25,141.75,11.0,0.0,0.0
대동역,5,토요일,승차,0.0,0.2,64.4,99.2,153.8,226.4,267.0,244.0,248.6,266.2,224.0,205.0,198.0,245.0,243.6,160.2,115.6,90.0,68.2,50.6,34.8,0.0,0.0,0.0
대동역,5,토요일,하차,0.0,0.0,17.6,28.8,74.4,145.8,107.2,103.0,124.2,155.0,164.4,153.6,186.8,208.2,193.0,211.2,196.4,192.2,151.6,179.2,125.4,16.4,0.0,0.0
대동역,5,토요일,합계,0.0,0.2,82.0,128.0,228.2,372.2,374.2,347.0,372.8,421.2,388.4,358.6,384.8,453.2,436.6,371.4,312.0,282.2,219.8,229.8,160.2,16.4,0.0,0.0
대동역,5,화요일,승차,0.0,0.25,81.25,122.0,370.75,549.75,256.0,196.5,178.0,206.5,208.75,183.0,240.0,387.75,344.5,355.5,155.25,150.0,176.25,93.25,51.0,3.25,0.0,0.0
대동역,5,화요일,하차,0.0,0.0,20.5,34.75,220.75,392.0,232.75,160.25,149.0,172.75,174.75,165.25,217.25,271.0,312.0,476.5,223.75,183.25,187.5,185.25,133.0,22.5,0.0,0.0
대동역,5,화요일,합계,0.0,0.25,101.75,156.75,591.5,941.75,488.75,356.75,327.0,379.25,383.5,348.25,457.25,658.75,656.5,832.0,379.0,333.25,363.75,278.5,184.0,25.75,0.0,0.0
대동역,6,금요일,승차,0.0,0.25,82.75,132.25,367.25,519.0,260.25,224.75,205.5,222.0,222.25,206.25,304.25,310.5,345.0,330.75,155.0,135.5,83.25,63.0,35.5,0.5,0.0,0.0
대동역,6,금요일,하차,0.0,0.0,19.0,43.25,223.0,308.5,159.75,126.25,123.75,147.0,182.0,166.25,226.25,267.0,288.25,400.25,212.5,175.75,169.25,190.5,134.0,19.5,0.0,0.0
대동역,6,금요일,합계,0.0,0.25,101.75,175.5,590.25,827.5,420.0,351.0,329.25,369.0,404.25,372.5,530.5,577.5,633.25,731.0,367.5,311.25,252.5,253.5,169.5,20.0,0.0,0.0
대동역,6,목요일,승차,0.0,0.25,89.5,147.75,462.0,672.5,272.75,211.75,209.75,243.0,256.25,254.75,247.75,448.5,362.25,404.5,170.0,134.25,130.5,78.5,43.0,2.5,0.0,0.0
대동역,6,목요일,하차,0.0,0.0,19.25,47.75,274.75,409.75,206.0,153.5,158.75,208.0,192.25,188.25,240.5,298.5,312.75,515.0,233.5,182.75,216.5,191.75,134.0,19.25,0.0,0.0
대동역,6,목요일,합계,0.0,0.25,108.75,195.5,736.75,1082.25,478.75,365.25,368.5,451.0,448.5,443.0,488.25,747.0,675.0,919.5,403.5,317.0,347.0,270.25,177.0,21.75,0.0,0.0
대동역,6,수요일,승차,0.0,2.0,82.5,159.75,451.5,672.75,266.5,229.0,216.0,211.0,244.25,256.25,298.75,417.5,378.25,389.0,172.75,136.0,136.25,55.5,42.5,0.25,0.0,0.0
대동역,6,수요일,하차,0.0,1.25,20.75,44.75,265.5,402.25,199.0,159.75,143.75,187.25,186.75,192.25,244.5,301.5,335.0,523.75,237.0,188.75,234.0,226.75,132.25,11.75,0.0,0.0
대동역,6,수요일,합계,0.0,3.25,103.25,204.5,717.0,1075.0,465.5,388.75,359.75,398.25,431.0,448.5,543.25,719.0,713.25,912.75,409.75,324.75,370.25,282.25,174.75,12.0,0.0,0.0
대동역,6,월요일,승차,0.0,0.2,82.4,153.4,446.8,658.6,275.6,208.4,197.4,226.0,213.8,205.2,269.0,417.0,332.2,351.2,146.4,123.0,129.4,65.4,38.6,0.8,0.0,0.0
대동역,6,월요일,하차,0.0,0.0,18.8,39.4,233.4,447.8,189.0,162.8,143.6,185.0,172.6,183.4,242.2,288.2,317.0,514.6,243.8,178.4,184.8,169.4,127.0,18.2,0.0,0.0
대동역,6,월요일,합계,0.0,0.2,101.2,192.8,680.2,1106.4,464.6,371.2,341.0,411.0,386.4,388.6,511.2,705.2,649.2,865.8,390.2,301.4,314.2,234.8,165.6,19.0,0.0,0.0
대동역,6,일요일,승차,0.0,0.2,48.4,65.2,84.0,164.6,192.4,192.6,180.4,187.0,153.0,145.0,126.8,150.0,143.8,98.4,76.2,55.2,51.8,37.0,28.2,3.0,0.0,0.0
대동역,6,일요일,하차,0.0,0.0,15.0,33.2,41.2,77.8,57.2,95.2,95.0,94.4,109.8,145.0,145.0,167.4,163.6,160.8,129.2,141.8,127.2,130.8,99.4,14.4,0.0,0.0
대동역,6,일요일,합계,0.0,0.2,63.4,98.4,125.2,242.4,249.6,287.8,275.4,281.4,262.8,290.0,271.8,317.4,307.4,259.2,205.4,197.0,179.0,167.8,127.6,17.4,0.0,0.0
대동역,6,토요일,승차,0.0,0.0,63.5,88.0,150.0,229.75,253.25,213.5,216.5,243.5,202.0,183.0,163.5,210.5,219.5,173.25,98.75,80.75,75.75,56.75,32.5,1.0,0.0,0.0
대동역,6,토요일,하차,0.0,0.0,17.75,26.25,63.75,147.75,87.0,99.25,135.0,154.5,157.5,147.75,185.5,178.0,197.75,200.75,155.5,161.25,168.5,142.5,124.5,14.75,0.0,0.0
대동역,6,토요일,합계,0.0,0.0,81.25,114.25,213.75,377.5,340.25,312.75,351.5,398.0,359.5,330.75,349.0,388.5,417.25,374.0,254.25,242.0,244.25,199.25,157.0,15.75,0.0,0.0
대동역,6,화요일,승차,0.0,0.0,81.5,140.5,365.5,557.25,252.25,206.25,196.0,209.0,238.0,212.75,230.75,374.75,286.25,319.25,142.75,119.0,129.5,60.75,38.75,0.75,0.0,0.0
대동역,6,화요일,하차,0.0,0.0,20.0,39.75,231.25,327.0,182.5,142.5,145.25,171.75,176.25,168.5,226.75,260.5,278.25,446.75,197.0,187.75,196.5,176.75,118.75,21.75,0.0,0.0
대동역,6,화요일,합계,0.0,0.0,101.5,180.25,596.75,884.25,434.75,348.75,341.25,380.75,414.25,381.25,457.5,635.25,564.5,766.0,339.75,306.75,326.0,237.5,157.5,22.5,0.0,0.0
대동역,7,금요일,승차,0.0,0.0,84.75,165.0,433.75,658.25,276.5,214.0,261.0,243.5,203.25,198.0,266.5,330.0,360.25,328.5,150.25,109.25,84.25,66.75,35.75,0.25,0.0,0.0
대동역,7,금요일,하차,0.0,0.0,24.25,38.25,234.25,307.0,120.0,119.75,134.25,142.0,161.75,169.5,227.25,269.25,325.5,493.5,236.25,173.0,199.5,187.0,139.75,20.0,0.0,0.0
대동역,7,금요일,합계,0.0,0.0,109.0,203.25,668.0,965.25,396.5,333.75,395.25,385.5,365.0,367.5,493.75,599.25,685.75,822.0,386.5,282.25,283.75,253.75,175.5,20.25,0.0,0.0
대동역,7,목요일,승차,0.0,0.2,83.6,161.6,442.8,647.4,258.0,192.6,161.4,207.8,179.8,174.2,196.0,324.8,311.8,326.6,120.0,102.6,91.8,53.8,33.2,1.2,0.0,0.0
대동역,7,목요일,하차,0.0,0.0,20.2,41.0,213.6,312.2,149.4,103.0,126.8,164.0,149.0,145.4,195.6,248.0,307.4,512.2,210.0,175.6,195.2,196.2,124.0,16.2,0.0,0.0
대동역,7,목요일,합계,0.0,0.2,103.8,202.6,656.4,959.6,407.4,295.6,288.2,371.8,328.8,319.6,391.6,572.8,619.2,838.8,330.0,278.2,287.0,250.0,157.2,17.4,0.0,0.0
대동역,7,수요일,승차,0.0,1.2,82.6,168.0,437.0,666.8,258.8,245.6,222.0,230.6,192.6,169.6,224.6,275.2,328.8,314.0,138.6,97.2,101.8,47.0,28.4,0.0,0.0,0.0
대동역,7,수요일,하차,0.0,0.0,21.2,44.0,218.2,304.2,149.4,103.6,120.4,138.4,161.6,172.6,220.6,241.8,321.2,511.6,225.8,179.8,205.6,195.6,115.4,12.6,0.0,0.0
대동역,7,수요일,합계,0.0,1.2,103.8,212.0,655.2,971.0,408.2,349.2,342.4,369.0,354.2,342.2,445.2,517.0,650.0,825.6,364.4,277.0,307.4,242.6,143.8,12.6,0.0,0.0
대동역,7,월요일,승차,0.0,1.0,87.25,166.0,433.0,638.0,278.0,206.0,157.25,206.0,196.0,175.25,168.75,320.5,322.75,308.25,121.5,89.75,92.75,46.5,28.0,0.25,0.0,0.0
대동역,7,월요일,하차,0.0,0.0,23.0,40.0,185.75,360.25,148.5,115.5,124.25,145.0,141.75,176.0,222.75,263.25,321.75,503.5,222.0,153.0,187.25,170.5,96.25,15.25,0.0,0.0
대동역,7,월요일,합계,0.0,1.0,110.25,206.0,618.75,998.25,426.5,321.5,281.5,351.0,337.75,351.25,391.5,583.75,644.5,811.75,343.5,242.75,280.0,217.0,124.25,15.5,0.0,0.0
대동역,7,일요일,승차,0.0,0.0,46.5,66.25,81.5,156.5,181.25,174.5,160.0,181.25,156.5,135.5,114.25,159.75,136.5,97.75,70.25,57.0,44.75,28.0,20.0,1.0,0.0,0.0
대동역,7,일요일,하차,0.0,0.0,16.5,36.75,48.25,91.0,54.75,79.5,76.25,91.25,99.5,112.0,146.75,138.0,145.75,143.75,122.25,135.75,135.25,127.75,80.0,12.5,0.0,0.0
대동역,7,일요일,합계,0.0,0.0,63.0,103.0,129.75,247.5,236.0,254.0,236.25,272.5,256.0,247.5,261.0,297.75,282.25,241.5,192.5,192.75,180.0,155.75,100.0,13.5,0.0,0.0
대동역,7,토요일,승차,0.0,0.0,70.5,96.0,155.75,216.0,262.5,228.5,253.0,241.0,185.75,189.0,156.25,193.0,201.25,152.5,99.75,79.0,55.25,49.5,29.0,0.5,0.0,0.0
대동역,7,토요일,하차,0.0,0.0,21.0,33.5,79.5,171.25,93.0,96.25,133.75,143.0,151.0,137.25,156.5,173.5,179.5,196.25,151.75,158.5,149.75,145.5,128.5,14.75,0.0,0.0
대동역,7,토요일,합계,0.0,0.0,91.5,129.5,235.25,387.25,355.5,324.75,386.75,384.0,336.75,326.25,312.75,366.5,380.75,348.75,251.5,237.5,205.0,195.0,157.5,15.25,0.0,0.0
대동역,7,화요일,승차,0.0,0.4,86.2,160.6,452.0,656.6,299.4,219.6,173.6,224.0,197.6,176.0,184.4,315.2,324.0,312.2,122.4,90.4,99.2,44.8,21.6,1.6,0.0,0.0
대동역,7,화요일,하차,0.0,0.0,20.6,45.2,233.2,320.8,161.8,100.0,132.4,158.4,156.2,147.2,215.4,263.4,309.0,508.0,216.8,172.6,201.6,179.8,103.6,19.2,0.0,0.0
대동역,7,화요일,합계,0.0,0.4,106.8,205.8,685.2,977.4,461.2,319.6,306.0,382.4,353.8,323.2,399.8,578.6,633.0,820.2,339.2,263.0,300.8,224.6,125.2,20.8,0.0,0.0
대동역,8,금요일,승차,0.0,0.0,77.2,149.4,351.4,546.8,260.4,238.6,192.8,232.0,220.2,211.4,292.0,308.8,368.4,337.8,194.0,134.2,102.8,77.2,35.6,3.8,0.2,0.0
대동역,8,금요일,하차,0.0,0.0,22.4,40.8,168.0,246.4,111.4,102.8,145.8,137.8,159.6,163.4,222.6,250.8,318.6,444.2,239.6,219.6,223.0,243.4,152.4,69.0,16.0,0.0
대동역,8,금요일,합계,0.0,0.0,99.6,190.2,519.4,793.2,371.8,341.4,338.6,369.8,379.8,374.8,514.6,559.6,687.0,782.0,433.6,353.8,325.8,320.6,188.0,72.8,16.2,0.0
대동역,8,목요일,승차,0.0,0.0,76.5,163.0,433.0,668.5,293.25,225.5,196.5,222.75,218.25,188.0,243.0,357.75,373.0,386.0,159.75,118.0,113.0,61.0,30.0,3.75,0.0,0.0
대동역,8,목요일,하차,0.0,0.0,19.0,44.25,224.25,297.5,121.0,116.25,142.25,147.5,170.5,167.25,222.5,291.25,330.5,529.25,269.25,213.25,237.5,250.0,137.0,57.5,5.5,0.0
대동역,8,목요일,합계,0.0,0.0,95.5,207.25,657.25,966.0,414.25,341.75,338.75,370.25,388.75,355.25,465.5,649.0,703.5,915.25,429.0,331.25,350.5,311.0,167.0,61.25,5.5,0.0
대동역,8,수요일,승차,0.0,0.0,76.0,157.75,425.5,686.5,284.25,230.5,224.0,218.75,215.0,180.5,280.25,358.25,318.0,379.5,176.25,114.5,124.25,52.25,26.5,2.0,0.0,0.0
대동역,8,수요일,하차,0.0,0.0,20.25,42.75,222.25,294.5,116.5,123.75,148.5,146.75,177.0,180.75,241.5,268.0,339.5,529.5,268.75,228.0,245.5,254.75,134.75,47.0,1.5,0.0
대동역,8,수요일,합계,0.0,0.0,96.25,200.5,647.75,981.0,400.75,354.25,372.5,365.5,392.0,361.25,521.75,626.25,657.5,909.0,445.0,342.5,369.75,307.0,161.25,49.0,1.5,0.0
대동역,8,월요일,승차,0.0,1.5,77.75,166.5,408.5,616.25,269.5,215.0,187.75,210.0,207.5,180.5,203.75,355.0,321.5,318.25,133.75,95.5,102.25,49.5,26.0,1.5,0.0,0.0
대동역,8,월요일,하차,0.0,1.5,15.25,44.5,164.25,346.25,121.75,112.5,127.0,153.25,159.75,181.75,219.0,272.5,302.5,526.75,234.75,191.75,177.0,181.0,113.25,48.0,1.75,0.0
대동역,8,월요일,합계,0.0,3.0,93.0,211.0,572.75,962.5,391.25,327.5,314.75,363.25,367.25,362.25,422.75,627.5,624.0,845.0,368.5,287.25,279.25,230.5,139.25,49.5,1.75,0.0
대동역,8,일요일,승차,0.0,0.8,48.6,73.0,93.8,166.6,187.2,190.2,206.0,187.0,172.8,169.2,162.0,174.0,162.2,123.2,104.4,76.6,53.6,31.2,25.0,1.6,0.0,0.0
대동역,8,일요일,하차,0.0,0.8,14.2,34.4,51.2,67.4,64.0,103.0,99.2,103.4,103.8,138.4,158.0,173.6,165.2,180.6,148.4,177.4,157.8,166.8,131.6,44.6,0.8,0.0
대동역,8,일요일,합계,0.0,1.6,62.8,107.4,145.0,234.0,251.2,293.2,305.2,290.4,276.6,307.6,320.0,347.6,327.4,303.8,252.8,254.0,211.4,198.0,156.6,46.2,0.8,0.0
대동역,8,토요일,승차,0.0,0.6,61.0,107.0,155.4,236.8,255.2,256.2,264.2,288.0,227.4,186.8,189.6,219.4,252.6,195.8,134.4,107.6,75.0,49.4,33.6,3.4,0.0,0.0
대동역,8,토요일,하차,0.0,0.0,18.4,35.4,78.6,145.0,114.6,111.8,142.6,151.2,171.6,151.2,179.4,207.0,223.4,218.6,177.8,208.8,193.6,198.2,169.2,64.2,4.4,0.0
대동역,8,토요일,합계,0.0,0.6,79.4,142.4,234.0,381.8,369.8,368.0,406.8,439.2,399.0,338.0,369.0,426.4,476.0,414.4,312.2,316.4,268.6,247.6,202.8,67.6,4.4,0.0
대동역,8,화요일,승차,0.0,0.0,81.0,157.5,411.5,654.25,274.25,211.75,190.0,204.0,212.75,179.75,194.0,365.0,325.0,354.75,149.25,93.0,106.25,54.25,23.25,0.75,0.25,0.0
대동역,8,화요일,하차,0.0,0.0,19.5,43.25,217.25,296.75,129.25,110.0,137.0,153.5,169.0,158.75,218.75,276.0,321.5,525.25,215.75,191.0,210.75,224.25,112.25,41.0,2.25,0.0
대동역,8,화요일,합계,0.0,0.0,100.5,200.75,628.75,951.0,403.5,321.75,327.0,357.5,381.75,338.5,412.75,641.0,646.5,880.0,365.0,284.0,317.0,278.5,135.5,41.75,2.5,0.0
대전역,1,금요일,승차,0.0,1.4,22.4,89.6,320.8,570.4,455.0,567.4,591.6,673.4,666.6,764.2,890.0,997.8,1082.4,1058.0,809.8,604.0,580.6,362.4,167.2,2.6,1.8,0.0
대전역,1,금요일,하차,0.0,1.4,90.4,259.0,597.0,826.0,603.8,642.8,775.8,662.2,775.8,797.4,828.8,1033.2,1038.4,1275.6,649.4,472.0,296.2,144.8,55.4,6.2,1.8,0.0
대전역,1,금요일,합계,0.0,2.8,112.8,348.6,917.8,1396.4,1058.8,1210.2,1367.4,1335.6,1442.4,1561.6,1718.8,2031.0,2120.8,2333.6,1459.2,1076.0,876.8,507.2,222.6,8.8,3.6,0.0
대전역,1,목요일,승차,0.0,0.8,19.6,91.0,364.8,585.8,505.2,593.8,580.8,665.6,577.2,709.2,793.8,767.0,838.4,840.2,598.4,435.6,428.0,298.6,150.2,1.4,0.0,0.0
대전역,1,목요일,하차,0.0,0.6,100.8,296.6,585.4,793.0,579.8,582.6,669.4,587.2,633.2,638.6,642.4,605.0,593.0,660.6,352.8,285.2,204.4,99.4,41.0,4.4,0.0,0.0
대전역,1,목요일,합계,0.0,1.4,120.4,387.6,950.2,1378.8,1085.0,1176.4,1250.2,1252.8,1210.4,1347.8,1436.2,1372.0,1431.4,1500.8,951.2,720.8,632.4,398.0,191.2,5.8,0.0,0.0
대전역,1,수요일,승차,0.0,0.0,19.4,69.6,300.8,486.0,407.8,513.6,517.4,640.6,549.4,645.0,744.2,752.0,817.0,780.4,603.8,513.0,493.6,353.0,156.2,1.8,0.0,0.0
대전역,1,수요일,하차,0.0,0.0,85.2,244.2,477.4,700.0,569.6,524.8,650.2,560.4,589.2,611.4,634.4,603.6,558.2,574.6,336.6,268.8,204.8,102.8,36.6,4.0,0.0,0.0
대전역,1,수요일,합계,0.0,0.0,104.6,313.8,778.2,1186.0,977.4,1038.4,1167.6,1201.0,1138.6,1256.4,1378.6,1355.6,1375.2,1355.0,940.4,781.8,698.4,455.8,192.8,5.8,0.0,0.0
대전역,1,월요일,승차,0.0,0.0,25.5,123.5,504.5,791.25,572.5,620.25,655.5,712.5,646.0,746.0,774.0,799.5,775.25,768.5,522.0,374.75,364.25,276.5,121.75,0.5,0.0,0.0
대전역,1,월요일,하차,0.0,0.0,143.25,369.5,608.5,821.0,678.5,686.75,778.0,654.25,696.75,703.25,722.25,692.25,629.75,621.75,332.75,275.75,186.25,93.0,42.75,2.75,0.0,0.0
대전역,1,월요일,합계,0.0,0.0,168.75,493.0,1113.0,1612.25,1251.0,1307.0,1433.5,1366.75,1342.75,1449.25,1496.25,1491.75,1405.0,1390.25,854.75,650.5,550.5,369.5,164.5,3.25,0.0,0.0
대전역,1,일요일,승차,0.0,0.25,12.0,61.25,119.75,251.0,343.0,508.5,592.0,637.0,622.0,719.75,984.75,930.5,833.5,652.75,655.0,695.25,767.5,552.75,202.0,0.75,0.0,0.0
대전역,1,일요일,하차,0.0,0.0,55.0,144.5,246.75,427.0,522.25,621.25,740.0,647.25,756.75,737.0,690.0,633.5,555.5,484.75,432.25,378.5,219.75,75.75,29.0,3.75,0.0,0.0
대전역,1,일요일,합계,0.0,0.25,67.0,205.75,366.5,678.0,865.25,1129.75,1332.0,1284.25,1378.75,1456.75,1674.75,1564.0,1389.0,1137.5,1087.25,1073.75,987.25,628.5,231.0,4.5,0.0,0.0
대전역,1,토요일,승차,0.0,0.5,17.0,70.0,165.25,394.75,557.0,783.5,894.0,908.0,897.5,990.0,1151.75,1148.75,967.75,717.0,594.0,560.5,510.5,443.0,246.25,5.5,0.0,0.0
대전역,1,토요일,하차,0.0,0.0,79.5,238.5,416.25,654.5,827.0,943.0,1101.0,907.5,1148.5,1048.25,892.75,859.0,676.5,531.25,436.5,403.25,260.0,120.5,53.5,11.25,0.0,0.0
대전역,1,토요일,합계,0.0,0.5,96.5,308.5,581.5,1049.25,1384.0,1726.5,1995.0,1815.5,2046.0,2038.25,2044.5,2007.75,1644.25,1248.25,1030.5,963.75,770.5,563.5,299.75,16.75,0.0,0.0
대전역,1,화요일,승차,0.0,0.5,21.75,90.5,344.75,597.0,486.75,607.0,597.25,716.25,606.0,698.0,762.0,758.5,811.5,787.75,538.75,374.75,381.25,281.0,154.0,3.5,0.0,0.0
대전역,1,화요일,하차,0.0,0.5,90.25,275.5,609.5,858.0,708.75,692.0,815.0,644.0,707.5,716.0,712.5,678.0,613.0,659.25,345.0,293.0,204.25,96.75,37.0,3.75,0.0,0.0
대전역,1,화요일,합계,0.0,1.0,112.0,366.0,954.25,1455.0,1195.5,1299.0,1412.25,1360.25,1313.5,1414.0,1474.5,1436.5,1424.5,1447.0,883.75,667.75,585.5,377.75,191.0,7.25,0.0,0.0
대전역,2,금요일,승차,0.0,1.75,19.0,84.75,378.25,598.75,588.25,662.5,674.75,765.25,721.5,848.0,1016.25,1058.75,1195.75,1195.0,951.75,688.0,682.5,471.0,255.5,5.0,0.0,0.0
대전역,2,금요일,하차,0.0,1.75,95.0,310.0,735.5,1018.75,777.0,759.0,866.5,744.25,831.5,872.0,926.25,1164.25,1234.5,1464.0,764.25,569.5,391.25,173.5,72.75,6.25,0.0,0.0
대전역,2,금요일,합계,0.0,3.5,114.0,394.75,1113.75,1617.5,1365.25,1421.5,1541.25,1509.5,1553.0,1720.0,1942.5,2223.0,2430.25,2659.0,1716.0,1257.5,1073.75,644.5,328.25,11.25,0.0,0.0
대전역,2,목요일,승차,0.0,0.0,22.0,94.75,391.75,663.25,601.0,650.5,708.75,791.0,679.25,822.25,899.75,885.25,949.75,981.5,690.0,500.0,440.5,410.5,183.25,0.5,0.0,0.0
대전역,2,목요일,하차,0.0,0.0,101.5,335.25,695.75,980.75,728.25,706.75,813.25,677.5,735.0,727.25,775.5,770.25,785.5,877.75,471.75,398.75,280.25,117.0,55.25,4.25,0.0,0.0
대전역,2,목요일,합계,0.0,0.0,123.5,430.0,1087.5,1644.0,1329.25,1357.25,1522.0,1468.5,1414.25,1549.5,1675.25,1655.5,1735.25,1859.25,1161.75,898.75,720.75,527.5,238.5,4.75,0.0,0.0
대전역,2,수요일,승차,0.0,0.0,18.75,90.5,378.5,648.25,595.75,658.0,649.25,727.25,654.5,811.75,874.5,833.25,918.5,1015.0,631.5,440.5,395.75,329.25,150.25,1.0,0.0,0.0
대전역,2,수요일,하차,0.0,0.0,95.25,308.25,714.75,978.25,716.75,677.5,722.0,662.25,751.25,706.75,718.5,740.75,696.75,788.0,415.5,350.5,229.0,101.25,44.0,5.75,0.0,0.0
대전역,2,수요일,합계,0.0,0.0,114.0,398.75,1093.25,1626.5,1312.5,1335.5,1371.25,1389.5,1405.75,1518.5,1593.0,1574.0,1615.25,1803.0,1047.0,791.0,624.75,430.5,194.25,6.75,0.0,0.0
대전역,2,월요일,승차,0.0,1.0,21.0,123.0,557.5,1017.5,655.25,636.75,689.75,774.25,672.25,808.75,813.0,797.75,848.0,897.75,611.25,434.25,390.75,314.5,140.5,3.25,0.0,0.0
대전역,2,월요일,하차,0.0,1.0,162.25,454.0,689.0,961.75,710.75,666.5,758.25,617.25,636.0,694.25,715.5,663.0,662.5,744.75,398.0,317.75,199.75,90.75,38.0,4.75,0.0,0.0
대전역,2,월요일,합계,0.0,2.0,183.25,577.0,1246.5,1979.25,1366.0,1303.25,1448.0,1391.5,1308.25,1503.0,1528.5,1460.75,1510.5,1642.5,1009.25,752.0,590.5,405.25,178.5,8.0,0.0,0.0
대전역,2,일요일,승차,0.0,0.0,11.25,53.5,103.75,208.5,342.75,636.25,733.0,776.25,689.75,812.0,1020.0,988.5,917.75,729.0,706.0,768.75,826.75,682.0,274.75,3.25,0.0,0.0
대전역,2,일요일,하차,0.0,0.0,66.25,150.5,254.25,403.75,536.0,609.25,752.5,684.75,705.5,744.5,691.0,722.25,654.75,543.0,502.25,421.0,249.25,110.75,34.0,6.0,0.0,0.0
대전역,2,일요일,합계,0.0,0.0,77.5,204.0,358.0,612.25,878.75,1245.5,1485.5,1461.0,1395.25,1556.5,1711.0,1710.75,1572.5,1272.0,1208.25,1189.75,1076.0,792.75,308.75,9.25,0.0,0.0
대전역,2,토요일,승차,0.0,0.75,16.75,70.25,168.25,411.0,560.0,875.25,936.75,1125.0,1081.75,1153.5,1289.75,1163.5,1125.75,769.5,674.75,637.5,606.75,510.25,300.5,2.25,0.0,0.0
대전역,2,토요일,하차,0.0,0.5,93.5,274.75,409.75,641.0,798.0,939.25,1155.75,934.0,1048.5,1047.0,965.25,1049.5,908.5,711.5,504.75,467.25,295.5,127.25,60.0,3.25,0.0,0.0
대전역,2,토요일,합계,0.0,1.25,110.25,345.0,578.0,1052.0,1358.0,1814.5,2092.5,2059.0,2130.25,2200.5,2255.0,2213.0,2034.25,1481.0,1179.5,1104.75,902.25,637.5,360.5,5.5,0.0,0.0
대전역,2,화요일,승차,0.0,0.0,23.75,89.5,411.25,682.5,609.0,664.25,672.0,804.0,691.25,737.5,821.0,800.5,893.0,967.25,670.5,444.5,392.0,289.25,143.75,2.75,0.0,0.0
대전역,2,화요일,하차,0.0,0.0,99.5,323.0,676.25,922.25,702.0,692.5,760.25,659.5,701.5,669.5,735.75,833.0,736.0,813.75,422.75,354.25,236.25,99.5,46.75,3.75,0.0,0.0
대전역,2,화요일,합계,0.0,0.0,123.25,412.5,1087.5,1604.75,1311.0,1356.75,1432.25,1463.5,1392.75,1407.0,1556.75,1633.5,1629.0,1781.0,1093.25,798.75,628.25,388.75,190.5,6.5,0.0,0.0
대전역,3,금요일,승차,0.0,3.0,24.75,98.0,412.75,605.5,608.0,576.0,615.0,670.25,734.0,849.75,1062.5,1181.25,1213.75,1210.5,950.25,715.0,806.25,464.75,226.5,5.25,0.0,0.0
대전역,3,금요일,하차,0.0,3.0,106.75,319.25,724.0,973.5,771.5,735.5,829.25,773.5,872.5,921.5,1059.25,1248.0,1282.5,1511.75,795.0,603.75,403.25,192.25,79.25,6.75,0.0,0.0
대전역,3,금요일,합계,0.0,6.0,131.5,417.25,1136.75,1579.0,1379.5,1311.5,1444.25,1443.75,1606.5,1771.25,2121.75,2429.25,2496.25,2722.25,1745.25,1318.75,1209.5,657.0,305.75,12.0,0.0,0.0
대전역,3,목요일,승차,0.0,0.0,16.75,100.0,445.25,660.5,605.0,568.75,615.25,617.25,583.0,655.75,774.25,893.25,933.25,1006.75,673.5,463.75,401.0,321.0,162.5,5.25,0.0,0.0
대전역,3,목요일,하차,0.0,0.0,114.0,324.75,746.75,1025.75,690.0,667.75,714.25,610.5,679.5,701.75,767.0,836.25,761.0,837.5,417.0,325.5,251.25,113.5,47.25,9.0,0.0,0.0
대전역,3,목요일,합계,0.0,0.0,130.75,424.75,1192.0,1686.25,1295.0,1236.5,1329.5,1227.75,1262.5,1357.5,1541.25,1729.5,1694.25,1844.25,1090.5,789.25,652.25,434.5,209.75,14.25,0.0,0.0
대전역,3,수요일,승차,0.0,2.25,24.0,96.0,446.25,652.0,550.5,516.25,526.25,612.5,581.75,633.25,720.0,825.25,934.25,959.0,607.25,397.75,359.25,268.5,128.0,1.25,0.0,0.0
대전역,3,수요일,하차,0.0,2.25,102.75,327.75,717.25,955.75,671.0,599.75,688.25,604.0,620.5,632.0,686.75,705.5,651.5,707.25,323.75,253.25,215.75,94.75,46.5,2.5,0.0,0.0
대전역,3,수요일,합계,0.0,4.5,126.75,423.75,1163.5,1607.75,1221.5,1116.0,1214.5,1216.5,1202.25,1265.25,1406.75,1530.75,1585.75,1666.25,931.0,651.0,575.0,363.25,174.5,3.75,0.0,0.0
대전역,3,월요일,승차,0.0,0.0,20.0,127.2,628.8,815.0,664.4,687.4,660.0,703.4,657.0,733.0,783.2,838.4,888.6,881.8,596.0,500.4,448.2,337.0,161.0,0.4,0.0,0.0
대전역,3,월요일,하차,0.0,0.2,140.8,415.4,642.0,899.4,665.6,612.8,663.4,617.0,626.2,652.0,654.8,647.0,615.0,647.2,369.4,380.0,213.6,94.8,39.4,2.4,0.0,0.0
대전역,3,월요일,합계,0.0,0.2,160.8,542.6,1270.8,1714.4,1330.0,1300.2,1323.4,1320.4,1283.2,1385.0,1438.0,1485.4,1503.6,1529.0,965.4,880.4,661.8,431.8,200.4,2.8,0.0,0.0
대전역,3,일요일,승차,0.0,0.0,11.2,54.6,135.6,257.6,417.0,640.8,701.2,747.6,727.6,829.4,1067.0,1081.0,957.8,791.6,807.0,854.0,942.4,711.2,340.0,2.0,0.0,0.0
대전역,3,일요일,하차,0.0,0.0,58.8,163.0,289.6,440.8,547.8,616.4,769.2,616.6,732.4,730.4,708.0,708.2,645.4,575.2,486.0,494.0,372.4,130.6,34.8,5.0,0.0,0.0
대전역,3,일요일,합계,0.0,0.0,70.0,217.6,425.2,698.4,964.8,1257.2,1470.4,1364.2,1460.0,1559.8,1775.0,1789.2,1603.2,1366.8,1293.0,1348.0,1314.8,841.8,374.8,7.0,0.0,0.0
대전역,3,토요일,승차,0.0,0.0,21.8,84.4,219.2,466.8,640.2,835.0,999.6,946.0,948.2,1027.6,1153.4,1143.0,1036.8,791.4,683.2,662.6,609.2,557.6,282.8,1.0,0.0,0.0
대전역,3,토요일,하차,0.0,0.0,98.4,297.8,517.2,691.6,926.6,998.4,1204.2,911.2,1041.4,1003.6,912.6,960.6,775.2,640.2,563.4,536.2,321.8,127.4,59.4,5.8,0.0,0.0
대전역,3,토요일,합계,0.0,0.0,120.2,382.2,736.4,1158.4,1566.8,1833.4,2203.8,1857.2,1989.6,2031.2,2066.0,2103.6,1812.0,1431.6,1246.6,1198.8,931.0,685.0,342.2,6.8,0.0,0.0
대전역,3,화요일,승차,0.0,3.0,22.25,110.75,494.75,741.5,641.5,565.0,535.25,623.75,577.25,633.25,674.5,770.25,874.25,913.5,589.5,391.0,336.5,253.5,139.75,1.25,0.0,0.0
대전역,3,화요일,하차,0.0,2.75,124.75,375.25,727.0,970.5,682.0,607.5,674.5,580.0,614.0,618.75,650.5,672.75,643.25,680.25,313.5,247.0,202.5,101.25,39.75,2.0,0.0,0.0
대전역,3,화요일,합계,0.0,5.75,147.0,486.0,1221.75,1712.0,1323.5,1172.5,1209.75,1203.75,1191.25,1252.0,1325.0,1443.0,1517.5,1593.75,903.0,638.0,539.0,354.75,179.5,3.25,0.0,0.0
대전역,4,금요일,승차,0.0,1.75,19.5,124.25,413.0,598.0,550.25,554.0,582.75,667.25,704.75,893.75,1028.75,1124.5,1215.25,1243.25,929.0,692.5,701.25,517.75,255.5,2.75,0.0,0.0
대전역,4,금요일,하차,0.0,1.75,126.5,332.0,800.75,1026.5,789.75,744.5,822.75,769.0,845.0,883.0,984.25,1207.25,1226.0,1448.0,746.75,579.5,368.5,221.25,73.5,7.75,0.0,0.0
대전역,4,금요일,합계,0.0,3.5,146.0,456.25,1213.75,1624.5,1340.0,1298.5,1405.5,1436.25,1549.75,1776.75,2013.0,2331.75,2441.25,2691.25,1675.75,1272.0,1069.75,739.0,329.0,10.5,0.0,0.0
대전역,4,목요일,승차,0.0,0.0,24.0,119.0,475.5,641.25,568.75,556.5,586.5,647.25,601.5,719.5,768.0,893.0,939.25,1006.25,711.75,488.5,421.0,333.25,163.5,0.75,0.0,0.0
대전역,4,목요일,하차,0.0,0.0,125.5,358.25,802.25,1081.75,733.5,674.0,731.0,598.25,640.5,677.75,776.75,827.0,759.0,804.0,403.5,311.25,250.0,122.25,51.75,1.25,0.0,0.0
대전역,4,목요일,합계,0.0,0.0,149.5,477.25,1277.75,1723.0,1302.25,1230.5,1317.5,1245.5,1242.0,1397.25,1544.75,1720.0,1698.25,1810.25,1115.25,799.75,671.0,455.5,215.25,2.0,0.0,0.0
대전역,4,수요일,승차,0.0,0.6,23.6,122.6,444.0,649.6,593.8,543.8,536.2,624.2,607.6,687.8,730.2,871.6,904.2,994.4,637.8,425.2,372.6,324.6,151.8,1.6,0.0,0.0
대전역,4,수요일,하차,0.0,0.6,124.6,373.0,780.4,1007.2,692.4,637.4,679.8,608.4,681.4,674.8,744.6,755.6,697.8,799.0,370.0,278.8,232.4,122.0,56.4,2.2,0.0,0.0
대전역,4,수요일,합계,0.0,1.2,148.2,495.6,1224.4,1656.8,1286.2,1181.2,1216.0,1232.6,1289.0,1362.6,1474.8,1627.2,1602.0,1793.4,1007.8,704.0,605.0,446.6,208.2,3.8,0.0,0.0
대전역,4,월요일,승차,0.0,0.75,19.5,178.0,732.5,940.5,672.0,619.25,603.5,653.5,618.75,645.25,731.0,811.0,901.5,930.0,606.5,431.0,344.0,279.25,113.0,1.0,0.0,0.0
대전역,4,월요일,하차,0.0,0.75,201.25,523.5,804.25,1090.25,724.0,638.5,633.0,599.75,591.0,612.75,646.5,663.75,604.25,701.25,306.75,243.75,192.0,89.75,43.25,4.25,0.0,0.0
대전역,4,월요일,합계,0.0,1.5,220.75,701.5,1536.75,2030.75,1396.0,1257.75,1236.5,1253.25,1209.75,1258.0,1377.5,1474.75,1505.75,1631.25,913.25,674.75,536.0,369.0,156.25,5.25,0.0,0.0
대전역,4,일요일,승차,0.0,3.0,15.75,71.75,153.0,271.25,378.5,646.5,646.75,637.5,652.5,778.25,1028.25,983.5,968.75,785.25,788.25,895.25,935.25,733.75,357.75,2.0,0.0,0.0
대전역,4,일요일,하차,0.0,3.0,72.75,216.5,336.0,467.75,570.0,643.25,702.5,620.75,683.75,688.25,629.0,638.75,614.25,546.0,489.0,426.0,274.75,105.75,36.75,5.75,0.0,0.0
대전역,4,일요일,합계,0.0,6.0,88.5,288.25,489.0,739.0,948.5,1289.75,1349.25,1258.25,1336.25,1466.5,1657.25,1622.25,1583.0,1331.25,1277.25,1321.25,1210.0,839.5,394.5,7.75,0.0,0.0
대전역,4,토요일,승차,0.0,3.0,17.0,106.75,298.25,470.0,605.0,859.5,938.5,900.75,900.75,996.25,1090.75,1094.0,936.0,785.75,682.25,620.5,645.5,564.75,289.75,2.25,0.0,0.0
대전역,4,토요일,하차,0.0,3.25,126.0,420.5,572.25,734.25,867.0,1002.5,1083.5,878.25,1001.25,981.75,879.0,937.75,735.75,574.75,538.25,490.75,380.0,133.0,53.5,4.0,0.0,0.0
대전역,4,토요일,합계,0.0,6.25,143.0,527.25,870.5,1204.25,1472.0,1862.0,2022.0,1779.0,1902.0,1978.0,1969.75,2031.75,1671.75,1360.5,1220.5,1111.25,1025.5,697.75,343.25,6.25,0.0,0.0
대전역,4,화요일,승차,0.0,1.2,21.6,121.0,474.8,708.4,575.0,563.6,549.8,644.4,584.2,662.2,697.6,842.6,911.6,955.2,588.0,415.2,362.8,256.6,140.6,1.0,0.0,0.0
대전역,4,화요일,하차,0.0,1.2,122.6,376.2,771.6,1029.6,696.0,622.8,696.0,589.2,629.0,619.8,664.8,689.4,653.2,704.0,323.2,254.2,217.0,104.8,48.2,3.4,0.0,0.0
대전역,4,화요일,합계,0.0,2.4,144.2,497.2,1246.4,1738.0,1271.0,1186.4,1245.8,1233.6,1213.2,1282.0,1362.4,1532.0,1564.8,1659.2,911.2,669.4,579.8,361.4,188.8,4.4,0.0,0.0
대전역,5,금요일,승차,0.0,0.6,19.8,131.8,415.0,585.2,560.8,618.4,608.2,706.6,720.4,841.0,1023.4,1111.0,1179.6,1202.6,913.0,636.0,741.6,475.8,237.8,7.0,0.0,0.0
대전역,5,금요일,하차,0.0,0.0,130.0,350.4,774.8,1026.6,809.8,730.4,854.8,750.4,829.8,872.6,985.6,1154.6,1226.4,1438.4,728.4,574.8,399.2,186.0,83.4,10.6,0.0,0.0
대전역,5,금요일,합계,0.0,0.6,149.8,482.2,1189.8,1611.8,1370.6,1348.8,1463.0,1457.0,1550.2,1713.6,2009.0,2265.6,2406.0,2641.0,1641.4,1210.8,1140.8,661.8,321.2,17.6,0.0,0.0
대전역,5,목요일,승차,0.0,1.0,19.6,146.4,457.2,604.4,570.2,613.8,617.8,647.6,638.2,699.4,792.6,847.2,866.2,914.8,654.8,449.2,394.8,331.4,174.8,3.4,0.0,0.0
대전역,5,목요일,하차,0.0,1.2,145.0,387.0,763.8,994.2,754.0,711.6,717.0,635.4,645.2,681.8,736.6,771.2,763.4,801.0,407.4,321.0,259.2,117.8,44.0,3.4,0.0,0.0
대전역,5,목요일,합계,0.0,2.2,164.6,533.4,1221.0,1598.6,1324.2,1325.4,1334.8,1283.0,1283.4,1381.2,1529.2,1618.4,1629.6,1715.8,1062.2,770.2,654.0,449.2,218.8,6.8,0.0,0.0
대전역,5,수요일,승차,0.0,3.75,21.75,165.75,576.25,734.25,619.0,599.75,573.0,672.0,648.5,749.5,772.25,862.25,961.5,993.5,642.0,419.25,399.0,281.5,149.25,3.5,0.0,0.0
대전역,5,수요일,하차,0.0,3.75,163.0,421.75,832.75,1053.25,736.25,659.75,694.75,622.75,636.0,636.5,732.5,743.75,666.5,720.25,363.75,258.0,261.5,167.75,47.0,5.0,0.0,0.0
대전역,5,수요일,합계,0.0,7.5,184.75,587.5,1409.0,1787.5,1355.25,1259.5,1267.75,1294.75,1284.5,1386.0,1504.75,1606.0,1628.0,1713.75,1005.75,677.25,660.5,449.25,196.25,8.5,0.0,0.0
대전역,5,월요일,승차,0.0,0.0,16.0,174.5,629.25,846.5,681.5,695.5,677.75,746.5,652.25,753.5,779.75,806.5,880.0,915.75,635.25,484.5,436.75,358.75,173.75,1.5,0.0,0.0
대전역,5,월요일,하차,0.0,0.0,190.25,477.75,760.5,933.75,736.5,667.5,699.75,596.25,631.75,623.25,662.0,652.25,618.75,651.0,367.5,286.25,200.5,87.5,49.5,3.0,0.0,0.0
대전역,5,월요일,합계,0.0,0.0,206.25,652.25,1389.75,1780.25,1418.0,1363.0,1377.5,1342.75,1284.0,1376.75,1441.75,1458.75,1498.75,1566.75,1002.75,770.75,637.25,446.25,223.25,4.5,0.0,0.0
대전역,5,일요일,승차,0.0,1.75,15.0,110.75,194.5,326.0,469.25,718.5,740.25,715.0,689.0,825.0,1024.75,1013.25,890.25,818.75,796.5,847.75,926.25,704.5,383.0,4.5,0.0,0.0
대전역,5,일요일,하차,0.0,1.75,95.75,275.75,365.25,507.25,617.75,686.25,788.25,634.5,752.25,759.75,706.25,642.25,663.0,606.5,511.25,468.75,310.75,116.25,40.0,7.25,0.0,0.0
대전역,5,일요일,합계,0.0,3.5,110.75,386.5,559.75,833.25,1087.0,1404.75,1528.5,1349.5,1441.25,1584.75,1731.0,1655.5,1553.25,1425.25,1307.75,1316.5,1237.0,820.75,423.0,11.75,0.0,0.0
대전역,5,토요일,승차,0.0,3.0,16.6,123.2,274.2,473.6,630.4,859.6,963.0,868.2,868.4,988.6,1215.4,1127.4,1010.4,749.4,703.8,664.6,627.6,536.0,298.6,0.8,0.0,0.0
대전역,5,토요일,하차,0.0,3.0,134.6,416.0,572.0,702.8,842.6,941.6,1114.0,861.8,991.2,986.4,915.4,910.6,787.4,652.4,573.4,556.4,414.2,256.0,64.6,3.6,0.0,0.0
대전역,5,토요일,합계,0.0,6.0,151.2,539.2,846.2,1176.4,1473.0,1801.2,2077.0,1730.0,1859.6,1975.0,2130.8,2038.0,1797.8,1401.8,1277.2,1221.0,1041.8,792.0,363.2,4.4,0.0,0.0
대전역,5,화요일,승차,0.0,1.0,20.5,144.75,444.25,613.75,592.0,642.0,611.25,663.25,630.0,713.5,811.75,831.5,903.5,968.25,657.5,553.5,459.25,395.5,246.25,0.75,0.0,0.0
대전역,5,화요일,하차,0.0,1.0,142.25,362.5,689.0,905.0,667.75,632.25,704.75,624.75,652.25,611.0,666.0,718.5,660.5,703.5,356.5,308.75,230.75,129.5,69.75,3.0,0.0,0.0
대전역,5,화요일,합계,0.0,2.0,162.75,507.25,1133.25,1518.75,1259.75,1274.25,1316.0,1288.0,1282.25,1324.5,1477.75,1550.0,1564.0,1671.75,1014.0,862.25,690.0,525.0,316.0,3.75,0.0,0.0
대전역,6,금요일,승차,0.0,1.0,20.25,171.25,402.75,600.0,613.5,670.25,679.75,751.5,726.0,811.75,955.5,1020.75,1102.0,1078.75,804.0,651.75,707.25,489.75,247.5,2.75,0.0,0.0
대전역,6,금요일,하차,0.0,0.75,152.5,399.75,733.5,948.5,761.5,749.5,865.0,756.25,828.75,829.75,939.75,1070.25,1115.0,1239.0,694.25,543.5,343.25,178.5,80.0,5.25,0.0,0.0
대전역,6,금요일,합계,0.0,1.75,172.75,571.0,1136.25,1548.5,1375.0,1419.75,1544.75,1507.75,1554.75,1641.5,1895.25,2091.0,2217.0,2317.75,1498.25,1195.25,1050.5,668.25,327.5,8.0,0.0,0.0
대전역,6,목요일,승차,0.0,0.0,20.0,161.0,473.0,701.25,621.0,635.75,617.5,713.75,659.25,732.5,814.75,912.25,972.25,1048.0,780.75,484.0,503.75,392.0,181.0,2.75,0.0,0.0
대전역,6,목요일,하차,0.0,0.0,161.0,403.0,795.25,1052.0,759.5,699.0,767.5,655.5,712.0,731.0,795.25,919.0,886.5,1035.5,511.0,370.5,292.25,167.25,70.5,5.5,0.0,0.0
대전역,6,목요일,합계,0.0,0.0,181.0,564.0,1268.25,1753.25,1380.5,1334.75,1385.0,1369.25,1371.25,1463.5,1610.0,1831.25,1858.75,2083.5,1291.75,854.5,796.0,559.25,251.5,8.25,0.0,0.0
대전역,6,수요일,승차,0.0,2.0,22.0,170.75,518.25,713.75,600.5,605.0,587.75,717.0,615.0,688.25,734.5,813.5,906.25,984.5,662.0,438.75,375.75,319.5,161.0,0.5,0.0,0.0
대전역,6,수요일,하차,0.0,1.75,172.0,420.75,834.75,1021.5,712.25,642.25,728.5,629.5,654.5,678.25,754.0,758.75,700.75,747.25,344.0,298.25,243.75,129.0,51.5,4.0,0.0,0.0
대전역,6,수요일,합계,0.0,3.75,194.0,591.5,1353.0,1735.25,1312.75,1247.25,1316.25,1346.5,1269.5,1366.5,1488.5,1572.25,1607.0,1731.75,1006.0,737.0,619.5,448.5,212.5,4.5,0.0,0.0
대전역,6,월요일,승차,0.0,0.0,19.2,200.6,709.0,915.2,686.4,667.2,615.6,714.2,619.8,674.0,737.6,833.0,915.4,1087.2,656.0,450.0,383.0,298.4,143.6,1.2,0.0,0.0
대전역,6,월요일,하차,0.0,0.0,209.4,506.4,831.6,1019.0,741.8,658.6,701.2,586.0,605.2,619.0,722.2,713.8,705.2,805.2,368.4,280.4,204.6,97.8,47.4,3.4,0.0,0.0
대전역,6,월요일,합계,0.0,0.0,228.6,707.0,1540.6,1934.2,1428.2,1325.8,1316.8,1300.2,1225.0,1293.0,1459.8,1546.8,1620.6,1892.4,1024.4,730.4,587.6,396.2,191.0,4.6,0.0,0.0
대전역,6,일요일,승차,0.0,0.4,16.8,127.0,176.2,268.2,371.6,580.2,662.0,676.6,626.2,789.0,1005.6,974.8,865.8,725.4,742.6,825.0,915.8,742.8,327.6,1.8,0.0,0.0
대전역,6,일요일,하차,0.0,0.0,111.0,265.6,326.6,422.2,557.6,635.6,668.6,615.4,667.8,682.8,655.4,614.4,596.4,498.0,461.0,444.0,271.4,115.4,28.4,3.4,0.0,0.0
대전역,6,일요일,합계,0.0,0.4,127.8,392.6,502.8,690.4,929.2,1215.8,1330.6,1292.0,1294.0,1471.8,1661.0,1589.2,1462.2,1223.4,1203.6,1269.0,1187.2,858.2,356.0,5.2,0.0,0.0
대전역,6,토요일,승차,0.0,0.0,18.5,115.75,240.0,450.75,598.5,858.0,938.25,962.5,915.0,985.0,1122.25,1103.0,1020.25,789.0,673.25,637.0,612.25,553.5,295.75,6.5,0.0,0.0
대전역,6,토요일,하차,0.0,0.0,117.25,356.0,514.5,691.75,866.75,946.0,1114.0,868.0,1016.5,933.5,936.75,949.5,817.0,667.0,537.25,533.0,372.75,144.75,55.75,8.5,0.0,0.0
대전역,6,토요일,합계,0.0,0.0,135.75,471.75,754.5,1142.5,1465.25,1804.0,2052.25,1830.5,1931.5,1918.5,2059.0,2052.5,1837.25,1456.0,1210.5,1170.0,985.0,698.25,351.5,15.0,0.0,0.0
대전역,6,화요일,승차,0.0,0.0,17.0,152.75,427.5,618.0,612.25,664.0,673.75,706.25,632.25,664.5,764.25,809.25,835.0,919.0,611.25,451.25,410.25,326.25,157.5,2.0,0.0,0.0
대전역,6,화요일,하차,0.0,0.0,137.0,383.0,699.5,907.0,716.0,637.25,740.0,603.25,634.75,626.5,683.25,701.75,685.0,666.25,376.75,306.25,221.0,107.5,48.5,4.0,0.0,0.0
대전역,6,화요일,합계,0.0,0.0,154.0,535.75,1127.0,1525.0,1328.25,1301.25,1413.75,1309.5,1267.0,1291.0,1447.5,1511.0,1520.0,1585.25,988.0,757.5,631.25,433.75,206.0,6.0,0.0,0.0
대전역,7,금요일,승차,0.0,0.25,22.25,177.25,425.0,583.25,558.5,551.25,626.75,661.75,661.5,770.75,925.5,1010.75,1141.75,1208.0,867.5,646.5,640.0,464.0,254.75,1.25,0.0,0.0
대전역,7,금요일,하차,0.0,0.0,137.5,368.0,744.0,1012.25,737.0,711.5,770.5,691.75,738.25,789.0,927.0,1164.5,1223.0,1458.0,749.0,522.5,350.5,179.5,76.5,4.0,0.0,0.0
대전역,7,금요일,합계,0.0,0.25,159.75,545.25,1169.0,1595.5,1295.5,1262.75,1397.25,1353.5,1399.75,1559.75,1852.5,2175.25,2364.75,2666.0,1616.5,1169.0,990.5,643.5,331.25,5.25,0.0,0.0
대전역,7,목요일,승차,0.0,0.0,19.0,169.8,445.0,605.0,523.0,580.8,639.2,732.4,602.4,686.4,721.8,789.0,842.2,993.4,643.0,436.8,398.8,325.6,167.0,4.2,0.0,0.0
대전역,7,목요일,하차,0.0,0.0,153.8,392.0,791.6,1027.4,692.4,631.2,678.4,585.6,564.8,574.6,650.2,774.0,736.8,772.6,419.8,311.0,252.8,153.2,52.8,7.2,0.0,0.0
대전역,7,목요일,합계,0.0,0.0,172.8,561.8,1236.6,1632.4,1215.4,1212.0,1317.6,1318.0,1167.2,1261.0,1372.0,1563.0,1579.0,1766.0,1062.8,747.8,651.6,478.8,219.8,11.4,0.0,0.0
대전역,7,수요일,승차,0.0,0.0,21.0,183.4,495.0,652.8,566.8,616.0,621.0,746.6,599.0,666.2,776.4,796.8,872.2,1046.6,618.8,439.4,390.2,316.8,159.0,2.6,0.0,0.0
대전역,7,수요일,하차,0.0,0.0,158.2,396.6,801.8,1007.0,712.0,619.4,686.0,573.4,603.0,613.6,711.6,767.6,684.6,774.4,383.8,274.4,260.4,139.2,45.0,5.0,0.0,0.0
대전역,7,수요일,합계,0.0,0.0,179.2,580.0,1296.8,1659.8,1278.8,1235.4,1307.0,1320.0,1202.0,1279.8,1488.0,1564.4,1556.8,1821.0,1002.6,713.8,650.6,456.0,204.0,7.6,0.0,0.0
대전역,7,월요일,승차,0.0,0.25,24.5,216.0,722.0,942.75,712.5,665.0,691.0,710.0,633.25,701.5,746.0,793.5,866.5,968.5,601.0,390.25,371.5,291.5,119.25,1.75,0.0,0.0
대전역,7,월요일,하차,0.0,0.0,225.0,510.0,820.75,1012.5,741.0,674.5,692.0,581.5,603.5,608.25,691.0,680.5,610.25,739.0,372.5,292.75,214.75,87.0,39.0,4.0,0.0,0.0
대전역,7,월요일,합계,0.0,0.25,249.5,726.0,1542.75,1955.25,1453.5,1339.5,1383.0,1291.5,1236.75,1309.75,1437.0,1474.0,1476.75,1707.5,973.5,683.0,586.25,378.5,158.25,5.75,0.0,0.0
대전역,7,일요일,승차,0.0,0.0,14.75,168.75,211.75,272.75,364.75,568.25,648.5,696.0,670.0,799.25,994.0,963.5,871.75,749.25,731.25,833.25,881.25,743.75,305.5,1.25,0.0,0.0
대전역,7,일요일,하차,0.0,0.0,130.5,292.75,325.0,428.25,549.5,597.25,713.5,618.75,679.75,654.5,649.5,648.5,607.75,528.5,475.0,425.75,302.25,166.0,45.75,3.5,0.0,0.0
대전역,7,일요일,합계,0.0,0.0,145.25,461.5,536.75,701.0,914.25,1165.5,1362.0,1314.75,1349.75,1453.75,1643.5,1612.0,1479.5,1277.75,1206.25,1259.0,1183.5,909.75,351.25,4.75,0.0,0.0
대전역,7,토요일,승차,0.0,2.75,17.5,177.75,296.0,454.25,645.0,856.5,962.25,961.75,928.75,1038.5,1011.25,996.75,927.0,753.0,631.0,610.0,594.25,534.5,293.5,1.5,0.0,0.0
대전역,7,토요일,하차,0.0,3.0,162.0,415.0,563.75,685.25,824.75,961.5,1062.5,815.25,916.25,864.75,841.25,865.25,768.75,662.0,486.0,467.5,304.75,243.0,78.75,3.5,0.0,0.0
대전역,7,토요일,합계,0.0,5.75,179.5,592.75,859.75,1139.5,1469.75,1818.0,2024.75,1777.0,1845.0,1903.25,1852.5,1862.0,1695.75,1415.0,1117.0,1077.5,899.0,777.5,372.25,5.0,0.0,0.0
대전역,7,화요일,승차,0.0,0.0,25.0,170.2,485.8,673.2,582.0,610.2,652.0,727.6,633.4,687.2,745.4,798.4,883.6,1005.2,608.8,416.2,387.6,311.8,148.8,2.6,0.0,0.0
대전역,7,화요일,하차,0.0,0.0,148.6,404.4,778.0,1000.6,721.4,632.4,704.8,584.6,589.0,586.2,655.2,734.6,684.4,777.8,380.0,312.2,225.8,141.0,44.0,4.4,0.0,0.0
대전역,7,화요일,합계,0.0,0.0,173.6,574.6,1263.8,1673.8,1303.4,1242.6,1356.8,1312.2,1222.4,1273.4,1400.6,1533.0,1568.0,1783.0,988.8,728.4,613.4,452.8,192.8,7.0,0.0,0.0
대전역,8,금요일,승차,0.0,1.6,23.4,189.4,427.0,549.8,551.8,668.6,743.4,772.2,750.4,901.2,1015.2,1137.2,1160.4,1256.0,1011.8,832.4,916.4,677.6,364.0,166.2,8.0,0.0
대전역,8,금요일,하차,0.0,1.4,152.2,421.6,769.4,970.2,802.2,823.6,915.2,763.4,850.6,873.8,1005.0,1223.8,1325.6,1490.0,841.8,631.0,362.2,216.6,72.2,14.4,8.0,0.0
대전역,8,금요일,합계,0.0,3.0,175.6,611.0,1196.4,1520.0,1354.0,1492.2,1658.6,1535.6,1601.0,1775.0,2020.2,2361.0,2486.0,2746.0,1853.6,1463.4,1278.6,894.2,436.2,180.6,16.0,0.0
대전역,8,목요일,승차,0.0,1.75,25.5,193.5,513.5,635.5,608.25,689.75,701.0,825.75,728.75,839.75,916.0,927.25,1062.5,1167.0,869.5,612.25,588.25,490.75,275.0,83.75,1.0,0.0
대전역,8,목요일,하차,0.0,1.75,155.0,438.75,881.75,1126.5,797.75,788.75,843.0,693.0,756.75,783.25,861.5,889.75,983.0,1105.0,640.5,494.75,341.5,194.0,71.75,8.0,0.25,0.0
대전역,8,목요일,합계,0.0,3.5,180.5,632.25,1395.25,1762.0,1406.0,1478.5,1544.0,1518.75,1485.5,1623.0,1777.5,1817.0,2045.5,2272.0,1510.0,1107.0,929.75,684.75,346.75,91.75,1.25,0.0
대전역,8,수요일,승차,0.0,1.75,25.5,190.25,493.75,672.25,621.25,674.0,721.5,840.5,700.75,845.75,902.25,965.25,1007.75,1146.75,741.0,559.75,506.75,414.25,212.0,44.5,2.5,0.0
대전역,8,수요일,하차,0.0,1.75,148.25,443.75,855.25,1052.0,746.5,708.25,791.25,688.25,721.0,745.0,822.25,869.75,842.25,936.25,497.75,386.25,293.25,165.75,62.25,5.5,2.5,0.0
대전역,8,수요일,합계,0.0,3.5,173.75,634.0,1349.0,1724.25,1367.75,1382.25,1512.75,1528.75,1421.75,1590.75,1724.5,1835.0,1850.0,2083.0,1238.75,946.0,800.0,580.0,274.25,50.0,5.0,0.0
대전역,8,월요일,승차,0.0,0.0,26.75,219.75,690.75,896.25,694.0,722.25,717.5,769.75,683.75,817.25,807.25,860.75,904.75,1014.25,672.75,452.75,445.0,333.0,173.75,40.25,0.0,0.0
대전역,8,월요일,하차,0.0,0.0,208.75,534.5,862.75,1028.25,765.75,732.0,764.25,627.5,657.0,646.75,701.25,739.5,726.5,807.75,391.5,323.5,234.25,94.75,45.5,6.5,0.75,0.0
대전역,8,월요일,합계,0.0,0.0,235.5,754.25,1553.5,1924.5,1459.75,1454.25,1481.75,1397.25,1340.75,1464.0,1508.5,1600.25,1631.25,1822.0,1064.25,776.25,679.25,427.75,219.25,46.75,0.75,0.0
대전역,8,일요일,승차,0.0,0.0,16.8,162.0,216.8,286.2,375.0,590.6,686.6,763.2,705.6,826.8,1061.8,1029.6,959.6,836.6,850.2,972.0,1057.0,821.4,506.2,73.2,0.0,0.0
대전역,8,일요일,하차,0.0,0.0,122.4,283.6,335.2,448.4,562.6,617.2,712.8,630.8,726.4,697.0,705.6,705.2,618.6,650.8,564.6,502.4,366.0,147.0,57.8,11.2,0.4,0.0
대전역,8,일요일,합계,0.0,0.0,139.2,445.6,552.0,734.6,937.6,1207.8,1399.4,1394.0,1432.0,1523.8,1767.4,1734.8,1578.2,1487.4,1414.8,1474.4,1423.0,968.4,564.0,84.4,0.4,0.0
대전역,8,토요일,승차,0.0,0.0,23.0,203.4,346.2,482.6,676.8,848.8,1018.8,1092.2,943.0,1093.6,1122.6,1149.6,1094.2,860.8,742.4,747.2,760.2,647.6,453.6,112.6,0.6,0.0
대전역,8,토요일,하차,0.0,0.0,177.6,427.0,585.0,693.6,887.6,996.0,1164.0,902.8,1012.2,967.8,940.6,1028.8,878.6,790.2,635.4,607.4,430.4,168.4,73.2,7.6,0.6,0.0
대전역,8,토요일,합계,0.0,0.0,200.6,630.4,931.2,1176.2,1564.4,1844.8,2182.8,1995.0,1955.2,2061.4,2063.2,2178.4,1972.8,1651.0,1377.8,1354.6,1190.6,816.0,526.8,120.2,1.2,0.0
대전역,8,화요일,승차,0.0,0.0,20.5,171.25,482.75,686.0,620.75,687.75,711.0,826.25,701.25,792.0,872.75,949.5,957.75,1081.25,701.5,500.5,459.75,413.25,204.0,29.0,0.5,0.0
대전역,8,화요일,하차,0.0,0.0,150.75,394.25,817.75,1020.25,732.25,691.5,768.5,652.75,683.75,684.25,737.25,780.0,799.5,867.25,466.25,345.75,269.5,189.25,43.75,7.5,0.75,0.0
대전역,8,화요일,합계,0.0,0.0,171.25,565.5,1300.5,1706.25,1353.0,1379.25,1479.5,1479.0,1385.0,1476.25,1610.0,1729.5,1757.25,1948.5,1167.75,846.25,729.25,602.5,247.75,36.5,1.25,0.0
반석역,1,금요일,승차,0.0,0.0,54.6,162.8,759.4,1082.2,480.4,361.0,346.0,352.8,407.4,364.8,400.6,510.8,644.4,861.2,360.4,247.6,223.0,212.8,115.4,0.2,0.0,0.0
반석역,1,금요일,하차,0.0,0.0,42.6,145.8,360.8,578.2,229.0,192.8,224.4,268.2,295.6,328.8,389.4,543.8,752.6,1076.2,424.8,325.2,335.6,361.6,178.6,33.8,0.0,0.0
반석역,1,금요일,합계,0.0,0.0,97.2,308.6,1120.2,1660.4,709.4,553.8,570.4,621.0,703.0,693.6,790.0,1054.6,1397.0,1937.4,785.2,572.8,558.6,574.4,294.0,34.0,0.0,0.0
반석역,1,목요일,승차,0.0,0.0,52.8,156.8,666.2,950.2,432.6,319.6,289.4,314.4,352.4,304.8,345.8,378.6,468.0,698.8,315.2,236.2,232.2,181.2,105.8,0.0,0.0,0.0
반석역,1,목요일,하차,0.0,0.0,35.2,125.8,322.0,510.2,225.2,165.2,206.6,241.4,259.2,266.4,313.0,431.4,646.8,905.6,373.0,314.0,329.8,338.0,152.6,25.4,0.0,0.0
반석역,1,목요일,합계,0.0,0.0,88.0,282.6,988.2,1460.4,657.8,484.8,496.0,555.8,611.6,571.2,658.8,810.0,1114.8,1604.4,688.2,550.2,562.0,519.2,258.4,25.4,0.0,0.0
반석역,1,수요일,승차,0.0,0.0,48.8,132.4,528.0,778.8,362.0,281.6,267.4,269.2,299.6,265.2,302.0,334.8,415.6,587.2,267.8,207.6,222.0,159.6,92.2,0.0,0.0,0.0
반석역,1,수요일,하차,0.0,0.0,35.2,112.6,281.8,413.0,201.0,141.8,175.6,218.2,246.4,256.8,283.8,373.4,530.0,774.6,325.8,267.0,283.6,276.0,128.0,24.2,0.0,0.0
반석역,1,수요일,합계,0.0,0.0,84.0,245.0,809.8,1191.8,563.0,423.4,443.0,487.4,546.0,522.0,585.8,708.2,945.6,1361.8,593.6,474.6,505.6,435.6,220.2,24.2,0.0,0.0
반석역,1,월요일,승차,0.0,0.0,57.75,160.25,610.0,986.5,487.75,313.25,309.25,314.0,348.25,311.0,318.5,383.75,466.75,663.0,305.5,231.75,217.0,192.5,92.5,1.25,0.0,0.0
반석역,1,월요일,하차,0.0,0.0,30.5,131.75,317.5,477.5,226.75,167.25,221.0,253.75,273.75,278.5,318.25,445.5,647.5,941.75,378.5,314.0,309.5,325.25,147.5,25.75,0.0,0.0
반석역,1,월요일,합계,0.0,0.0,88.25,292.0,927.5,1464.0,714.5,480.5,530.25,567.75,622.0,589.5,636.75,829.25,1114.25,1604.75,684.0,545.75,526.5,517.75,240.0,27.0,0.0,0.0
반석역,1,일요일,승차,0.0,0.0,37.25,75.75,116.5,189.75,290.5,273.5,306.0,283.0,309.5,306.75,267.75,264.5,263.0,203.5,149.25,128.25,114.25,105.75,51.75,0.0,0.0,0.0
반석역,1,일요일,하차,0.0,0.0,16.5,48.75,63.0,81.75,134.25,145.25,156.25,180.0,204.75,251.25,276.25,322.5,368.0,308.25,271.75,223.75,241.25,191.75,100.0,28.75,0.0,0.0
반석역,1,일요일,합계,0.0,0.0,53.75,124.5,179.5,271.5,424.75,418.75,462.25,463.0,514.25,558.0,544.0,587.0,631.0,511.75,421.0,352.0,355.5,297.5,151.75,28.75,0.0,0.0
반석역,1,토요일,승차,0.0,0.25,49.25,99.0,190.25,301.75,419.25,398.75,445.25,445.5,410.25,352.25,349.0,406.5,408.25,274.75,195.5,171.25,156.0,140.0,85.25,0.0,0.0,0.0
반석역,1,토요일,하차,0.0,0.0,26.75,81.75,119.75,187.5,197.75,195.0,219.25,245.5,301.5,300.5,308.25,416.75,486.25,381.5,296.0,303.75,312.25,234.75,156.5,43.0,0.0,0.0
반석역,1,토요일,합계,0.0,0.25,76.0,180.75,310.0,489.25,617.0,593.75,664.5,691.0,711.75,652.75,657.25,823.25,894.5,656.25,491.5,475.0,468.25,374.75,241.75,43.0,0.0,0.0
반석역,1,화요일,승차,0.0,0.25,53.5,158.0,654.0,929.25,457.0,337.0,321.25,293.75,329.75,283.0,316.25,342.75,462.5,701.25,280.75,219.25,203.75,184.5,91.75,0.0,0.0,0.0
반석역,1,화요일,하차,0.0,0.0,38.75,129.5,306.75,490.5,227.25,172.25,220.75,237.75,260.75,287.25,325.5,445.25,598.0,882.0,371.0,287.0,321.0,318.5,135.25,24.75,0.0,0.0
반석역,1,화요일,합계,0.0,0.25,92.25,287.5,960.75,1419.75,684.25,509.25,542.0,531.5,590.5,570.25,641.75,788.0,1060.5,1583.25,651.75,506.25,524.75,503.0,227.0,24.75,0.0,0.0
반석역,2,금요일,승차,0.0,0.0,57.0,178.25,835.25,1150.25,520.75,400.75,365.75,385.25,431.0,412.5,413.0,522.5,688.0,898.5,417.75,276.5,220.25,229.5,116.5,0.0,0.0,0.0
반석역,2,금요일,하차,0.0,0.0,39.25,157.0,375.5,622.0,267.5,201.5,236.5,298.5,330.75,335.0,407.0,560.75,786.75,1155.0,477.75,365.75,389.75,419.5,190.75,41.75,0.0,0.0
반석역,2,금요일,합계,0.0,0.0,96.25,335.25,1210.75,1772.25,788.25,602.25,602.25,683.75,761.75,747.5,820.0,1083.25,1474.75,2053.5,895.5,642.25,610.0,649.0,307.25,41.75,0.0,0.0
반석역,2,목요일,승차,0.0,0.25,67.25,190.0,859.0,1127.0,518.5,377.0,361.5,372.0,409.0,325.0,362.5,435.25,554.25,785.5,371.0,289.0,273.25,233.0,116.5,3.0,0.0,0.0
반석역,2,목요일,하차,0.0,0.0,37.75,153.0,390.75,631.25,260.25,185.5,233.25,263.5,294.25,322.75,367.75,525.25,689.0,1177.0,419.75,396.0,394.25,411.75,166.0,33.5,0.0,0.0
반석역,2,목요일,합계,0.0,0.25,105.0,343.0,1249.75,1758.25,778.75,562.5,594.75,635.5,703.25,647.75,730.25,960.5,1243.25,1962.5,790.75,685.0,667.5,644.75,282.5,36.5,0.0,0.0
반석역,2,수요일,승차,0.0,0.0,57.0,180.25,825.25,1262.0,540.25,372.5,353.5,351.25,397.0,336.25,358.5,404.0,534.25,834.0,353.75,261.25,276.25,211.5,106.75,0.0,0.0,0.0
반석역,2,수요일,하차,0.0,0.0,41.5,145.5,393.75,643.0,277.25,168.0,231.75,270.25,314.25,313.5,394.0,499.5,733.75,1188.5,442.75,364.5,395.25,367.5,156.25,23.25,0.0,0.0
반석역,2,수요일,합계,0.0,0.0,98.5,325.75,1219.0,1905.0,817.5,540.5,585.25,621.5,711.25,649.75,752.5,903.5,1268.0,2022.5,796.5,625.75,671.5,579.0,263.0,23.25,0.0,0.0
반석역,2,월요일,승차,0.0,0.25,67.5,191.0,839.25,1219.75,532.5,389.0,348.25,356.75,389.0,319.0,338.75,392.5,476.25,793.5,330.25,255.0,229.5,190.5,108.5,1.25,0.0,0.0
반석역,2,월요일,하차,0.0,0.0,36.5,166.75,373.25,592.0,240.25,176.25,237.75,268.25,329.25,315.75,376.25,462.5,741.5,1162.0,451.25,341.5,335.0,314.25,144.25,24.0,0.0,0.0
반석역,2,월요일,합계,0.0,0.25,104.0,357.75,1212.5,1811.75,772.75,565.25,586.0,625.0,718.25,634.75,715.0,855.0,1217.75,1955.5,781.5,596.5,564.5,504.75,252.75,25.25,0.0,0.0
반석역,2,일요일,승차,0.0,0.0,33.25,69.75,119.0,200.75,289.0,315.0,331.5,381.25,399.5,299.75,286.5,246.75,243.5,197.5,145.0,133.0,114.75,102.5,48.0,0.0,0.0,0.0
반석역,2,일요일,하차,0.0,0.0,15.5,45.5,60.0,92.25,140.0,151.0,161.75,182.75,235.25,259.0,298.25,415.5,426.0,310.0,302.25,265.25,259.0,176.25,98.5,21.5,0.0,0.0
반석역,2,일요일,합계,0.0,0.0,48.75,115.25,179.0,293.0,429.0,466.0,493.25,564.0,634.75,558.75,584.75,662.25,669.5,507.5,447.25,398.25,373.75,278.75,146.5,21.5,0.0,0.0
반석역,2,토요일,승차,0.0,0.0,48.25,102.5,204.75,350.0,418.25,406.75,491.75,472.75,522.25,426.5,365.0,383.25,404.75,298.5,199.0,180.75,177.25,148.25,73.5,0.75,0.0,0.0
반석역,2,토요일,하차,0.0,0.0,28.0,82.75,131.0,186.5,205.75,171.25,220.0,256.75,317.75,307.0,364.25,468.25,610.0,463.25,372.75,318.5,326.25,245.5,169.25,34.5,0.0,0.0
반석역,2,토요일,합계,0.0,0.0,76.25,185.25,335.75,536.5,624.0,578.0,711.75,729.5,840.0,733.5,729.25,851.5,1014.75,761.75,571.75,499.25,503.5,393.75,242.75,35.25,0.0,0.0
반석역,2,화요일,승차,0.0,0.0,65.25,185.5,840.25,1216.0,522.75,375.0,361.25,346.5,379.25,335.0,357.0,384.5,530.25,799.5,331.0,276.25,254.5,210.5,94.5,1.25,0.0,0.0
반석역,2,화요일,하차,0.0,0.0,35.5,150.5,376.75,634.5,262.5,180.0,235.25,272.75,283.5,298.75,380.25,483.5,765.75,1129.0,421.0,359.75,365.0,389.25,150.0,28.75,0.0,0.0
반석역,2,화요일,합계,0.0,0.0,100.75,336.0,1217.0,1850.5,785.25,555.0,596.5,619.25,662.75,633.75,737.25,868.0,1296.0,1928.5,752.0,636.0,619.5,599.75,244.5,30.0,0.0,0.0
반석역,3,금요일,승차,0.0,0.0,61.5,212.25,919.5,1239.75,571.25,358.5,344.5,348.0,360.5,339.25,417.25,569.25,722.5,962.5,439.5,266.0,250.75,216.0,110.0,0.0,0.0,0.0
반석역,3,금요일,하차,0.0,0.0,31.25,172.5,420.0,637.5,256.75,202.0,242.5,306.25,330.75,380.25,523.5,614.25,838.5,1127.0,492.0,373.5,435.0,406.75,199.25,42.25,0.0,0.0
반석역,3,금요일,합계,0.0,0.0,92.75,384.75,1339.5,1877.25,828.0,560.5,587.0,654.25,691.25,719.5,940.75,1183.5,1561.0,2089.5,931.5,639.5,685.75,622.75,309.25,42.25,0.0,0.0
반석역,3,목요일,승차,0.0,0.0,59.75,217.25,943.5,1296.25,623.75,349.25,311.75,303.5,326.5,270.75,328.5,468.75,578.75,803.75,365.0,272.75,266.0,228.5,118.0,0.25,0.0,0.0
반석역,3,목요일,하차,0.0,0.0,36.25,171.5,423.5,646.75,257.0,209.5,243.25,278.25,297.0,313.75,409.75,556.5,786.5,1135.25,441.5,377.0,404.0,394.5,169.75,25.25,0.0,0.0
반석역,3,목요일,합계,0.0,0.0,96.0,388.75,1367.0,1943.0,880.75,558.75,555.0,581.75,623.5,584.5,738.25,1025.25,1365.25,1939.0,806.5,649.75,670.0,623.0,287.75,25.5,0.0,0.0
반석역,3,수요일,승차,0.0,0.0,60.75,207.5,969.0,1350.25,612.0,367.75,320.0,291.25,343.75,271.5,314.5,408.5,555.5,842.0,353.5,256.25,271.75,212.25,113.5,0.25,0.0,0.0
반석역,3,수요일,하차,0.0,0.0,32.75,184.25,439.5,615.25,247.0,172.0,195.25,277.75,304.0,326.25,442.75,556.5,842.75,1182.0,422.5,341.0,400.0,352.25,168.75,25.5,0.0,0.0
반석역,3,수요일,합계,0.0,0.0,93.5,391.75,1408.5,1965.5,859.0,539.75,515.25,569.0,647.75,597.75,757.25,965.0,1398.25,2024.0,776.0,597.25,671.75,564.5,282.25,25.75,0.0,0.0
반석역,3,월요일,승차,0.0,1.2,64.4,185.6,785.2,1073.2,568.0,349.6,296.8,316.4,324.2,264.8,316.8,373.2,461.2,668.0,316.6,230.4,223.4,176.0,85.6,1.0,0.0,0.0
반석역,3,월요일,하차,0.0,1.2,37.0,148.2,356.4,500.8,223.4,173.6,208.6,261.2,260.8,309.2,380.6,495.6,724.6,991.4,404.6,342.4,338.0,310.6,112.4,21.0,0.0,0.0
반석역,3,월요일,합계,0.0,2.4,101.4,333.8,1141.6,1574.0,791.4,523.2,505.4,577.6,585.0,574.0,697.4,868.8,1185.8,1659.4,721.2,572.8,561.4,486.6,198.0,22.0,0.0,0.0
반석역,3,일요일,승차,0.0,0.0,38.2,79.0,130.4,202.2,296.8,304.6,329.4,339.0,333.6,297.0,300.6,251.0,265.4,196.0,150.8,146.0,147.2,102.0,47.0,0.6,0.0,0.0
반석역,3,일요일,하차,0.0,0.0,13.2,43.8,62.0,104.8,142.0,151.8,175.8,198.0,238.6,260.0,310.6,380.4,404.2,319.0,293.4,250.8,260.0,160.0,72.8,24.2,0.0,0.0
반석역,3,일요일,합계,0.0,0.0,51.4,122.8,192.4,307.0,438.8,456.4,505.2,537.0,572.2,557.0,611.2,631.4,669.6,515.0,444.2,396.8,407.2,262.0,119.8,24.8,0.0,0.0
반석역,3,토요일,승차,0.0,0.2,50.8,115.2,211.6,364.0,461.8,447.8,486.2,468.4,398.0,384.4,371.4,400.8,392.6,284.2,197.6,192.2,175.8,145.2,83.0,0.0,0.0,0.0
반석역,3,토요일,하차,0.0,0.0,29.2,79.6,116.2,201.2,221.8,205.0,247.8,279.4,322.8,305.4,349.6,427.8,514.8,411.2,356.6,286.6,335.0,272.8,165.0,42.0,0.0,0.0
반석역,3,토요일,합계,0.0,0.2,80.0,194.8,327.8,565.2,683.6,652.8,734.0,747.8,720.8,689.8,721.0,828.6,907.4,695.4,554.2,478.8,510.8,418.0,248.0,42.0,0.0,0.0
반석역,3,화요일,승차,0.0,0.0,59.5,206.25,981.25,1329.25,629.5,333.5,313.25,313.0,334.5,251.75,305.75,387.25,549.0,776.75,356.25,262.75,238.5,205.25,96.0,0.0,0.0,0.0
반석역,3,화요일,하차,0.0,0.0,36.25,169.0,438.0,616.5,253.5,193.5,231.75,275.0,292.0,305.75,400.5,574.25,806.25,1147.0,427.0,355.25,370.0,331.5,136.5,21.75,0.0,0.0
반석역,3,화요일,합계,0.0,0.0,95.75,375.25,1419.25,1945.75,883.0,527.0,545.0,588.0,626.5,557.5,706.25,961.5,1355.25,1923.75,783.25,618.0,608.5,536.75,232.5,21.75,0.0,0.0
반석역,4,금요일,승차,0.0,0.0,63.5,205.5,940.75,1223.0,553.25,365.5,307.0,336.25,378.25,351.25,422.25,556.0,745.0,951.25,423.25,298.0,238.0,217.0,114.75,1.75,0.0,0.0
반석역,4,금요일,하차,0.0,0.0,40.25,170.25,425.0,639.25,259.0,184.75,232.5,300.25,341.25,374.0,497.5,595.0,849.75,1161.25,467.5,384.0,393.25,459.5,215.25,41.0,0.0,0.0
반석역,4,금요일,합계,0.0,0.0,103.75,375.75,1365.75,1862.25,812.25,550.25,539.5,636.5,719.5,725.25,919.75,1151.0,1594.75,2112.5,890.75,682.0,631.25,676.5,330.0,42.75,0.0,0.0
반석역,4,목요일,승차,0.0,0.0,71.25,214.5,949.75,1311.25,615.0,371.5,299.25,307.25,337.25,284.0,346.0,439.75,616.75,812.5,373.0,283.5,264.0,212.5,115.0,0.0,0.0,0.0
반석역,4,목요일,하차,0.0,0.0,36.0,175.5,435.25,651.25,266.5,206.75,236.75,309.5,305.75,318.25,401.5,573.5,833.75,1179.0,440.25,389.5,391.5,376.0,151.0,28.0,0.0,0.0
반석역,4,목요일,합계,0.0,0.0,107.25,390.0,1385.0,1962.5,881.5,578.25,536.0,616.75,643.0,602.25,747.5,1013.25,1450.5,1991.5,813.25,673.0,655.5,588.5,266.0,28.0,0.0,0.0
반석역,4,수요일,승차,0.0,0.0,66.8,217.8,989.2,1315.0,615.0,376.2,293.2,306.4,375.2,282.8,335.6,435.2,546.2,859.8,372.0,258.2,246.4,205.0,113.6,1.4,0.0,0.0
반석역,4,수요일,하차,0.0,0.0,41.0,169.0,442.8,621.0,254.4,182.6,214.0,289.2,347.0,318.6,432.4,551.2,814.4,1168.8,447.6,350.2,396.2,404.6,142.6,32.6,0.0,0.0
반석역,4,수요일,합계,0.0,0.0,107.8,386.8,1432.0,1936.0,869.4,558.8,507.2,595.6,722.2,601.4,768.0,986.4,1360.6,2028.6,819.6,608.4,642.6,609.6,256.2,34.0,0.0,0.0
반석역,4,월요일,승차,0.0,0.25,70.75,224.25,928.5,1323.5,592.75,360.5,304.5,291.5,317.5,262.25,306.75,400.0,479.75,790.75,356.0,240.75,236.25,192.5,97.5,0.0,0.0,0.0
반석역,4,월요일,하차,0.0,0.0,35.75,181.25,416.25,612.5,258.5,191.5,236.75,285.5,305.75,290.25,379.75,511.25,792.0,1194.25,406.5,362.25,344.75,306.75,120.0,19.25,0.0,0.0
반석역,4,월요일,합계,0.0,0.25,106.5,405.5,1344.75,1936.0,851.25,552.0,541.25,577.0,623.25,552.5,686.5,911.25,1271.75,1985.0,762.5,603.0,581.0,499.25,217.5,19.25,0.0,0.0
반석역,4,일요일,승차,0.0,0.25,45.0,94.25,150.75,248.5,305.0,290.75,315.5,310.0,323.75,288.5,289.5,235.5,226.25,216.5,153.75,152.0,132.75,112.5,53.0,0.0,0.0,0.0
반석역,4,일요일,하차,0.0,0.0,17.0,45.25,68.25,114.5,171.5,179.75,176.5,197.0,225.5,254.5,283.5,336.75,380.5,342.25,320.75,253.5,246.25,157.75,79.5,21.5,0.0,0.0
반석역,4,일요일,합계,0.0,0.25,62.0,139.5,219.0,363.0,476.5,470.5,492.0,507.0,549.25,543.0,573.0,572.25,606.75,558.75,474.5,405.5,379.0,270.25,132.5,21.5,0.0,0.0
반석역,4,토요일,승차,0.0,0.0,62.5,135.75,231.5,385.0,485.0,447.0,442.25,414.75,422.25,377.0,384.0,334.0,345.75,271.75,179.0,165.75,203.5,153.25,77.5,1.25,0.0,0.0
반석역,4,토요일,하차,0.0,0.0,28.75,89.0,134.25,211.5,238.75,213.0,256.5,285.0,338.0,305.5,333.75,421.5,512.0,413.0,324.25,315.5,324.25,246.25,137.25,40.75,0.0,0.0
반석역,4,토요일,합계,0.0,0.0,91.25,224.75,365.75,596.5,723.75,660.0,698.75,699.75,760.25,682.5,717.75,755.5,857.75,684.75,503.25,481.25,527.75,399.5,214.75,42.0,0.0,0.0
반석역,4,화요일,승차,0.0,0.0,69.0,213.6,966.4,1328.6,592.4,367.4,306.6,295.8,334.8,262.8,319.2,398.6,519.6,790.4,357.4,254.8,247.4,206.2,103.8,0.0,0.0,0.0
반석역,4,화요일,하차,0.0,0.0,33.4,177.2,417.4,652.6,265.2,191.8,238.0,279.0,314.6,300.8,397.8,559.6,783.0,1160.8,415.2,365.4,369.8,354.4,123.4,24.4,0.0,0.0
반석역,4,화요일,합계,0.0,0.0,102.4,390.8,1383.8,1981.2,857.6,559.2,544.6,574.8,649.4,563.6,717.0,958.2,1302.6,1951.2,772.6,620.2,617.2,560.6,227.2,24.4,0.0,0.0
반석역,5,금요일,승차,0.0,0.0,71.6,207.2,918.6,1163.2,515.6,364.0,312.4,334.0,377.4,366.2,412.4,535.8,689.2,865.0,408.0,269.6,242.4,198.4,106.2,0.0,0.0,0.0
반석역,5,금요일,하차,0.0,0.0,42.8,174.4,399.8,589.6,256.4,203.0,232.2,293.6,326.8,363.2,448.8,585.2,802.2,1111.2,433.4,406.8,391.8,418.0,189.0,39.8,0.0,0.0
반석역,5,금요일,합계,0.0,0.0,114.4,381.6,1318.4,1752.8,772.0,567.0,544.6,627.6,704.2,729.4,861.2,1121.0,1491.4,1976.2,841.4,676.4,634.2,616.4,295.2,39.8,0.0,0.0
반석역,5,목요일,승차,0.0,0.0,68.0,214.8,836.8,1211.8,576.4,366.8,318.6,304.4,320.4,276.2,319.4,418.6,555.2,738.4,336.6,237.0,270.0,196.6,100.8,1.2,0.0,0.0
반석역,5,목요일,하차,0.0,0.0,41.2,162.2,374.2,576.0,250.8,197.4,243.6,289.8,321.4,312.4,393.2,527.6,764.2,1038.8,390.2,375.2,382.8,376.2,155.0,32.4,0.0,0.0
반석역,5,목요일,합계,0.0,0.0,109.2,377.0,1211.0,1787.8,827.2,564.2,562.2,594.2,641.8,588.6,712.6,946.2,1319.4,1777.2,726.8,612.2,652.8,572.8,255.8,33.6,0.0,0.0
반석역,5,수요일,승차,0.0,0.0,72.0,230.75,994.25,1313.0,615.0,367.25,337.75,315.5,337.5,287.0,335.25,428.0,558.75,851.75,366.0,267.5,276.25,202.25,112.75,1.0,0.0,0.0
반석역,5,수요일,하차,0.0,0.0,36.0,190.0,413.75,629.5,270.75,192.25,234.25,293.25,311.25,322.25,428.25,551.0,837.0,1191.5,417.0,365.5,419.5,389.25,183.5,26.75,0.0,0.0
반석역,5,수요일,합계,0.0,0.0,108.0,420.75,1408.0,1942.5,885.75,559.5,572.0,608.75,648.75,609.25,763.5,979.0,1395.75,2043.25,783.0,633.0,695.75,591.5,296.25,27.75,0.0,0.0
반석역,5,월요일,승차,0.0,0.0,59.25,202.5,717.75,1067.0,540.0,343.0,330.25,325.75,338.25,279.0,310.75,382.25,424.75,655.5,316.5,222.0,226.0,170.75,103.25,0.0,0.0,0.0
반석역,5,월요일,하차,0.0,0.0,28.25,169.5,335.75,497.5,227.5,178.5,209.75,250.25,285.25,284.0,358.25,481.25,684.25,955.5,416.75,337.25,336.0,304.5,130.25,27.25,0.0,0.0
반석역,5,월요일,합계,0.0,0.0,87.5,372.0,1053.5,1564.5,767.5,521.5,540.0,576.0,623.5,563.0,669.0,863.5,1109.0,1611.0,733.25,559.25,562.0,475.25,233.5,27.25,0.0,0.0
반석역,5,일요일,승차,0.0,0.0,42.75,91.75,141.0,242.0,317.0,326.5,356.5,377.5,373.0,332.0,304.0,283.0,258.75,229.75,178.0,150.25,145.75,119.0,61.5,0.0,0.0,0.0
반석역,5,일요일,하차,0.0,0.0,18.75,48.25,75.0,117.5,155.75,186.0,170.75,190.75,223.25,267.5,304.25,355.5,415.75,351.0,306.25,297.25,289.0,193.25,108.0,32.0,0.0,0.0
반석역,5,일요일,합계,0.0,0.0,61.5,140.0,216.0,359.5,472.75,512.5,527.25,568.25,596.25,599.5,608.25,638.5,674.5,580.75,484.25,447.5,434.75,312.25,169.5,32.0,0.0,0.0
반석역,5,토요일,승차,0.0,0.0,58.8,131.4,238.0,398.2,414.8,438.6,439.0,440.2,427.6,393.0,398.4,392.2,392.4,322.8,203.6,180.0,176.4,135.0,86.6,0.0,0.0,0.0
반석역,5,토요일,하차,0.0,0.0,31.0,87.6,135.4,204.4,210.6,203.8,231.2,267.8,307.0,309.8,326.4,413.4,507.4,412.6,352.2,342.2,428.4,283.0,162.0,44.4,0.0,0.0
반석역,5,토요일,합계,0.0,0.0,89.8,219.0,373.4,602.6,625.4,642.4,670.2,708.0,734.6,702.8,724.8,805.6,899.8,735.4,555.8,522.2,604.8,418.0,248.6,44.4,0.0,0.0
반석역,5,화요일,승차,0.0,1.5,66.75,202.25,786.0,1065.0,502.25,354.0,333.5,322.75,313.25,271.5,324.0,393.5,493.0,690.5,325.25,246.5,223.25,180.0,98.0,0.0,0.0,0.0
반석역,5,화요일,하차,0.0,1.5,35.5,150.25,342.75,522.0,239.25,184.0,205.25,245.25,289.0,292.75,336.75,507.5,679.25,1016.5,404.25,354.25,383.75,326.0,170.25,27.5,0.0,0.0
반석역,5,화요일,합계,0.0,3.0,102.25,352.5,1128.75,1587.0,741.5,538.0,538.75,568.0,602.25,564.25,660.75,901.0,1172.25,1707.0,729.5,600.75,607.0,506.0,268.25,27.5,0.0,0.0
반석역,6,금요일,승차,0.0,0.25,70.5,212.5,706.25,931.75,456.75,336.25,319.0,321.25,334.5,350.5,375.25,469.75,603.25,752.75,374.25,244.25,236.5,176.75,95.25,2.75,0.0,0.0
반석역,6,금요일,하차,0.0,0.0,43.0,150.0,330.0,512.5,243.75,206.25,216.75,252.75,284.5,325.5,411.75,488.5,665.75,912.25,369.0,359.75,397.25,408.0,185.0,39.25,0.0,0.0
반석역,6,금요일,합계,0.0,0.25,113.5,362.5,1036.25,1444.25,700.5,542.5,535.75,574.0,619.0,676.0,787.0,958.25,1269.0,1665.0,743.25,604.0,633.75,584.75,280.25,42.0,0.0,0.0
반석역,6,목요일,승차,0.0,0.0,75.75,230.5,930.75,1247.25,565.25,375.5,315.0,299.5,317.0,307.5,344.0,463.75,634.75,796.0,373.75,280.75,265.75,228.25,120.25,1.0,0.0,0.0
반석역,6,목요일,하차,0.0,0.0,44.75,178.75,422.75,615.25,276.25,202.0,241.0,262.0,306.5,322.5,415.0,551.25,766.75,1112.75,438.25,376.5,401.25,434.0,170.25,37.5,0.0,0.0
반석역,6,목요일,합계,0.0,0.0,120.5,409.25,1353.5,1862.5,841.5,577.5,556.0,561.5,623.5,630.0,759.0,1015.0,1401.5,1908.75,812.0,657.25,667.0,662.25,290.5,38.5,0.0,0.0
반석역,6,수요일,승차,0.0,0.0,67.0,242.75,956.5,1222.0,585.0,349.75,319.5,302.75,309.5,282.0,333.25,429.75,557.25,857.75,361.25,259.0,262.5,216.25,107.0,0.0,0.0,0.0
반석역,6,수요일,하차,0.0,0.0,45.25,188.75,412.5,622.5,288.5,195.5,219.25,277.5,305.0,332.75,426.5,493.25,766.0,1141.75,399.5,357.0,408.25,441.25,154.0,30.5,0.0,0.0
반석역,6,수요일,합계,0.0,0.0,112.25,431.5,1369.0,1844.5,873.5,545.25,538.75,580.25,614.5,614.75,759.75,923.0,1323.25,1999.5,760.75,616.0,670.75,657.5,261.0,30.5,0.0,0.0
반석역,6,월요일,승차,0.0,0.0,71.4,234.2,917.4,1196.4,573.8,350.4,283.8,276.8,306.8,285.8,340.6,384.2,477.0,779.0,375.0,248.0,238.6,194.8,110.0,0.0,0.0,0.0
반석역,6,월요일,하차,0.0,0.0,39.6,202.4,401.0,585.8,250.8,194.6,231.8,270.0,307.2,300.0,370.4,499.8,713.6,1137.2,399.0,352.8,365.0,324.8,138.0,28.0,0.0,0.0
반석역,6,월요일,합계,0.0,0.0,111.0,436.6,1318.4,1782.2,824.6,545.0,515.6,546.8,614.0,585.8,711.0,884.0,1190.6,1916.2,774.0,600.8,603.6,519.6,248.0,28.0,0.0,0.0
반석역,6,일요일,승차,0.0,0.0,43.4,97.0,139.4,233.0,285.2,299.2,304.2,291.6,298.4,284.6,275.0,237.0,224.2,205.8,158.4,152.4,138.6,107.8,54.0,0.0,0.0,0.0
반석역,6,일요일,하차,0.0,0.0,19.4,49.8,70.4,111.6,172.6,180.6,177.0,186.8,210.8,243.8,278.4,321.2,368.4,291.6,253.0,243.8,254.2,170.4,91.6,24.2,0.0,0.0
반석역,6,일요일,합계,0.0,0.0,62.8,146.8,209.8,344.6,457.8,479.8,481.2,478.4,509.2,528.4,553.4,558.2,592.6,497.4,411.4,396.2,392.8,278.2,145.6,24.2,0.0,0.0
반석역,6,토요일,승차,0.0,0.0,53.0,122.5,227.25,369.0,396.25,400.0,413.0,389.25,374.25,322.5,319.0,352.0,374.75,283.5,170.75,167.0,167.25,156.5,80.5,0.0,0.0,0.0
반석역,6,토요일,하차,0.0,0.0,26.5,86.25,125.5,199.75,208.75,196.0,227.0,276.75,293.75,273.0,309.0,365.25,486.0,340.25,289.75,299.5,310.75,269.25,163.25,40.5,0.0,0.0
반석역,6,토요일,합계,0.0,0.0,79.5,208.75,352.75,568.75,605.0,596.0,640.0,666.0,668.0,595.5,628.0,717.25,860.75,623.75,460.5,466.5,478.0,425.75,243.75,40.5,0.0,0.0
반석역,6,화요일,승차,0.0,0.0,63.75,213.25,723.5,1024.5,531.5,373.75,338.0,318.75,338.75,292.25,295.0,373.0,478.25,660.0,309.75,231.25,214.25,185.0,105.0,2.0,0.0,0.0
반석역,6,화요일,하차,0.0,0.0,40.0,155.0,330.5,530.5,241.75,200.25,232.5,259.0,316.75,303.75,378.5,495.75,683.75,971.5,356.25,344.75,368.5,315.25,126.5,26.25,0.0,0.0
반석역,6,화요일,합계,0.0,0.0,103.75,368.25,1054.0,1555.0,773.25,574.0,570.5,577.75,655.5,596.0,673.5,868.75,1162.0,1631.5,666.0,576.0,582.75,500.25,231.5,28.25,0.0,0.0
반석역,7,금요일,승차,0.0,0.0,70.5,214.75,879.75,1099.75,461.5,321.25,278.5,330.25,377.75,348.5,420.5,495.0,711.0,867.25,375.25,263.25,245.75,201.0,115.5,0.0,0.0,0.0
반석역,7,금요일,하차,0.0,0.0,33.25,184.0,401.0,599.0,255.0,193.0,227.0,290.25,312.75,331.25,371.25,529.5,756.25,1083.5,436.75,355.5,399.5,427.5,190.25,44.5,0.0,0.0
반석역,7,금요일,합계,0.0,0.0,103.75,398.75,1280.75,1698.75,716.5,514.25,505.5,620.5,690.5,679.75,791.75,1024.5,1467.25,1950.75,812.0,618.75,645.25,628.5,305.75,44.5,0.0,0.0
반석역,7,목요일,승차,0.0,1.4,71.8,223.4,864.8,1104.8,482.4,297.4,292.2,283.8,334.0,295.2,353.2,419.6,574.6,775.6,324.6,255.2,262.2,194.0,112.2,0.0,0.0,0.0
반석역,7,목요일,하차,0.0,1.4,41.0,167.4,393.0,615.2,245.6,174.6,207.4,238.2,280.2,285.0,326.0,456.4,702.8,1035.6,399.4,349.4,369.4,370.4,164.4,37.4,0.0,0.0
반석역,7,목요일,합계,0.0,2.8,112.8,390.8,1257.8,1720.0,728.0,472.0,499.6,522.0,614.2,580.2,679.2,876.0,1277.4,1811.2,724.0,604.6,631.6,564.4,276.6,37.4,0.0,0.0
반석역,7,수요일,승차,0.0,0.0,67.0,225.2,889.6,1145.6,497.2,327.6,306.8,322.4,313.0,279.8,348.0,421.8,526.6,813.8,302.4,230.0,248.8,183.6,103.4,0.0,0.0,0.0
반석역,7,수요일,하차,0.0,0.0,46.6,173.0,399.2,601.6,260.2,215.6,205.6,250.4,287.8,293.0,353.4,457.2,682.4,1092.0,383.4,325.2,370.2,386.8,152.0,23.6,0.0,0.0
반석역,7,수요일,합계,0.0,0.0,113.6,398.2,1288.8,1747.2,757.4,543.2,512.4,572.8,600.8,572.8,701.4,879.0,1209.0,1905.8,685.8,555.2,619.0,570.4,255.4,23.6,0.0,0.0
반석역,7,월요일,승차,0.0,1.5,76.5,225.25,869.5,1140.5,520.25,315.0,278.75,275.75,297.5,263.0,322.25,372.75,471.75,759.25,316.5,228.75,233.0,190.0,97.0,1.75,0.0,0.0
반석역,7,월요일,하차,0.0,1.5,40.75,176.25,391.75,574.25,243.25,180.75,222.25,250.0,297.25,279.75,338.25,438.0,689.0,1093.75,388.75,340.0,339.25,308.75,125.75,26.25,0.0,0.0
반석역,7,월요일,합계,0.0,3.0,117.25,401.5,1261.25,1714.75,763.5,495.75,501.0,525.75,594.75,542.75,660.5,810.75,1160.75,1853.0,705.25,568.75,572.25,498.75,222.75,28.0,0.0,0.0
반석역,7,일요일,승차,0.0,1.0,47.0,81.5,137.75,209.5,294.0,274.75,291.0,293.75,298.25,278.0,267.0,249.75,250.25,217.75,145.75,129.5,124.75,102.0,52.0,0.0,0.0,0.0
반석역,7,일요일,하차,0.0,1.0,23.5,49.75,67.75,112.0,162.25,160.25,169.75,168.25,214.75,243.25,268.5,279.25,343.5,297.0,258.0,267.25,328.5,202.5,98.25,24.5,0.0,0.0
반석역,7,일요일,합계,0.0,2.0,70.5,131.25,205.5,321.5,456.25,435.0,460.75,462.0,513.0,521.25,535.5,529.0,593.75,514.75,403.75,396.75,453.25,304.5,150.25,24.5,0.0,0.0
반석역,7,토요일,승차,0.0,0.0,60.25,124.5,212.75,359.75,431.25,392.25,392.75,400.25,371.5,324.75,315.75,327.5,364.5,266.5,183.75,167.75,164.25,156.0,76.5,0.0,0.0,0.0
반석역,7,토요일,하차,0.0,0.0,33.0,88.0,120.75,196.0,196.75,196.0,213.0,252.75,279.75,271.5,296.25,370.0,453.5,373.5,296.75,307.0,328.5,290.5,190.0,34.5,0.0,0.0
반석역,7,토요일,합계,0.0,0.0,93.25,212.5,333.5,555.75,628.0,588.25,605.75,653.0,651.25,596.25,612.0,697.5,818.0,640.0,480.5,474.75,492.75,446.5,266.5,34.5,0.0,0.0
반석역,7,화요일,승차,0.0,0.0,74.0,233.4,889.0,1172.8,501.6,335.4,280.2,284.2,314.2,281.6,344.8,399.4,517.2,779.6,333.0,237.6,229.4,182.8,111.8,0.8,0.0,0.0
반석역,7,화요일,하차,0.0,0.0,37.0,179.8,396.2,594.8,275.6,203.8,221.2,248.2,302.8,278.4,331.2,461.2,685.0,1087.2,397.6,335.4,364.6,372.0,166.4,32.4,0.0,0.0
반석역,7,화요일,합계,0.0,0.0,111.0,413.2,1285.2,1767.6,777.2,539.2,501.4,532.4,617.0,560.0,676.0,860.6,1202.2,1866.8,730.6,573.0,594.0,554.8,278.2,33.2,0.0,0.0
반석역,8,금요일,승차,0.0,0.0,71.8,197.6,712.6,870.0,436.2,342.8,292.6,329.8,335.0,359.2,387.2,483.8,647.0,755.6,356.4,246.0,223.2,180.8,104.2,6.2,1.2,0.0
반석역,8,금요일,하차,0.0,0.0,37.4,149.6,313.0,503.6,230.2,184.6,209.0,236.4,271.0,298.8,333.8,454.6,652.0,900.4,417.2,350.4,391.8,402.2,249.8,65.0,93.0,0.0
반석역,8,금요일,합계,0.0,0.0,109.2,347.2,1025.6,1373.6,666.4,527.4,501.6,566.2,606.0,658.0,721.0,938.4,1299.0,1656.0,773.6,596.4,615.0,583.0,354.0,71.2,94.2,0.0
반석역,8,목요일,승차,0.0,0.0,74.0,218.25,856.75,1069.5,496.75,345.25,295.5,300.0,325.75,316.0,345.0,455.0,606.25,820.25,346.0,280.25,262.25,198.5,111.25,10.5,0.0,0.0
반석역,8,목요일,하차,0.0,0.0,39.75,178.25,377.5,604.25,247.25,188.5,225.75,259.0,262.0,302.5,336.5,489.25,663.25,1041.75,434.25,357.75,370.25,377.5,203.75,62.0,22.0,0.0
반석역,8,목요일,합계,0.0,0.0,113.75,396.5,1234.25,1673.75,744.0,533.75,521.25,559.0,587.75,618.5,681.5,944.25,1269.5,1862.0,780.25,638.0,632.5,576.0,315.0,72.5,22.0,0.0
반석역,8,수요일,승차,0.0,0.0,68.25,214.5,873.0,1117.0,458.25,350.0,320.5,291.75,313.25,280.0,323.75,428.25,560.25,829.25,314.0,250.5,233.75,199.25,108.25,6.5,0.0,0.0
반석역,8,수요일,하차,0.0,0.0,32.75,176.0,393.75,599.5,227.5,187.75,211.5,247.25,266.5,295.25,359.75,460.75,657.0,1095.75,411.75,296.0,370.0,368.5,189.0,51.5,5.25,0.0
반석역,8,수요일,합계,0.0,0.0,101.0,390.5,1266.75,1716.5,685.75,537.75,532.0,539.0,579.75,575.25,683.5,889.0,1217.25,1925.0,725.75,546.5,603.75,567.75,297.25,58.0,5.25,0.0
반석역,8,월요일,승차,0.0,2.0,80.5,233.5,833.0,1090.75,484.0,328.75,295.75,268.0,297.5,297.75,317.0,371.75,493.5,783.75,318.75,228.0,206.0,180.5,94.5,5.0,0.75,0.0
반석역,8,월요일,하차,0.0,2.0,37.5,180.0,385.5,582.75,226.25,199.25,232.0,251.5,268.75,292.0,323.25,455.75,619.25,1080.75,410.75,317.75,318.25,290.75,142.75,44.75,2.75,0.0
반석역,8,월요일,합계,0.0,4.0,118.0,413.5,1218.5,1673.5,710.25,528.0,527.75,519.5,566.25,589.75,640.25,827.5,1112.75,1864.5,729.5,545.75,524.25,471.25,237.25,49.75,3.5,0.0
반석역,8,일요일,승차,0.0,0.0,45.4,79.8,128.0,226.4,282.0,261.8,296.4,305.6,320.0,302.2,298.0,268.2,247.6,225.2,168.6,145.6,119.4,93.8,50.2,3.6,0.2,0.0
반석역,8,일요일,하차,0.0,0.0,20.2,48.0,66.6,111.4,166.8,165.8,162.0,163.4,219.6,218.6,266.0,308.8,381.0,300.2,267.6,263.8,305.8,214.4,113.6,81.8,5.6,0.0
반석역,8,일요일,합계,0.0,0.0,65.6,127.8,194.6,337.8,448.8,427.6,458.4,469.0,539.6,520.8,564.0,577.0,628.6,525.4,436.2,409.4,425.2,308.2,163.8,85.4,5.8,0.0
반석역,8,토요일,승차,0.0,0.0,62.8,107.4,207.8,357.0,415.0,375.6,402.4,374.6,363.0,336.0,347.4,367.8,373.6,286.0,186.6,169.4,163.4,131.8,74.2,5.6,0.6,1.2
반석역,8,토요일,하차,0.0,0.0,31.8,93.2,124.6,196.2,204.6,185.0,210.0,237.0,276.2,279.8,274.6,357.4,451.6,350.4,324.8,315.4,328.6,282.2,170.8,75.2,8.4,1.2
반석역,8,토요일,합계,0.0,0.0,94.6,200.6,332.4,553.2,619.6,560.6,612.4,611.6,639.2,615.8,622.0,725.2,825.2,636.4,511.4,484.8,492.0,414.0,245.0,80.8,9.0,2.4
반석역,8,화요일,승차,0.0,0.0,69.5,211.0,844.25,1122.5,477.25,330.0,301.0,275.75,310.25,284.5,331.0,430.25,552.25,786.0,307.25,241.5,232.0,177.75,111.0,6.75,0.0,0.0
반석역,8,화요일,하차,0.0,0.0,34.5,172.0,384.0,610.0,239.75,194.75,226.5,247.0,275.5,268.25,319.25,481.25,651.25,1068.75,417.75,344.5,367.25,357.25,162.25,36.0,2.5,0.0
반석역,8,화요일,합계,0.0,0.0,104.0,383.0,1228.25,1732.5,717.0,524.75,527.5,522.75,585.75,552.75,650.25,911.5,1203.5,1854.75,725.0,586.0,599.25,535.0,273.25,42.75,2.5,0.0
서대전네거리역,1,금요일,승차,0.0,1.4,88.4,130.4,403.6,792.0,313.0,294.6,328.0,328.2,348.6,335.8,362.6,403.4,489.0,599.0,250.4,180.8,162.2,134.2,81.4,0.0,0.0,0.0
서대전네거리역,1,금요일,하차,0.0,0.0,33.6,68.6,183.8,596.4,298.0,271.4,284.0,304.8,334.4,310.0,389.6,428.2,579.0,915.6,409.4,261.6,244.2,223.2,113.4,17.2,0.0,0.0
서대전네거리역,1,금요일,합계,0.0,1.4,122.0,199.0,587.4,1388.4,611.0,566.0,612.0,633.0,683.0,645.8,752.2,831.6,1068.0,1514.6,659.8,442.4,406.4,357.4,194.8,17.2,0.0,0.0
서대전네거리역,1,목요일,승차,0.0,0.0,79.8,123.0,350.0,678.2,275.4,266.2,284.0,278.4,303.0,270.8,300.6,318.8,379.6,465.8,187.8,155.6,140.4,99.4,57.4,0.2,0.0,0.0
서대전네거리역,1,목요일,하차,0.0,0.0,25.2,66.2,163.6,504.6,264.8,209.4,228.2,261.8,291.8,272.6,300.6,361.0,454.2,755.0,331.6,241.4,232.4,203.8,94.2,6.0,0.0,0.0
서대전네거리역,1,목요일,합계,0.0,0.0,105.0,189.2,513.6,1182.8,540.2,475.6,512.2,540.2,594.8,543.4,601.2,679.8,833.8,1220.8,519.4,397.0,372.8,303.2,151.6,6.2,0.0,0.0
서대전네거리역,1,수요일,승차,0.0,1.4,70.8,103.2,285.8,545.0,234.2,222.0,262.0,232.2,275.2,260.8,276.8,285.6,338.8,392.4,180.6,144.8,122.6,96.2,51.2,0.0,0.0,0.0
서대전네거리역,1,수요일,하차,0.0,0.0,28.8,58.8,147.4,404.0,222.8,188.6,201.8,235.4,237.0,271.6,294.4,333.4,400.2,618.4,280.8,202.8,204.0,191.0,89.4,7.0,0.0,0.0
서대전네거리역,1,수요일,합계,0.0,1.4,99.6,162.0,433.2,949.0,457.0,410.6,463.8,467.6,512.2,532.4,571.2,619.0,739.0,1010.8,461.4,347.6,326.6,287.2,140.6,7.0,0.0,0.0
서대전네거리역,1,월요일,승차,0.0,1.0,86.5,121.25,348.25,685.5,305.25,295.25,306.25,300.75,319.5,305.25,337.5,351.0,402.75,457.25,201.75,145.5,128.25,89.0,60.0,0.25,0.0,0.0
서대전네거리역,1,월요일,하차,0.0,0.25,30.75,59.0,163.25,513.75,257.25,252.25,292.0,275.25,305.0,302.5,308.75,413.75,470.75,747.5,328.75,220.5,221.5,209.75,106.75,12.5,0.0,0.0
서대전네거리역,1,월요일,합계,0.0,1.25,117.25,180.25,511.5,1199.25,562.5,547.5,598.25,576.0,624.5,607.75,646.25,764.75,873.5,1204.75,530.5,366.0,349.75,298.75,166.75,12.75,0.0,0.0
서대전네거리역,1,일요일,승차,0.0,0.25,38.25,42.5,71.0,126.0,150.0,225.25,187.5,216.5,242.75,214.5,203.0,197.5,182.5,189.75,159.25,109.0,94.75,58.25,36.5,0.5,0.0,0.0
서대전네거리역,1,일요일,하차,0.0,0.0,20.0,55.5,59.5,112.75,111.75,140.75,145.0,153.75,198.0,218.5,223.5,277.75,283.25,262.0,176.0,160.75,151.0,140.0,80.25,7.0,0.0,0.0
서대전네거리역,1,일요일,합계,0.0,0.25,58.25,98.0,130.5,238.75,261.75,366.0,332.5,370.25,440.75,433.0,426.5,475.25,465.75,451.75,335.25,269.75,245.75,198.25,116.75,7.5,0.0,0.0
서대전네거리역,1,토요일,승차,0.0,0.25,55.5,67.0,136.5,228.75,253.0,275.5,344.25,334.0,331.75,300.75,274.0,298.25,288.5,246.75,188.0,166.25,148.25,104.0,76.5,0.5,0.0,0.0
서대전네거리역,1,토요일,하차,0.0,0.25,24.5,51.5,82.75,188.75,210.0,225.25,298.0,294.25,306.25,288.75,293.75,385.5,433.5,381.25,235.25,216.5,199.5,175.5,119.5,10.75,0.0,0.0
서대전네거리역,1,토요일,합계,0.0,0.5,80.0,118.5,219.25,417.5,463.0,500.75,642.25,628.25,638.0,589.5,567.75,683.75,722.0,628.0,423.25,382.75,347.75,279.5,196.0,11.25,0.0,0.0
서대전네거리역,1,화요일,승차,0.0,0.75,79.0,116.25,351.5,673.75,283.0,271.25,291.25,278.5,293.75,289.0,314.25,327.75,385.0,441.5,195.5,159.25,129.75,99.0,54.25,0.25,0.0,0.0
서대전네거리역,1,화요일,하차,0.0,0.0,31.25,66.0,160.5,520.5,263.0,229.25,266.75,280.75,292.0,278.75,303.25,379.0,437.5,711.5,298.25,234.0,225.0,196.25,91.0,11.25,0.0,0.0
서대전네거리역,1,화요일,합계,0.0,0.75,110.25,182.25,512.0,1194.25,546.0,500.5,558.0,559.25,585.75,567.75,617.5,706.75,822.5,1153.0,493.75,393.25,354.75,295.25,145.25,11.5,0.0,0.0
서대전네거리역,2,금요일,승차,0.0,1.0,83.75,137.0,453.25,859.5,335.0,350.75,374.0,329.5,363.0,349.5,379.5,421.5,534.0,623.75,323.0,214.0,215.75,170.0,89.0,2.25,0.0,0.0
서대전네거리역,2,금요일,하차,0.0,0.0,29.25,66.0,201.5,636.5,315.75,290.0,315.5,337.75,385.0,355.25,399.75,518.25,632.5,1052.25,467.0,298.0,271.25,237.75,126.25,18.0,0.0,0.0
서대전네거리역,2,금요일,합계,0.0,1.0,113.0,203.0,654.75,1496.0,650.75,640.75,689.5,667.25,748.0,704.75,779.25,939.75,1166.5,1676.0,790.0,512.0,487.0,407.75,215.25,20.25,0.0,0.0
서대전네거리역,2,목요일,승차,0.0,2.25,90.0,143.0,441.25,841.25,338.0,327.75,358.25,336.75,343.25,351.5,381.5,387.75,469.75,581.0,253.75,184.0,190.25,109.75,70.25,1.25,0.0,0.0
서대전네거리역,2,목요일,하차,0.0,0.5,32.25,69.0,196.75,615.25,308.5,264.75,304.5,334.0,387.75,326.5,354.0,424.25,556.25,906.0,437.5,246.0,283.75,265.5,117.5,8.75,0.0,0.0
서대전네거리역,2,목요일,합계,0.0,2.75,122.25,212.0,638.0,1456.5,646.5,592.5,662.75,670.75,731.0,678.0,735.5,812.0,1026.0,1487.0,691.25,430.0,474.0,375.25,187.75,10.0,0.0,0.0
서대전네거리역,2,수요일,승차,0.0,1.5,90.75,136.75,432.75,894.0,336.0,286.75,309.0,321.75,334.5,331.5,347.0,389.0,458.0,574.5,229.0,198.75,153.75,107.75,63.0,1.75,0.0,0.0
서대전네거리역,2,수요일,하차,0.0,1.0,32.25,67.0,184.75,633.5,290.0,252.0,304.25,296.25,321.0,337.0,340.75,430.75,517.25,927.5,377.75,258.25,259.0,264.25,105.25,9.0,0.0,0.0
서대전네거리역,2,수요일,합계,0.0,2.5,123.0,203.75,617.5,1527.5,626.0,538.75,613.25,618.0,655.5,668.5,687.75,819.75,975.25,1502.0,606.75,457.0,412.75,372.0,168.25,10.75,0.0,0.0
서대전네거리역,2,월요일,승차,0.0,1.25,95.75,141.75,429.75,850.25,333.25,341.0,352.25,327.75,334.5,343.25,372.0,383.25,445.5,558.75,211.75,154.0,120.5,89.5,57.25,0.5,0.0,0.0
서대전네거리역,2,월요일,하차,0.0,0.0,36.0,61.75,193.0,624.0,308.0,279.5,318.75,328.5,337.75,341.25,359.25,410.5,513.5,841.25,393.5,247.25,229.75,231.25,106.25,9.5,0.0,0.0
서대전네거리역,2,월요일,합계,0.0,1.25,131.75,203.5,622.75,1474.25,641.25,620.5,671.0,656.25,672.25,684.5,731.25,793.75,959.0,1400.0,605.25,401.25,350.25,320.75,163.5,10.0,0.0,0.0
서대전네거리역,2,일요일,승차,0.0,0.25,44.0,50.75,73.25,125.25,152.5,205.75,205.25,267.0,260.75,247.75,211.25,200.25,190.75,194.75,180.75,104.75,100.25,52.5,41.0,1.0,0.0,0.0
서대전네거리역,2,일요일,하차,0.0,0.0,19.5,57.75,60.25,112.0,118.5,159.5,171.75,196.75,217.5,215.5,254.75,321.0,330.25,309.5,191.75,178.0,148.75,141.0,85.5,4.5,0.0,0.0
서대전네거리역,2,일요일,합계,0.0,0.25,63.5,108.5,133.5,237.25,271.0,365.25,377.0,463.75,478.25,463.25,466.0,521.25,521.0,504.25,372.5,282.75,249.0,193.5,126.5,5.5,0.0,0.0
서대전네거리역,2,토요일,승차,0.0,0.75,56.0,69.25,148.25,252.25,258.5,296.75,341.75,386.0,469.5,353.0,305.5,300.5,298.5,249.25,200.75,160.5,158.0,106.0,66.0,0.5,0.0,0.0
서대전네거리역,2,토요일,하차,0.0,0.25,26.75,49.25,93.0,179.75,214.25,250.75,301.5,300.25,322.0,296.25,376.0,444.5,545.75,452.5,254.5,220.75,207.0,178.75,125.5,11.0,0.0,0.0
서대전네거리역,2,토요일,합계,0.0,1.0,82.75,118.5,241.25,432.0,472.75,547.5,643.25,686.25,791.5,649.25,681.5,745.0,844.25,701.75,455.25,381.25,365.0,284.75,191.5,11.5,0.0,0.0
서대전네거리역,2,화요일,승차,0.0,1.75,87.0,134.5,426.75,866.0,337.75,316.5,335.75,338.0,339.25,330.75,386.75,390.25,442.75,549.0,228.75,154.0,148.25,95.0,56.0,0.5,0.0,0.0
서대전네거리역,2,화요일,하차,0.0,0.0,34.75,68.25,186.0,651.25,308.25,256.5,316.0,285.5,372.75,319.5,339.0,447.0,501.75,856.5,419.25,263.75,234.5,249.75,107.5,11.25,0.0,0.0
서대전네거리역,2,화요일,합계,0.0,1.75,121.75,202.75,612.75,1517.25,646.0,573.0,651.75,623.5,712.0,650.25,725.75,837.25,944.5,1405.5,648.0,417.75,382.75,344.75,163.5,11.75,0.0,0.0
서대전네거리역,3,금요일,승차,0.0,1.5,102.75,153.75,503.25,885.5,344.0,325.25,353.5,343.0,338.75,340.75,410.0,479.75,568.75,642.25,324.5,223.75,212.0,156.5,96.0,0.75,0.0,0.0
서대전네거리역,3,금요일,하차,0.0,0.5,33.75,67.0,234.75,654.75,371.75,260.75,333.75,323.75,384.0,349.75,433.25,514.75,622.75,1044.0,464.0,286.25,287.75,259.5,127.25,15.5,0.0,0.0
서대전네거리역,3,금요일,합계,0.0,2.0,136.5,220.75,738.0,1540.25,715.75,586.0,687.25,666.75,722.75,690.5,843.25,994.5,1191.5,1686.25,788.5,510.0,499.75,416.0,223.25,16.25,0.0,0.0
서대전네거리역,3,목요일,승차,0.0,1.25,100.5,160.25,528.75,940.75,360.75,305.75,341.0,324.25,303.5,299.25,368.25,429.25,470.25,565.25,260.0,193.0,161.0,127.25,69.5,0.75,0.0,0.0
서대전네거리역,3,목요일,하차,0.0,0.25,36.0,66.5,238.25,672.75,345.5,255.75,274.0,298.75,366.5,313.0,353.75,451.25,551.75,924.0,398.5,299.0,270.25,261.0,128.5,12.25,0.0,0.0
서대전네거리역,3,목요일,합계,0.0,1.5,136.5,226.75,767.0,1613.5,706.25,561.5,615.0,623.0,670.0,612.25,722.0,880.5,1022.0,1489.25,658.5,492.0,431.25,388.25,198.0,13.0,0.0,0.0
서대전네거리역,3,수요일,승차,0.0,2.5,100.5,157.75,521.25,913.25,341.75,284.75,325.75,327.25,326.25,307.0,353.5,422.25,439.5,574.75,239.0,195.0,156.0,121.25,68.25,1.0,0.0,0.0
서대전네거리역,3,수요일,하차,0.0,1.5,34.75,72.25,237.75,659.0,339.5,221.75,277.0,299.5,334.5,313.75,367.75,478.0,564.0,949.5,391.5,236.75,281.75,246.75,103.0,13.0,0.0,0.0
서대전네거리역,3,수요일,합계,0.0,4.0,135.25,230.0,759.0,1572.25,681.25,506.5,602.75,626.75,660.75,620.75,721.25,900.25,1003.5,1524.25,630.5,431.75,437.75,368.0,171.25,14.0,0.0,0.0
서대전네거리역,3,월요일,승차,0.0,1.8,91.2,139.0,426.8,796.8,303.4,279.4,332.4,295.4,298.2,297.6,341.6,387.8,404.0,481.2,214.4,166.6,126.0,88.6,59.4,1.8,0.0,0.0
서대전네거리역,3,월요일,하차,0.0,0.0,31.8,58.2,200.2,558.2,298.4,238.6,266.6,279.0,330.0,290.8,352.2,424.4,485.0,791.6,372.0,251.2,240.4,205.4,106.6,14.2,0.0,0.0
서대전네거리역,3,월요일,합계,0.0,1.8,123.0,197.2,627.0,1355.0,601.8,518.0,599.0,574.4,628.2,588.4,693.8,812.2,889.0,1272.8,586.4,417.8,366.4,294.0,166.0,16.0,0.0,0.0
서대전네거리역,3,일요일,승차,0.0,1.0,43.6,52.0,82.2,133.0,166.4,220.2,220.2,249.0,253.2,251.8,234.6,212.0,210.4,202.2,188.8,127.2,102.4,64.6,42.6,1.2,0.0,0.0
서대전네거리역,3,일요일,하차,0.0,1.0,21.8,55.0,68.0,116.0,128.8,167.6,170.4,195.6,217.6,235.2,268.2,322.8,330.4,308.2,226.0,177.0,193.6,132.0,76.0,8.0,0.0,0.0
서대전네거리역,3,일요일,합계,0.0,2.0,65.4,107.0,150.2,249.0,295.2,387.8,390.6,444.6,470.8,487.0,502.8,534.8,540.8,510.4,414.8,304.2,296.0,196.6,118.6,9.2,0.0,0.0
서대전네거리역,3,토요일,승차,0.0,1.0,57.4,79.2,143.0,259.0,263.4,312.2,379.2,387.8,372.0,304.0,293.6,294.4,320.0,267.8,230.8,182.4,146.4,113.0,78.8,0.4,0.0,0.0
서대전네거리역,3,토요일,하차,0.0,1.0,30.0,64.6,100.0,224.0,279.4,238.4,307.0,340.0,337.0,284.6,308.2,403.2,442.8,422.4,280.2,243.4,216.6,163.8,125.4,11.0,0.0,0.0
서대전네거리역,3,토요일,합계,0.0,2.0,87.4,143.8,243.0,483.0,542.8,550.6,686.2,727.8,709.0,588.6,601.8,697.6,762.8,690.2,511.0,425.8,363.0,276.8,204.2,11.4,0.0,0.0
서대전네거리역,3,화요일,승차,0.0,1.25,100.75,158.75,529.75,940.25,346.75,329.25,318.25,301.5,335.75,279.5,338.75,414.25,460.25,578.0,235.5,171.5,142.25,108.0,62.5,0.0,0.0,0.0
서대전네거리역,3,화요일,하차,0.0,0.5,33.25,69.0,238.0,673.5,348.75,274.25,287.25,307.75,331.25,309.25,348.5,454.0,528.0,926.5,403.5,261.5,245.0,232.5,109.25,11.75,0.0,0.0
서대전네거리역,3,화요일,합계,0.0,1.75,134.0,227.75,767.75,1613.75,695.5,603.5,605.5,609.25,667.0,588.75,687.25,868.25,988.25,1504.5,639.0,433.0,387.25,340.5,171.75,11.75,0.0,0.0
서대전네거리역,4,금요일,승차,0.0,0.5,112.5,156.25,522.5,880.25,359.0,302.25,348.0,349.0,341.0,337.5,431.25,481.25,598.5,652.0,340.75,220.5,196.25,173.25,91.5,0.5,0.0,0.0
서대전네거리역,4,금요일,하차,0.0,0.5,35.0,77.5,238.75,707.75,365.5,281.25,294.5,329.75,385.75,340.5,435.0,500.25,653.5,1032.5,475.0,300.0,271.25,258.25,140.5,14.75,0.0,0.0
서대전네거리역,4,금요일,합계,0.0,1.0,147.5,233.75,761.25,1588.0,724.5,583.5,642.5,678.75,726.75,678.0,866.25,981.5,1252.0,1684.5,815.75,520.5,467.5,431.5,232.0,15.25,0.0,0.0
서대전네거리역,4,목요일,승차,0.0,1.0,110.0,173.0,535.25,923.75,396.75,309.75,356.5,338.25,321.25,297.5,347.25,436.0,482.75,566.0,256.25,187.75,158.75,120.0,71.0,0.75,0.0,0.0
서대전네거리역,4,목요일,하차,0.0,0.25,39.5,74.25,255.75,676.5,351.75,278.0,267.5,278.75,360.0,338.75,351.75,495.75,564.25,918.75,410.75,272.0,281.25,252.5,141.0,11.5,0.0,0.0
서대전네거리역,4,목요일,합계,0.0,1.25,149.5,247.25,791.0,1600.25,748.5,587.75,624.0,617.0,681.25,636.25,699.0,931.75,1047.0,1484.75,667.0,459.75,440.0,372.5,212.0,12.25,0.0,0.0
서대전네거리역,4,수요일,승차,0.0,2.4,108.8,169.8,549.4,912.6,347.6,307.2,327.0,349.0,357.0,326.6,344.8,415.8,463.6,584.2,262.8,200.8,161.2,117.8,70.6,0.8,0.0,0.0
서대전네거리역,4,수요일,하차,0.0,1.6,32.2,84.6,253.6,683.8,331.8,251.6,293.0,293.8,351.2,342.2,371.8,478.0,567.8,953.8,388.6,268.2,262.8,256.2,121.4,15.2,0.0,0.0
서대전네거리역,4,수요일,합계,0.0,4.0,141.0,254.4,803.0,1596.4,679.4,558.8,620.0,642.8,708.2,668.8,716.6,893.8,1031.4,1538.0,651.4,469.0,424.0,374.0,192.0,16.0,0.0,0.0
서대전네거리역,4,월요일,승차,0.0,3.0,111.0,185.5,514.0,922.5,359.5,317.5,353.0,300.0,326.75,291.25,352.5,399.75,450.5,557.0,216.25,164.5,127.5,93.75,54.75,2.25,0.0,0.0
서대전네거리역,4,월요일,하차,0.0,2.25,35.0,76.5,248.5,677.0,332.0,271.5,303.5,286.25,333.75,294.75,343.25,466.5,524.75,868.5,374.75,260.75,216.5,229.25,81.75,13.75,0.0,0.0
서대전네거리역,4,월요일,합계,0.0,5.25,146.0,262.0,762.5,1599.5,691.5,589.0,656.5,586.25,660.5,586.0,695.75,866.25,975.25,1425.5,591.0,425.25,344.0,323.0,136.5,16.0,0.0,0.0
서대전네거리역,4,일요일,승차,0.0,0.5,44.25,59.5,94.5,152.0,175.25,232.0,189.5,219.5,264.0,218.75,228.5,198.5,196.5,185.0,209.75,141.5,108.0,66.25,39.25,1.25,0.0,0.0
서대전네거리역,4,일요일,하차,0.0,0.5,24.0,64.25,74.25,131.75,140.0,155.5,175.0,182.25,211.5,228.0,247.5,277.25,306.5,325.0,264.0,213.25,169.0,137.0,84.0,7.0,0.0,0.0
서대전네거리역,4,일요일,합계,0.0,1.0,68.25,123.75,168.75,283.75,315.25,387.5,364.5,401.75,475.5,446.75,476.0,475.75,503.0,510.0,473.75,354.75,277.0,203.25,123.25,8.25,0.0,0.0
서대전네거리역,4,토요일,승차,0.0,2.25,64.5,94.25,172.25,293.25,302.25,311.25,369.25,458.5,383.0,324.75,288.5,260.5,303.0,239.5,200.5,206.0,144.25,106.25,71.5,0.5,0.0,0.0
서대전네거리역,4,토요일,하차,0.0,1.75,32.25,66.5,134.25,288.25,284.25,278.25,312.5,352.5,352.0,294.0,334.0,371.25,434.5,387.0,262.25,216.5,214.5,168.75,118.75,8.25,0.0,0.0
서대전네거리역,4,토요일,합계,0.0,4.0,96.75,160.75,306.5,581.5,586.5,589.5,681.75,811.0,735.0,618.75,622.5,631.75,737.5,626.5,462.75,422.5,358.75,275.0,190.25,8.75,0.0,0.0
서대전네거리역,4,화요일,승차,0.0,1.0,111.6,164.6,543.2,948.4,385.0,325.8,334.2,310.6,300.2,299.6,342.6,424.4,452.8,575.6,223.8,188.2,158.6,105.4,60.0,0.8,0.0,0.0
서대전네거리역,4,화요일,하차,0.0,0.2,33.2,77.6,257.4,694.8,347.4,270.8,284.0,277.2,348.2,304.6,369.2,435.6,552.8,923.2,393.6,260.4,272.6,234.2,109.8,10.0,0.0,0.0
서대전네거리역,4,화요일,합계,0.0,1.2,144.8,242.2,800.6,1643.2,732.4,596.6,618.2,587.8,648.4,604.2,711.8,860.0,1005.6,1498.8,617.4,448.6,431.2,339.6,169.8,10.8,0.0,0.0
서대전네거리역,5,금요일,승차,0.0,1.4,109.8,146.6,509.0,887.0,330.4,327.4,348.0,363.6,357.6,344.4,415.0,444.4,553.8,615.6,299.4,201.8,188.8,129.6,94.2,0.6,0.0,0.0
서대전네거리역,5,금요일,하차,0.0,0.2,32.0,75.4,261.2,685.4,351.0,271.0,290.4,340.8,354.4,344.6,432.6,490.2,633.8,977.0,436.6,290.2,273.4,252.6,125.4,13.6,0.0,0.0
서대전네거리역,5,금요일,합계,0.0,1.6,141.8,222.0,770.2,1572.4,681.4,598.4,638.4,704.4,712.0,689.0,847.6,934.6,1187.6,1592.6,736.0,492.0,462.2,382.2,219.6,14.2,0.0,0.0
서대전네거리역,5,목요일,승차,0.0,1.0,103.0,154.2,483.6,841.0,363.8,309.0,325.8,327.2,307.6,276.4,339.8,382.2,456.6,499.6,248.4,184.4,152.6,111.0,68.0,0.4,0.0,0.0
서대전네거리역,5,목요일,하차,0.0,0.4,31.4,75.6,230.6,616.2,343.8,263.4,268.8,313.6,336.2,300.0,343.6,449.4,538.0,825.4,381.2,235.2,292.2,223.4,121.4,15.0,0.0,0.0
서대전네거리역,5,목요일,합계,0.0,1.4,134.4,229.8,714.2,1457.2,707.6,572.4,594.6,640.8,643.8,576.4,683.4,831.6,994.6,1325.0,629.6,419.6,444.8,334.4,189.4,15.4,0.0,0.0
서대전네거리역,5,수요일,승차,0.0,3.25,119.25,168.25,554.5,914.5,378.75,318.75,332.25,349.25,326.25,314.0,349.0,423.25,493.25,589.75,257.25,192.25,156.25,134.0,74.0,0.75,0.0,0.0
서대전네거리역,5,수요일,하차,0.0,3.25,36.75,85.5,258.75,718.0,323.0,252.0,289.0,303.5,337.5,349.5,346.5,487.5,557.0,951.0,401.0,256.25,303.75,271.25,108.75,12.75,0.0,0.0
서대전네거리역,5,수요일,합계,0.0,6.5,156.0,253.75,813.25,1632.5,701.75,570.75,621.25,652.75,663.75,663.5,695.5,910.75,1050.25,1540.75,658.25,448.5,460.0,405.25,182.75,13.5,0.0,0.0
서대전네거리역,5,월요일,승차,0.0,1.75,103.25,143.5,424.5,758.5,322.25,304.5,328.75,285.75,319.25,289.5,335.0,349.25,401.75,479.25,208.0,183.75,137.75,93.5,65.25,1.25,0.0,0.0
서대전네거리역,5,월요일,하차,0.0,1.25,35.0,72.25,222.5,566.75,289.5,237.0,301.25,264.0,293.5,312.25,304.25,416.75,454.0,769.5,353.75,243.5,231.5,209.0,102.0,13.5,0.0,0.0
서대전네거리역,5,월요일,합계,0.0,3.0,138.25,215.75,647.0,1325.25,611.75,541.5,630.0,549.75,612.75,601.75,639.25,766.0,855.75,1248.75,561.75,427.25,369.25,302.5,167.25,14.75,0.0,0.0
서대전네거리역,5,일요일,승차,0.0,0.5,53.5,62.0,88.75,156.75,179.0,244.5,204.0,262.25,249.5,248.75,215.0,226.5,233.0,208.25,212.5,155.25,130.5,75.75,51.75,0.25,0.0,0.0
서대전네거리역,5,일요일,하차,0.0,0.5,22.75,79.0,77.75,123.0,126.0,174.0,170.0,209.75,216.25,236.0,258.0,291.0,340.25,331.75,229.75,224.75,178.25,141.5,97.5,7.0,0.0,0.0
서대전네거리역,5,일요일,합계,0.0,1.0,76.25,141.0,166.5,279.75,305.0,418.5,374.0,472.0,465.75,484.75,473.0,517.5,573.25,540.0,442.25,380.0,308.75,217.25,149.25,7.25,0.0,0.0
서대전네거리역,5,토요일,승차,0.0,0.2,72.6,92.8,173.8,274.8,282.4,276.6,349.6,371.4,368.4,324.0,297.4,273.4,312.4,253.0,211.6,168.4,154.0,118.4,79.2,3.2,0.0,0.0
서대전네거리역,5,토요일,하차,0.0,0.0,34.2,68.8,108.8,229.4,274.6,252.0,277.2,304.0,329.4,286.0,288.0,357.6,427.0,389.6,290.6,245.2,252.6,189.2,121.2,16.4,0.0,0.0
서대전네거리역,5,토요일,합계,0.0,0.2,106.8,161.6,282.6,504.2,557.0,528.6,626.8,675.4,697.8,610.0,585.4,631.0,739.4,642.6,502.2,413.6,406.6,307.6,200.4,19.6,0.0,0.0
서대전네거리역,5,화요일,승차,0.0,0.75,102.5,143.25,441.75,752.25,341.25,306.75,302.0,313.0,282.25,277.0,323.25,370.5,428.25,502.25,237.75,175.5,153.25,95.25,66.25,0.0,0.0,0.0
서대전네거리역,5,화요일,하차,0.0,0.0,32.5,69.75,222.25,562.25,298.75,247.25,264.0,254.75,294.25,290.5,327.25,431.25,507.75,797.25,342.25,251.25,272.0,234.0,109.75,13.0,0.0,0.0
서대전네거리역,5,화요일,합계,0.0,0.75,135.0,213.0,664.0,1314.5,640.0,554.0,566.0,567.75,576.5,567.5,650.5,801.75,936.0,1299.5,580.0,426.75,425.25,329.25,176.0,13.0,0.0,0.0
서대전네거리역,6,금요일,승차,0.0,2.75,101.0,140.75,412.0,715.0,305.25,315.75,315.0,320.5,296.25,287.75,336.0,374.0,475.5,499.5,307.5,221.0,188.75,127.25,82.5,2.25,0.0,0.0
서대전네거리역,6,금요일,하차,0.0,2.25,32.5,75.75,215.75,536.0,324.5,255.5,282.75,279.5,325.25,289.5,390.25,427.5,546.0,852.25,377.75,264.0,259.75,244.5,118.75,15.75,0.0,0.0
서대전네거리역,6,금요일,합계,0.0,5.0,133.5,216.5,627.75,1251.0,629.75,571.25,597.75,600.0,621.5,577.25,726.25,801.5,1021.5,1351.75,685.25,485.0,448.5,371.75,201.25,18.0,0.0,0.0
서대전네거리역,6,목요일,승차,0.0,1.25,119.25,176.5,524.75,921.75,353.5,315.5,342.25,315.5,318.25,309.5,356.75,416.25,499.25,574.0,264.25,193.5,190.0,134.0,85.5,0.5,0.0,0.0
서대전네거리역,6,목요일,하차,0.0,0.5,40.5,85.75,261.0,671.0,359.75,259.0,301.75,303.75,343.25,332.5,348.0,492.75,557.25,949.75,410.5,308.75,273.5,251.75,135.75,16.5,0.0,0.0
서대전네거리역,6,목요일,합계,0.0,1.75,159.75,262.25,785.75,1592.75,713.25,574.5,644.0,619.25,661.5,642.0,704.75,909.0,1056.5,1523.75,674.75,502.25,463.5,385.75,221.25,17.0,0.0,0.0
서대전네거리역,6,수요일,승차,0.0,1.0,119.25,169.5,546.5,906.25,336.75,290.5,325.25,325.25,312.0,307.0,346.75,406.5,469.0,561.75,246.5,198.0,148.25,121.75,70.0,2.5,0.0,0.0
서대전네거리역,6,수요일,하차,0.0,0.75,39.25,87.0,252.25,681.5,316.75,268.0,260.0,284.25,321.75,343.0,330.5,435.25,557.5,899.5,376.5,254.5,279.25,246.25,100.25,15.75,0.0,0.0
서대전네거리역,6,수요일,합계,0.0,1.75,158.5,256.5,798.75,1587.75,653.5,558.5,585.25,609.5,633.75,650.0,677.25,841.75,1026.5,1461.25,623.0,452.5,427.5,368.0,170.25,18.25,0.0,0.0
서대전네거리역,6,월요일,승차,0.0,2.0,118.2,169.2,514.2,916.6,338.6,315.0,342.8,297.2,296.2,289.6,351.8,407.8,469.8,549.6,211.4,171.4,151.2,108.2,61.6,0.8,0.0,0.0
서대전네거리역,6,월요일,하차,0.0,0.6,33.0,88.4,273.4,671.4,329.2,259.4,279.4,296.4,340.0,293.2,343.2,444.0,500.0,877.8,393.0,247.2,256.6,208.6,99.2,13.6,0.0,0.0
서대전네거리역,6,월요일,합계,0.0,2.6,151.2,257.6,787.6,1588.0,667.8,574.4,622.2,593.6,636.2,582.8,695.0,851.8,969.8,1427.4,604.4,418.6,407.8,316.8,160.8,14.4,0.0,0.0
서대전네거리역,6,일요일,승차,0.0,1.4,54.0,54.0,91.0,152.6,164.8,229.6,181.2,224.4,235.0,209.2,213.4,194.4,180.6,165.6,157.0,131.4,103.2,68.8,42.2,2.2,0.0,0.0
서대전네거리역,6,일요일,하차,0.0,1.2,23.2,66.4,78.6,109.8,136.8,157.6,150.0,179.0,191.6,227.8,234.6,282.6,292.4,272.0,203.6,197.8,172.0,127.2,84.0,5.0,0.0,0.0
서대전네거리역,6,일요일,합계,0.0,2.6,77.2,120.4,169.6,262.4,301.6,387.2,331.2,403.4,426.6,437.0,448.0,477.0,473.0,437.6,360.6,329.2,275.2,196.0,126.2,7.2,0.0,0.0
서대전네거리역,6,토요일,승차,0.0,0.5,67.5,74.75,154.25,245.5,271.0,281.0,339.75,396.0,335.75,285.75,249.75,262.0,303.0,238.5,186.5,188.75,165.5,123.25,70.0,0.0,0.0,0.0
서대전네거리역,6,토요일,하차,0.0,0.0,25.5,68.0,97.25,228.0,236.5,230.75,292.25,299.25,309.25,285.25,314.25,358.75,426.0,394.25,263.75,214.5,209.5,162.25,122.75,8.75,0.0,0.0
서대전네거리역,6,토요일,합계,0.0,0.5,93.0,142.75,251.5,473.5,507.5,511.75,632.0,695.25,645.0,571.0,564.0,620.75,729.0,632.75,450.25,403.25,375.0,285.5,192.75,8.75,0.0,0.0
서대전네거리역,6,화요일,승차,0.0,2.5,104.0,139.5,454.0,723.25,341.75,287.5,305.0,289.5,287.75,264.0,314.75,354.5,396.25,477.5,223.0,184.0,139.25,99.75,62.25,1.0,0.0,0.0
서대전네거리역,6,화요일,하차,0.0,1.5,31.25,75.0,213.25,561.75,287.75,255.25,279.0,271.25,310.25,275.0,314.5,416.25,461.25,735.0,337.25,260.75,252.75,224.0,99.5,11.5,0.0,0.0
서대전네거리역,6,화요일,합계,0.0,4.0,135.25,214.5,667.25,1285.0,629.5,542.75,584.0,560.75,598.0,539.0,629.25,770.75,857.5,1212.5,560.25,444.75,392.0,323.75,161.75,12.5,0.0,0.0
서대전네거리역,7,금요일,승차,0.0,2.25,108.0,161.0,507.75,853.75,320.0,295.0,314.0,317.0,287.75,282.75,350.25,380.75,499.5,592.0,275.0,207.25,182.75,151.0,95.25,1.25,0.0,0.0
서대전네거리역,7,금요일,하차,0.0,1.75,32.25,80.5,260.75,615.25,308.25,243.75,261.5,283.5,319.75,305.25,347.5,440.0,567.5,982.25,399.25,279.5,263.25,252.5,122.75,12.25,0.0,0.0
서대전네거리역,7,금요일,합계,0.0,4.0,140.25,241.5,768.5,1469.0,628.25,538.75,575.5,600.5,607.5,588.0,697.75,820.75,1067.0,1574.25,674.25,486.75,446.0,403.5,218.0,13.5,0.0,0.0
서대전네거리역,7,목요일,승차,0.0,1.2,118.0,153.8,511.0,865.6,318.8,254.0,295.2,281.6,257.2,244.8,301.4,349.8,435.4,518.2,214.2,161.8,142.0,120.6,67.2,0.6,0.0,0.0
서대전네거리역,7,목요일,하차,0.0,1.0,44.0,74.4,241.2,613.2,291.4,220.6,249.2,286.6,291.6,274.8,286.6,403.6,501.8,829.6,375.0,249.0,243.2,221.4,107.0,9.4,0.0,0.0
서대전네거리역,7,목요일,합계,0.0,2.2,162.0,228.2,752.2,1478.8,610.2,474.6,544.4,568.2,548.8,519.6,588.0,753.4,937.2,1347.8,589.2,410.8,385.2,342.0,174.2,10.0,0.0,0.0
서대전네거리역,7,수요일,승차,0.0,2.6,111.6,164.6,506.6,859.6,296.2,282.6,294.2,275.0,283.4,267.2,285.4,343.8,395.4,531.8,210.6,169.0,130.2,119.4,76.2,2.2,0.0,0.0
서대전네거리역,7,수요일,하차,0.0,1.4,40.8,78.2,249.0,607.0,290.6,228.4,272.2,255.0,282.2,288.6,294.4,371.6,493.8,867.2,366.8,232.6,237.8,215.2,97.2,13.6,0.0,0.0
서대전네거리역,7,수요일,합계,0.0,4.0,152.4,242.8,755.6,1466.6,586.8,511.0,566.4,530.0,565.6,555.8,579.8,715.4,889.2,1399.0,577.4,401.6,368.0,334.6,173.4,15.8,0.0,0.0
서대전네거리역,7,월요일,승차,0.0,2.0,113.75,155.5,506.75,852.5,320.5,295.75,319.25,278.5,279.25,277.5,327.25,361.25,441.5,511.25,199.5,155.75,124.75,83.5,58.25,1.0,0.0,0.0
서대전네거리역,7,월요일,하차,0.0,0.75,34.75,81.25,251.75,635.0,306.75,242.0,258.5,278.5,299.25,288.25,313.0,401.0,457.25,828.5,355.5,218.5,229.75,214.25,96.5,10.5,0.0,0.0
서대전네거리역,7,월요일,합계,0.0,2.75,148.5,236.75,758.5,1487.5,627.25,537.75,577.75,557.0,578.5,565.75,640.25,762.25,898.75,1339.75,555.0,374.25,354.5,297.75,154.75,11.5,0.0,0.0
서대전네거리역,7,일요일,승차,0.0,0.25,53.0,61.25,83.25,132.5,149.0,208.75,175.5,221.0,217.75,183.5,181.75,175.75,183.5,173.25,154.25,125.5,106.25,58.5,44.75,1.25,0.0,0.0
서대전네거리역,7,일요일,하차,0.0,0.0,21.25,58.25,84.0,117.5,131.5,126.75,141.5,144.25,195.0,181.75,219.0,264.0,280.5,260.25,183.5,178.25,174.5,134.75,94.25,4.75,0.0,0.0
서대전네거리역,7,일요일,합계,0.0,0.25,74.25,119.5,167.25,250.0,280.5,335.5,317.0,365.25,412.75,365.25,400.75,439.75,464.0,433.5,337.75,303.75,280.75,193.25,139.0,6.0,0.0,0.0
서대전네거리역,7,토요일,승차,0.0,0.75,72.0,75.5,150.75,252.5,248.75,274.25,308.25,328.5,310.75,262.0,269.0,238.0,264.25,217.5,170.75,170.5,153.25,125.25,72.0,1.0,0.0,0.0
서대전네거리역,7,토요일,하차,0.0,0.5,29.0,64.5,100.25,217.0,237.25,236.25,262.5,279.5,294.0,245.75,252.25,312.25,381.5,352.75,248.25,225.5,210.0,173.75,112.75,10.5,0.0,0.0
서대전네거리역,7,토요일,합계,0.0,1.25,101.0,140.0,251.0,469.5,486.0,510.5,570.75,608.0,604.75,507.75,521.25,550.25,645.75,570.25,419.0,396.0,363.25,299.0,184.75,11.5,0.0,0.0
서대전네거리역,7,화요일,승차,0.0,3.8,111.8,163.2,514.6,871.8,330.4,281.8,292.8,305.6,261.8,269.8,287.4,348.0,448.0,538.2,204.6,164.2,139.8,107.2,66.8,1.4,0.0,0.0
서대전네거리역,7,화요일,하차,0.0,3.0,40.8,74.4,257.4,633.4,305.6,252.6,248.2,269.0,306.8,266.4,302.8,387.0,510.4,852.6,366.8,241.2,241.6,204.6,102.0,12.2,0.0,0.0
서대전네거리역,7,화요일,합계,0.0,6.8,152.6,237.6,772.0,1505.2,636.0,534.4,541.0,574.6,568.6,536.2,590.2,735.0,958.4,1390.8,571.4,405.4,381.4,311.8,168.8,13.6,0.0,0.0
서대전네거리역,8,금요일,승차,0.0,5.4,96.8,147.0,420.2,711.4,316.2,311.0,335.2,317.8,325.2,325.0,349.0,423.4,520.0,569.2,329.6,253.6,200.8,142.6,101.8,12.6,0.4,0.0
서대전네거리역,8,금요일,하차,0.0,2.8,29.6,69.8,209.6,507.6,287.6,254.4,294.2,269.4,315.0,307.8,382.8,442.0,627.2,896.8,446.2,359.6,338.2,324.6,151.4,92.2,18.4,0.0
서대전네거리역,8,금요일,합계,0.0,8.2,126.4,216.8,629.8,1219.0,603.8,565.4,629.4,587.2,640.2,632.8,731.8,865.4,1147.2,1466.0,775.8,613.2,539.0,467.2,253.2,104.8,18.8,0.0
서대전네거리역,8,목요일,승차,0.0,2.0,111.5,183.25,505.5,834.75,375.75,331.25,373.25,322.0,327.5,320.75,377.5,415.25,532.75,621.5,315.25,232.5,169.5,154.0,85.5,9.0,0.5,0.0
서대전네거리역,8,목요일,하차,0.0,0.75,36.25,79.25,246.0,616.75,329.75,258.5,299.0,314.25,363.75,331.75,383.25,473.25,659.25,981.5,482.0,343.25,326.0,316.75,151.75,61.5,10.25,0.0
서대전네거리역,8,목요일,합계,0.0,2.75,147.75,262.5,751.5,1451.5,705.5,589.75,672.25,636.25,691.25,652.5,760.75,888.5,1192.0,1603.0,797.25,575.75,495.5,470.75,237.25,70.5,10.75,0.0
서대전네거리역,8,수요일,승차,0.0,1.75,111.5,176.5,497.0,868.5,337.75,336.5,335.5,339.0,339.75,332.75,348.0,398.0,499.75,588.25,264.5,200.0,164.75,119.5,91.0,5.25,0.0,0.0
서대전네거리역,8,수요일,하차,0.0,0.5,34.75,83.75,248.75,604.25,311.0,270.5,309.0,312.5,350.0,352.0,364.5,458.25,618.5,943.5,418.25,301.75,301.0,273.25,130.0,36.5,2.25,0.0
서대전네거리역,8,수요일,합계,0.0,2.25,146.25,260.25,745.75,1472.75,648.75,607.0,644.5,651.5,689.75,684.75,712.5,856.25,1118.25,1531.75,682.75,501.75,465.75,392.75,221.0,41.75,2.25,0.0
서대전네거리역,8,월요일,승차,0.0,2.0,120.25,179.25,481.0,822.25,309.5,308.75,338.25,301.75,317.5,324.25,335.25,383.5,469.75,542.75,215.75,170.75,133.75,87.5,66.25,7.5,0.5,0.0
서대전네거리역,8,월요일,하차,0.0,0.75,34.25,76.5,245.75,595.75,305.5,278.5,290.25,274.5,333.5,314.75,327.5,414.75,516.75,869.0,394.5,255.25,247.5,216.0,110.0,43.25,1.0,0.0
서대전네거리역,8,월요일,합계,0.0,2.75,154.5,255.75,726.75,1418.0,615.0,587.25,628.5,576.25,651.0,639.0,662.75,798.25,986.5,1411.75,610.25,426.0,381.25,303.5,176.25,50.75,1.5,0.0
서대전네거리역,8,일요일,승차,0.0,0.2,50.4,57.6,89.6,158.0,167.8,227.6,192.0,246.2,267.8,235.4,224.2,237.4,260.4,224.6,212.0,148.2,126.8,71.0,52.8,3.6,0.8,0.0
서대전네거리역,8,일요일,하차,0.0,0.2,23.2,59.0,74.0,134.0,152.8,145.4,154.8,181.6,210.8,235.6,269.8,315.6,334.2,333.6,243.6,255.6,240.6,205.2,143.2,46.0,3.2,0.0
서대전네거리역,8,일요일,합계,0.0,0.4,73.6,116.6,163.6,292.0,320.6,373.0,346.8,427.8,478.6,471.0,494.0,553.0,594.6,558.2,455.6,403.8,367.4,276.2,196.0,49.6,4.0,0.0
서대전네거리역,8,토요일,승차,0.0,1.6,70.8,100.4,166.8,279.2,278.8,297.6,350.8,358.0,363.6,305.8,264.6,318.4,328.6,286.2,246.4,223.2,185.2,127.8,81.2,8.8,1.0,0.0
서대전네거리역,8,토요일,하차,0.0,1.0,27.8,58.4,116.6,218.0,248.6,238.2,283.8,274.4,324.2,292.0,323.2,394.2,473.0,447.2,307.6,315.4,274.8,250.2,182.4,54.2,5.4,0.0
서대전네거리역,8,토요일,합계,0.0,2.6,98.6,158.8,283.4,497.2,527.4,535.8,634.6,632.4,687.8,597.8,587.8,712.6,801.6,733.4,554.0,538.6,460.0,378.0,263.6,63.0,6.4,0.0
서대전네거리역,8,화요일,승차,0.0,1.5,111.75,161.25,481.5,846.75,350.25,301.25,327.25,297.5,299.0,308.25,333.0,404.5,495.75,579.0,251.5,193.75,158.5,112.5,66.0,5.25,1.5,0.0
서대전네거리역,8,화요일,하차,0.0,0.5,34.25,73.5,240.5,642.25,311.75,256.75,281.25,282.25,327.25,304.0,351.25,464.0,547.25,908.5,402.25,278.0,276.5,251.75,110.0,22.5,2.0,0.0
서대전네거리역,8,화요일,합계,0.0,2.0,146.0,234.75,722.0,1489.0,662.0,558.0,608.5,579.75,626.25,612.25,684.25,868.5,1043.0,1487.5,653.75,471.75,435.0,364.25,176.0,27.75,3.5,0.0
시청역,1,금요일,승차,0.0,0.0,32.8,93.2,176.8,370.6,223.8,281.8,394.8,388.6,390.0,457.2,562.2,665.8,1026.0,1466.8,498.0,457.4,467.8,511.6,203.2,2.8,0.0,0.0
시청역,1,금요일,하차,0.0,0.0,53.2,138.8,442.4,1848.8,800.8,413.6,386.8,391.2,475.0,475.2,487.0,550.4,643.0,834.4,371.8,237.8,188.6,145.8,91.2,12.8,0.0,0.0
시청역,1,금요일,합계,0.0,0.0,86.0,232.0,619.2,2219.4,1024.6,695.4,781.6,779.8,865.0,932.4,1049.2,1216.2,1669.0,2301.2,869.8,695.2,656.4,657.4,294.4,15.6,0.0,0.0
시청역,1,목요일,승차,0.0,0.0,35.4,80.8,167.2,324.6,196.2,227.4,303.0,310.0,329.0,344.6,411.6,498.0,720.8,1203.2,406.0,438.2,475.2,478.2,171.4,2.8,0.0,0.0
시청역,1,목요일,하차,0.0,0.0,48.6,130.4,409.4,1530.4,668.6,345.6,322.8,319.8,420.6,393.8,362.0,437.6,510.0,685.2,299.4,187.2,165.8,118.0,82.6,10.4,0.0,0.0
시청역,1,목요일,합계,0.0,0.0,84.0,211.2,576.6,1855.0,864.8,573.0,625.8,629.8,749.6,738.4,773.6,935.6,1230.8,1888.4,705.4,625.4,641.0,596.2,254.0,13.2,0.0,0.0
시청역,1,수요일,승차,0.0,1.4,54.0,86.8,153.6,279.0,178.8,197.4,269.8,285.6,272.8,307.4,369.0,439.6,619.0,1001.0,336.8,338.8,332.2,388.4,121.0,2.0,0.0,0.0
시청역,1,수요일,하차,0.0,1.4,38.2,99.2,305.4,1241.4,562.6,289.6,270.4,288.0,368.0,349.2,325.2,368.4,438.4,553.2,262.2,175.6,168.8,114.8,74.4,6.0,0.0,0.0
시청역,1,수요일,합계,0.0,2.8,92.2,186.0,459.0,1520.4,741.4,487.0,540.2,573.6,640.8,656.6,694.2,808.0,1057.4,1554.2,599.0,514.4,501.0,503.2,195.4,8.0,0.0,0.0
시청역,1,월요일,승차,0.0,0.0,39.25,88.25,162.75,321.25,216.0,265.5,357.25,381.0,376.0,382.5,487.25,553.0,786.75,1203.75,403.0,418.5,439.0,469.75,172.5,1.5,0.0,0.0
시청역,1,월요일,하차,0.0,0.0,45.25,115.25,401.25,1564.0,734.0,403.5,354.0,375.25,465.5,465.25,402.25,441.75,529.25,642.75,280.5,177.25,159.75,115.0,67.0,7.75,0.0,0.0
시청역,1,월요일,합계,0.0,0.0,84.5,203.5,564.0,1885.25,950.0,669.0,711.25,756.25,841.5,847.75,889.5,994.75,1316.0,1846.5,683.5,595.75,598.75,584.75,239.5,9.25,0.0,0.0
시청역,1,일요일,승차,0.0,1.0,29.25,41.75,47.25,92.75,124.0,166.75,151.75,216.75,248.75,218.25,287.0,305.5,324.0,306.75,238.5,218.75,186.5,206.0,105.0,2.75,0.0,0.0
시청역,1,일요일,하차,0.0,1.0,15.75,45.0,58.5,127.5,179.5,169.25,209.75,295.5,273.0,264.25,279.25,302.25,269.75,259.75,175.5,134.75,159.75,101.25,67.0,12.0,0.0,0.0
시청역,1,일요일,합계,0.0,2.0,45.0,86.75,105.75,220.25,303.5,336.0,361.5,512.25,521.75,482.5,566.25,607.75,593.75,566.5,414.0,353.5,346.25,307.25,172.0,14.75,0.0,0.0
시청역,1,토요일,승차,0.0,0.0,30.5,53.0,76.75,150.25,187.5,237.25,309.5,430.25,465.0,386.5,404.5,483.5,513.5,412.0,334.75,315.5,272.75,318.25,162.25,1.75,0.0,0.0
시청역,1,토요일,하차,0.0,0.0,28.25,60.0,154.75,333.75,431.0,391.75,394.5,482.0,421.5,348.5,384.75,379.75,412.75,359.25,229.25,182.75,165.25,111.5,79.25,15.75,0.0,0.0
시청역,1,토요일,합계,0.0,0.0,58.75,113.0,231.5,484.0,618.5,629.0,704.0,912.25,886.5,735.0,789.25,863.25,926.25,771.25,564.0,498.25,438.0,429.75,241.5,17.5,0.0,0.0
시청역,1,화요일,승차,0.0,0.25,39.0,79.25,168.25,347.5,232.5,268.25,354.25,357.25,325.0,376.75,436.25,522.25,691.0,1173.0,403.75,407.0,450.75,432.5,159.5,1.25,0.0,0.0
시청역,1,화요일,하차,0.0,0.0,49.0,126.75,382.75,1504.5,719.0,380.5,329.0,340.25,457.5,406.5,355.25,402.5,491.0,645.5,289.0,171.5,164.25,106.75,70.0,8.75,0.0,0.0
시청역,1,화요일,합계,0.0,0.25,88.0,206.0,551.0,1852.0,951.5,648.75,683.25,697.5,782.5,783.25,791.5,924.75,1182.0,1818.5,692.75,578.5,615.0,539.25,229.5,10.0,0.0,0.0
시청역,2,금요일,승차,0.0,0.25,28.75,92.0,221.75,441.75,265.5,313.5,433.0,414.75,420.5,452.5,556.75,682.25,1102.25,1594.5,535.25,530.75,512.5,539.25,229.75,1.25,0.0,0.0
시청역,2,금요일,하차,0.0,0.0,52.75,141.75,484.0,1990.25,842.0,470.0,425.75,421.75,490.5,521.0,493.5,551.75,668.0,946.0,434.75,269.75,212.5,164.0,107.5,16.5,0.0,0.0
시청역,2,금요일,합계,0.0,0.25,81.5,233.75,705.75,2432.0,1107.5,783.5,858.75,836.5,911.0,973.5,1050.25,1234.0,1770.25,2540.5,970.0,800.5,725.0,703.25,337.25,17.75,0.0,0.0
시청역,2,목요일,승차,0.0,0.0,34.75,93.5,206.5,421.0,249.75,281.0,363.5,386.0,399.0,410.0,506.25,619.0,890.75,1473.0,513.25,535.0,594.5,604.75,201.75,0.0,0.0,0.0
시청역,2,목요일,하차,0.0,0.0,52.25,146.5,478.0,1944.25,797.25,463.75,390.5,421.75,505.75,469.0,439.75,510.75,594.75,832.0,381.25,241.5,206.0,140.0,99.25,10.25,0.0,0.0
시청역,2,목요일,합계,0.0,0.0,87.0,240.0,684.5,2365.25,1047.0,744.75,754.0,807.75,904.75,879.0,946.0,1129.75,1485.5,2305.0,894.5,776.5,800.5,744.75,301.0,10.25,0.0,0.0
시청역,2,수요일,승차,0.0,2.0,31.0,93.25,221.0,460.75,252.25,257.0,397.0,380.0,378.25,414.5,515.5,641.0,951.0,1600.0,462.5,487.25,524.0,552.5,178.75,1.25,0.0,0.0
시청역,2,수요일,하차,0.0,2.0,57.75,126.5,504.25,2064.0,874.25,458.25,376.25,390.0,486.5,495.75,454.25,500.0,606.5,819.25,329.0,205.0,190.25,132.75,92.75,10.75,0.0,0.0
시청역,2,수요일,합계,0.0,4.0,88.75,219.75,725.25,2524.75,1126.5,715.25,773.25,770.0,864.75,910.25,969.75,1141.0,1557.5,2419.25,791.5,692.25,714.25,685.25,271.5,12.0,0.0,0.0
시청역,2,월요일,승차,0.0,0.0,39.25,95.5,197.75,397.25,245.5,311.5,393.25,409.5,390.25,426.5,544.5,647.75,910.75,1550.0,490.75,502.25,508.75,498.0,174.75,0.25,0.0,0.0
시청역,2,월요일,하차,0.0,0.0,54.75,144.25,509.25,2029.5,850.25,469.25,420.25,440.0,556.25,508.75,469.0,537.25,563.5,783.0,330.5,188.75,145.25,117.25,76.5,8.0,0.0,0.0
시청역,2,월요일,합계,0.0,0.0,94.0,239.75,707.0,2426.75,1095.75,780.75,813.5,849.5,946.5,935.25,1013.5,1185.0,1474.25,2333.0,821.25,691.0,654.0,615.25,251.25,8.25,0.0,0.0
시청역,2,일요일,승차,0.0,0.5,27.25,44.0,50.5,105.75,129.75,164.25,205.0,290.75,295.5,260.0,295.25,316.25,342.5,350.5,272.5,243.5,199.0,217.0,94.0,0.0,0.0,0.0
시청역,2,일요일,하차,0.0,0.0,20.75,48.75,53.25,133.25,188.5,190.25,240.25,304.75,302.25,289.5,299.5,349.25,295.0,265.75,205.75,149.5,173.75,109.25,79.75,11.5,0.0,0.0
시청역,2,일요일,합계,0.0,0.5,48.0,92.75,103.75,239.0,318.25,354.5,445.25,595.5,597.75,549.5,594.75,665.5,637.5,616.25,478.25,393.0,372.75,326.25,173.75,11.5,0.0,0.0
시청역,2,토요일,승차,0.0,0.25,41.0,66.25,92.75,151.25,212.5,270.5,343.75,456.75,497.0,514.5,789.5,1238.0,1071.5,519.75,349.5,321.0,294.0,339.25,168.25,0.0,0.0,0.0
시청역,2,토요일,하차,0.0,0.0,28.5,69.0,165.0,372.75,469.75,405.0,468.0,694.75,1142.5,1078.25,622.0,465.25,438.5,386.75,252.0,181.25,195.0,112.0,76.5,15.75,0.0,0.0
시청역,2,토요일,합계,0.0,0.25,69.5,135.25,257.75,524.0,682.25,675.5,811.75,1151.5,1639.5,1592.75,1411.5,1703.25,1510.0,906.5,601.5,502.25,489.0,451.25,244.75,15.75,0.0,0.0
시청역,2,화요일,승차,0.0,0.0,34.5,89.0,205.5,434.0,244.0,286.5,388.5,401.0,398.75,426.25,531.5,659.25,925.25,1490.0,480.75,532.75,547.0,525.0,178.25,0.0,0.0,0.0
시청역,2,화요일,하차,0.0,0.0,57.75,150.0,509.5,1961.5,859.5,482.5,410.25,445.0,522.75,487.5,460.25,488.5,576.5,787.25,336.5,217.5,185.25,116.0,87.5,7.0,0.0,0.0
시청역,2,화요일,합계,0.0,0.0,92.25,239.0,715.0,2395.5,1103.5,769.0,798.75,846.0,921.5,913.75,991.75,1147.75,1501.75,2277.25,817.25,750.25,732.25,641.0,265.75,7.0,0.0,0.0
시청역,3,금요일,승차,0.0,0.0,32.0,98.0,242.75,419.25,265.75,297.5,379.0,353.75,366.5,414.5,513.75,661.0,1006.75,1544.75,513.5,503.25,495.75,561.5,271.25,0.5,0.0,0.0
시청역,3,금요일,하차,0.0,0.0,60.0,140.75,521.25,1917.5,707.25,395.75,355.5,311.75,422.75,492.75,617.5,610.75,727.5,1026.0,486.0,290.5,244.5,173.75,129.0,13.25,0.0,0.0
시청역,3,금요일,합계,0.0,0.0,92.0,238.75,764.0,2336.75,973.0,693.25,734.5,665.5,789.25,907.25,1131.25,1271.75,1734.25,2570.75,999.5,793.75,740.25,735.25,400.25,13.75,0.0,0.0
시청역,3,목요일,승차,0.0,0.0,31.5,89.25,248.25,443.25,282.0,263.5,340.5,317.0,334.0,357.75,412.5,529.0,777.25,1370.5,479.25,539.25,549.25,527.25,217.0,1.5,0.0,0.0
시청역,3,목요일,하차,0.0,0.0,57.5,149.25,532.5,1869.25,683.25,354.5,336.5,305.0,388.5,382.0,396.75,594.75,682.0,927.5,433.5,235.25,206.25,146.25,88.5,9.25,0.0,0.0
시청역,3,목요일,합계,0.0,0.0,89.0,238.5,780.75,2312.5,965.25,618.0,677.0,622.0,722.5,739.75,809.25,1123.75,1459.25,2298.0,912.75,774.5,755.5,673.5,305.5,10.75,0.0,0.0
시청역,3,수요일,승차,0.0,0.0,32.25,87.0,237.75,434.5,264.5,249.75,325.0,325.75,337.25,364.25,441.25,565.5,883.0,1482.75,453.75,479.5,467.75,537.25,216.0,0.0,0.0,0.0
시청역,3,수요일,하차,0.0,0.0,57.0,144.0,526.75,1906.75,673.5,366.25,309.5,297.5,428.5,403.5,424.25,562.0,694.75,906.0,407.25,212.5,178.0,132.0,87.5,4.75,0.0,0.0
시청역,3,수요일,합계,0.0,0.0,89.25,231.0,764.5,2341.25,938.0,616.0,634.5,623.25,765.75,767.75,865.5,1127.5,1577.75,2388.75,861.0,692.0,645.75,669.25,303.5,4.75,0.0,0.0
시청역,3,월요일,승차,0.0,0.6,35.8,96.0,199.2,360.6,240.8,266.8,318.8,331.6,319.0,350.2,406.6,470.2,683.6,1252.4,415.4,456.2,404.6,441.2,167.8,1.2,0.0,0.0
시청역,3,월요일,하차,0.0,0.6,49.6,123.0,480.8,1590.4,624.8,360.8,327.4,290.2,370.0,388.8,395.6,536.0,554.4,701.2,308.6,202.4,163.8,106.4,74.8,8.8,0.0,0.0
시청역,3,월요일,합계,0.0,1.2,85.4,219.0,680.0,1951.0,865.6,627.6,646.2,621.8,689.0,739.0,802.2,1006.2,1238.0,1953.6,724.0,658.6,568.4,547.6,242.6,10.0,0.0,0.0
시청역,3,일요일,승차,0.0,0.6,22.2,44.4,52.6,94.2,144.0,160.6,173.0,245.0,281.8,263.6,287.8,335.2,361.0,368.4,316.0,265.0,223.4,197.2,92.8,0.4,0.0,0.0
시청역,3,일요일,하차,0.0,0.0,18.2,45.4,51.6,112.2,201.8,196.4,244.6,373.8,322.0,305.2,297.0,326.6,315.8,272.8,187.4,161.8,172.6,103.6,69.4,11.8,0.0,0.0
시청역,3,일요일,합계,0.0,0.6,40.4,89.8,104.2,206.4,345.8,357.0,417.6,618.8,603.8,568.8,584.8,661.8,676.8,641.2,503.4,426.8,396.0,300.8,162.2,12.2,0.0,0.0
시청역,3,토요일,승차,0.0,0.6,34.0,57.6,91.6,164.8,220.0,270.2,368.6,458.6,466.6,406.6,465.8,503.4,502.4,440.6,388.0,369.2,315.4,331.8,188.2,0.0,0.0,0.0
시청역,3,토요일,하차,0.0,0.6,30.0,81.4,171.4,332.4,472.8,390.8,425.0,512.8,423.8,390.4,378.0,442.8,430.4,422.2,301.6,202.8,199.6,131.4,74.6,13.8,0.0,0.0
시청역,3,토요일,합계,0.0,1.2,64.0,139.0,263.0,497.2,692.8,661.0,793.6,971.4,890.4,797.0,843.8,946.2,932.8,862.8,689.6,572.0,515.0,463.2,262.8,13.8,0.0,0.0
시청역,3,화요일,승차,0.0,0.0,32.25,99.75,248.75,441.5,262.75,271.25,348.0,327.25,329.75,372.25,442.5,522.25,773.75,1423.25,459.0,515.25,470.5,502.75,175.75,1.75,0.0,0.0
시청역,3,화요일,하차,0.0,0.0,57.0,155.0,569.0,1898.5,707.5,397.5,325.5,296.0,402.75,400.5,409.0,533.5,581.25,878.5,342.75,203.25,164.25,125.5,81.0,6.25,0.0,0.0
시청역,3,화요일,합계,0.0,0.0,89.25,254.75,817.75,2340.0,970.25,668.75,673.5,623.25,732.5,772.75,851.5,1055.75,1355.0,2301.75,801.75,718.5,634.75,628.25,256.75,8.0,0.0,0.0
시청역,4,금요일,승차,0.0,0.0,30.5,102.0,246.25,437.25,278.0,297.25,364.5,347.75,365.5,419.5,531.25,667.0,1062.25,1543.25,511.5,506.25,485.0,519.75,257.5,0.0,0.0,0.0
시청역,4,금요일,하차,0.0,0.0,62.0,146.25,565.75,1881.75,742.75,393.5,351.75,321.25,408.25,450.0,614.0,614.0,759.0,953.25,438.75,288.5,242.75,212.0,120.25,14.5,0.0,0.0
시청역,4,금요일,합계,0.0,0.0,92.5,248.25,812.0,2319.0,1020.75,690.75,716.25,669.0,773.75,869.5,1145.25,1281.0,1821.25,2496.5,950.25,794.75,727.75,731.75,377.75,14.5,0.0,0.0
시청역,4,목요일,승차,0.0,0.0,36.0,97.0,270.0,447.5,284.25,275.5,330.5,322.75,349.75,389.25,468.0,567.5,807.25,1402.75,488.75,529.5,498.0,487.25,205.5,0.0,0.0,0.0
시청역,4,목요일,하차,0.0,0.0,60.75,175.25,585.75,1879.5,712.5,374.75,358.75,335.75,447.0,399.75,395.0,600.5,648.5,880.25,386.5,227.75,205.25,143.5,103.25,9.25,0.0,0.0
시청역,4,목요일,합계,0.0,0.0,96.75,272.25,855.75,2327.0,996.75,650.25,689.25,658.5,796.75,789.0,863.0,1168.0,1455.75,2283.0,875.25,757.25,703.25,630.75,308.75,9.25,0.0,0.0
시청역,4,수요일,승차,0.0,0.0,36.4,100.4,263.6,424.4,281.6,266.4,313.6,316.8,358.6,379.4,490.6,569.0,881.6,1498.8,471.2,478.4,468.4,488.6,211.8,0.0,0.0,0.0
시청역,4,수요일,하차,0.0,0.0,61.8,153.6,566.6,1912.4,684.2,368.6,336.6,334.2,446.2,449.8,449.2,557.4,606.8,859.4,379.8,220.0,191.4,140.8,94.6,7.8,0.0,0.0
시청역,4,수요일,합계,0.0,0.0,98.2,254.0,830.2,2336.8,965.8,635.0,650.2,651.0,804.8,829.2,939.8,1126.4,1488.4,2358.2,851.0,698.4,659.8,629.4,306.4,7.8,0.0,0.0
시청역,4,월요일,승차,0.0,0.0,43.0,106.25,251.5,427.0,271.0,290.0,340.5,351.5,340.25,360.75,441.75,586.5,822.25,1482.0,442.0,486.25,439.75,437.5,173.0,0.0,0.0,0.0
시청역,4,월요일,하차,0.0,0.0,57.25,152.0,583.75,1966.25,744.25,374.0,346.0,343.75,429.25,444.75,430.75,551.0,581.5,729.75,307.0,219.5,160.0,103.0,75.75,7.0,0.0,0.0
시청역,4,월요일,합계,0.0,0.0,100.25,258.25,835.25,2393.25,1015.25,664.0,686.5,695.25,769.5,805.5,872.5,1137.5,1403.75,2211.75,749.0,705.75,599.75,540.5,248.75,7.0,0.0,0.0
시청역,4,일요일,승차,0.0,0.75,26.0,43.75,61.5,120.0,137.25,165.75,173.75,233.25,261.0,221.0,287.5,316.25,331.5,352.75,297.75,253.75,192.25,180.0,85.5,0.0,0.0,0.0
시청역,4,일요일,하차,0.0,0.75,21.0,58.75,69.75,128.75,198.75,225.0,221.0,308.25,313.0,267.0,272.75,292.5,273.75,261.25,203.0,163.5,163.5,101.5,69.75,16.0,0.0,0.0
시청역,4,일요일,합계,0.0,1.5,47.0,102.5,131.25,248.75,336.0,390.75,394.75,541.5,574.0,488.0,560.25,608.75,605.25,614.0,500.75,417.25,355.75,281.5,155.25,16.0,0.0,0.0
시청역,4,토요일,승차,0.0,1.0,32.25,73.0,98.25,195.25,225.5,294.75,325.75,458.75,472.25,389.75,451.25,512.5,440.25,416.5,362.0,321.25,298.25,330.25,161.25,1.75,0.0,0.0
시청역,4,토요일,하차,0.0,0.75,31.75,82.5,185.25,369.0,487.75,418.0,426.0,542.25,429.25,386.5,356.0,350.5,407.25,348.25,275.0,221.0,211.0,119.0,74.25,11.75,0.0,0.0
시청역,4,토요일,합계,0.0,1.75,64.0,155.5,283.5,564.25,713.25,712.75,751.75,1001.0,901.5,776.25,807.25,863.0,847.5,764.75,637.0,542.25,509.25,449.25,235.5,13.5,0.0,0.0
시청역,4,화요일,승차,0.0,0.0,33.2,101.0,249.8,441.6,274.6,286.2,335.0,334.0,335.8,372.2,445.4,524.0,835.2,1448.8,457.6,498.8,468.0,468.6,181.4,2.0,0.0,0.0
시청역,4,화요일,하차,0.0,0.0,59.4,159.6,575.0,1912.0,721.2,392.8,310.2,322.8,404.6,406.8,423.8,530.6,619.6,798.6,345.6,211.2,179.8,137.0,79.0,7.6,0.0,0.0
시청역,4,화요일,합계,0.0,0.0,92.6,260.6,824.8,2353.6,995.8,679.0,645.2,656.8,740.4,779.0,869.2,1054.6,1454.8,2247.4,803.2,710.0,647.8,605.6,260.4,9.6,0.0,0.0
시청역,5,금요일,승차,0.0,0.4,37.4,107.2,245.6,426.6,269.4,318.8,365.8,354.6,356.6,425.6,547.6,650.0,995.2,1490.0,491.8,496.0,440.4,504.4,236.8,1.4,0.0,0.0
시청역,5,금요일,하차,0.0,0.4,60.2,149.2,554.4,1810.2,737.6,399.2,357.4,337.2,404.2,494.4,558.2,592.6,694.4,928.0,418.0,291.2,239.0,179.4,110.2,14.6,0.0,0.0
시청역,5,금요일,합계,0.0,0.8,97.6,256.4,800.0,2236.8,1007.0,718.0,723.2,691.8,760.8,920.0,1105.8,1242.6,1689.6,2418.0,909.8,787.2,679.4,683.8,347.0,16.0,0.0,0.0
시청역,5,목요일,승차,0.0,0.2,31.8,94.0,235.4,398.0,268.6,251.4,343.0,338.6,351.0,374.0,369.6,519.4,735.4,1257.8,456.8,486.6,483.4,474.6,193.0,0.0,0.0,0.0
시청역,5,목요일,하차,0.0,0.0,54.0,175.8,529.0,1662.6,653.6,457.0,323.2,310.0,361.0,396.0,375.2,524.8,630.4,758.2,362.0,229.4,195.0,142.2,89.0,9.8,0.0,0.0
시청역,5,목요일,합계,0.0,0.2,85.8,269.8,764.4,2060.6,922.2,708.4,666.2,648.6,712.0,770.0,744.8,1044.2,1365.8,2016.0,818.8,716.0,678.4,616.8,282.0,9.8,0.0,0.0
시청역,5,수요일,승차,0.0,0.0,42.5,108.25,257.5,444.0,265.75,284.75,347.75,318.75,335.25,381.75,442.75,587.25,929.0,1465.0,458.0,461.75,503.0,511.0,210.0,3.0,0.0,0.0
시청역,5,수요일,하차,0.0,0.0,60.25,153.5,579.75,1960.25,724.0,389.0,316.25,308.25,400.25,446.25,484.5,561.75,619.25,855.75,378.25,218.25,203.75,153.75,96.25,9.5,0.0,0.0
시청역,5,수요일,합계,0.0,0.0,102.75,261.75,837.25,2404.25,989.75,673.75,664.0,627.0,735.5,828.0,927.25,1149.0,1548.25,2320.75,836.25,680.0,706.75,664.75,306.25,12.5,0.0,0.0
시청역,5,월요일,승차,0.0,0.25,41.75,100.0,210.5,361.75,244.0,263.5,321.25,305.25,313.75,352.75,401.5,475.5,656.0,1140.5,391.0,406.0,408.5,423.5,171.0,0.0,0.0,0.0
시청역,5,월요일,하차,0.0,0.0,47.5,124.25,482.0,1485.75,587.75,350.25,316.75,296.75,352.0,370.75,407.75,536.25,546.25,699.75,301.75,209.5,162.75,111.25,76.5,8.0,0.0,0.0
시청역,5,월요일,합계,0.0,0.25,89.25,224.25,692.5,1847.5,831.75,613.75,638.0,602.0,665.75,723.5,809.25,1011.75,1202.25,1840.25,692.75,615.5,571.25,534.75,247.5,8.0,0.0,0.0
시청역,5,일요일,승차,0.0,0.25,33.0,50.75,64.25,120.5,139.75,165.75,177.75,263.5,296.25,259.25,317.75,344.5,370.5,374.25,312.75,285.25,233.75,204.0,112.25,0.0,0.0,0.0
시청역,5,일요일,하차,0.0,0.0,18.25,61.75,63.0,136.0,210.75,199.5,256.25,325.5,341.75,308.25,313.75,336.25,312.5,301.5,223.75,178.5,187.0,113.25,78.0,16.0,0.0,0.0
시청역,5,일요일,합계,0.0,0.25,51.25,112.5,127.25,256.5,350.5,365.25,434.0,589.0,638.0,567.5,631.5,680.75,683.0,675.75,536.5,463.75,420.75,317.25,190.25,16.0,0.0,0.0
시청역,5,토요일,승차,0.0,0.4,38.2,63.2,104.6,167.4,207.4,282.4,343.4,468.8,481.0,423.6,464.8,488.8,501.2,455.0,421.6,413.2,322.0,316.8,185.2,0.0,0.0,0.0
시청역,5,토요일,하차,0.0,0.0,29.4,97.2,193.4,364.4,476.6,386.2,428.2,505.0,431.2,355.2,355.4,405.8,460.0,432.2,317.0,228.2,234.0,138.4,86.6,16.4,0.0,0.0
시청역,5,토요일,합계,0.0,0.4,67.6,160.4,298.0,531.8,684.0,668.6,771.6,973.8,912.2,778.8,820.2,894.6,961.2,887.2,738.6,641.4,556.0,455.2,271.8,16.4,0.0,0.0
시청역,5,화요일,승차,0.0,1.5,38.0,93.25,199.25,373.0,229.5,252.0,322.5,316.75,321.25,364.0,402.25,521.25,694.25,1144.75,433.25,455.0,448.75,454.75,172.75,0.75,0.0,0.0
시청역,5,화요일,하차,0.0,1.25,52.25,140.5,477.0,1514.75,616.25,339.75,317.5,281.0,366.5,376.5,396.25,498.75,576.5,742.0,330.5,196.0,181.0,141.5,95.5,10.5,0.0,0.0
시청역,5,화요일,합계,0.0,2.75,90.25,233.75,676.25,1887.75,845.75,591.75,640.0,597.75,687.75,740.5,798.5,1020.0,1270.75,1886.75,763.75,651.0,629.75,596.25,268.25,11.25,0.0,0.0
시청역,6,금요일,승차,0.0,0.0,42.25,98.25,200.0,349.5,239.0,266.0,316.75,326.75,353.25,360.0,469.5,575.0,849.25,1177.0,437.25,457.5,435.75,456.0,234.0,0.25,0.0,0.0
시청역,6,금요일,하차,0.0,0.0,49.5,133.0,479.75,1408.75,588.75,352.5,322.0,322.25,367.0,442.0,519.25,531.25,627.5,779.75,414.75,275.25,204.75,157.25,96.75,16.25,0.0,0.0
시청역,6,금요일,합계,0.0,0.0,91.75,231.25,679.75,1758.25,827.75,618.5,638.75,649.0,720.25,802.0,988.75,1106.25,1476.75,1956.75,852.0,732.75,640.5,613.25,330.75,16.5,0.0,0.0
시청역,6,목요일,승차,0.0,0.25,37.25,105.25,247.5,447.0,274.5,278.0,362.75,353.0,358.75,373.0,445.75,569.25,832.75,1386.5,487.75,531.0,527.0,520.0,227.0,0.25,0.0,0.0
시청역,6,목요일,하차,0.0,0.0,53.5,161.75,586.25,1840.0,717.25,410.75,352.25,327.5,421.0,405.25,417.0,596.5,673.25,904.5,396.25,257.25,217.75,189.0,94.0,9.75,0.0,0.0
시청역,6,목요일,합계,0.0,0.25,90.75,267.0,833.75,2287.0,991.75,688.75,715.0,680.5,779.75,778.25,862.75,1165.75,1506.0,2291.0,884.0,788.25,744.75,709.0,321.0,10.0,0.0,0.0
시청역,6,수요일,승차,0.0,0.0,45.5,107.0,261.75,427.75,263.5,252.25,335.5,308.5,334.5,377.75,437.25,547.5,916.5,1436.0,503.0,488.75,502.75,508.5,211.25,0.0,0.0,0.0
시청역,6,수요일,하차,0.0,0.0,54.75,144.75,587.75,1856.25,701.75,379.25,317.75,288.0,410.5,429.5,418.75,545.75,663.5,870.75,378.5,232.75,195.0,188.5,97.0,8.0,0.0,0.0
시청역,6,수요일,합계,0.0,0.0,100.25,251.75,849.5,2284.0,965.25,631.5,653.25,596.5,745.0,807.25,856.0,1093.25,1580.0,2306.75,881.5,721.5,697.75,697.0,308.25,8.0,0.0,0.0
시청역,6,월요일,승차,0.0,0.4,47.6,115.8,244.0,422.0,263.6,302.4,360.0,329.2,339.2,385.8,441.0,536.2,803.0,1385.2,481.2,497.0,467.2,459.4,186.2,0.0,0.0,0.0
시청역,6,월요일,하차,0.0,0.0,55.6,152.0,594.2,1919.2,709.0,428.0,338.4,312.8,407.0,412.4,422.2,569.2,593.0,786.8,340.2,205.4,171.2,112.4,78.0,5.2,0.0,0.0
시청역,6,월요일,합계,0.0,0.4,103.2,267.8,838.2,2341.2,972.6,730.4,698.4,642.0,746.2,798.2,863.2,1105.4,1396.0,2172.0,821.4,702.4,638.4,571.8,264.2,5.2,0.0,0.0
시청역,6,일요일,승차,0.0,0.4,30.8,53.6,57.2,113.0,129.0,155.8,166.6,228.6,264.0,241.4,307.2,332.2,318.0,326.4,280.2,268.2,182.4,181.4,97.4,0.0,0.0,0.0
시청역,6,일요일,하차,0.0,0.0,16.2,55.2,56.0,131.6,198.6,221.6,243.4,316.6,335.0,268.6,269.8,290.6,249.8,253.4,172.8,155.0,161.8,107.8,76.2,9.6,0.0,0.0
시청역,6,일요일,합계,0.0,0.4,47.0,108.8,113.2,244.6,327.6,377.4,410.0,545.2,599.0,510.0,577.0,622.8,567.8,579.8,453.0,423.2,344.2,289.2,173.6,9.6,0.0,0.0
시청역,6,토요일,승차,0.0,0.75,34.5,55.75,98.75,173.75,208.0,280.5,340.5,461.25,456.0,404.25,419.0,486.25,426.5,403.25,367.0,360.0,292.5,335.75,168.25,0.0,0.0,0.0
시청역,6,토요일,하차,0.0,0.75,31.0,75.25,192.25,383.75,477.75,393.5,399.25,503.0,410.0,354.5,338.75,371.75,413.75,364.25,241.75,198.25,205.0,123.75,93.5,12.25,0.0,0.0
시청역,6,토요일,합계,0.0,1.5,65.5,131.0,291.0,557.5,685.75,674.0,739.75,964.25,866.0,758.75,757.75,858.0,840.25,767.5,608.75,558.25,497.5,459.5,261.75,12.25,0.0,0.0
시청역,6,화요일,승차,0.0,0.0,34.75,85.25,215.75,366.75,232.5,259.5,344.75,323.25,345.0,351.25,393.5,505.25,693.25,1099.75,430.75,496.5,474.75,450.25,187.0,0.25,0.0,0.0
시청역,6,화요일,하차,0.0,0.0,51.75,128.25,486.0,1473.25,607.75,393.0,342.25,292.75,388.25,395.0,398.75,515.25,587.5,724.0,317.0,204.0,163.25,126.0,69.0,7.5,0.0,0.0
시청역,6,화요일,합계,0.0,0.0,86.5,213.5,701.75,1840.0,840.25,652.5,687.0,616.0,733.25,746.25,792.25,1020.5,1280.75,1823.75,747.75,700.5,638.0,576.25,256.0,7.75,0.0,0.0
시청역,7,금요일,승차,0.0,0.0,41.75,96.0,229.75,407.25,264.25,279.75,369.25,356.5,343.5,401.25,532.5,667.75,1017.25,1498.5,471.75,503.0,449.5,543.25,219.25,1.5,0.0,0.0
시청역,7,금요일,하차,0.0,0.0,63.25,151.0,601.25,1893.5,725.5,412.75,367.0,330.5,451.5,438.75,476.0,531.0,657.75,898.0,378.0,271.75,208.25,174.5,115.75,18.5,0.0,0.0
시청역,7,금요일,합계,0.0,0.0,105.0,247.0,831.0,2300.75,989.75,692.5,736.25,687.0,795.0,840.0,1008.5,1198.75,1675.0,2396.5,849.75,774.75,657.75,717.75,335.0,20.0,0.0,0.0
시청역,7,목요일,승차,0.0,0.6,41.6,100.6,228.6,409.6,248.0,257.6,320.6,326.2,313.8,336.2,420.0,548.8,822.0,1383.4,463.0,511.6,489.2,502.2,186.0,0.2,0.0,0.0
시청역,7,목요일,하차,0.0,0.6,61.0,161.2,574.0,1869.4,697.0,367.8,317.2,329.2,433.0,384.2,364.2,445.6,583.6,761.4,330.0,212.2,180.4,137.4,95.0,14.2,0.0,0.0
시청역,7,목요일,합계,0.0,1.2,102.6,261.8,802.6,2279.0,945.0,625.4,637.8,655.4,746.8,720.4,784.2,994.4,1405.6,2144.8,793.0,723.8,669.6,639.6,281.0,14.4,0.0,0.0
시청역,7,수요일,승차,0.0,0.2,44.8,94.4,231.4,387.2,255.4,279.6,343.2,324.0,335.0,339.8,462.4,604.0,909.6,1508.6,452.0,494.4,446.8,498.0,159.4,0.0,0.0,0.0
시청역,7,수요일,하차,0.0,0.0,63.8,153.0,579.4,1940.2,731.8,406.6,326.2,327.6,485.6,408.0,418.8,448.8,575.4,769.6,310.4,196.2,186.8,150.4,85.0,5.0,0.0,0.0
시청역,7,수요일,합계,0.0,0.2,108.6,247.4,810.8,2327.4,987.2,686.2,669.4,651.6,820.6,747.8,881.2,1052.8,1485.0,2278.2,762.4,690.6,633.6,648.4,244.4,5.0,0.0,0.0
시청역,7,월요일,승차,0.0,0.0,52.25,106.75,234.25,396.75,257.75,299.75,357.0,336.0,346.75,371.75,468.0,532.25,820.25,1419.5,462.0,464.25,463.75,472.75,172.75,0.25,0.0,0.0
시청역,7,월요일,하차,0.0,0.0,57.0,157.0,596.5,1926.0,769.5,411.25,359.25,328.5,428.0,407.0,407.0,481.0,549.75,723.5,294.0,179.75,152.0,96.25,73.25,5.5,0.0,0.0
시청역,7,월요일,합계,0.0,0.0,109.25,263.75,830.75,2322.75,1027.25,711.0,716.25,664.5,774.75,778.75,875.0,1013.25,1370.0,2143.0,756.0,644.0,615.75,569.0,246.0,5.75,0.0,0.0
시청역,7,일요일,승차,0.0,0.0,33.0,55.5,61.5,99.5,117.0,157.75,165.75,247.25,264.0,229.75,261.0,329.0,303.0,330.5,261.0,255.75,189.5,178.0,86.0,0.0,0.0,0.0
시청역,7,일요일,하차,0.0,0.0,17.25,56.25,68.0,166.75,176.0,186.0,213.5,301.5,279.25,253.75,246.25,287.25,269.75,233.0,190.0,171.75,215.5,128.25,71.0,13.75,0.0,0.0
시청역,7,일요일,합계,0.0,0.0,50.25,111.75,129.5,266.25,293.0,343.75,379.25,548.75,543.25,483.5,507.25,616.25,572.75,563.5,451.0,427.5,405.0,306.25,157.0,13.75,0.0,0.0
시청역,7,토요일,승차,0.0,0.0,43.25,69.0,104.5,157.5,193.75,262.75,307.75,400.0,449.75,352.25,370.75,426.75,447.0,370.25,318.0,333.5,268.25,314.75,164.75,0.0,0.0,0.0
시청역,7,토요일,하차,0.0,0.0,33.5,83.0,174.0,362.75,440.0,371.0,368.75,459.75,385.5,339.75,293.5,341.5,375.0,337.25,237.25,210.0,199.5,164.0,87.25,14.75,0.0,0.0
시청역,7,토요일,합계,0.0,0.0,76.75,152.0,278.5,520.25,633.75,633.75,676.5,859.75,835.25,692.0,664.25,768.25,822.0,707.5,555.25,543.5,467.75,478.75,252.0,14.75,0.0,0.0
시청역,7,화요일,승차,0.0,0.0,42.0,99.6,235.6,416.6,250.6,268.6,345.8,355.0,324.6,369.4,433.4,569.0,850.4,1433.0,476.0,511.8,492.2,504.8,175.2,0.0,1.0,0.0
시청역,7,화요일,하차,0.0,0.0,62.2,166.4,600.6,1940.4,739.2,396.2,352.2,340.6,442.2,420.0,378.4,471.6,593.4,748.8,325.2,191.4,172.8,136.6,83.0,8.6,1.2,0.0
시청역,7,화요일,합계,0.0,0.0,104.2,266.0,836.2,2357.0,989.8,664.8,698.0,695.6,766.8,789.4,811.8,1040.6,1443.8,2181.8,801.2,703.2,665.0,641.4,258.2,8.6,2.2,0.0
시청역,8,금요일,승차,0.0,0.4,40.2,98.8,205.6,330.0,246.4,295.8,373.8,353.0,355.2,387.6,496.0,674.2,998.2,1249.6,506.8,522.2,428.2,529.0,248.4,8.8,1.0,0.0
시청역,8,금요일,하차,0.0,0.4,56.8,131.2,466.6,1462.2,600.6,392.6,326.8,312.8,391.8,423.0,497.8,546.8,626.2,809.2,421.0,334.4,266.6,244.0,159.2,99.0,42.0,0.0
시청역,8,금요일,합계,0.0,0.8,97.0,230.0,672.2,1792.2,847.0,688.4,700.6,665.8,747.0,810.6,993.8,1221.0,1624.4,2058.8,927.8,856.6,694.8,773.0,407.6,107.8,43.0,0.0
시청역,8,목요일,승차,0.0,0.0,42.5,101.0,233.25,418.75,254.25,284.75,345.75,334.75,371.0,398.25,488.5,605.5,896.25,1427.25,521.25,541.5,512.75,550.5,190.5,9.75,0.25,0.0
시청역,8,목요일,하차,0.0,0.0,62.25,154.25,549.75,1742.25,701.25,399.25,345.0,342.0,433.75,410.0,409.25,600.75,632.25,860.75,372.25,265.0,207.75,185.75,136.25,71.25,7.25,0.0
시청역,8,목요일,합계,0.0,0.0,104.75,255.25,783.0,2161.0,955.5,684.0,690.75,676.75,804.75,808.25,897.75,1206.25,1528.5,2288.0,893.5,806.5,720.5,736.25,326.75,81.0,7.5,0.0
시청역,8,수요일,승차,0.0,0.0,37.25,98.0,224.75,410.0,263.5,275.5,400.0,366.5,370.75,387.5,480.75,615.5,957.75,1465.0,487.25,476.5,447.0,537.75,185.5,8.0,0.0,0.0
시청역,8,수요일,하차,0.0,0.0,61.0,158.75,522.0,1834.5,760.5,417.5,377.5,347.5,419.0,428.0,425.25,564.25,595.5,813.5,317.5,236.0,197.25,173.0,108.0,44.5,1.0,0.0
시청역,8,수요일,합계,0.0,0.0,98.25,256.75,746.75,2244.5,1024.0,693.0,777.5,714.0,789.75,815.5,906.0,1179.75,1553.25,2278.5,804.75,712.5,644.25,710.75,293.5,52.5,1.0,0.0
시청역,8,월요일,승차,0.0,1.5,49.75,114.75,225.5,374.25,253.75,289.25,380.25,364.25,342.25,389.0,486.0,588.25,850.0,1406.75,445.75,492.75,439.75,475.25,171.0,3.25,0.0,0.0
시청역,8,월요일,하차,0.0,1.0,60.25,217.75,577.0,1748.25,756.75,435.25,357.0,354.25,443.0,413.75,407.75,569.75,568.0,734.25,330.0,232.75,175.5,121.25,71.5,36.5,1.25,0.0
시청역,8,월요일,합계,0.0,2.5,110.0,332.5,802.5,2122.5,1010.5,724.5,737.25,718.5,785.25,802.75,893.75,1158.0,1418.0,2141.0,775.75,725.5,615.25,596.5,242.5,39.75,1.25,0.0
시청역,8,일요일,승차,0.0,0.0,34.4,50.0,66.0,116.2,117.0,156.8,166.6,257.4,271.2,237.6,274.8,343.6,354.2,375.4,306.2,288.0,202.4,210.4,89.2,1.8,0.0,0.0
시청역,8,일요일,하차,0.0,0.0,16.2,50.6,61.4,138.6,189.6,195.0,223.6,329.0,290.6,271.8,276.2,290.4,279.6,246.4,212.8,179.4,234.2,162.0,111.2,63.4,2.8,0.0
시청역,8,일요일,합계,0.0,0.0,50.6,100.6,127.4,254.8,306.6,351.8,390.2,586.4,561.8,509.4,551.0,634.0,633.8,621.8,519.0,467.4,436.6,372.4,200.4,65.2,2.8,0.0
시청역,8,토요일,승차,0.0,2.4,39.0,62.8,106.2,172.6,200.4,266.8,307.4,446.0,466.8,384.4,401.6,511.2,483.0,448.0,389.2,376.4,287.0,349.2,169.4,10.2,0.6,0.0
시청역,8,토요일,하차,0.0,2.4,34.6,77.0,193.6,340.2,459.0,375.0,352.6,479.8,419.4,353.0,338.8,369.8,374.6,357.2,268.6,238.2,222.2,168.8,123.6,73.0,5.4,0.0
시청역,8,토요일,합계,0.0,4.8,73.6,139.8,299.8,512.8,659.4,641.8,660.0,925.8,886.2,737.4,740.4,881.0,857.6,805.2,657.8,614.6,509.2,518.0,293.0,83.2,6.0,0.0
시청역,8,화요일,승차,0.0,2.0,40.75,92.25,231.25,412.0,266.75,299.0,371.75,363.0,357.5,381.5,470.0,578.25,905.0,1342.25,488.0,501.5,477.5,548.0,190.0,7.5,1.0,0.0
시청역,8,화요일,하차,0.0,2.0,63.75,153.5,538.0,1844.25,744.0,415.0,351.0,342.75,429.75,422.0,415.25,574.0,588.0,805.25,358.0,226.25,189.75,187.75,87.0,22.75,0.75,0.0
시청역,8,화요일,합계,0.0,4.0,104.5,245.75,769.25,2256.25,1010.75,714.0,722.75,705.75,787.25,803.5,885.25,1152.25,1493.0,2147.5,846.0,727.75,667.25,735.75,277.0,30.25,1.75,0.0
신흥역,1,금요일,승차,0.0,0.0,54.6,73.0,267.2,380.8,146.8,105.0,89.8,96.2,118.2,86.6,88.0,104.4,118.0,135.4,57.2,37.2,26.4,18.2,9.4,0.0,0.0,0.0
신흥역,1,금요일,하차,0.0,0.0,8.8,14.4,35.2,84.0,41.0,54.0,66.6,83.6,73.6,82.2,115.2,151.4,151.4,301.2,158.0,101.2,104.4,100.2,56.4,6.8,0.0,0.0
신흥역,1,금요일,합계,0.0,0.0,63.4,87.4,302.4,464.8,187.8,159.0,156.4,179.8,191.8,168.8,203.2,255.8,269.4,436.6,215.2,138.4,130.8,118.4,65.8,6.8,0.0,0.0
신흥역,1,목요일,승차,0.0,0.0,46.4,70.6,232.4,313.6,134.6,86.0,76.8,91.8,98.8,72.0,68.2,83.4,100.6,95.8,40.4,33.0,22.6,16.2,6.2,0.2,0.0,0.0
신흥역,1,목요일,하차,0.0,0.0,6.6,14.4,37.4,68.4,37.6,44.2,52.6,72.6,63.0,78.8,93.4,118.6,146.8,260.2,137.6,87.8,92.4,79.6,39.8,6.8,0.0,0.0
신흥역,1,목요일,합계,0.0,0.0,53.0,85.0,269.8,382.0,172.2,130.2,129.4,164.4,161.8,150.8,161.6,202.0,247.4,356.0,178.0,120.8,115.0,95.8,46.0,7.0,0.0,0.0
신흥역,1,수요일,승차,0.0,0.0,37.6,55.2,179.8,252.8,107.0,85.6,85.2,83.8,89.2,76.2,72.0,86.8,95.0,88.6,47.6,26.8,20.6,16.2,5.2,0.0,0.0,0.0
신흥역,1,수요일,하차,0.0,0.0,7.4,15.0,38.0,67.4,35.2,41.2,47.0,62.6,59.6,78.0,86.2,123.0,133.0,207.2,113.2,82.8,77.8,76.0,35.4,2.4,0.0,0.0
신흥역,1,수요일,합계,0.0,0.0,45.0,70.2,217.8,320.2,142.2,126.8,132.2,146.4,148.8,154.2,158.2,209.8,228.0,295.8,160.8,109.6,98.4,92.2,40.6,2.4,0.0,0.0
신흥역,1,월요일,승차,0.0,0.0,49.75,66.75,220.75,317.5,140.25,100.25,78.5,91.75,112.25,78.5,78.25,87.75,98.5,84.75,47.25,33.0,18.5,14.25,5.25,0.0,0.0,0.0
신흥역,1,월요일,하차,0.0,0.0,8.0,14.0,35.0,68.25,39.0,56.0,75.5,79.5,73.0,79.25,99.25,138.5,151.0,268.25,147.5,86.75,87.5,74.0,43.25,5.5,0.0,0.0
신흥역,1,월요일,합계,0.0,0.0,57.75,80.75,255.75,385.75,179.25,156.25,154.0,171.25,185.25,157.75,177.5,226.25,249.5,353.0,194.75,119.75,106.0,88.25,48.5,5.5,0.0,0.0
신흥역,1,일요일,승차,0.0,0.0,20.5,28.25,35.25,73.5,78.75,104.0,85.0,82.0,97.5,73.5,69.0,63.25,63.75,48.5,37.5,28.0,20.0,10.5,3.75,0.0,0.0,0.0
신흥역,1,일요일,하차,0.0,0.0,4.0,10.75,15.25,25.75,31.25,37.0,47.25,53.5,57.25,68.25,85.25,94.75,83.5,77.75,69.0,53.25,57.75,50.0,36.25,2.75,0.0,0.0
신흥역,1,일요일,합계,0.0,0.0,24.5,39.0,50.5,99.25,110.0,141.0,132.25,135.5,154.75,141.75,154.25,158.0,147.25,126.25,106.5,81.25,77.75,60.5,40.0,2.75,0.0,0.0
신흥역,1,토요일,승차,0.0,0.25,33.75,48.5,87.25,122.25,128.0,119.25,109.25,104.25,110.5,92.25,86.25,92.5,111.5,78.0,52.75,36.0,16.0,15.0,6.25,0.0,0.0,0.0
신흥역,1,토요일,하차,0.0,0.0,5.5,12.75,26.25,46.25,36.75,47.0,62.25,80.5,94.25,81.75,94.25,123.25,113.5,108.0,88.75,79.0,70.0,74.5,58.25,5.25,0.0,0.0
신흥역,1,토요일,합계,0.0,0.25,39.25,61.25,113.5,168.5,164.75,166.25,171.5,184.75,204.75,174.0,180.5,215.75,225.0,186.0,141.5,115.0,86.0,89.5,64.5,5.25,0.0,0.0
신흥역,1,화요일,승차,0.0,0.0,43.0,68.75,222.25,314.25,122.25,96.75,86.75,83.25,107.5,78.75,75.5,96.0,92.75,95.5,45.0,31.25,19.25,19.0,4.25,0.0,0.0,0.0
신흥역,1,화요일,하차,0.0,0.0,7.5,17.25,35.5,70.5,48.0,58.75,67.25,72.25,68.25,75.0,89.25,115.75,136.0,274.5,139.0,93.25,90.5,78.25,40.25,6.5,0.0,0.0
신흥역,1,화요일,합계,0.0,0.0,50.5,86.0,257.75,384.75,170.25,155.5,154.0,155.5,175.75,153.75,164.75,211.75,228.75,370.0,184.0,124.5,109.75,97.25,44.5,6.5,0.0,0.0
신흥역,2,금요일,승차,0.0,0.0,56.5,79.0,348.75,456.75,164.0,120.25,100.75,97.5,108.25,99.25,83.25,108.75,139.0,158.25,68.0,43.75,28.75,25.0,9.75,0.0,0.0,0.0
신흥역,2,금요일,하차,0.0,0.0,5.25,19.75,43.75,86.0,45.5,57.5,74.0,81.0,72.5,73.5,124.5,164.75,180.5,362.25,188.5,125.0,128.5,111.0,67.25,11.0,0.0,0.0
신흥역,2,금요일,합계,0.0,0.0,61.75,98.75,392.5,542.75,209.5,177.75,174.75,178.5,180.75,172.75,207.75,273.5,319.5,520.5,256.5,168.75,157.25,136.0,77.0,11.0,0.0,0.0
신흥역,2,목요일,승차,0.0,0.0,58.75,90.0,337.5,451.75,170.75,109.0,85.25,110.0,113.0,86.25,85.0,97.75,110.0,132.0,44.75,35.25,23.25,22.25,8.5,0.0,0.0,0.0
신흥역,2,목요일,하차,0.0,0.0,8.5,18.5,38.5,82.0,42.0,52.75,63.5,79.5,70.75,79.75,116.5,168.5,183.0,364.0,184.0,118.0,128.25,116.75,66.25,6.0,0.0,0.0
신흥역,2,목요일,합계,0.0,0.0,67.25,108.5,376.0,533.75,212.75,161.75,148.75,189.5,183.75,166.0,201.5,266.25,293.0,496.0,228.75,153.25,151.5,139.0,74.75,6.0,0.0,0.0
신흥역,2,수요일,승차,0.0,0.0,55.25,83.5,341.5,470.5,169.25,110.25,90.0,111.5,111.25,89.5,83.5,90.75,116.5,122.5,54.0,33.5,18.25,18.5,4.25,0.0,0.0,0.0
신흥역,2,수요일,하차,0.0,0.0,7.0,16.25,42.75,83.0,41.75,54.25,57.5,86.75,65.75,97.75,108.25,164.5,190.0,381.25,176.25,107.25,133.5,95.5,54.25,5.75,0.0,0.0
신흥역,2,수요일,합계,0.0,0.0,62.25,99.75,384.25,553.5,211.0,164.5,147.5,198.25,177.0,187.25,191.75,255.25,306.5,503.75,230.25,140.75,151.75,114.0,58.5,5.75,0.0,0.0
신흥역,2,월요일,승차,0.0,0.0,59.25,82.0,322.5,449.0,164.75,97.25,80.75,107.0,112.75,85.0,83.25,92.75,99.25,99.5,41.25,27.5,18.0,17.5,5.0,0.0,0.0,0.0
신흥역,2,월요일,하차,0.0,0.0,5.75,16.5,40.75,83.5,43.75,54.75,68.25,75.5,80.0,80.25,122.0,155.5,178.0,375.25,193.5,103.25,103.75,87.5,52.0,4.75,0.0,0.0
신흥역,2,월요일,합계,0.0,0.0,65.0,98.5,363.25,532.5,208.5,152.0,149.0,182.5,192.75,165.25,205.25,248.25,277.25,474.75,234.75,130.75,121.75,105.0,57.0,4.75,0.0,0.0
신흥역,2,일요일,승차,0.0,0.0,25.25,32.5,48.0,87.5,86.25,107.5,103.25,97.25,94.25,81.25,71.75,67.0,66.5,47.5,35.75,27.5,14.75,12.75,5.0,0.0,0.0,0.0
신흥역,2,일요일,하차,0.0,0.0,2.25,7.25,16.75,24.75,34.0,35.5,48.75,43.75,58.0,72.5,95.75,111.25,90.75,88.25,76.5,75.25,64.0,56.75,38.5,4.0,0.0,0.0
신흥역,2,일요일,합계,0.0,0.0,27.5,39.75,64.75,112.25,120.25,143.0,152.0,141.0,152.25,153.75,167.5,178.25,157.25,135.75,112.25,102.75,78.75,69.5,43.5,4.0,0.0,0.0
신흥역,2,토요일,승차,0.0,0.0,37.75,54.5,96.25,145.5,130.5,131.5,122.0,122.75,144.5,98.75,82.75,108.25,112.75,94.75,62.25,43.0,24.5,18.25,6.75,0.0,0.0,0.0
신흥역,2,토요일,하차,0.0,0.0,5.5,14.5,26.25,38.25,43.0,44.0,72.5,79.75,89.0,83.75,104.75,140.25,150.75,138.5,100.75,83.75,104.0,85.75,61.5,6.75,0.0,0.0
신흥역,2,토요일,합계,0.0,0.0,43.25,69.0,122.5,183.75,173.5,175.5,194.5,202.5,233.5,182.5,187.5,248.5,263.5,233.25,163.0,126.75,128.5,104.0,68.25,6.75,0.0,0.0
신흥역,2,화요일,승차,0.0,0.0,58.5,85.25,338.75,465.0,164.0,100.0,91.25,100.75,109.0,89.25,75.0,90.75,100.75,120.75,48.5,33.25,17.5,18.75,6.0,0.0,0.0,0.0
신흥역,2,화요일,하차,0.0,0.0,8.5,16.25,38.25,83.5,40.75,54.0,72.25,85.75,72.25,70.25,112.0,156.5,161.25,383.5,187.75,126.75,117.25,99.75,53.75,9.0,0.0,0.0
신흥역,2,화요일,합계,0.0,0.0,67.0,101.5,377.0,548.5,204.75,154.0,163.5,186.5,181.25,159.5,187.0,247.25,262.0,504.25,236.25,160.0,134.75,118.5,59.75,9.0,0.0,0.0
신흥역,3,금요일,승차,0.0,0.0,66.0,86.0,401.0,519.5,187.75,109.0,96.5,109.0,100.75,91.75,87.0,110.5,134.75,152.75,76.5,52.0,33.75,23.0,12.25,0.0,0.0,0.0
신흥역,3,금요일,하차,0.0,0.0,9.25,24.0,45.75,84.5,50.75,51.25,70.75,87.5,95.0,100.0,154.5,203.75,214.25,401.0,197.5,123.0,152.0,133.25,63.0,8.0,0.0,0.0
신흥역,3,금요일,합계,0.0,0.0,75.25,110.0,446.75,604.0,238.5,160.25,167.25,196.5,195.75,191.75,241.5,314.25,349.0,553.75,274.0,175.0,185.75,156.25,75.25,8.0,0.0,0.0
신흥역,3,목요일,승차,0.0,0.0,64.0,96.5,423.0,538.5,202.5,102.25,94.25,109.25,101.75,78.0,76.0,98.5,103.5,126.5,40.25,27.5,20.75,17.25,6.0,0.0,0.0,0.0
신흥역,3,목요일,하차,0.0,0.0,8.5,18.5,51.75,79.75,45.0,48.75,67.5,86.0,77.25,78.75,138.25,189.5,207.5,406.25,200.25,133.25,152.0,127.0,57.5,5.75,0.0,0.0
신흥역,3,목요일,합계,0.0,0.0,72.5,115.0,474.75,618.25,247.5,151.0,161.75,195.25,179.0,156.75,214.25,288.0,311.0,532.75,240.5,160.75,172.75,144.25,63.5,5.75,0.0,0.0
신흥역,3,수요일,승차,0.0,0.0,62.0,97.75,424.0,542.75,210.75,120.5,97.75,106.75,103.25,85.75,65.75,96.25,104.5,139.0,56.25,35.0,22.0,18.0,3.75,0.0,0.0,0.0
신흥역,3,수요일,하차,0.0,0.0,8.25,18.75,50.0,77.5,43.75,54.0,68.0,84.25,90.0,92.75,148.0,190.25,237.0,414.25,205.5,119.75,155.75,121.75,60.0,9.25,0.0,0.0
신흥역,3,수요일,합계,0.0,0.0,70.25,116.5,474.0,620.25,254.5,174.5,165.75,191.0,193.25,178.5,213.75,286.5,341.5,553.25,261.75,154.75,177.75,139.75,63.75,9.25,0.0,0.0
신흥역,3,월요일,승차,0.0,0.0,57.6,82.2,342.8,450.6,170.2,105.2,91.6,118.0,110.6,82.2,73.4,87.4,94.0,90.8,43.6,27.6,17.8,14.8,4.4,0.0,0.0,0.0
신흥역,3,월요일,하차,0.0,0.0,6.8,19.2,39.0,68.6,37.4,51.4,55.2,84.6,70.0,79.2,129.6,168.6,213.4,345.8,189.0,110.8,124.8,95.2,50.0,4.8,0.0,0.0
신흥역,3,월요일,합계,0.0,0.0,64.4,101.4,381.8,519.2,207.6,156.6,146.8,202.6,180.6,161.4,203.0,256.0,307.4,436.6,232.6,138.4,142.6,110.0,54.4,4.8,0.0,0.0
신흥역,3,일요일,승차,0.0,0.0,24.6,38.6,43.4,92.0,103.0,112.0,102.6,94.4,98.8,85.8,77.2,74.2,74.0,56.8,47.0,31.4,16.4,13.0,4.2,0.4,0.0,0.0
신흥역,3,일요일,하차,0.0,0.0,3.8,12.2,16.4,25.0,34.8,45.8,44.4,55.0,61.6,84.8,100.4,106.0,104.8,96.4,84.6,76.8,73.0,70.4,40.6,4.4,0.0,0.0
신흥역,3,일요일,합계,0.0,0.0,28.4,50.8,59.8,117.0,137.8,157.8,147.0,149.4,160.4,170.6,177.6,180.2,178.8,153.2,131.6,108.2,89.4,83.4,44.8,4.8,0.0,0.0
신흥역,3,토요일,승차,0.0,0.0,41.8,62.6,103.6,161.4,161.8,146.4,130.2,112.0,112.4,103.4,84.0,99.2,114.2,91.4,58.2,52.4,25.2,19.0,10.0,0.0,0.0,0.0
신흥역,3,토요일,하차,0.0,0.0,4.2,16.2,25.2,38.6,40.8,57.8,71.0,83.2,100.8,87.6,100.6,130.6,142.6,134.8,118.0,99.2,89.4,94.6,72.2,5.4,0.0,0.0
신흥역,3,토요일,합계,0.0,0.0,46.0,78.8,128.8,200.0,202.6,204.2,201.2,195.2,213.2,191.0,184.6,229.8,256.8,226.2,176.2,151.6,114.6,113.6,82.2,5.4,0.0,0.0
신흥역,3,화요일,승차,0.0,0.0,62.0,105.0,416.25,559.75,206.25,114.25,87.25,104.0,93.5,76.25,65.75,93.5,101.0,110.5,43.5,31.0,22.75,14.0,3.75,0.0,0.0,0.0
신흥역,3,화요일,하차,0.0,0.0,7.75,19.0,49.5,78.5,46.5,51.0,69.25,81.0,68.0,101.75,118.75,186.25,224.5,428.5,201.5,133.75,143.5,111.5,55.5,6.75,0.0,0.0
신흥역,3,화요일,합계,0.0,0.0,69.75,124.0,465.75,638.25,252.75,165.25,156.5,185.0,161.5,178.0,184.5,279.75,325.5,539.0,245.0,164.75,166.25,125.5,59.25,6.75,0.0,0.0
신흥역,4,금요일,승차,0.0,0.0,64.5,95.0,418.25,511.5,212.0,97.25,106.5,112.0,106.75,83.75,72.5,111.25,134.5,163.75,85.75,41.25,27.75,26.75,13.0,0.0,0.0,0.0
신흥역,4,금요일,하차,0.0,0.0,6.75,26.0,53.75,82.75,49.25,55.75,75.25,87.0,86.25,93.75,164.75,210.25,201.5,389.25,205.75,122.75,143.0,137.75,77.0,6.75,0.0,0.0
신흥역,4,금요일,합계,0.0,0.0,71.25,121.0,472.0,594.25,261.25,153.0,181.75,199.0,193.0,177.5,237.25,321.5,336.0,553.0,291.5,164.0,170.75,164.5,90.0,6.75,0.0,0.0
신흥역,4,목요일,승차,0.0,0.0,67.25,96.75,418.0,526.75,210.5,108.5,95.5,116.75,106.5,80.75,59.5,89.75,111.0,116.0,48.25,29.75,28.0,18.75,7.0,0.0,0.0,0.0
신흥역,4,목요일,하차,0.0,0.0,7.5,25.5,53.25,80.5,39.75,48.5,67.0,87.5,87.25,97.0,141.75,195.75,224.5,397.75,198.0,130.25,157.75,123.25,58.75,7.0,0.0,0.0
신흥역,4,목요일,합계,0.0,0.0,74.75,122.25,471.25,607.25,250.25,157.0,162.5,204.25,193.75,177.75,201.25,285.5,335.5,513.75,246.25,160.0,185.75,142.0,65.75,7.0,0.0,0.0
신흥역,4,수요일,승차,0.0,0.0,68.4,102.2,435.8,548.0,228.0,113.4,94.4,115.6,101.8,77.8,75.4,93.8,116.8,131.4,63.0,34.6,23.0,21.6,6.6,0.4,0.0,0.0
신흥역,4,수요일,하차,0.0,0.0,7.6,24.4,50.8,86.8,46.8,54.8,68.8,96.0,92.0,101.6,150.8,192.8,217.6,414.6,201.0,134.4,148.4,115.8,59.8,8.0,0.0,0.0
신흥역,4,수요일,합계,0.0,0.0,76.0,126.6,486.6,634.8,274.8,168.2,163.2,211.6,193.8,179.4,226.2,286.6,334.4,546.0,264.0,169.0,171.4,137.4,66.4,8.4,0.0,0.0
신흥역,4,월요일,승차,0.0,0.0,64.5,96.25,423.25,536.0,199.75,105.25,90.25,106.25,110.0,75.5,66.25,88.25,95.25,97.75,50.25,33.0,17.75,17.0,4.0,0.0,0.0,0.0
신흥역,4,월요일,하차,0.0,0.0,9.5,22.25,45.75,82.0,43.25,57.0,64.25,80.75,79.0,81.0,133.25,204.75,224.0,435.0,208.5,120.0,121.0,97.75,49.0,6.75,0.0,0.0
신흥역,4,월요일,합계,0.0,0.0,74.0,118.5,469.0,618.0,243.0,162.25,154.5,187.0,189.0,156.5,199.5,293.0,319.25,532.75,258.75,153.0,138.75,114.75,53.0,6.75,0.0,0.0
신흥역,4,일요일,승차,0.0,0.25,29.5,43.5,55.25,106.75,105.5,106.75,100.75,91.75,94.75,79.5,73.25,61.25,73.75,55.0,38.25,33.0,16.0,14.0,4.25,0.0,0.0,0.0
신흥역,4,일요일,하차,0.0,0.0,5.5,16.0,15.5,32.25,40.0,48.75,51.75,57.5,61.5,77.25,97.5,94.75,103.0,102.0,89.0,74.5,74.25,58.75,40.5,4.75,0.0,0.0
신흥역,4,일요일,합계,0.0,0.25,35.0,59.5,70.75,139.0,145.5,155.5,152.5,149.25,156.25,156.75,170.75,156.0,176.75,157.0,127.25,107.5,90.25,72.75,44.75,4.75,0.0,0.0
신흥역,4,토요일,승차,0.0,0.0,45.75,73.25,119.5,166.5,164.5,136.25,134.25,110.75,122.0,87.5,85.75,95.25,112.5,75.25,54.75,49.75,28.0,15.25,8.75,0.0,0.0,0.0
신흥역,4,토요일,하차,0.0,0.0,5.75,23.0,29.25,44.0,55.5,52.75,66.25,105.5,96.25,88.75,101.75,117.75,138.5,132.0,105.5,110.0,107.0,94.0,58.75,7.5,0.0,0.0
신흥역,4,토요일,합계,0.0,0.0,51.5,96.25,148.75,210.5,220.0,189.0,200.5,216.25,218.25,176.25,187.5,213.0,251.0,207.25,160.25,159.75,135.0,109.25,67.5,7.5,0.0,0.0
신흥역,4,화요일,승차,0.0,0.0,63.0,108.4,424.2,563.2,222.4,104.2,92.2,101.4,102.6,81.6,61.0,88.0,108.0,101.0,47.2,30.0,25.8,14.2,4.6,0.0,0.0,0.0
신흥역,4,화요일,하차,0.0,0.0,9.4,23.8,51.2,88.0,48.2,54.4,69.6,93.6,80.6,83.0,133.2,198.6,233.0,408.0,204.4,137.6,132.8,113.2,54.8,6.0,0.0,0.0
신흥역,4,화요일,합계,0.0,0.0,72.4,132.2,475.4,651.2,270.6,158.6,161.8,195.0,183.2,164.6,194.2,286.6,341.0,509.0,251.6,167.6,158.6,127.4,59.4,6.0,0.0,0.0
신흥역,5,금요일,승차,0.0,0.0,62.8,99.4,403.0,515.8,204.8,109.6,94.2,103.8,113.4,95.6,81.4,111.8,133.8,145.0,75.4,44.6,22.8,19.8,10.8,0.6,0.0,0.0
신흥역,5,금요일,하차,0.0,0.0,7.0,24.2,52.2,84.6,45.6,63.0,74.6,87.6,81.8,109.4,150.4,189.8,222.6,385.4,209.4,130.0,144.0,126.0,62.8,9.0,0.0,0.0
신흥역,5,금요일,합계,0.0,0.0,69.8,123.6,455.2,600.4,250.4,172.6,168.8,191.4,195.2,205.0,231.8,301.6,356.4,530.4,284.8,174.6,166.8,145.8,73.6,9.6,0.0,0.0
신흥역,5,목요일,승차,0.0,0.0,61.4,104.0,383.4,471.8,210.2,114.8,103.6,120.8,100.6,79.6,62.0,92.6,109.8,108.0,42.2,29.4,30.0,17.4,6.0,0.0,0.0,0.0
신흥역,5,목요일,하차,0.0,0.0,7.8,26.4,55.0,81.6,46.0,59.8,67.0,91.2,92.8,92.8,118.4,199.4,203.6,345.2,179.4,132.2,142.4,113.2,50.4,5.2,0.0,0.0
신흥역,5,목요일,합계,0.0,0.0,69.2,130.4,438.4,553.4,256.2,174.6,170.6,212.0,193.4,172.4,180.4,292.0,313.4,453.2,221.6,161.6,172.4,130.6,56.4,5.2,0.0,0.0
신흥역,5,수요일,승차,0.0,0.0,69.25,101.5,448.25,554.0,227.75,115.0,96.75,118.0,97.5,81.75,76.25,95.5,109.5,136.5,64.25,37.5,24.25,24.0,4.0,0.25,0.0,0.0
신흥역,5,수요일,하차,0.0,0.0,8.5,24.25,53.5,85.5,44.0,55.75,70.75,89.75,90.75,98.5,159.25,201.75,222.75,393.0,208.25,132.75,156.25,111.25,58.0,5.0,0.0,0.0
신흥역,5,수요일,합계,0.0,0.0,77.75,125.75,501.75,639.5,271.75,170.75,167.5,207.75,188.25,180.25,235.5,297.25,332.25,529.5,272.5,170.25,180.5,135.25,62.0,5.25,0.0,0.0
신흥역,5,월요일,승차,0.0,0.0,59.25,83.25,336.25,427.5,175.5,100.75,92.75,108.0,113.75,86.25,68.25,94.5,102.75,90.5,44.25,36.0,17.0,16.25,7.25,0.0,0.0,0.0
신흥역,5,월요일,하차,0.0,0.0,6.75,25.0,45.5,67.0,47.5,52.75,67.0,70.25,77.75,73.5,133.25,160.25,214.75,344.5,182.75,115.25,115.25,91.5,49.75,5.0,0.0,0.0
신흥역,5,월요일,합계,0.0,0.0,66.0,108.25,381.75,494.5,223.0,153.5,159.75,178.25,191.5,159.75,201.5,254.75,317.5,435.0,227.0,151.25,132.25,107.75,57.0,5.0,0.0,0.0
신흥역,5,일요일,승차,0.0,0.0,31.25,50.5,53.5,109.0,107.0,114.0,108.25,103.0,98.75,79.25,73.5,67.0,75.25,56.5,50.0,39.0,26.75,12.25,6.75,0.25,0.0,0.0
신흥역,5,일요일,하차,0.0,0.0,4.75,20.75,23.0,31.5,37.5,46.0,56.5,54.5,63.5,66.75,100.5,104.5,109.25,109.0,90.5,77.0,92.5,63.75,46.0,8.0,0.0,0.0
신흥역,5,일요일,합계,0.0,0.0,36.0,71.25,76.5,140.5,144.5,160.0,164.75,157.5,162.25,146.0,174.0,171.5,184.5,165.5,140.5,116.0,119.25,76.0,52.75,8.25,0.0,0.0
신흥역,5,토요일,승차,0.0,0.0,50.4,69.4,111.6,173.6,156.0,135.6,121.0,113.8,119.0,103.4,96.6,105.6,120.6,89.6,58.8,52.2,27.4,18.8,5.8,0.0,0.0,0.0
신흥역,5,토요일,하차,0.0,0.0,4.2,23.6,32.6,48.2,46.2,54.4,71.4,91.8,92.8,93.6,100.6,125.6,137.8,135.2,107.0,104.8,104.6,104.8,68.2,9.2,0.0,0.0
신흥역,5,토요일,합계,0.0,0.0,54.6,93.0,144.2,221.8,202.2,190.0,192.4,205.6,211.8,197.0,197.2,231.2,258.4,224.8,165.8,157.0,132.0,123.6,74.0,9.2,0.0,0.0
신흥역,5,화요일,승차,0.0,0.0,54.5,87.5,355.5,441.25,195.25,120.0,90.75,107.25,105.25,82.75,71.25,88.0,112.75,102.5,45.5,36.25,20.5,17.0,6.5,0.0,0.0,0.0
신흥역,5,화요일,하차,0.0,0.0,7.75,26.0,45.75,71.75,40.0,64.25,70.75,74.5,79.75,80.25,120.75,166.75,199.0,337.25,188.5,125.0,124.0,105.75,60.25,5.75,0.0,0.0
신흥역,5,화요일,합계,0.0,0.0,62.25,113.5,401.25,513.0,235.25,184.25,161.5,181.75,185.0,163.0,192.0,254.75,311.75,439.75,234.0,161.25,144.5,122.75,66.75,5.75,0.0,0.0
신흥역,6,금요일,승차,0.0,0.0,61.5,80.5,333.5,408.0,171.25,95.75,96.5,101.75,119.0,79.5,83.75,102.5,123.25,145.5,61.0,40.25,21.75,25.0,6.75,0.0,0.0,0.0
신흥역,6,금요일,하차,0.0,0.0,7.25,29.5,44.0,86.5,46.0,61.5,69.5,73.25,74.75,100.0,135.0,161.0,179.5,319.25,166.75,133.25,129.75,109.75,67.0,6.75,0.0,0.0
신흥역,6,금요일,합계,0.0,0.0,68.75,110.0,377.5,494.5,217.25,157.25,166.0,175.0,193.75,179.5,218.75,263.5,302.75,464.75,227.75,173.5,151.5,134.75,73.75,6.75,0.0,0.0
신흥역,6,목요일,승차,0.0,0.0,68.75,105.5,424.75,522.75,205.25,108.25,92.5,116.75,109.0,78.5,69.75,107.25,109.75,123.25,56.5,29.25,36.0,17.75,8.5,0.0,0.0,0.0
신흥역,6,목요일,하차,0.0,0.0,9.25,26.25,52.0,89.75,45.0,55.5,81.75,86.5,94.75,90.0,126.0,187.5,216.75,388.0,201.25,134.75,150.0,121.25,67.25,7.5,0.0,0.0
신흥역,6,목요일,합계,0.0,0.0,78.0,131.75,476.75,612.5,250.25,163.75,174.25,203.25,203.75,168.5,195.75,294.75,326.5,511.25,257.75,164.0,186.0,139.0,75.75,7.5,0.0,0.0
신흥역,6,수요일,승차,0.0,0.0,68.25,102.75,435.25,511.0,201.25,109.0,95.75,119.25,106.5,79.75,71.25,99.5,104.75,130.25,57.75,34.0,32.75,22.0,7.75,0.0,0.0,0.0
신흥역,6,수요일,하차,0.0,0.0,10.0,21.5,57.25,89.0,48.75,57.25,74.75,88.75,86.25,92.5,147.25,192.25,216.75,413.25,194.75,125.25,147.5,113.5,57.0,7.5,0.0,0.0
신흥역,6,수요일,합계,0.0,0.0,78.25,124.25,492.5,600.0,250.0,166.25,170.5,208.0,192.75,172.25,218.5,291.75,321.5,543.5,252.5,159.25,180.25,135.5,64.75,7.5,0.0,0.0
신흥역,6,월요일,승차,0.0,0.0,69.2,94.8,427.4,511.4,169.6,107.2,83.8,113.6,107.2,82.8,72.4,94.8,97.4,112.4,49.0,34.4,23.2,15.4,6.0,0.0,0.0,0.0
신흥역,6,월요일,하차,0.0,0.0,9.0,26.4,48.2,87.6,44.4,55.8,72.4,86.4,81.0,80.0,134.8,193.8,216.0,392.4,198.4,115.8,125.8,97.4,52.2,6.2,0.0,0.0
신흥역,6,월요일,합계,0.0,0.0,78.2,121.2,475.6,599.0,214.0,163.0,156.2,200.0,188.2,162.8,207.2,288.6,313.4,504.8,247.4,150.2,149.0,112.8,58.2,6.2,0.0,0.0
신흥역,6,일요일,승차,0.0,0.2,35.2,42.8,56.6,100.8,104.0,111.4,91.8,92.4,82.8,78.4,66.2,62.4,65.2,38.8,41.8,30.2,18.8,17.2,4.2,0.0,0.0,0.0
신흥역,6,일요일,하차,0.0,0.0,5.2,19.4,23.0,35.0,37.8,49.8,56.2,64.0,53.8,78.0,78.0,104.0,89.6,94.2,70.6,78.6,78.6,58.2,37.4,3.8,0.0,0.0
신흥역,6,일요일,합계,0.0,0.2,40.4,62.2,79.6,135.8,141.8,161.2,148.0,156.4,136.6,156.4,144.2,166.4,154.8,133.0,112.4,108.8,97.4,75.4,41.6,3.8,0.0,0.0
신흥역,6,토요일,승차,0.0,0.25,48.5,66.75,109.0,174.75,138.0,126.0,119.75,104.75,107.5,96.5,75.25,95.75,113.5,87.25,58.75,42.5,31.0,14.75,8.0,0.0,0.0,0.0
신흥역,6,토요일,하차,0.0,0.0,6.75,21.25,32.0,45.5,41.25,48.25,75.5,91.25,89.0,78.0,109.0,113.0,131.25,127.75,99.25,93.25,120.25,91.0,50.25,10.25,0.0,0.0
신흥역,6,토요일,합계,0.0,0.25,55.25,88.0,141.0,220.25,179.25,174.25,195.25,196.0,196.5,174.5,184.25,208.75,244.75,215.0,158.0,135.75,151.25,105.75,58.25,10.25,0.0,0.0
신흥역,6,화요일,승차,0.0,0.0,56.5,87.75,352.0,442.75,181.0,102.75,95.25,115.75,99.5,72.5,69.75,95.0,103.0,100.5,53.5,31.0,32.25,18.0,5.0,0.0,0.0,0.0
신흥역,6,화요일,하차,0.0,0.0,8.25,22.25,43.75,74.5,48.5,57.25,66.0,81.75,76.75,83.0,121.5,172.0,198.0,333.0,160.25,119.75,127.75,98.5,49.75,5.75,0.0,0.0
신흥역,6,화요일,합계,0.0,0.0,64.75,110.0,395.75,517.25,229.5,160.0,161.25,197.5,176.25,155.5,191.25,267.0,301.0,433.5,213.75,150.75,160.0,116.5,54.75,5.75,0.0,0.0
신흥역,7,금요일,승차,0.0,0.0,67.0,99.25,411.0,486.5,167.75,101.0,91.25,92.25,100.5,86.75,82.25,102.5,138.0,156.75,77.5,44.5,32.0,23.25,10.75,0.0,0.0,0.0
신흥역,7,금요일,하차,0.0,0.0,12.25,31.25,52.75,88.5,52.75,60.0,79.5,77.5,73.25,87.5,119.75,172.0,192.25,414.75,186.75,112.0,139.0,127.25,72.5,9.5,0.0,0.0
신흥역,7,금요일,합계,0.0,0.0,79.25,130.5,463.75,575.0,220.5,161.0,170.75,169.75,173.75,174.25,202.0,274.5,330.25,571.5,264.25,156.5,171.0,150.5,83.25,9.5,0.0,0.0
신흥역,7,목요일,승차,0.0,0.0,65.8,97.4,400.8,479.4,166.6,100.6,83.8,94.2,95.8,72.8,62.8,91.2,108.6,111.2,52.8,29.6,25.8,20.0,10.0,0.0,0.0,0.0
신흥역,7,목요일,하차,0.0,0.0,9.4,29.8,54.0,86.2,51.0,51.0,75.6,80.4,71.6,69.2,108.2,156.6,198.0,390.2,188.2,126.8,129.8,113.8,55.2,8.6,0.0,0.0
신흥역,7,목요일,합계,0.0,0.0,75.2,127.2,454.8,565.6,217.6,151.6,159.4,174.6,167.4,142.0,171.0,247.8,306.6,501.4,241.0,156.4,155.6,133.8,65.2,8.6,0.0,0.0
신흥역,7,수요일,승차,0.0,0.0,70.4,106.0,398.8,484.2,217.4,101.8,101.6,94.2,101.0,78.6,80.0,87.2,107.4,124.8,58.2,35.0,25.2,19.8,5.8,0.0,0.0,0.0
신흥역,7,수요일,하차,0.0,0.0,10.8,27.6,54.0,88.4,41.8,50.4,71.0,96.2,112.6,78.0,120.4,156.8,198.8,374.6,192.2,118.2,133.4,109.0,55.2,7.8,0.0,0.0
신흥역,7,수요일,합계,0.0,0.0,81.2,133.6,452.8,572.6,259.2,152.2,172.6,190.4,213.6,156.6,200.4,244.0,306.2,499.4,250.4,153.2,158.6,128.8,61.0,7.8,0.0,0.0
신흥역,7,월요일,승차,0.0,0.0,73.25,96.75,401.0,484.0,156.0,93.25,82.5,94.25,100.75,80.75,69.25,81.5,87.75,105.0,49.5,29.5,20.0,18.5,3.75,0.0,0.0,0.0
신흥역,7,월요일,하차,0.0,0.0,7.5,25.75,46.75,86.75,45.75,59.5,73.25,80.0,66.75,79.5,121.0,161.5,220.5,389.75,188.75,118.0,113.5,88.25,41.5,4.25,0.0,0.0
신흥역,7,월요일,합계,0.0,0.0,80.75,122.5,447.75,570.75,201.75,152.75,155.75,174.25,167.5,160.25,190.25,243.0,308.25,494.75,238.25,147.5,133.5,106.75,45.25,4.25,0.0,0.0
신흥역,7,일요일,승차,0.0,0.0,39.5,47.5,52.75,99.75,102.5,107.75,93.75,79.25,80.5,73.0,59.75,52.0,69.0,43.0,36.5,36.0,19.5,14.25,4.25,0.0,0.0,0.0
신흥역,7,일요일,하차,0.0,0.0,5.0,23.75,25.0,31.0,37.5,43.0,47.75,61.5,53.0,68.5,66.5,89.0,96.0,87.25,73.25,81.0,80.25,73.75,38.75,3.25,0.0,0.0
신흥역,7,일요일,합계,0.0,0.0,44.5,71.25,77.75,130.75,140.0,150.75,141.5,140.75,133.5,141.5,126.25,141.0,165.0,130.25,109.75,117.0,99.75,88.0,43.0,3.25,0.0,0.0
신흥역,7,토요일,승차,0.0,0.0,50.5,74.5,114.0,166.0,149.75,128.5,106.0,117.75,101.75,88.25,86.75,99.0,121.5,79.75,52.0,43.25,35.0,24.5,9.5,0.0,0.0,0.0
신흥역,7,토요일,하차,0.0,0.0,7.25,25.25,41.5,42.25,51.5,54.25,74.25,89.0,83.5,84.75,90.0,110.0,134.75,140.25,99.25,101.5,95.25,87.25,61.75,8.25,0.0,0.0
신흥역,7,토요일,합계,0.0,0.0,57.75,99.75,155.5,208.25,201.25,182.75,180.25,206.75,185.25,173.0,176.75,209.0,256.25,220.0,151.25,144.75,130.25,111.75,71.25,8.25,0.0,0.0
신흥역,7,화요일,승차,0.0,0.0,69.2,106.6,398.8,495.6,179.0,104.0,86.6,98.0,93.8,78.8,78.8,89.2,104.6,119.4,48.0,29.2,27.4,21.8,5.4,0.0,0.0,0.0
신흥역,7,화요일,하차,0.0,0.0,9.0,26.8,50.8,91.8,45.2,52.4,79.0,88.8,78.2,73.6,103.2,162.6,216.0,395.6,190.8,131.6,117.2,107.6,50.4,6.4,0.0,0.0
신흥역,7,화요일,합계,0.0,0.0,78.2,133.4,449.6,587.4,224.2,156.4,165.6,186.8,172.0,152.4,182.0,251.8,320.6,515.0,238.8,160.8,144.6,129.4,55.8,6.4,0.0,0.0
신흥역,8,금요일,승차,0.0,0.0,62.2,82.6,324.0,423.6,167.0,108.8,96.2,107.4,110.6,104.0,98.6,124.0,182.6,166.8,104.2,65.0,37.6,23.4,9.8,1.4,0.2,0.0
신흥역,8,금요일,하차,0.0,0.0,8.4,30.2,47.4,84.2,46.6,53.0,68.8,82.2,74.0,80.2,119.4,169.4,203.0,334.0,185.0,154.4,178.2,165.2,77.0,44.2,7.6,0.0
신흥역,8,금요일,합계,0.0,0.0,70.6,112.8,371.4,507.8,213.6,161.8,165.0,189.6,184.6,184.2,218.0,293.4,385.6,500.8,289.2,219.4,215.8,188.6,86.8,45.6,7.8,0.0
신흥역,8,목요일,승차,0.0,0.0,64.5,103.5,395.25,521.5,186.25,127.25,102.0,102.75,118.0,93.25,85.0,104.5,127.5,159.75,88.5,46.25,35.75,27.25,14.0,1.0,0.0,0.0
신흥역,8,목요일,하차,0.0,0.0,9.5,30.25,56.25,87.0,46.5,55.0,83.5,88.75,88.5,85.0,121.25,183.5,213.75,419.0,194.5,151.75,161.75,157.75,74.0,26.25,1.75,0.0
신흥역,8,목요일,합계,0.0,0.0,74.0,133.75,451.5,608.5,232.75,182.25,185.5,191.5,206.5,178.25,206.25,288.0,341.25,578.75,283.0,198.0,197.5,185.0,88.0,27.25,1.75,0.0
신흥역,8,수요일,승차,0.0,0.0,68.5,103.25,388.25,521.5,187.75,115.75,107.5,101.75,109.5,86.0,85.5,88.5,123.5,132.0,70.0,40.25,30.0,26.0,4.25,0.25,0.0,0.0
신흥역,8,수요일,하차,0.0,0.0,9.5,28.5,51.75,90.0,56.25,50.75,66.0,97.0,82.5,94.5,125.25,175.5,215.75,431.25,195.25,136.75,153.5,123.25,55.5,22.0,0.5,0.0
신흥역,8,수요일,합계,0.0,0.0,78.0,131.75,440.0,611.5,244.0,166.5,173.5,198.75,192.0,180.5,210.75,264.0,339.25,563.25,265.25,177.0,183.5,149.25,59.75,22.25,0.5,0.0
신흥역,8,월요일,승차,0.0,0.0,68.5,106.0,371.25,493.0,166.25,99.75,90.5,107.25,117.5,91.5,79.0,89.25,115.5,125.25,57.0,37.25,24.5,15.25,2.75,0.75,0.0,0.0
신흥역,8,월요일,하차,0.0,0.0,8.25,30.25,43.25,87.0,51.0,56.75,70.5,81.25,66.75,76.0,122.5,167.5,208.5,433.0,197.5,120.75,122.5,102.25,45.25,19.0,1.0,0.0
신흥역,8,월요일,합계,0.0,0.0,76.75,136.25,414.5,580.0,217.25,156.5,161.0,188.5,184.25,167.5,201.5,256.75,324.0,558.25,254.5,158.0,147.0,117.5,48.0,19.75,1.0,0.0
신흥역,8,일요일,승차,0.0,0.0,37.4,55.8,57.6,110.0,101.2,107.2,103.2,93.2,96.0,97.2,90.0,80.0,90.6,68.2,62.0,40.6,26.0,14.0,3.4,0.6,0.0,0.0
신흥역,8,일요일,하차,0.0,0.0,4.6,20.4,24.4,36.8,37.6,46.0,50.8,55.8,56.6,73.8,85.0,112.6,115.2,101.0,91.4,107.6,105.0,93.0,59.8,22.0,1.6,0.0
신흥역,8,일요일,합계,0.0,0.0,42.0,76.2,82.0,146.8,138.8,153.2,154.0,149.0,152.6,171.0,175.0,192.6,205.8,169.2,153.4,148.2,131.0,107.0,63.2,22.6,1.6,0.0
신흥역,8,토요일,승차,0.0,0.0,56.4,71.8,110.4,159.2,158.8,132.2,126.8,126.0,120.8,107.0,96.4,109.6,143.2,101.6,84.2,69.6,42.2,14.4,7.2,1.4,0.0,0.0
신흥역,8,토요일,하차,0.0,0.0,7.0,26.0,39.4,48.4,49.2,52.0,59.6,86.8,89.8,88.6,101.0,121.4,155.4,144.4,111.6,118.4,139.6,120.8,91.2,41.2,3.2,0.0
신흥역,8,토요일,합계,0.0,0.0,63.4,97.8,149.8,207.6,208.0,184.2,186.4,212.8,210.6,195.6,197.4,231.0,298.6,246.0,195.8,188.0,181.8,135.2,98.4,42.6,3.2,0.0
신흥역,8,화요일,승차,0.0,0.0,67.5,100.5,391.75,523.5,185.0,103.5,102.75,103.0,104.75,79.0,84.5,93.5,116.75,132.75,62.25,31.75,29.5,29.5,5.5,0.75,0.0,0.0
신흥역,8,화요일,하차,0.0,0.0,8.25,28.0,53.75,87.0,47.0,64.0,71.5,85.25,75.0,77.0,110.25,174.0,213.25,413.5,198.25,141.25,130.75,129.75,57.5,15.0,1.75,0.0
신흥역,8,화요일,합계,0.0,0.0,75.75,128.5,445.5,610.5,232.0,167.5,174.25,188.25,179.75,156.0,194.75,267.5,330.0,546.25,260.5,173.0,160.25,159.25,63.0,15.75,1.75,0.0
오룡역,1,금요일,승차,0.0,1.6,60.8,97.2,317.8,709.4,245.2,183.6,185.8,197.6,225.6,215.6,240.6,247.2,359.0,603.8,190.6,99.8,82.8,55.8,25.4,0.0,0.0,0.0
오룡역,1,금요일,하차,0.0,1.4,15.2,46.4,132.8,575.8,186.0,125.0,150.0,176.8,161.4,168.6,238.2,255.0,350.8,547.4,227.8,156.8,160.0,126.6,77.0,3.2,0.0,0.0
오룡역,1,금요일,합계,0.0,3.0,76.0,143.6,450.6,1285.2,431.2,308.6,335.8,374.4,387.0,384.2,478.8,502.2,709.8,1151.2,418.4,256.6,242.8,182.4,102.4,3.2,0.0,0.0
오룡역,1,목요일,승차,0.0,2.4,56.0,98.6,277.8,624.8,220.6,155.4,175.6,174.8,199.6,168.0,163.6,200.8,269.2,529.4,123.6,78.0,70.4,43.4,23.2,0.2,0.0,0.0
오룡역,1,목요일,하차,0.0,2.4,10.2,43.6,116.4,486.4,171.2,115.4,125.0,129.2,144.6,140.8,178.8,193.2,247.6,450.0,200.2,147.4,151.4,117.6,73.4,0.2,0.0,0.0
오룡역,1,목요일,합계,0.0,4.8,66.2,142.2,394.2,1111.2,391.8,270.8,300.6,304.0,344.2,308.8,342.4,394.0,516.8,979.4,323.8,225.4,221.8,161.0,96.6,0.4,0.0,0.0
오룡역,1,수요일,승차,0.0,0.0,46.6,76.2,218.2,508.0,198.6,140.4,162.0,176.2,161.2,153.2,154.0,174.4,233.6,425.4,120.0,81.4,65.4,40.6,22.4,0.0,0.0,0.0
오룡역,1,수요일,하차,0.0,0.0,15.0,37.8,94.6,392.0,143.8,118.6,117.6,106.8,140.8,130.4,160.6,176.2,222.4,370.8,157.4,123.0,130.6,114.2,56.0,1.4,0.0,0.0
오룡역,1,수요일,합계,0.0,0.0,61.6,114.0,312.8,900.0,342.4,259.0,279.6,283.0,302.0,283.6,314.6,350.6,456.0,796.2,277.4,204.4,196.0,154.8,78.4,1.4,0.0,0.0
오룡역,1,월요일,승차,0.0,0.0,63.75,96.5,280.75,624.25,232.75,188.25,182.75,182.75,203.0,199.25,160.75,193.0,257.5,517.25,113.25,81.75,57.0,41.25,27.75,0.0,0.0,0.0
오룡역,1,월요일,하차,0.0,0.0,13.0,44.25,109.5,478.25,162.25,114.75,144.0,139.25,156.25,164.0,203.5,203.5,270.0,468.75,181.75,146.0,138.0,118.75,84.5,0.5,0.0,0.0
오룡역,1,월요일,합계,0.0,0.0,76.75,140.75,390.25,1102.5,395.0,303.0,326.75,322.0,359.25,363.25,364.25,396.5,527.5,986.0,295.0,227.75,195.0,160.0,112.25,0.5,0.0,0.0
오룡역,1,일요일,승차,0.0,0.25,27.0,32.75,60.75,119.75,111.5,128.5,162.25,219.5,157.5,146.25,148.0,140.5,132.25,122.25,89.25,55.25,49.75,36.75,25.5,0.0,0.0,0.0
오룡역,1,일요일,하차,0.0,0.25,8.75,36.25,36.25,68.75,101.75,154.25,92.0,91.25,120.25,112.5,148.75,152.25,146.0,132.75,108.0,96.75,80.0,71.5,53.5,1.0,0.0,0.0
오룡역,1,일요일,합계,0.0,0.5,35.75,69.0,97.0,188.5,213.25,282.75,254.25,310.75,277.75,258.75,296.75,292.75,278.25,255.0,197.25,152.0,129.75,108.25,79.0,1.0,0.0,0.0
오룡역,1,토요일,승차,0.0,0.0,39.75,59.0,102.5,188.25,184.25,179.25,229.75,188.0,213.75,207.25,142.25,180.0,190.0,153.0,89.75,80.75,60.25,36.5,26.75,0.75,0.0,0.0
오룡역,1,토요일,하차,0.0,0.0,11.0,34.25,55.25,106.0,114.75,116.75,126.5,143.0,176.75,145.5,180.0,192.5,204.25,172.75,123.0,119.0,99.75,95.0,87.5,1.0,0.0,0.0
오룡역,1,토요일,합계,0.0,0.0,50.75,93.25,157.75,294.25,299.0,296.0,356.25,331.0,390.5,352.75,322.25,372.5,394.25,325.75,212.75,199.75,160.0,131.5,114.25,1.75,0.0,0.0
오룡역,1,화요일,승차,0.0,0.0,55.5,92.25,268.25,605.25,220.5,159.5,172.0,173.75,187.0,183.75,179.5,179.25,267.5,509.75,114.25,70.75,63.25,44.25,23.0,0.5,0.0,0.0
오룡역,1,화요일,하차,0.0,0.0,12.75,41.5,115.5,485.5,169.5,117.25,126.75,137.25,146.0,151.25,203.75,186.75,261.75,454.75,180.25,137.25,137.0,112.5,71.75,1.5,0.0,0.0
오룡역,1,화요일,합계,0.0,0.0,68.25,133.75,383.75,1090.75,390.0,276.75,298.75,311.0,333.0,335.0,383.25,366.0,529.25,964.5,294.5,208.0,200.25,156.75,94.75,2.0,0.0,0.0
오룡역,2,금요일,승차,0.0,0.0,66.25,113.5,353.25,780.75,258.5,187.0,219.25,234.5,224.75,221.75,202.25,287.75,365.5,656.25,232.0,111.25,89.0,64.75,31.5,1.75,0.0,0.0
오룡역,2,금요일,하차,0.0,0.0,10.25,48.5,147.5,604.0,195.75,128.0,174.0,179.5,187.25,186.25,233.75,273.0,377.25,624.25,269.5,186.5,161.0,133.25,86.75,2.75,0.0,0.0
오룡역,2,금요일,합계,0.0,0.0,76.5,162.0,500.75,1384.75,454.25,315.0,393.25,414.0,412.0,408.0,436.0,560.75,742.75,1280.5,501.5,297.75,250.0,198.0,118.25,4.5,0.0,0.0
오룡역,2,목요일,승차,0.0,0.0,63.25,119.75,334.25,753.5,254.5,181.75,214.25,197.5,211.25,200.0,201.0,256.0,326.0,631.0,144.5,83.0,81.0,54.0,32.75,0.0,0.0,0.0
오룡역,2,목요일,하차,0.0,0.0,13.5,46.0,159.25,609.0,211.0,127.75,143.0,162.5,155.25,165.5,218.25,225.25,303.75,542.75,224.5,158.5,178.25,139.25,98.25,0.5,0.0,0.0
오룡역,2,목요일,합계,0.0,0.0,76.75,165.75,493.5,1362.5,465.5,309.5,357.25,360.0,366.5,365.5,419.25,481.25,629.75,1173.75,369.0,241.5,259.25,193.25,131.0,0.5,0.0,0.0
오룡역,2,수요일,승차,0.0,0.0,63.25,112.25,331.5,801.5,274.25,190.0,197.75,222.0,228.5,214.25,175.0,253.75,327.75,657.5,143.75,101.75,71.5,43.25,23.5,0.0,0.0,0.0
오룡역,2,수요일,하차,0.0,0.0,12.75,48.0,166.0,640.25,243.0,143.0,144.5,139.5,151.75,169.25,212.25,217.0,296.5,592.5,211.0,144.25,171.0,138.0,82.5,2.0,0.0,0.0
오룡역,2,수요일,합계,0.0,0.0,76.0,160.25,497.5,1441.75,517.25,333.0,342.25,361.5,380.25,383.5,387.25,470.75,624.25,1250.0,354.75,246.0,242.5,181.25,106.0,2.0,0.0,0.0
오룡역,2,월요일,승차,0.0,0.25,70.0,116.5,335.75,800.0,282.5,200.5,214.25,221.5,221.25,192.75,172.0,281.75,293.5,658.75,147.0,83.5,62.5,48.0,30.75,0.0,0.0,0.0
오룡역,2,월요일,하차,0.0,0.0,9.75,47.25,151.0,625.0,213.75,125.0,177.75,177.0,144.0,172.75,228.0,224.5,303.5,597.25,225.75,157.75,142.5,133.25,91.25,0.0,0.0,0.0
오룡역,2,월요일,합계,0.0,0.25,79.75,163.75,486.75,1425.0,496.25,325.5,392.0,398.5,365.25,365.5,400.0,506.25,597.0,1256.0,372.75,241.25,205.0,181.25,122.0,0.0,0.0,0.0
오룡역,2,일요일,승차,0.0,0.0,30.5,34.0,64.5,124.25,119.0,140.25,192.75,256.25,190.5,167.25,139.75,151.5,129.5,114.25,120.25,67.5,47.25,35.75,24.25,0.0,0.0,0.0
오룡역,2,일요일,하차,0.0,0.0,10.25,41.75,39.5,78.5,110.25,158.0,91.25,100.5,133.5,123.75,159.0,187.0,158.75,158.0,130.25,121.25,87.0,77.75,62.5,1.5,0.0,0.0
오룡역,2,일요일,합계,0.0,0.0,40.75,75.75,104.0,202.75,229.25,298.25,284.0,356.75,324.0,291.0,298.75,338.5,288.25,272.25,250.5,188.75,134.25,113.5,86.75,1.5,0.0,0.0
오룡역,2,토요일,승차,0.0,0.0,40.0,65.0,95.5,187.5,184.5,193.25,245.75,241.25,274.0,219.75,164.75,156.25,204.75,161.75,115.25,84.75,73.0,33.25,28.75,0.25,0.0,0.0
오룡역,2,토요일,하차,0.0,0.0,8.0,34.25,69.5,115.0,121.25,119.0,145.25,143.5,186.75,167.0,195.0,238.0,242.75,191.0,138.5,126.5,113.75,93.25,80.0,3.75,0.0,0.0
오룡역,2,토요일,합계,0.0,0.0,48.0,99.25,165.0,302.5,305.75,312.25,391.0,384.75,460.75,386.75,359.75,394.25,447.5,352.75,253.75,211.25,186.75,126.5,108.75,4.0,0.0,0.0
오룡역,2,화요일,승차,0.0,0.0,63.75,112.75,345.0,771.75,255.75,198.5,211.5,225.25,220.75,195.0,190.0,281.75,337.0,641.0,134.0,85.25,68.5,45.0,21.0,1.0,0.0,0.0
오룡역,2,화요일,하차,0.0,0.0,12.5,45.0,162.0,647.25,256.0,131.0,149.5,162.5,156.75,177.5,221.25,224.25,293.0,571.75,212.0,154.75,158.0,122.75,83.75,5.0,0.0,0.0
오룡역,2,화요일,합계,0.0,0.0,76.25,157.75,507.0,1419.0,511.75,329.5,361.0,387.75,377.5,372.5,411.25,506.0,630.0,1212.75,346.0,240.0,226.5,167.75,104.75,6.0,0.0,0.0
오룡역,3,금요일,승차,0.0,0.25,75.25,117.25,381.0,805.0,261.75,196.0,197.5,209.75,209.25,233.25,271.25,297.0,409.75,753.5,252.25,123.25,106.25,74.25,37.25,0.0,0.0,0.0
오룡역,3,금요일,하차,0.0,0.0,19.25,51.75,181.5,614.75,253.25,140.75,151.0,170.0,178.25,184.75,263.0,307.5,393.25,629.25,266.25,181.75,173.25,157.75,97.0,4.25,0.0,0.0
오룡역,3,금요일,합계,0.0,0.25,94.5,169.0,562.5,1419.75,515.0,336.75,348.5,379.75,387.5,418.0,534.25,604.5,803.0,1382.75,518.5,305.0,279.5,232.0,134.25,4.25,0.0,0.0
오룡역,3,목요일,승차,0.0,0.0,74.75,128.0,395.0,836.5,281.0,171.25,175.0,206.75,204.5,194.0,164.75,294.5,335.25,688.75,151.25,118.25,88.75,58.0,28.75,0.0,0.0,0.0
오룡역,3,목요일,하차,0.0,0.0,17.75,53.0,174.5,625.75,245.5,131.75,142.5,152.5,159.5,163.75,205.0,263.5,328.5,580.25,212.25,182.25,179.25,139.25,110.75,2.0,0.0,0.0
오룡역,3,목요일,합계,0.0,0.0,92.5,181.0,569.5,1462.25,526.5,303.0,317.5,359.25,364.0,357.75,369.75,558.0,663.75,1269.0,363.5,300.5,268.0,197.25,139.5,2.0,0.0,0.0
오룡역,3,수요일,승차,0.0,0.5,75.0,122.75,393.0,830.25,286.5,171.75,183.25,197.75,216.0,199.25,183.25,292.0,390.25,679.25,170.0,103.0,80.75,51.25,25.25,0.0,0.0,0.0
오룡역,3,수요일,하차,0.0,0.0,14.0,47.25,183.75,619.0,254.75,157.5,139.0,124.25,151.25,158.5,212.5,282.25,325.25,571.0,202.5,152.75,178.5,154.75,97.5,1.75,0.0,0.0
오룡역,3,수요일,합계,0.0,0.5,89.0,170.0,576.75,1449.25,541.25,329.25,322.25,322.0,367.25,357.75,395.75,574.25,715.5,1250.25,372.5,255.75,259.25,206.0,122.75,1.75,0.0,0.0
오룡역,3,월요일,승차,0.0,0.6,75.2,106.8,327.6,716.2,269.0,182.2,190.8,187.2,193.0,187.4,173.2,276.8,252.6,541.0,140.2,95.6,78.2,48.4,26.8,0.0,0.0,0.0
오룡역,3,월요일,하차,0.0,0.0,17.0,47.4,151.0,505.4,204.0,114.0,140.6,139.6,151.4,159.2,199.6,236.0,304.2,526.6,215.4,154.2,144.8,120.0,83.0,1.6,0.0,0.0
오룡역,3,월요일,합계,0.0,0.6,92.2,154.2,478.6,1221.6,473.0,296.2,331.4,326.8,344.4,346.6,372.8,512.8,556.8,1067.6,355.6,249.8,223.0,168.4,109.8,1.6,0.0,0.0
오룡역,3,일요일,승차,0.0,0.2,31.8,33.4,72.8,118.4,123.0,150.8,188.2,228.6,180.0,166.4,148.8,160.0,140.4,140.4,134.6,68.8,63.6,40.8,23.6,0.2,0.0,0.0
오룡역,3,일요일,하차,0.0,0.0,8.2,44.0,36.0,92.6,106.2,161.6,96.8,106.2,123.6,126.6,162.2,169.4,174.0,155.4,128.4,110.8,94.2,83.6,68.6,0.8,0.0,0.0
오룡역,3,일요일,합계,0.0,0.2,40.0,77.4,108.8,211.0,229.2,312.4,285.0,334.8,303.6,293.0,311.0,329.4,314.4,295.8,263.0,179.6,157.8,124.4,92.2,1.0,0.0,0.0
오룡역,3,토요일,승차,0.0,0.2,49.8,71.4,112.6,215.6,213.4,217.4,261.0,206.8,209.4,198.0,154.0,171.2,198.2,186.6,119.2,78.4,64.0,33.6,30.8,0.2,0.0,0.0
오룡역,3,토요일,하차,0.0,0.0,17.0,34.2,68.4,132.2,145.4,135.6,149.6,160.0,188.4,149.8,174.2,187.8,212.4,182.8,151.2,137.2,119.6,101.2,87.6,0.6,0.0,0.0
오룡역,3,토요일,합계,0.0,0.2,66.8,105.6,181.0,347.8,358.8,353.0,410.6,366.8,397.8,347.8,328.2,359.0,410.6,369.4,270.4,215.6,183.6,134.8,118.4,0.8,0.0,0.0
오룡역,3,화요일,승차,0.0,0.25,67.75,127.0,393.25,856.25,290.75,178.25,188.0,215.5,203.5,175.75,210.25,263.5,313.75,684.0,129.75,85.25,74.5,53.5,27.25,0.0,0.0,0.0
오룡역,3,화요일,하차,0.0,0.0,12.0,50.75,178.75,628.75,258.75,131.25,134.0,143.25,144.25,148.5,206.5,239.0,324.25,573.0,217.25,163.0,166.75,138.75,83.25,0.0,0.0,0.0
오룡역,3,화요일,합계,0.0,0.25,79.75,177.75,572.0,1485.0,549.5,309.5,322.0,358.75,347.75,324.25,416.75,502.5,638.0,1257.0,347.0,248.25,241.25,192.25,110.5,0.0,0.0,0.0
오룡역,4,금요일,승차,0.0,0.5,71.25,120.5,398.25,803.25,280.5,192.25,208.25,256.5,221.5,207.75,272.75,323.5,404.25,656.75,271.0,119.25,109.0,72.75,32.0,0.0,0.0,0.0
오룡역,4,금요일,하차,0.0,0.0,20.0,58.0,186.25,616.5,235.25,133.0,141.75,163.0,176.5,187.75,268.0,297.75,386.0,650.25,276.5,184.5,159.5,157.5,107.75,6.75,0.0,0.0
오룡역,4,금요일,합계,0.0,0.5,91.25,178.5,584.5,1419.75,515.75,325.25,350.0,419.5,398.0,395.5,540.75,621.25,790.25,1307.0,547.5,303.75,268.5,230.25,139.75,6.75,0.0,0.0
오룡역,4,목요일,승차,0.0,0.25,74.0,124.5,422.0,844.25,288.75,176.0,197.5,219.5,205.25,178.0,189.25,332.75,311.0,685.0,160.0,104.75,83.25,63.25,25.25,0.25,0.0,0.0
오룡역,4,목요일,하차,0.0,0.0,18.25,61.25,190.25,637.75,256.5,129.5,136.0,153.75,164.0,163.0,232.5,265.25,337.25,584.0,223.0,177.75,171.25,134.75,98.5,2.75,0.0,0.0
오룡역,4,목요일,합계,0.0,0.25,92.25,185.75,612.25,1482.0,545.25,305.5,333.5,373.25,369.25,341.0,421.75,598.0,648.25,1269.0,383.0,282.5,254.5,198.0,123.75,3.0,0.0,0.0
오룡역,4,수요일,승차,0.0,0.0,74.4,126.4,407.6,869.2,300.0,191.0,183.4,215.4,249.0,208.0,183.0,285.4,306.0,705.2,164.2,118.2,85.4,60.2,27.6,1.0,0.0,0.0
오룡역,4,수요일,하차,0.0,0.0,20.8,54.8,185.4,633.4,260.4,133.2,136.6,134.6,174.6,154.8,235.4,262.4,334.6,605.8,214.6,166.6,166.8,147.2,94.8,2.8,0.0,0.0
오룡역,4,수요일,합계,0.0,0.0,95.2,181.2,593.0,1502.6,560.4,324.2,320.0,350.0,423.6,362.8,418.4,547.8,640.6,1311.0,378.8,284.8,252.2,207.4,122.4,3.8,0.0,0.0
오룡역,4,월요일,승차,0.0,0.25,84.5,132.5,407.0,896.25,304.25,182.0,216.0,240.5,210.5,173.75,181.0,269.0,274.0,623.75,135.5,96.0,79.0,47.75,26.75,1.0,0.0,0.0
오룡역,4,월요일,하차,0.0,0.0,22.0,62.75,190.5,623.25,243.5,121.75,144.75,147.0,149.5,161.75,222.5,240.25,329.5,593.25,224.25,166.75,155.0,118.5,79.0,5.0,0.0,0.0
오룡역,4,월요일,합계,0.0,0.25,106.5,195.25,597.5,1519.5,547.75,303.75,360.75,387.5,360.0,335.5,403.5,509.25,603.5,1217.0,359.75,262.75,234.0,166.25,105.75,6.0,0.0,0.0
오룡역,4,일요일,승차,0.0,0.0,36.75,44.5,77.0,144.0,125.0,162.75,166.25,235.0,167.0,168.5,165.5,144.5,129.0,130.0,146.25,78.75,69.5,40.5,28.0,0.0,0.0,0.0
오룡역,4,일요일,하차,0.0,0.0,11.0,49.5,41.25,92.75,115.5,156.75,96.75,106.5,117.5,136.0,154.75,152.5,151.25,168.0,162.5,122.5,86.75,93.75,72.0,0.5,0.0,0.0
오룡역,4,일요일,합계,0.0,0.0,47.75,94.0,118.25,236.75,240.5,319.5,263.0,341.5,284.5,304.5,320.25,297.0,280.25,298.0,308.75,201.25,156.25,134.25,100.0,0.5,0.0,0.0
오룡역,4,토요일,승차,0.0,1.75,53.0,78.5,122.5,233.75,210.5,214.75,249.5,248.0,214.5,190.25,162.75,166.0,190.0,140.75,117.75,83.25,67.75,35.0,24.75,0.75,0.0,0.0
오룡역,4,토요일,하차,0.0,1.25,17.75,46.0,76.5,136.5,147.25,140.25,149.25,169.0,197.5,145.25,178.0,207.0,199.25,173.0,146.75,124.0,118.25,106.0,77.0,1.0,0.0,0.0
오룡역,4,토요일,합계,0.0,3.0,70.75,124.5,199.0,370.25,357.75,355.0,398.75,417.0,412.0,335.5,340.75,373.0,389.25,313.75,264.5,207.25,186.0,141.0,101.75,1.75,0.0,0.0
오룡역,4,화요일,승차,0.0,0.2,74.0,126.8,421.4,863.0,300.4,185.4,197.2,220.2,227.6,184.4,208.2,269.2,287.4,642.8,136.4,93.4,78.2,47.6,27.0,0.6,0.0,0.0
오룡역,4,화요일,하차,0.0,0.0,19.2,51.4,188.6,648.8,250.8,127.2,141.0,146.8,146.6,153.0,220.6,249.8,331.2,596.2,208.0,166.4,170.8,139.6,82.2,1.6,0.0,0.0
오룡역,4,화요일,합계,0.0,0.2,93.2,178.2,610.0,1511.8,551.2,312.6,338.2,367.0,374.2,337.4,428.8,519.0,618.6,1239.0,344.4,259.8,249.0,187.2,109.2,2.2,0.0,0.0
오룡역,5,금요일,승차,0.0,0.4,75.4,113.4,395.6,789.2,264.0,203.4,209.8,214.8,206.0,242.0,270.4,288.4,388.2,675.4,239.0,107.4,94.4,61.0,35.6,0.2,0.0,0.0
오룡역,5,금요일,하차,0.0,0.0,20.6,57.6,178.0,656.6,242.2,129.0,159.4,173.6,193.6,173.0,269.4,286.8,373.2,593.8,256.2,181.4,160.4,151.8,98.0,6.4,0.0,0.0
오룡역,5,금요일,합계,0.0,0.4,96.0,171.0,573.6,1445.8,506.2,332.4,369.2,388.4,399.6,415.0,539.8,575.2,761.4,1269.2,495.2,288.8,254.8,212.8,133.6,6.6,0.0,0.0
오룡역,5,목요일,승차,0.0,0.0,80.8,112.2,385.2,744.4,290.2,186.4,189.6,218.4,196.2,175.0,174.0,281.6,307.0,572.6,139.4,97.8,86.4,57.6,24.0,0.2,0.0,0.0
오룡역,5,목요일,하차,0.0,0.0,17.6,51.4,172.0,570.8,240.2,132.2,143.6,162.4,162.6,153.0,190.2,243.8,303.4,501.0,196.0,169.0,158.2,134.2,83.6,6.0,0.0,0.0
오룡역,5,목요일,합계,0.0,0.0,98.4,163.6,557.2,1315.2,530.4,318.6,333.2,380.8,358.8,328.0,364.2,525.4,610.4,1073.6,335.4,266.8,244.6,191.8,107.6,6.2,0.0,0.0
오룡역,5,수요일,승차,0.0,0.0,83.5,129.75,416.25,872.5,305.0,194.5,194.25,209.0,229.0,219.75,195.25,299.0,351.0,676.5,172.5,113.25,73.5,56.5,32.5,0.0,0.0,0.0
오룡역,5,수요일,하차,0.0,0.0,19.75,66.0,197.75,676.0,279.75,157.0,144.75,147.0,166.25,178.75,222.5,264.25,338.75,565.25,200.0,155.25,178.5,163.75,97.75,1.25,0.0,0.0
오룡역,5,수요일,합계,0.0,0.0,103.25,195.75,614.0,1548.5,584.75,351.5,339.0,356.0,395.25,398.5,417.75,563.25,689.75,1241.75,372.5,268.5,252.0,220.25,130.25,1.25,0.0,0.0
오룡역,5,월요일,승차,0.0,0.25,82.5,103.25,342.5,713.5,272.75,195.5,186.75,193.0,183.0,165.75,155.5,279.75,246.5,529.5,147.5,89.25,67.25,55.0,33.25,1.75,0.0,0.0
오룡역,5,월요일,하차,0.0,0.25,19.75,51.75,154.75,502.5,211.0,143.75,150.5,140.75,158.0,162.25,188.75,231.75,283.75,475.75,207.5,163.0,146.25,108.0,94.75,4.5,0.0,0.0
오룡역,5,월요일,합계,0.0,0.5,102.25,155.0,497.25,1216.0,483.75,339.25,337.25,333.75,341.0,328.0,344.25,511.5,530.25,1005.25,355.0,252.25,213.5,163.0,128.0,6.25,0.0,0.0
오룡역,5,일요일,승차,0.0,0.25,41.25,48.75,77.25,130.75,144.5,161.5,183.0,220.25,179.5,163.75,160.5,163.0,131.25,142.25,160.0,83.25,77.5,46.75,28.0,0.0,0.0,0.0
오룡역,5,일요일,하차,0.0,0.25,11.5,53.75,47.5,95.0,122.25,150.75,102.5,101.0,128.75,128.0,139.25,158.75,160.0,175.25,126.25,137.75,107.75,97.75,87.25,0.0,0.0,0.0
오룡역,5,일요일,합계,0.0,0.5,52.75,102.5,124.75,225.75,266.75,312.25,285.5,321.25,308.25,291.75,299.75,321.75,291.25,317.5,286.25,221.0,185.25,144.5,115.25,0.0,0.0,0.0
오룡역,5,토요일,승차,0.0,0.2,53.2,70.6,125.8,222.0,192.0,215.4,270.6,234.4,199.4,190.6,185.8,173.0,242.2,153.8,120.6,85.8,68.2,39.6,29.2,1.4,0.0,0.0
오룡역,5,토요일,하차,0.0,0.0,15.2,40.4,77.8,147.2,135.6,126.8,141.4,161.0,188.0,142.2,188.0,204.4,197.0,170.2,169.8,138.8,140.4,119.2,79.2,5.0,0.0,0.0
오룡역,5,토요일,합계,0.0,0.2,68.4,111.0,203.6,369.2,327.6,342.2,412.0,395.4,387.4,332.8,373.8,377.4,439.2,324.0,290.4,224.6,208.6,158.8,108.4,6.4,0.0,0.0
오룡역,5,화요일,승차,0.0,0.0,71.25,107.25,359.5,675.25,272.75,173.0,191.5,206.5,210.5,184.25,219.0,270.5,302.0,558.5,160.25,94.25,83.5,48.5,32.0,1.5,0.0,0.0
오룡역,5,화요일,하차,0.0,0.0,17.25,47.0,159.75,527.25,248.75,135.5,138.0,132.5,149.5,154.25,192.75,225.25,290.25,488.5,193.25,169.0,156.25,139.75,92.25,1.75,0.0,0.0
오룡역,5,화요일,합계,0.0,0.0,88.5,154.25,519.25,1202.5,521.5,308.5,329.5,339.0,360.0,338.5,411.75,495.75,592.25,1047.0,353.5,263.25,239.75,188.25,124.25,3.25,0.0,0.0
오룡역,6,금요일,승차,0.0,0.25,78.5,115.5,337.5,635.25,238.0,205.0,180.25,170.25,189.5,207.5,228.25,292.75,329.25,535.5,213.5,110.25,84.75,67.25,35.5,1.75,0.0,0.0
오룡역,6,금요일,하차,0.0,0.25,16.75,53.5,153.0,496.25,208.75,126.25,132.75,175.0,180.75,168.25,206.5,250.5,315.25,494.25,213.5,160.25,149.75,135.25,103.25,2.75,0.0,0.0
오룡역,6,금요일,합계,0.0,0.5,95.25,169.0,490.5,1131.5,446.75,331.25,313.0,345.25,370.25,375.75,434.75,543.25,644.5,1029.75,427.0,270.5,234.5,202.5,138.75,4.5,0.0,0.0
오룡역,6,목요일,승차,0.0,0.5,95.25,123.0,428.0,804.25,293.25,183.5,202.0,198.5,198.75,175.25,174.75,394.5,330.5,675.5,187.75,121.0,100.5,65.75,31.25,3.0,0.0,0.0
오룡역,6,목요일,하차,0.0,0.25,21.0,56.0,197.75,638.25,250.75,126.25,155.25,170.75,176.75,163.25,212.0,250.5,330.25,542.75,217.25,195.0,183.25,142.5,97.75,4.75,0.0,0.0
오룡역,6,목요일,합계,0.0,0.75,116.25,179.0,625.75,1442.5,544.0,309.75,357.25,369.25,375.5,338.5,386.75,645.0,660.75,1218.25,405.0,316.0,283.75,208.25,129.0,7.75,0.0,0.0
오룡역,6,수요일,승차,0.0,0.0,88.75,131.25,416.5,830.25,265.25,175.0,186.75,197.0,208.25,178.75,195.5,325.25,333.75,712.75,155.5,120.0,85.0,57.0,29.25,0.0,0.0,0.0
오룡역,6,수요일,하차,0.0,0.0,18.5,60.5,183.0,671.25,248.0,140.5,151.25,128.0,154.25,168.25,206.5,236.75,331.5,565.5,224.5,157.75,166.0,166.0,90.25,4.25,0.0,0.0
오룡역,6,수요일,합계,0.0,0.0,107.25,191.75,599.5,1501.5,513.25,315.5,338.0,325.0,362.5,347.0,402.0,562.0,665.25,1278.25,380.0,277.75,251.0,223.0,119.5,4.25,0.0,0.0
오룡역,6,월요일,승차,0.0,0.2,90.6,133.6,410.4,847.0,265.2,200.0,195.6,216.2,187.0,162.8,180.0,330.4,284.0,622.8,158.6,106.8,75.2,58.8,29.8,0.6,0.0,0.0
오룡역,6,월요일,하차,0.0,0.0,18.6,56.0,170.8,635.6,222.0,142.4,158.4,168.0,172.6,149.0,194.0,235.6,328.0,563.4,221.2,159.4,159.4,129.0,78.2,2.6,0.0,0.0
오룡역,6,월요일,합계,0.0,0.2,109.2,189.6,581.2,1482.6,487.2,342.4,354.0,384.2,359.6,311.8,374.0,566.0,612.0,1186.2,379.8,266.2,234.6,187.8,108.0,3.2,0.0,0.0
오룡역,6,일요일,승차,0.0,0.0,44.8,46.8,69.8,133.2,124.0,158.0,140.4,204.2,152.6,148.2,129.4,137.0,136.8,114.0,119.2,68.2,67.0,39.6,20.0,4.0,0.0,0.0
오룡역,6,일요일,하차,0.0,0.0,9.4,48.0,41.4,92.2,101.4,155.8,77.0,99.6,113.8,119.4,133.4,148.2,152.8,138.0,130.8,110.2,103.4,87.2,70.4,5.0,0.0,0.0
오룡역,6,일요일,합계,0.0,0.0,54.2,94.8,111.2,225.4,225.4,313.8,217.4,303.8,266.4,267.6,262.8,285.2,289.6,252.0,250.0,178.4,170.4,126.8,90.4,9.0,0.0,0.0
오룡역,6,토요일,승차,0.0,0.25,48.0,64.0,113.25,214.0,179.75,184.0,235.75,199.75,170.25,163.5,150.5,150.0,197.5,154.75,113.0,85.25,81.75,40.0,30.75,2.75,0.0,0.0
오룡역,6,토요일,하차,0.0,0.0,15.0,40.25,63.75,95.25,101.25,109.5,132.25,136.5,163.25,140.25,153.75,196.0,201.5,151.0,135.75,128.5,121.75,108.75,93.5,4.25,0.0,0.0
오룡역,6,토요일,합계,0.0,0.25,63.0,104.25,177.0,309.25,281.0,293.5,368.0,336.25,333.5,303.75,304.25,346.0,399.0,305.75,248.75,213.75,203.5,148.75,124.25,7.0,0.0,0.0
오룡역,6,화요일,승차,0.0,0.5,81.5,117.0,355.25,658.5,260.75,187.25,198.5,194.25,206.25,170.75,211.75,248.0,285.5,508.5,124.75,90.0,62.5,51.5,30.0,3.25,0.0,0.0
오룡역,6,화요일,하차,0.0,0.25,15.25,52.25,158.25,513.25,229.5,124.0,151.0,144.75,157.25,156.25,193.0,221.25,273.25,436.5,189.0,160.75,158.0,132.0,82.75,3.75,0.0,0.0
오룡역,6,화요일,합계,0.0,0.75,96.75,169.25,513.5,1171.75,490.25,311.25,349.5,339.0,363.5,327.0,404.75,469.25,558.75,945.0,313.75,250.75,220.5,183.5,112.75,7.0,0.0,0.0
오룡역,7,금요일,승차,0.0,0.25,84.75,117.75,406.25,755.0,277.5,195.75,206.0,184.0,235.0,191.25,192.5,263.0,337.0,660.25,223.25,110.5,92.75,63.25,32.25,0.0,0.0,0.0
오룡역,7,금요일,하차,0.0,0.0,17.25,62.0,177.5,611.0,221.5,122.0,149.25,148.5,182.75,150.75,214.25,241.75,353.75,565.0,228.5,160.25,148.25,139.25,102.25,1.75,0.0,0.0
오룡역,7,금요일,합계,0.0,0.25,102.0,179.75,583.75,1366.0,499.0,317.75,355.25,332.5,417.75,342.0,406.75,504.75,690.75,1225.25,451.75,270.75,241.0,202.5,134.5,1.75,0.0,0.0
오룡역,7,목요일,승차,0.0,0.6,88.4,124.2,410.6,751.6,235.8,160.0,174.2,192.6,188.6,142.6,157.6,253.6,336.2,588.0,133.8,100.6,73.8,53.4,28.0,0.0,0.0,0.0
오룡역,7,목요일,하차,0.0,0.0,16.2,57.0,183.0,630.4,201.6,113.8,127.0,155.4,155.4,130.8,177.0,204.0,300.0,544.8,197.4,161.8,150.8,128.6,94.6,3.6,0.0,0.0
오룡역,7,목요일,합계,0.0,0.6,104.6,181.2,593.6,1382.0,437.4,273.8,301.2,348.0,344.0,273.4,334.6,457.6,636.2,1132.8,331.2,262.4,224.6,182.0,122.6,3.6,0.0,0.0
오룡역,7,수요일,승차,0.0,0.8,87.0,125.0,410.8,762.6,229.6,162.6,170.8,215.2,205.8,181.4,175.2,267.2,316.0,624.0,147.2,87.2,68.6,47.8,34.2,2.4,0.0,0.0
오룡역,7,수요일,하차,0.0,0.0,19.2,58.0,183.6,648.8,260.0,142.8,127.0,144.8,144.2,148.2,175.4,204.2,310.8,539.8,199.2,159.2,153.8,137.2,90.8,3.6,0.0,0.0
오룡역,7,수요일,합계,0.0,0.8,106.2,183.0,594.4,1411.4,489.6,305.4,297.8,360.0,350.0,329.6,350.6,471.4,626.8,1163.8,346.4,246.4,222.4,185.0,125.0,6.0,0.0,0.0
오룡역,7,월요일,승차,0.0,0.25,91.25,124.25,399.75,769.25,251.25,190.5,191.25,181.0,184.75,217.5,172.5,257.0,275.75,621.5,136.0,91.5,66.5,51.75,21.5,1.25,0.0,0.0
오룡역,7,월요일,하차,0.0,0.0,18.75,66.0,171.75,624.5,214.0,128.25,153.25,142.75,157.75,149.0,190.25,213.75,286.75,545.25,212.5,152.75,142.25,120.5,71.5,3.75,0.0,0.0
오룡역,7,월요일,합계,0.0,0.25,110.0,190.25,571.5,1393.75,465.25,318.75,344.5,323.75,342.5,366.5,362.75,470.75,562.5,1166.75,348.5,244.25,208.75,172.25,93.0,5.0,0.0,0.0
오룡역,7,일요일,승차,0.0,1.5,45.75,49.0,68.75,130.75,117.25,145.75,141.25,202.75,157.5,141.25,128.25,126.25,131.5,111.75,124.0,58.0,56.75,36.0,27.25,1.25,0.0,0.0
오룡역,7,일요일,하차,0.0,1.0,12.0,59.75,41.5,96.75,104.25,139.0,91.5,90.0,106.5,112.0,128.0,141.75,141.25,129.0,105.25,113.0,107.75,94.0,67.5,2.75,0.0,0.0
오룡역,7,일요일,합계,0.0,2.5,57.75,108.75,110.25,227.5,221.5,284.75,232.75,292.75,264.0,253.25,256.25,268.0,272.75,240.75,229.25,171.0,164.5,130.0,94.75,4.0,0.0,0.0
오룡역,7,토요일,승차,0.0,0.5,62.0,67.75,109.75,185.0,169.5,185.75,237.75,216.25,187.25,158.75,124.0,144.0,203.25,127.0,111.25,86.75,65.0,38.25,31.0,0.75,0.0,0.0
오룡역,7,토요일,하차,0.0,0.25,10.75,42.75,65.5,126.25,130.5,122.75,129.75,138.0,152.25,124.75,139.25,160.75,183.5,161.25,120.75,113.25,112.5,104.75,88.0,3.25,0.0,0.0
오룡역,7,토요일,합계,0.0,0.75,72.75,110.5,175.25,311.25,300.0,308.5,367.5,354.25,339.5,283.5,263.25,304.75,386.75,288.25,232.0,200.0,177.5,143.0,119.0,4.0,0.0,0.0
오룡역,7,화요일,승차,0.0,0.8,90.4,123.8,423.0,752.2,242.4,178.4,186.4,207.0,185.4,172.4,171.6,281.4,295.8,611.8,133.2,102.8,67.6,47.0,29.6,0.0,0.0,0.0
오룡역,7,화요일,하차,0.0,0.2,15.0,53.0,182.0,647.8,240.8,124.8,146.0,140.8,140.0,145.0,181.4,214.4,293.8,548.4,217.6,152.0,154.2,131.6,80.6,1.2,0.0,0.0
오룡역,7,화요일,합계,0.0,1.0,105.4,176.8,605.0,1400.0,483.2,303.2,332.4,347.8,325.4,317.4,353.0,495.8,589.6,1160.2,350.8,254.8,221.8,178.6,110.2,1.2,0.0,0.0
오룡역,8,금요일,승차,0.0,0.8,81.0,111.2,343.2,611.8,234.0,216.2,221.8,198.0,208.0,199.4,238.6,280.6,392.0,585.8,223.0,125.0,93.4,67.8,28.2,7.8,0.4,0.0
오룡역,8,금요일,하차,0.0,0.0,13.8,55.8,162.8,499.0,198.8,121.2,143.8,152.2,158.2,158.0,220.4,235.4,330.2,508.4,238.0,184.8,164.8,187.6,120.8,42.8,6.4,0.0
오룡역,8,금요일,합계,0.0,0.8,94.8,167.0,506.0,1110.8,432.8,337.4,365.6,350.2,366.2,357.4,459.0,516.0,722.2,1094.2,461.0,309.8,258.2,255.4,149.0,50.6,6.8,0.0
오룡역,8,목요일,승차,0.0,0.5,92.75,130.5,408.5,747.0,250.0,202.25,224.25,209.75,207.0,172.0,189.0,341.75,357.25,712.5,194.25,119.5,92.75,65.75,28.25,3.0,1.0,0.0
오룡역,8,목요일,하차,0.0,0.0,14.75,66.0,197.75,636.5,239.0,122.5,143.0,160.25,152.5,162.75,223.25,230.5,340.25,590.0,239.75,192.25,182.75,180.25,95.5,28.25,6.5,0.0
오룡역,8,목요일,합계,0.0,0.5,107.5,196.5,606.25,1383.5,489.0,324.75,367.25,370.0,359.5,334.75,412.25,572.25,697.5,1302.5,434.0,311.75,275.5,246.0,123.75,31.25,7.5,0.0
오룡역,8,수요일,승차,0.0,0.0,88.75,137.0,411.5,749.25,239.0,169.5,219.25,201.25,212.25,186.5,196.75,320.75,347.75,718.0,167.0,115.0,73.5,54.0,24.75,2.25,0.0,0.0
오룡역,8,수요일,하차,0.0,0.0,13.5,61.25,182.75,642.0,258.5,144.75,154.5,158.25,175.75,179.5,218.25,236.75,337.25,566.5,202.25,166.5,178.0,175.25,95.75,20.75,0.5,0.0
오룡역,8,수요일,합계,0.0,0.0,102.25,198.25,594.25,1391.25,497.5,314.25,373.75,359.5,388.0,366.0,415.0,557.5,685.0,1284.5,369.25,281.5,251.5,229.25,120.5,23.0,0.5,0.0
오룡역,8,월요일,승차,0.0,0.5,90.75,140.5,382.5,749.75,241.0,210.5,230.25,183.0,189.5,166.25,176.25,281.5,311.75,652.0,141.25,93.75,67.25,56.0,25.0,2.75,0.0,0.0
오룡역,8,월요일,하차,0.0,0.0,16.0,61.5,167.0,602.5,235.0,121.5,154.75,153.0,153.25,150.0,205.0,216.5,316.5,576.5,221.5,157.25,153.0,133.25,82.0,15.75,0.75,0.0
오룡역,8,월요일,합계,0.0,0.5,106.75,202.0,549.5,1352.25,476.0,332.0,385.0,336.0,342.75,316.25,381.25,498.0,628.25,1228.5,362.75,251.0,220.25,189.25,107.0,18.5,0.75,0.0
오룡역,8,일요일,승차,0.0,0.0,45.8,50.6,74.2,136.8,127.8,146.0,160.2,237.4,171.4,164.6,151.6,144.0,162.6,142.2,125.4,76.8,60.6,40.8,21.8,3.0,0.0,0.0
오룡역,8,일요일,하차,0.0,0.0,9.2,44.8,54.8,98.8,110.2,155.0,99.0,96.4,107.0,110.0,135.6,152.8,141.8,170.8,126.2,136.6,127.6,111.4,90.6,26.8,0.2,0.0
오룡역,8,일요일,합계,0.0,0.0,55.0,95.4,129.0,235.6,238.0,301.0,259.2,333.8,278.4,274.6,287.2,296.8,304.4,313.0,251.6,213.4,188.2,152.2,112.4,29.8,0.2,0.0
오룡역,8,토요일,승차,0.0,0.4,65.4,80.6,120.2,199.6,180.6,189.2,240.6,199.0,219.8,184.4,157.4,161.8,220.0,174.0,145.0,88.2,79.2,34.4,31.8,4.2,0.4,0.0
오룡역,8,토요일,하차,0.0,0.0,15.4,44.4,78.6,120.0,123.4,111.2,128.0,146.6,164.0,130.4,150.0,199.2,201.4,186.8,137.2,146.8,131.8,136.0,116.4,31.8,3.2,0.0
오룡역,8,토요일,합계,0.0,0.4,80.8,125.0,198.8,319.6,304.0,300.4,368.6,345.6,383.8,314.8,307.4,361.0,421.4,360.8,282.2,235.0,211.0,170.4,148.2,36.0,3.6,0.0
오룡역,8,화요일,승차,0.0,2.0,81.75,127.5,407.25,773.0,251.5,187.0,211.75,189.0,197.25,177.5,206.5,300.25,329.75,677.25,173.75,95.0,71.5,49.0,26.75,2.5,0.25,0.0
오룡역,8,화요일,하차,0.0,1.5,12.5,50.75,179.75,632.0,239.0,127.75,156.5,166.5,161.0,165.0,197.0,231.0,324.0,562.25,221.5,175.25,151.5,165.25,98.0,11.75,0.75,0.0
오룡역,8,화요일,합계,0.0,3.5,94.25,178.25,587.0,1405.0,490.5,314.75,368.25,355.5,358.25,342.5,403.5,531.25,653.75,1239.5,395.25,270.25,223.0,214.25,124.75,14.25,1.0,0.0
용문역,1,금요일,승차,0.0,1.0,96.2,152.2,408.0,1014.4,385.0,314.0,348.2,388.8,386.0,342.6,416.0,490.6,551.0,508.2,289.0,235.2,246.6,138.4,91.4,0.0,0.0,0.0
용문역,1,금요일,하차,0.0,0.6,19.4,100.0,191.6,492.6,373.0,314.4,321.0,336.4,378.0,422.2,469.0,495.2,593.2,1005.0,469.6,296.6,269.4,191.2,116.6,0.0,0.0,0.0
용문역,1,금요일,합계,0.0,1.6,115.6,252.2,599.6,1507.0,758.0,628.4,669.2,725.2,764.0,764.8,885.0,985.8,1144.2,1513.2,758.6,531.8,516.0,329.6,208.0,0.0,0.0,0.0
용문역,1,목요일,승차,0.0,1.2,85.4,145.4,356.0,889.8,321.8,261.6,294.6,358.8,354.6,317.4,308.8,382.6,403.6,394.4,191.8,192.8,184.6,102.4,101.8,1.8,0.0,0.0
용문역,1,목요일,하차,0.0,1.0,18.8,113.0,178.0,425.4,341.0,270.0,269.6,277.0,320.8,327.4,355.0,403.2,486.6,863.2,378.0,247.8,255.6,185.8,93.8,1.8,0.0,0.0
용문역,1,목요일,합계,0.0,2.2,104.2,258.4,534.0,1315.2,662.8,531.6,564.2,635.8,675.4,644.8,663.8,785.8,890.2,1257.6,569.8,440.6,440.2,288.2,195.6,3.6,0.0,0.0
용문역,1,수요일,승차,0.0,2.4,72.4,124.0,288.0,693.2,266.8,218.0,264.6,279.6,351.8,460.8,358.8,361.4,374.0,327.8,184.8,180.6,314.2,138.2,84.2,1.6,0.0,0.0
용문역,1,수요일,하차,0.0,2.2,15.2,67.0,138.4,409.0,289.2,244.6,431.6,274.4,279.0,287.8,336.8,362.6,425.2,799.0,502.0,254.0,219.4,164.6,89.6,1.6,0.0,0.0
용문역,1,수요일,합계,0.0,4.6,87.6,191.0,426.4,1102.2,556.0,462.6,696.2,554.0,630.8,748.6,695.6,724.0,799.2,1126.8,686.8,434.6,533.6,302.8,173.8,3.2,0.0,0.0
용문역,1,월요일,승차,0.0,1.5,85.25,143.0,350.5,884.75,344.5,294.25,322.75,378.25,363.0,338.75,359.0,431.25,469.5,409.0,203.0,209.25,195.0,102.75,123.5,0.0,0.0,0.0
용문역,1,월요일,하차,0.0,1.25,17.0,105.75,162.25,454.25,360.5,293.0,300.75,313.25,364.25,374.0,401.0,438.0,495.0,857.5,354.5,260.25,257.25,168.75,90.5,0.0,0.0,0.0
용문역,1,월요일,합계,0.0,2.75,102.25,248.75,512.75,1339.0,705.0,587.25,623.5,691.5,727.25,712.75,760.0,869.25,964.5,1266.5,557.5,469.5,452.25,271.5,214.0,0.0,0.0,0.0
용문역,1,일요일,승차,0.0,2.75,42.25,53.25,77.5,152.5,169.0,314.75,315.25,361.5,477.75,485.25,371.75,376.75,408.0,275.0,178.25,196.5,168.25,86.0,59.5,0.0,0.0,0.0
용문역,1,일요일,하차,0.0,2.25,15.0,49.0,91.0,299.5,293.5,432.75,467.5,284.5,253.25,302.5,396.0,316.25,328.0,292.0,251.25,197.0,192.0,136.5,88.75,0.0,0.0,0.0
용문역,1,일요일,합계,0.0,5.0,57.25,102.25,168.5,452.0,462.5,747.5,782.75,646.0,731.0,787.75,767.75,693.0,736.0,567.0,429.5,393.5,360.25,222.5,148.25,0.0,0.0,0.0
용문역,1,토요일,승차,0.0,5.25,58.5,94.5,162.0,274.0,282.0,362.25,400.0,446.25,463.25,438.25,428.25,475.75,475.25,318.75,219.0,200.75,127.75,93.0,68.0,0.0,0.0,0.0
용문역,1,토요일,하차,0.0,5.5,19.0,76.0,122.0,253.25,327.5,355.5,379.5,367.75,397.5,394.0,405.25,410.5,463.5,360.75,293.5,234.5,204.25,171.75,119.75,0.0,0.0,0.0
용문역,1,토요일,합계,0.0,10.75,77.5,170.5,284.0,527.25,609.5,717.75,779.5,814.0,860.75,832.25,833.5,886.25,938.75,679.5,512.5,435.25,332.0,264.75,187.75,0.0,0.0,0.0
용문역,1,화요일,승차,0.0,2.0,79.0,149.25,360.75,920.0,361.0,297.75,332.0,376.75,364.75,326.5,289.75,358.0,413.75,373.25,200.75,174.25,218.25,107.75,117.0,0.0,0.0,0.0
용문역,1,화요일,하차,0.0,1.75,22.75,106.0,165.0,441.0,362.25,266.0,300.5,277.75,316.25,346.25,349.75,394.5,452.75,857.75,384.25,250.25,259.5,166.25,104.25,0.0,0.0,0.0
용문역,1,화요일,합계,0.0,3.75,101.75,255.25,525.75,1361.0,723.25,563.75,632.5,654.5,681.0,672.75,639.5,752.5,866.5,1231.0,585.0,424.5,477.75,274.0,221.25,0.0,0.0,0.0
용문역,2,금요일,승차,0.0,0.5,99.25,166.25,436.0,1084.5,397.0,347.5,379.0,434.5,428.5,391.5,442.75,518.5,573.25,601.75,312.25,272.75,242.5,140.5,100.75,0.0,0.0,0.0
용문역,2,금요일,하차,0.0,0.5,21.25,83.25,204.75,568.0,416.75,356.25,343.5,358.75,417.75,414.75,490.5,518.25,650.0,1073.75,481.75,328.75,300.0,209.25,148.0,0.0,0.0,0.0
용문역,2,금요일,합계,0.0,1.0,120.5,249.5,640.75,1652.5,813.75,703.75,722.5,793.25,846.25,806.25,933.25,1036.75,1223.25,1675.5,794.0,601.5,542.5,349.75,248.75,0.0,0.0,0.0
용문역,2,목요일,승차,0.0,1.0,103.5,163.75,439.5,1044.5,385.25,334.75,366.75,425.25,420.0,389.0,381.0,476.5,501.0,490.5,262.25,234.75,269.5,140.5,124.25,0.0,0.0,0.0
용문역,2,목요일,하차,0.0,0.75,20.25,82.25,211.0,551.0,423.25,304.5,346.25,338.75,395.25,394.75,426.75,486.25,577.25,1048.0,473.5,293.0,299.5,211.25,119.0,0.0,0.0,0.0
용문역,2,목요일,합계,0.0,1.75,123.75,246.0,650.5,1595.5,808.5,639.25,713.0,764.0,815.25,783.75,807.75,962.75,1078.25,1538.5,735.75,527.75,569.0,351.75,243.25,0.0,0.0,0.0
용문역,2,수요일,승차,0.0,0.25,98.0,164.0,422.5,1093.75,365.5,305.0,342.5,360.5,481.5,609.5,443.5,468.0,462.75,497.5,225.25,237.25,480.0,190.25,129.25,1.0,0.75,0.0
용문역,2,수요일,하차,0.0,0.0,18.25,85.0,198.25,626.25,414.25,343.5,560.0,366.0,377.25,388.75,427.25,463.25,580.0,1197.75,675.25,303.25,266.5,189.5,104.75,1.0,0.75,0.0
용문역,2,수요일,합계,0.0,0.25,116.25,249.0,620.75,1720.0,779.75,648.5,902.5,726.5,858.75,998.25,870.75,931.25,1042.75,1695.25,900.5,540.5,746.5,379.75,234.0,2.0,1.5,0.0
용문역,2,월요일,승차,0.0,0.0,104.0,174.25,444.25,1049.25,373.75,336.75,373.75,404.75,388.75,351.0,388.75,488.25,492.75,506.5,239.0,223.0,208.75,111.0,151.75,0.0,0.0,0.0
용문역,2,월요일,하차,0.0,0.0,19.75,82.0,191.5,553.25,424.25,315.0,328.0,337.75,409.75,435.0,454.5,498.5,555.5,1057.0,442.75,272.5,297.75,172.75,99.5,0.25,0.0,0.0
용문역,2,월요일,합계,0.0,0.0,123.75,256.25,635.75,1602.5,798.0,651.75,701.75,742.5,798.5,786.0,843.25,986.75,1048.25,1563.5,681.75,495.5,506.5,283.75,251.25,0.25,0.0,0.0
용문역,2,일요일,승차,0.0,0.75,45.75,60.5,80.5,150.0,184.25,297.75,475.0,370.5,443.75,554.75,412.75,333.5,420.75,305.75,215.5,201.25,187.5,112.25,62.5,2.25,0.0,0.0
용문역,2,일요일,하차,0.0,0.75,13.75,51.0,87.5,427.0,317.5,347.25,536.25,302.5,293.25,323.0,417.0,356.5,344.5,290.5,300.25,209.5,183.5,144.0,97.25,2.25,0.0,0.0
용문역,2,일요일,합계,0.0,1.5,59.5,111.5,168.0,577.0,501.75,645.0,1011.25,673.0,737.0,877.75,829.75,690.0,765.25,596.25,515.75,410.75,371.0,256.25,159.75,4.5,0.0,0.0
용문역,2,토요일,승차,0.0,2.0,66.25,91.25,173.5,273.0,269.0,356.25,402.75,463.25,544.25,459.75,446.75,449.75,464.0,381.5,271.0,227.5,167.75,119.0,71.25,0.0,0.0,0.0
용문역,2,토요일,하차,0.0,1.75,17.75,69.5,114.25,256.25,358.75,353.75,365.5,413.5,426.75,409.5,503.0,443.75,527.25,425.75,302.5,260.0,223.5,172.0,139.5,0.25,0.0,0.0
용문역,2,토요일,합계,0.0,3.75,84.0,160.75,287.75,529.25,627.75,710.0,768.25,876.75,971.0,869.25,949.75,893.5,991.25,807.25,573.5,487.5,391.25,291.0,210.75,0.25,0.0,0.0
용문역,2,화요일,승차,0.0,0.5,100.0,164.5,438.0,1072.0,373.25,345.25,346.75,429.25,411.75,383.5,373.5,448.0,460.25,472.75,240.5,211.75,209.75,105.25,141.75,0.0,0.0,0.0
용문역,2,화요일,하차,0.0,0.0,22.0,76.5,191.0,561.25,407.0,329.75,348.25,346.25,402.25,379.25,422.0,481.75,558.25,1031.5,431.75,270.5,302.0,190.5,104.0,0.0,0.0,0.0
용문역,2,화요일,합계,0.0,0.5,122.0,241.0,629.0,1633.25,780.25,675.0,695.0,775.5,814.0,762.75,795.5,929.75,1018.5,1504.25,672.25,482.25,511.75,295.75,245.75,0.0,0.0,0.0
용문역,3,금요일,승차,0.0,1.25,106.25,199.0,522.5,1088.5,444.25,342.25,365.75,421.25,481.5,387.5,503.75,510.0,573.25,586.5,326.0,288.0,317.25,189.0,107.5,0.5,0.0,0.0
용문역,3,금요일,하차,0.0,1.0,19.25,74.25,222.0,569.25,488.25,333.0,349.25,363.0,392.25,387.0,532.5,562.0,669.5,1137.75,609.75,365.75,338.0,244.5,147.0,0.5,0.0,0.0
용문역,3,금요일,합계,0.0,2.25,125.5,273.25,744.5,1657.75,932.5,675.25,715.0,784.25,873.75,774.5,1036.25,1072.0,1242.75,1724.25,935.75,653.75,655.25,433.5,254.5,1.0,0.0,0.0
용문역,3,목요일,승차,0.0,0.0,112.0,206.25,543.75,1140.5,424.5,329.25,358.0,407.0,405.25,374.0,332.25,490.25,453.0,476.5,254.75,245.25,240.0,133.0,118.75,0.0,0.0,0.0
용문역,3,목요일,하차,0.0,0.0,24.0,75.5,235.0,581.25,431.0,324.75,321.0,318.0,354.5,339.5,398.0,513.25,596.25,1086.5,486.75,310.25,318.75,217.25,127.25,0.0,0.0,0.0
용문역,3,목요일,합계,0.0,0.0,136.0,281.75,778.75,1721.75,855.5,654.0,679.0,725.0,759.75,713.5,730.25,1003.5,1049.25,1563.0,741.5,555.5,558.75,350.25,246.0,0.0,0.0,0.0
용문역,3,수요일,승차,0.0,1.75,103.75,205.5,526.25,1120.5,409.0,294.75,339.25,370.5,575.25,495.75,471.0,465.0,485.0,476.5,238.25,259.25,516.75,199.75,119.5,2.0,0.0,0.0
용문역,3,수요일,하차,0.0,1.75,21.0,77.5,235.5,604.25,450.75,339.25,536.0,362.0,363.75,380.0,389.25,513.75,668.75,1234.5,769.0,332.25,306.25,201.25,112.5,2.0,0.0,0.0
용문역,3,수요일,합계,0.0,3.5,124.75,283.0,761.75,1724.75,859.75,634.0,875.25,732.5,939.0,875.75,860.25,978.75,1153.75,1711.0,1007.25,591.5,823.0,401.0,232.0,4.0,0.0,0.0
용문역,3,월요일,승차,0.0,1.2,105.2,178.2,461.2,948.6,387.4,311.6,346.6,376.8,399.6,362.8,393.6,436.2,430.2,431.8,233.0,203.8,182.0,95.8,131.2,0.0,0.0,0.0
용문역,3,월요일,하차,0.0,1.2,17.0,64.2,186.6,516.0,394.2,299.8,309.4,319.0,366.6,373.4,421.2,475.2,565.6,942.4,415.0,299.0,303.6,180.4,109.0,0.0,0.0,0.0
용문역,3,월요일,합계,0.0,2.4,122.2,242.4,647.8,1464.6,781.6,611.4,656.0,695.8,766.2,736.2,814.8,911.4,995.8,1374.2,648.0,502.8,485.6,276.2,240.2,0.0,0.0,0.0
용문역,3,일요일,승차,0.0,1.4,52.2,70.4,93.8,170.8,194.8,331.4,370.6,368.0,488.6,512.0,424.6,393.2,451.2,300.4,212.4,191.6,201.2,105.0,56.6,0.0,0.0,0.0
용문역,3,일요일,하차,0.0,1.0,12.4,50.8,85.8,353.0,372.0,423.0,488.0,293.4,294.0,340.2,417.2,342.2,370.6,318.6,316.6,237.8,201.0,163.2,106.0,0.0,0.0,0.0
용문역,3,일요일,합계,0.0,2.4,64.6,121.2,179.6,523.8,566.8,754.4,858.6,661.4,782.6,852.2,841.8,735.4,821.8,619.0,529.0,429.4,402.2,268.2,162.6,0.0,0.0,0.0
용문역,3,토요일,승차,0.0,2.4,75.0,110.8,182.6,317.0,346.6,376.0,420.0,447.4,437.6,436.6,441.6,468.0,449.2,383.4,267.2,243.2,158.4,116.6,71.4,0.0,0.0,0.0
용문역,3,토요일,하차,0.0,2.0,21.8,63.0,128.8,265.8,330.0,339.6,412.0,430.2,413.6,415.6,426.4,429.8,505.4,417.2,334.6,271.2,236.8,200.0,158.0,0.0,0.0,0.0
용문역,3,토요일,합계,0.0,4.4,96.8,173.8,311.4,582.8,676.6,715.6,832.0,877.6,851.2,852.2,868.0,897.8,954.6,800.6,601.8,514.4,395.2,316.6,229.4,0.0,0.0,0.0
용문역,3,화요일,승차,0.0,2.5,111.75,203.75,536.5,1165.0,435.0,329.75,357.75,415.5,404.0,350.5,330.75,456.0,446.75,460.5,241.0,214.25,215.0,123.25,137.0,0.0,0.0,0.0
용문역,3,화요일,하차,0.0,2.25,19.75,73.5,223.0,599.0,431.0,313.0,305.5,314.0,342.25,342.25,398.5,466.25,570.0,1109.25,456.75,293.75,343.5,204.25,107.0,0.0,0.0,0.0
용문역,3,화요일,합계,0.0,4.75,131.5,277.25,759.5,1764.0,866.0,642.75,663.25,729.5,746.25,692.75,729.25,922.25,1016.75,1569.75,697.75,508.0,558.5,327.5,244.0,0.0,0.0,0.0
용문역,4,금요일,승차,0.0,0.25,112.75,220.75,569.5,1155.0,441.5,357.25,381.5,399.75,439.0,387.25,481.75,525.25,557.5,594.75,316.5,289.0,260.25,172.0,119.0,0.25,0.0,0.0
용문역,4,금요일,하차,0.0,0.0,23.25,83.25,236.0,581.25,421.25,298.75,335.25,366.75,403.5,418.75,518.25,570.5,710.5,1146.0,579.75,371.5,312.5,295.75,185.0,0.5,0.0,0.0
용문역,4,금요일,합계,0.0,0.25,136.0,304.0,805.5,1736.25,862.75,656.0,716.75,766.5,842.5,806.0,1000.0,1095.75,1268.0,1740.75,896.25,660.5,572.75,467.75,304.0,0.75,0.0,0.0
용문역,4,목요일,승차,0.0,0.25,115.5,223.75,588.5,1196.25,439.0,346.5,334.5,420.0,422.0,374.0,351.25,470.0,456.75,471.25,254.5,243.25,230.0,151.75,112.0,0.0,0.0,0.0
용문역,4,목요일,하차,0.0,0.0,20.5,78.0,244.75,585.25,418.5,318.5,291.25,332.75,338.25,332.0,414.25,511.5,596.0,1099.75,494.5,329.75,346.75,258.5,143.25,0.0,0.0,0.0
용문역,4,목요일,합계,0.0,0.25,136.0,301.75,833.25,1781.5,857.5,665.0,625.75,752.75,760.25,706.0,765.5,981.5,1052.75,1571.0,749.0,573.0,576.75,410.25,255.25,0.0,0.0,0.0
용문역,4,수요일,승차,0.0,2.2,117.0,226.8,587.0,1182.0,417.0,330.4,346.6,498.4,508.6,509.0,439.2,459.6,476.6,466.6,253.6,282.8,469.2,215.2,128.2,0.8,0.0,0.0
용문역,4,수요일,하차,0.0,2.0,21.2,107.4,235.2,609.8,468.0,438.0,460.2,344.8,374.4,385.8,440.4,518.8,633.6,1298.4,781.2,354.8,308.0,229.2,146.6,1.0,0.0,0.0
용문역,4,수요일,합계,0.0,4.2,138.2,334.2,822.2,1791.8,885.0,768.4,806.8,843.2,883.0,894.8,879.6,978.4,1110.2,1765.0,1034.8,637.6,777.2,444.4,274.8,1.8,0.0,0.0
용문역,4,월요일,승차,0.0,2.25,125.5,227.0,592.0,1178.75,447.5,342.25,355.75,385.5,401.0,359.25,390.5,440.25,488.5,456.5,233.0,222.75,188.25,104.0,149.0,0.0,0.0,0.0
용문역,4,월요일,하차,0.0,2.0,16.75,68.0,228.25,602.5,428.75,300.75,305.0,301.25,376.0,369.75,425.0,519.0,594.0,1141.5,466.0,320.25,317.0,213.5,114.5,0.0,0.0,0.0
용문역,4,월요일,합계,0.0,4.25,142.25,295.0,820.25,1781.25,876.25,643.0,660.75,686.75,777.0,729.0,815.5,959.25,1082.5,1598.0,699.0,543.0,505.25,317.5,263.5,0.0,0.0,0.0
용문역,4,일요일,승차,0.0,4.25,62.0,89.0,110.75,182.5,204.75,298.0,520.5,341.5,403.5,526.5,415.25,356.5,400.5,292.25,221.0,196.5,199.5,106.0,63.75,0.0,0.0,0.0
용문역,4,일요일,하차,0.0,3.5,19.5,56.0,109.0,458.25,294.25,359.5,528.75,269.25,293.5,322.75,403.75,300.75,389.25,315.0,332.75,259.0,201.25,163.5,124.5,0.0,0.0,0.0
용문역,4,일요일,합계,0.0,7.75,81.5,145.0,219.75,640.75,499.0,657.5,1049.25,610.75,697.0,849.25,819.0,657.25,789.75,607.25,553.75,455.5,400.75,269.5,188.25,0.0,0.0,0.0
용문역,4,토요일,승차,0.0,3.25,96.5,128.25,219.75,368.25,370.5,417.5,435.0,474.5,476.5,427.5,439.75,444.25,400.0,333.0,252.75,233.25,153.5,107.5,58.25,0.0,0.0,0.0
용문역,4,토요일,하차,0.0,2.5,24.5,74.0,145.75,304.5,376.0,364.25,408.0,449.5,432.75,408.75,391.25,408.5,472.5,382.25,345.25,280.5,263.5,214.0,152.0,0.0,0.0,0.0
용문역,4,토요일,합계,0.0,5.75,121.0,202.25,365.5,672.75,746.5,781.75,843.0,924.0,909.25,836.25,831.0,852.75,872.5,715.25,598.0,513.75,417.0,321.5,210.25,0.0,0.0,0.0
용문역,4,화요일,승차,0.0,1.6,112.2,223.6,608.8,1240.8,448.8,357.8,344.4,397.2,418.2,347.0,361.0,444.8,455.6,480.8,258.6,227.0,198.8,105.0,122.4,0.0,0.0,0.0
용문역,4,화요일,하차,0.0,1.2,18.0,94.4,237.6,611.4,432.6,306.0,314.2,326.8,343.6,345.8,413.4,511.0,584.4,1132.8,467.2,324.0,385.0,226.2,125.8,0.0,0.0,0.0
용문역,4,화요일,합계,0.0,2.8,130.2,318.0,846.4,1852.2,881.4,663.8,658.6,724.0,761.8,692.8,774.4,955.8,1040.0,1613.6,725.8,551.0,583.8,331.2,248.2,0.0,0.0,0.0
용문역,5,금요일,승차,0.0,1.8,118.4,207.6,575.4,1162.2,446.8,365.6,373.0,416.2,414.2,389.0,476.4,494.0,591.2,566.2,311.4,272.6,278.0,168.8,120.2,0.0,0.0,0.0
용문역,5,금요일,하차,0.0,1.8,26.8,69.8,229.8,568.2,409.8,327.6,341.4,374.2,420.4,415.4,533.0,588.8,696.6,1138.0,588.2,376.8,336.0,256.0,177.2,0.2,0.0,0.0
용문역,5,금요일,합계,0.0,3.6,145.2,277.4,805.2,1730.4,856.6,693.2,714.4,790.4,834.6,804.4,1009.4,1082.8,1287.8,1704.2,899.6,649.4,614.0,424.8,297.4,0.2,0.0,0.0
용문역,5,목요일,승차,0.0,1.4,116.6,204.0,546.6,1078.2,446.6,377.6,351.2,402.0,414.0,375.6,364.8,437.0,474.2,456.4,246.4,231.0,226.6,133.8,120.6,0.0,0.0,0.0
용문역,5,목요일,하차,0.0,1.6,25.8,73.6,224.2,534.2,422.4,319.6,339.2,332.0,366.0,373.0,390.0,485.4,604.6,1021.4,438.2,303.0,363.4,257.2,138.2,0.0,0.0,0.0
용문역,5,목요일,합계,0.0,3.0,142.4,277.6,770.8,1612.4,869.0,697.2,690.4,734.0,780.0,748.6,754.8,922.4,1078.8,1477.8,684.6,534.0,590.0,391.0,258.8,0.0,0.0,0.0
용문역,5,수요일,승차,0.0,1.25,126.25,218.25,650.75,1199.0,430.25,347.75,349.5,374.5,535.25,584.75,443.75,449.25,502.0,490.0,252.0,253.75,483.0,233.25,117.5,0.0,0.0,0.0
용문역,5,수요일,하차,0.0,1.25,28.5,110.75,245.75,603.25,424.0,381.5,544.0,367.0,380.0,360.75,432.5,538.75,658.75,1291.5,791.0,369.5,337.5,262.0,141.25,0.0,0.0,0.0
용문역,5,수요일,합계,0.0,2.5,154.75,329.0,896.5,1802.25,854.25,729.25,893.5,741.5,915.25,945.5,876.25,988.0,1160.75,1781.5,1043.0,623.25,820.5,495.25,258.75,0.0,0.0,0.0
용문역,5,월요일,승차,0.0,2.75,118.75,208.75,508.75,958.5,413.0,325.75,352.5,373.5,397.25,366.5,380.0,415.25,455.25,458.5,224.75,209.75,185.5,114.5,112.0,0.0,0.0,0.0
용문역,5,월요일,하차,0.0,2.5,22.75,64.0,198.75,483.75,390.75,287.5,311.75,329.75,381.75,403.0,419.75,481.25,574.5,941.75,446.5,321.25,331.5,211.25,141.25,0.0,0.0,0.0
용문역,5,월요일,합계,0.0,5.25,141.5,272.75,707.5,1442.25,803.75,613.25,664.25,703.25,779.0,769.5,799.75,896.5,1029.75,1400.25,671.25,531.0,517.0,325.75,253.25,0.0,0.0,0.0
용문역,5,일요일,승차,0.0,0.25,63.5,90.5,113.0,191.5,221.0,406.0,469.5,393.25,504.5,510.75,436.75,404.5,440.75,316.25,249.75,224.75,198.25,99.0,61.0,0.0,0.0,0.0
용문역,5,일요일,하차,0.0,0.0,20.0,61.5,116.5,415.75,326.25,411.0,475.25,298.5,322.5,381.75,472.75,378.25,404.5,371.25,360.5,281.25,251.0,184.75,137.25,0.0,0.0,0.0
용문역,5,일요일,합계,0.0,0.25,83.5,152.0,229.5,607.25,547.25,817.0,944.75,691.75,827.0,892.5,909.5,782.75,845.25,687.5,610.25,506.0,449.25,283.75,198.25,0.0,0.0,0.0
용문역,5,토요일,승차,0.0,0.6,90.4,129.2,198.4,331.4,341.0,374.8,415.6,437.4,451.8,432.8,437.4,451.6,454.8,375.4,269.8,255.4,159.0,125.2,84.4,0.0,0.0,0.0
용문역,5,토요일,하차,0.0,0.2,24.2,73.4,155.8,287.0,330.2,330.6,383.8,405.2,435.6,402.6,433.0,422.0,476.4,418.0,357.8,301.0,279.6,219.2,157.8,0.0,0.0,0.0
용문역,5,토요일,합계,0.0,0.8,114.6,202.6,354.2,618.4,671.2,705.4,799.4,842.6,887.4,835.4,870.4,873.6,931.2,793.4,627.6,556.4,438.6,344.4,242.2,0.0,0.0,0.0
용문역,5,화요일,승차,0.0,0.0,116.25,189.75,508.25,963.25,409.0,338.75,340.75,377.25,401.5,366.0,353.5,417.75,441.25,460.25,232.75,230.0,194.25,113.25,135.25,1.0,0.0,0.0
용문역,5,화요일,하차,0.0,0.0,27.5,76.75,202.5,481.25,372.0,298.5,338.75,306.5,344.5,347.5,390.5,462.75,572.25,938.25,403.25,304.75,367.25,247.0,159.5,1.0,0.0,0.0
용문역,5,화요일,합계,0.0,0.0,143.75,266.5,710.75,1444.5,781.0,637.25,679.5,683.75,746.0,713.5,744.0,880.5,1013.5,1398.5,636.0,534.75,561.5,360.25,294.75,2.0,0.0,0.0
용문역,6,금요일,승차,0.0,2.5,118.75,195.5,518.0,940.5,386.5,365.25,336.0,380.75,405.0,376.25,429.5,505.25,522.0,465.75,307.0,264.25,206.25,151.5,103.75,0.0,0.0,0.0
용문역,6,금요일,하차,0.0,2.5,29.25,100.25,210.0,462.75,365.25,299.5,331.5,373.75,398.25,402.25,478.0,502.5,617.5,942.0,491.75,344.75,317.0,251.5,155.5,0.0,0.0,0.0
용문역,6,금요일,합계,0.0,5.0,148.0,295.75,728.0,1403.25,751.75,664.75,667.5,754.5,803.25,778.5,907.5,1007.75,1139.5,1407.75,798.75,609.0,523.25,403.0,259.25,0.0,0.0,0.0
용문역,6,목요일,승차,0.0,0.75,126.5,227.5,614.5,1178.5,434.25,350.25,333.25,429.25,421.0,388.25,379.75,430.5,496.25,526.25,259.0,257.75,231.25,136.75,130.5,0.0,0.0,0.0
용문역,6,목요일,하차,0.0,0.5,27.5,84.5,248.5,559.25,416.0,331.75,320.5,344.75,369.5,360.25,420.5,528.25,607.0,1111.0,494.0,334.25,374.0,284.25,170.5,0.25,0.0,0.0
용문역,6,목요일,합계,0.0,1.25,154.0,312.0,863.0,1737.75,850.25,682.0,653.75,774.0,790.5,748.5,800.25,958.75,1103.25,1637.25,753.0,592.0,605.25,421.0,301.0,0.25,0.0,0.0
용문역,6,수요일,승차,0.0,0.25,132.25,225.25,624.75,1193.0,402.5,307.75,311.5,373.0,595.75,522.5,443.75,450.5,494.75,499.75,252.25,252.5,507.5,203.75,104.0,0.0,0.0,0.0
용문역,6,수요일,하차,0.0,0.0,27.25,105.0,247.25,594.5,440.25,346.0,553.75,357.5,374.25,347.0,433.25,527.5,646.0,1295.25,763.0,360.5,320.5,271.5,142.25,0.0,0.0,0.0
용문역,6,수요일,합계,0.0,0.25,159.5,330.25,872.0,1787.5,842.75,653.75,865.25,730.5,970.0,869.5,877.0,978.0,1140.75,1795.0,1015.25,613.0,828.0,475.25,246.25,0.0,0.0,0.0
용문역,6,월요일,승차,0.0,1.6,142.0,240.2,608.4,1177.0,426.0,343.0,335.4,388.6,391.4,374.8,416.6,458.6,492.4,519.0,251.2,246.0,197.2,107.2,147.6,0.4,0.0,0.0
용문역,6,월요일,하차,0.0,1.2,22.2,78.6,240.0,569.8,405.0,314.0,312.8,356.0,372.8,379.4,420.0,544.2,598.4,1133.0,475.2,310.6,348.4,217.6,129.6,0.4,0.0,0.0
용문역,6,월요일,합계,0.0,2.8,164.2,318.8,848.4,1746.8,831.0,657.0,648.2,744.6,764.2,754.2,836.6,1002.8,1090.8,1652.0,726.4,556.6,545.6,324.8,277.2,0.8,0.0,0.0
용문역,6,일요일,승차,0.0,0.0,67.8,96.4,110.0,180.6,197.0,469.0,419.2,352.8,449.0,462.2,372.2,359.4,392.4,263.8,216.0,214.2,185.2,98.2,54.8,0.0,0.0,0.0
용문역,6,일요일,하차,0.0,0.0,18.0,56.8,117.0,434.2,329.6,334.0,474.8,279.2,291.8,328.8,403.4,311.6,356.6,309.2,291.0,248.8,217.2,179.2,122.2,0.0,0.0,0.0
용문역,6,일요일,합계,0.0,0.0,85.8,153.2,227.0,614.8,526.6,803.0,894.0,632.0,740.8,791.0,775.6,671.0,749.0,573.0,507.0,463.0,402.4,277.4,177.0,0.0,0.0,0.0
용문역,6,토요일,승차,0.0,2.0,85.0,121.0,190.75,309.25,328.0,376.5,474.0,460.25,448.5,416.75,417.5,406.0,432.5,352.5,256.0,255.75,166.5,110.75,82.0,0.0,0.0,0.0
용문역,6,토요일,하차,0.0,1.5,22.0,68.5,142.5,323.5,344.0,315.25,367.25,385.0,411.75,375.5,414.75,408.75,478.75,383.5,317.5,290.0,244.0,231.25,173.75,0.0,0.0,0.0
용문역,6,토요일,합계,0.0,3.5,107.0,189.5,333.25,632.75,672.0,691.75,841.25,845.25,860.25,792.25,832.25,814.75,911.25,736.0,573.5,545.75,410.5,342.0,255.75,0.0,0.0,0.0
용문역,6,화요일,승차,0.0,0.25,125.25,203.0,513.5,990.0,398.5,353.25,346.0,388.25,396.5,355.75,339.75,411.25,438.25,406.25,234.25,212.75,189.25,103.5,111.25,1.75,0.0,0.0
용문역,6,화요일,하차,0.0,0.0,27.5,76.75,208.75,482.25,379.25,305.75,330.0,344.75,353.25,346.25,381.75,447.5,530.0,908.5,432.25,310.75,340.75,217.25,133.0,1.75,0.0,0.0
용문역,6,화요일,합계,0.0,0.25,152.75,279.75,722.25,1472.25,777.75,659.0,676.0,733.0,749.75,702.0,721.5,858.75,968.25,1314.75,666.5,523.5,530.0,320.75,244.25,3.5,0.0,0.0
용문역,7,금요일,승차,0.0,0.75,125.75,221.25,565.5,1109.25,389.75,341.0,357.75,374.25,404.5,349.25,426.25,480.75,558.75,533.0,322.25,268.75,238.5,147.25,86.75,0.0,0.0,0.0
용문역,7,금요일,하차,0.0,0.5,25.0,74.75,244.0,562.5,388.75,312.25,336.75,344.25,365.75,375.75,451.25,515.25,646.0,1123.5,513.25,344.25,342.5,251.0,168.0,0.0,0.0,0.0
용문역,7,금요일,합계,0.0,1.25,150.75,296.0,809.5,1671.75,778.5,653.25,694.5,718.5,770.25,725.0,877.5,996.0,1204.75,1656.5,835.5,613.0,581.0,398.25,254.75,0.0,0.0,0.0
용문역,7,목요일,승차,0.0,0.2,124.4,225.8,568.8,1124.0,381.6,315.0,309.8,373.2,390.6,338.6,309.6,423.4,461.6,471.4,254.6,233.2,194.8,140.8,109.2,0.0,0.0,0.0
용문역,7,목요일,하차,0.0,0.0,23.0,77.0,230.8,557.0,382.2,284.6,312.0,327.2,342.6,332.0,369.8,441.0,571.0,1067.2,452.6,305.8,330.2,234.2,157.4,0.0,0.0,0.0
용문역,7,목요일,합계,0.0,0.2,147.4,302.8,799.6,1681.0,763.8,599.6,621.8,700.4,733.2,670.6,679.4,864.4,1032.6,1538.6,707.2,539.0,525.0,375.0,266.6,0.0,0.0,0.0
용문역,7,수요일,승차,0.0,2.0,133.6,222.8,584.6,1146.0,381.0,306.2,304.6,345.4,523.0,524.8,438.2,433.0,478.0,467.0,252.8,253.2,461.0,196.2,111.8,0.0,0.0,0.0
용문역,7,수요일,하차,0.0,1.4,26.6,92.4,232.0,605.4,407.6,354.4,549.8,334.6,368.8,338.4,401.6,461.8,624.4,1256.2,712.2,330.8,309.0,265.8,124.4,0.0,0.0,0.0
용문역,7,수요일,합계,0.0,3.4,160.2,315.2,816.6,1751.4,788.6,660.6,854.4,680.0,891.8,863.2,839.8,894.8,1102.4,1723.2,965.0,584.0,770.0,462.0,236.2,0.0,0.0,0.0
용문역,7,월요일,승차,0.0,0.75,145.75,229.75,585.5,1118.5,409.25,341.0,363.0,405.5,397.75,367.25,366.0,443.75,439.25,470.25,234.0,238.0,195.25,107.0,133.25,0.0,0.0,0.0
용문역,7,월요일,하차,0.0,0.0,26.0,85.0,220.0,576.0,465.25,325.5,318.0,338.75,382.25,367.25,417.0,453.5,579.75,1124.0,469.25,294.75,326.0,226.0,113.75,0.0,0.0,0.0
용문역,7,월요일,합계,0.0,0.75,171.75,314.75,805.5,1694.5,874.5,666.5,681.0,744.25,780.0,734.5,783.0,897.25,1019.0,1594.25,703.25,532.75,521.25,333.0,247.0,0.0,0.0,0.0
용문역,7,일요일,승차,0.0,1.0,66.75,98.5,106.75,167.75,203.5,330.25,394.75,357.5,448.25,465.75,376.0,319.5,410.0,258.0,202.5,208.0,191.25,83.75,55.0,0.0,0.0,0.0
용문역,7,일요일,하차,0.0,0.5,13.25,57.75,120.5,356.25,285.5,395.75,473.25,272.75,266.0,307.5,369.25,296.75,329.5,297.5,298.0,244.5,235.5,166.25,112.75,0.0,0.0,0.0
용문역,7,일요일,합계,0.0,1.5,80.0,156.25,227.25,524.0,489.0,726.0,868.0,630.25,714.25,773.25,745.25,616.25,739.5,555.5,500.5,452.5,426.75,250.0,167.75,0.0,0.0,0.0
용문역,7,토요일,승차,0.0,3.0,94.75,127.25,193.5,314.75,306.5,349.75,373.0,392.75,456.25,403.5,430.0,413.25,456.75,345.5,287.5,242.5,153.0,121.0,60.5,0.0,0.0,0.0
용문역,7,토요일,하차,0.0,2.5,24.25,78.25,144.0,254.25,319.25,329.25,373.0,395.75,408.0,369.25,391.75,377.75,464.5,376.75,312.25,267.75,250.0,235.0,176.0,0.0,0.0,0.0
용문역,7,토요일,합계,0.0,5.5,119.0,205.5,337.5,569.0,625.75,679.0,746.0,788.5,864.25,772.75,821.75,791.0,921.25,722.25,599.75,510.25,403.0,356.0,236.5,0.0,0.0,0.0
용문역,7,화요일,승차,0.0,0.8,128.4,226.4,595.6,1138.0,409.2,357.2,329.0,367.6,389.4,357.0,340.4,432.2,469.6,478.0,252.2,226.0,217.0,107.8,118.8,0.0,0.0,0.0
용문역,7,화요일,하차,0.0,0.0,24.4,85.2,234.0,548.2,392.2,323.4,328.2,353.2,344.4,349.4,385.0,457.2,607.8,1112.6,463.2,307.8,331.8,257.0,130.2,0.0,0.0,0.0
용문역,7,화요일,합계,0.0,0.8,152.8,311.6,829.6,1686.2,801.4,680.6,657.2,720.8,733.8,706.4,725.4,889.4,1077.4,1590.6,715.4,533.8,548.8,364.8,249.0,0.0,0.0,0.0
용문역,8,금요일,승차,0.0,1.2,114.6,202.4,485.6,913.4,376.0,359.6,366.4,405.4,415.8,399.2,439.2,517.4,589.0,548.8,389.6,308.8,220.8,142.4,76.4,7.6,1.8,0.0
용문역,8,금요일,하차,0.0,1.0,26.8,83.8,197.8,452.4,368.0,298.8,326.2,327.8,363.8,375.6,463.0,515.0,624.8,938.6,507.4,372.4,375.4,331.0,231.2,84.0,35.2,0.0
용문역,8,금요일,합계,0.0,2.2,141.4,286.2,683.4,1365.8,744.0,658.4,692.6,733.2,779.6,774.8,902.2,1032.4,1213.8,1487.4,897.0,681.2,596.2,473.4,307.6,91.6,37.0,0.0
용문역,8,목요일,승차,0.0,1.25,129.5,237.75,592.25,1089.5,419.5,370.25,372.25,430.25,451.5,408.0,392.75,467.75,545.5,525.75,332.75,271.25,232.25,160.0,111.5,7.5,2.75,0.0
용문역,8,목요일,하차,0.0,0.75,31.5,94.25,256.75,573.25,430.25,313.0,309.75,330.75,392.0,383.25,426.5,500.75,642.75,1121.75,512.75,342.5,355.75,312.5,194.75,55.25,7.25,0.0
용문역,8,목요일,합계,0.0,2.0,161.0,332.0,849.0,1662.75,849.75,683.25,682.0,761.0,843.5,791.25,819.25,968.5,1188.25,1647.5,845.5,613.75,588.0,472.5,306.25,62.75,10.0,0.0
용문역,8,수요일,승차,0.0,2.75,126.25,232.25,581.25,1112.0,392.75,323.5,332.75,379.5,510.25,594.0,483.25,472.5,508.0,498.5,270.25,239.5,487.5,190.5,111.25,4.25,0.25,0.0
용문역,8,수요일,하차,0.0,2.5,31.5,91.25,232.5,586.75,439.0,338.0,588.75,363.0,368.0,372.0,434.0,502.75,652.75,1258.75,711.75,349.75,343.5,267.75,160.25,38.25,1.25,0.0
용문역,8,수요일,합계,0.0,5.25,157.75,323.5,813.75,1698.75,831.75,661.5,921.5,742.5,878.25,966.0,917.25,975.25,1160.75,1757.25,982.0,589.25,831.0,458.25,271.5,42.5,1.5,0.0
용문역,8,월요일,승차,0.0,1.25,140.5,239.5,581.0,1056.75,391.25,351.75,350.25,390.75,384.75,393.25,371.0,475.25,473.25,478.25,253.0,225.5,188.75,117.5,127.75,5.5,0.5,0.0
용문역,8,월요일,하차,0.0,1.0,24.5,77.0,220.75,547.25,414.25,319.0,331.25,320.75,363.0,366.75,412.75,489.5,585.75,1130.5,470.75,304.75,323.75,218.0,137.25,46.0,2.5,0.0
용문역,8,월요일,합계,0.0,2.25,165.0,316.5,801.75,1604.0,805.5,670.75,681.5,711.5,747.75,760.0,783.75,964.75,1059.0,1608.75,723.75,530.25,512.5,335.5,265.0,51.5,3.0,0.0
용문역,8,일요일,승차,0.0,1.4,58.6,89.4,108.0,177.2,216.8,416.4,431.2,359.2,491.6,487.8,388.6,376.0,440.6,321.2,235.6,225.0,188.2,113.6,55.6,4.0,0.4,0.0
용문역,8,일요일,하차,0.0,1.2,15.4,61.4,121.4,473.0,276.4,307.2,466.2,282.8,255.2,329.2,384.4,313.6,372.0,297.0,336.4,270.2,281.8,201.6,167.8,61.0,4.8,0.0
용문역,8,일요일,합계,0.0,2.6,74.0,150.8,229.4,650.2,493.2,723.6,897.4,642.0,746.8,817.0,773.0,689.6,812.6,618.2,572.0,495.2,470.0,315.2,223.4,65.0,5.2,0.0
용문역,8,토요일,승차,0.0,2.6,98.2,138.4,197.4,309.6,316.6,376.6,414.0,477.0,464.8,421.4,452.4,450.2,501.2,396.4,291.0,281.4,170.4,124.2,68.2,7.2,0.0,0.0
용문역,8,토요일,하차,0.0,2.2,25.2,83.2,139.8,285.4,340.8,341.2,370.8,401.6,398.8,386.4,399.8,411.8,504.6,410.6,350.6,291.4,319.8,266.4,221.6,79.4,7.6,0.0
용문역,8,토요일,합계,0.0,4.8,123.4,221.6,337.2,595.0,657.4,717.8,784.8,878.6,863.6,807.8,852.2,862.0,1005.8,807.0,641.6,572.8,490.2,390.6,289.8,86.6,7.6,0.0
용문역,8,화요일,승차,0.0,0.25,121.5,229.25,575.5,1113.5,398.5,339.0,330.0,410.25,417.0,379.75,385.5,489.25,508.5,487.75,271.0,225.0,219.75,109.25,106.0,8.5,0.25,0.0
용문역,8,화요일,하차,0.0,0.0,27.25,89.75,221.5,545.75,408.75,306.25,337.25,329.5,374.75,377.75,388.5,512.0,620.25,1118.25,488.75,313.75,345.5,297.25,154.0,15.0,1.5,0.0
용문역,8,화요일,합계,0.0,0.25,148.75,319.0,797.0,1659.25,807.25,645.25,667.25,739.75,791.75,757.5,774.0,1001.25,1128.75,1606.0,759.75,538.75,565.25,406.5,260.0,23.5,1.75,0.0
월드컵경기장역,1,금요일,승차,0.0,0.0,21.8,56.8,194.8,438.8,180.2,146.4,132.2,141.0,180.8,153.2,172.8,191.4,225.2,277.6,107.8,71.2,72.2,36.2,12.8,1.0,0.0,0.0
월드컵경기장역,1,금요일,하차,0.0,0.0,12.0,35.8,112.6,220.8,112.0,94.2,93.6,113.0,106.0,112.0,134.4,187.8,215.8,337.0,147.0,100.2,110.0,95.8,66.8,17.8,0.0,0.0
월드컵경기장역,1,금요일,합계,0.0,0.0,33.8,92.6,307.4,659.6,292.2,240.6,225.8,254.0,286.8,265.2,307.2,379.2,441.0,614.6,254.8,171.4,182.2,132.0,79.6,18.8,0.0,0.0
월드컵경기장역,1,목요일,승차,0.0,0.0,20.6,59.8,182.2,369.4,150.6,124.0,120.6,118.6,144.2,142.4,139.4,150.4,164.2,218.8,82.0,66.2,59.2,35.2,9.0,0.6,0.0,0.0
월드컵경기장역,1,목요일,하차,0.0,0.0,12.6,31.0,107.2,195.6,94.6,72.0,85.6,101.2,93.0,96.6,134.4,151.6,175.0,298.2,132.6,98.4,111.6,98.2,53.0,13.2,0.0,0.0
월드컵경기장역,1,목요일,합계,0.0,0.0,33.2,90.8,289.4,565.0,245.2,196.0,206.2,219.8,237.2,239.0,273.8,302.0,339.2,517.0,214.6,164.6,170.8,133.4,62.0,13.8,0.0,0.0
월드컵경기장역,1,수요일,승차,0.0,0.0,17.6,46.8,137.4,312.0,128.8,100.0,127.8,106.6,133.6,116.6,124.2,143.2,154.8,201.8,79.0,58.8,51.6,30.4,7.6,1.2,0.0,0.0
월드컵경기장역,1,수요일,하차,0.0,0.0,12.0,32.2,83.8,165.8,105.8,77.4,85.0,81.8,79.0,95.4,105.6,132.4,152.2,238.8,116.8,85.2,104.2,86.2,49.6,10.6,0.0,0.0
월드컵경기장역,1,수요일,합계,0.0,0.0,29.6,79.0,221.2,477.8,234.6,177.4,212.8,188.4,212.6,212.0,229.8,275.6,307.0,440.6,195.8,144.0,155.8,116.6,57.2,11.8,0.0,0.0
월드컵경기장역,1,월요일,승차,0.0,0.0,23.0,56.75,171.0,400.75,158.5,146.5,145.0,128.75,161.0,133.75,142.0,156.75,171.75,210.5,84.5,62.75,54.0,27.0,12.5,0.75,0.0,0.0
월드컵경기장역,1,월요일,하차,0.0,0.0,12.5,36.75,113.75,189.25,110.25,94.75,101.0,102.0,107.25,106.75,124.5,160.5,173.0,286.5,126.0,89.5,105.25,97.25,50.5,9.75,0.0,0.0
월드컵경기장역,1,월요일,합계,0.0,0.0,35.5,93.5,284.75,590.0,268.75,241.25,246.0,230.75,268.25,240.5,266.5,317.25,344.75,497.0,210.5,152.25,159.25,124.25,63.0,10.5,0.0,0.0
월드컵경기장역,1,일요일,승차,0.0,0.0,11.75,24.25,49.0,70.5,102.75,110.0,94.75,102.25,124.5,123.5,119.75,106.75,102.25,83.0,66.5,57.5,35.5,22.5,5.5,0.25,0.0,0.0
월드컵경기장역,1,일요일,하차,0.0,0.0,5.5,16.0,23.25,41.25,65.5,86.5,65.0,72.25,69.0,82.75,91.5,105.5,130.0,96.75,94.25,81.0,70.75,67.5,36.25,9.75,0.0,0.0
월드컵경기장역,1,일요일,합계,0.0,0.0,17.25,40.25,72.25,111.75,168.25,196.5,159.75,174.5,193.5,206.25,211.25,212.25,232.25,179.75,160.75,138.5,106.25,90.0,41.75,10.0,0.0,0.0
월드컵경기장역,1,토요일,승차,0.0,0.0,20.5,32.25,69.5,141.25,142.25,143.0,155.25,145.75,163.0,137.25,138.5,149.25,157.75,127.0,80.75,61.0,67.25,30.5,10.0,0.25,0.0,0.0
월드컵경기장역,1,토요일,하차,0.0,0.0,13.75,32.75,50.5,71.0,91.0,91.25,89.0,119.25,113.25,104.25,118.25,133.75,159.75,124.75,89.25,77.0,94.25,74.5,45.75,9.25,0.0,0.0
월드컵경기장역,1,토요일,합계,0.0,0.0,34.25,65.0,120.0,212.25,233.25,234.25,244.25,265.0,276.25,241.5,256.75,283.0,317.5,251.75,170.0,138.0,161.5,105.0,55.75,9.5,0.0,0.0
월드컵경기장역,1,화요일,승차,0.0,0.0,19.5,57.5,169.25,370.75,166.5,138.75,125.75,137.0,151.5,132.0,139.0,145.25,177.5,215.0,89.5,66.75,52.75,30.25,9.25,1.0,0.0,0.0
월드컵경기장역,1,화요일,하차,0.0,0.0,9.25,32.0,116.0,187.75,100.0,79.5,101.0,101.25,95.5,109.5,120.5,156.5,175.5,292.25,118.75,98.5,115.25,85.75,49.5,11.5,0.0,0.0
월드컵경기장역,1,화요일,합계,0.0,0.0,28.75,89.5,285.25,558.5,266.5,218.25,226.75,238.25,247.0,241.5,259.5,301.75,353.0,507.25,208.25,165.25,168.0,116.0,58.75,12.5,0.0,0.0
월드컵경기장역,2,금요일,승차,0.0,0.0,23.0,63.5,219.75,497.25,196.25,172.25,139.0,146.75,171.5,152.0,182.0,181.5,243.75,310.0,113.0,87.5,76.25,42.0,15.25,0.75,0.0,0.0
월드컵경기장역,2,금요일,하차,0.0,0.0,12.25,33.5,125.5,253.0,116.0,91.0,100.5,128.0,115.75,117.75,144.25,180.75,234.0,377.25,186.25,123.0,121.0,107.75,71.0,19.0,0.0,0.0
월드컵경기장역,2,금요일,합계,0.0,0.0,35.25,97.0,345.25,750.25,312.25,263.25,239.5,274.75,287.25,269.75,326.25,362.25,477.75,687.25,299.25,210.5,197.25,149.75,86.25,19.75,0.0,0.0
월드컵경기장역,2,목요일,승차,0.0,0.0,18.5,69.25,219.5,492.75,177.0,149.0,132.25,125.0,159.0,139.25,178.25,153.75,198.0,261.25,102.5,73.5,70.5,34.0,7.25,0.5,0.0,0.0
월드컵경기장역,2,목요일,하차,0.0,0.0,12.0,41.0,112.0,243.5,100.25,82.5,104.0,104.75,105.25,97.75,129.5,182.0,192.5,339.0,162.0,127.25,134.25,122.0,64.0,15.0,0.0,0.0
월드컵경기장역,2,목요일,합계,0.0,0.0,30.5,110.25,331.5,736.25,277.25,231.5,236.25,229.75,264.25,237.0,307.75,335.75,390.5,600.25,264.5,200.75,204.75,156.0,71.25,15.5,0.0,0.0
월드컵경기장역,2,수요일,승차,0.0,0.0,23.0,67.75,222.25,520.0,191.5,151.5,146.25,132.75,154.75,133.75,146.5,151.25,193.5,280.75,98.5,74.25,59.75,31.0,10.5,0.25,0.0,0.0
월드컵경기장역,2,수요일,하차,0.0,0.0,11.0,36.5,104.25,246.0,129.0,77.25,102.5,98.75,91.5,108.25,115.25,177.25,218.75,342.0,158.75,110.25,138.75,113.75,60.5,13.75,0.0,0.0
월드컵경기장역,2,수요일,합계,0.0,0.0,34.0,104.25,326.5,766.0,320.5,228.75,248.75,231.5,246.25,242.0,261.75,328.5,412.25,622.75,257.25,184.5,198.5,144.75,71.0,14.0,0.0,0.0
월드컵경기장역,2,월요일,승차,0.0,0.0,25.5,67.0,224.5,479.25,184.75,149.0,150.25,135.0,179.5,146.25,155.5,152.5,168.75,249.25,94.5,69.25,62.25,30.5,9.5,0.0,0.0,0.0
월드컵경기장역,2,월요일,하차,0.0,0.0,12.5,36.75,122.0,247.25,122.75,84.5,106.75,114.75,126.5,105.5,119.75,171.5,203.25,363.25,140.0,103.75,123.25,100.0,54.5,13.0,0.0,0.0
월드컵경기장역,2,월요일,합계,0.0,0.0,38.0,103.75,346.5,726.5,307.5,233.5,257.0,249.75,306.0,251.75,275.25,324.0,372.0,612.5,234.5,173.0,185.5,130.5,64.0,13.0,0.0,0.0
월드컵경기장역,2,일요일,승차,0.0,0.0,11.25,31.75,46.0,78.75,105.75,121.0,105.25,118.75,129.5,121.75,176.75,765.75,160.0,83.75,69.75,50.0,38.5,18.5,5.75,0.75,0.0,0.0
월드컵경기장역,2,일요일,하차,0.0,0.0,3.75,17.25,29.0,47.0,76.0,92.5,134.25,339.0,474.75,107.75,100.0,106.75,116.0,99.5,96.25,93.5,76.5,74.5,35.75,12.0,0.0,0.0
월드컵경기장역,2,일요일,합계,0.0,0.0,15.0,49.0,75.0,125.75,181.75,213.5,239.5,457.75,604.25,229.5,276.75,872.5,276.0,183.25,166.0,143.5,115.0,93.0,41.5,12.75,0.0,0.0
월드컵경기장역,2,토요일,승차,0.0,0.0,18.5,33.5,73.0,144.75,146.0,148.25,155.5,154.5,178.5,147.25,134.5,134.0,161.5,122.0,91.75,59.5,57.75,30.0,10.25,0.75,0.0,0.0
월드컵경기장역,2,토요일,하차,0.0,0.0,12.25,47.5,47.0,75.0,88.0,81.5,82.0,104.0,100.5,114.0,123.5,154.25,176.0,144.75,104.75,91.0,92.75,81.25,50.75,17.75,0.0,0.0
월드컵경기장역,2,토요일,합계,0.0,0.0,30.75,81.0,120.0,219.75,234.0,229.75,237.5,258.5,279.0,261.25,258.0,288.25,337.5,266.75,196.5,150.5,150.5,111.25,61.0,18.5,0.0,0.0
월드컵경기장역,2,화요일,승차,0.0,0.0,21.5,62.25,225.75,492.25,183.75,145.0,131.5,135.75,172.75,145.0,181.25,158.0,189.75,266.25,96.0,69.25,65.75,27.75,13.25,0.75,0.0,0.0
월드컵경기장역,2,화요일,하차,0.0,0.0,14.25,38.5,111.25,251.5,112.25,85.0,102.75,113.5,106.0,111.25,125.5,174.0,206.0,351.5,143.75,123.0,123.75,108.0,61.5,14.25,0.0,0.0
월드컵경기장역,2,화요일,합계,0.0,0.0,35.75,100.75,337.0,743.75,296.0,230.0,234.25,249.25,278.75,256.25,306.75,332.0,395.75,617.75,239.75,192.25,189.5,135.75,74.75,15.0,0.0,0.0
월드컵경기장역,3,금요일,승차,0.0,0.0,19.25,79.5,249.5,464.25,185.0,164.5,134.75,124.5,172.25,140.5,209.75,208.5,253.5,295.5,121.75,94.75,74.75,49.25,11.25,0.25,0.0,0.0
월드컵경기장역,3,금요일,하차,0.0,0.0,11.25,50.0,170.0,238.25,120.0,90.5,105.25,123.5,125.0,124.5,142.75,198.25,238.75,376.0,164.25,118.0,126.75,105.5,73.5,19.5,0.0,0.0
월드컵경기장역,3,금요일,합계,0.0,0.0,30.5,129.5,419.5,702.5,305.0,255.0,240.0,248.0,297.25,265.0,352.5,406.75,492.25,671.5,286.0,212.75,201.5,154.75,84.75,19.75,0.0,0.0
월드컵경기장역,3,목요일,승차,0.0,0.0,19.75,77.0,258.5,485.75,185.75,131.75,130.0,124.25,155.25,127.75,162.25,200.0,198.75,284.0,101.5,75.5,72.0,37.5,11.25,0.5,0.0,0.0
월드컵경기장역,3,목요일,하차,0.0,0.0,12.25,47.0,174.75,252.75,106.25,91.75,100.25,105.0,108.0,108.75,122.0,179.0,202.25,345.75,157.0,129.25,133.75,107.5,65.0,14.75,0.0,0.0
월드컵경기장역,3,목요일,합계,0.0,0.0,32.0,124.0,433.25,738.5,292.0,223.5,230.25,229.25,263.25,236.5,284.25,379.0,401.0,629.75,258.5,204.75,205.75,145.0,76.25,15.25,0.0,0.0
월드컵경기장역,3,수요일,승차,0.0,0.25,20.5,73.0,265.5,501.0,175.5,137.5,154.25,117.25,141.0,129.5,159.5,195.25,184.0,282.25,92.25,71.0,70.5,36.0,12.25,0.25,0.0,0.0
월드컵경기장역,3,수요일,하차,0.0,0.0,12.75,44.75,168.25,232.0,126.25,85.0,94.75,102.0,103.0,117.25,125.0,168.75,214.75,345.75,165.0,106.5,138.5,109.25,52.75,12.25,0.0,0.0
월드컵경기장역,3,수요일,합계,0.0,0.25,33.25,117.75,433.75,733.0,301.75,222.5,249.0,219.25,244.0,246.75,284.5,364.0,398.75,628.0,257.25,177.5,209.0,145.25,65.0,12.5,0.0,0.0
월드컵경기장역,3,월요일,승차,0.0,0.4,22.4,69.2,224.8,390.0,157.8,137.2,133.4,114.6,144.4,139.8,159.0,161.8,166.8,225.6,94.4,62.0,56.6,28.8,8.0,0.2,0.0,0.0
월드컵경기장역,3,월요일,하차,0.0,0.0,13.0,42.4,140.6,204.4,116.8,92.6,97.8,96.8,93.6,97.0,117.0,162.0,185.4,307.0,137.0,109.4,109.2,92.0,47.2,14.6,0.0,0.0
월드컵경기장역,3,월요일,합계,0.0,0.4,35.4,111.6,365.4,594.4,274.6,229.8,231.2,211.4,238.0,236.8,276.0,323.8,352.2,532.6,231.4,171.4,165.8,120.8,55.2,14.8,0.0,0.0
월드컵경기장역,3,일요일,승차,0.0,0.0,11.0,25.4,44.2,74.8,104.4,103.8,112.4,123.2,129.8,113.0,108.6,283.8,122.0,96.2,68.2,53.2,46.0,17.0,8.6,0.2,0.0,0.0
월드컵경기장역,3,일요일,하차,0.0,0.0,4.6,22.0,28.0,44.8,77.2,94.6,85.0,132.0,183.2,90.0,98.0,105.4,124.0,95.4,89.0,92.8,69.2,78.2,35.2,16.0,0.0,0.0
월드컵경기장역,3,일요일,합계,0.0,0.0,15.6,47.4,72.2,119.6,181.6,198.4,197.4,255.2,313.0,203.0,206.6,389.2,246.0,191.6,157.2,146.0,115.2,95.2,43.8,16.2,0.0,0.0
월드컵경기장역,3,토요일,승차,0.0,0.2,17.2,45.2,85.6,146.8,163.0,167.0,151.4,152.4,148.8,126.6,122.8,158.0,157.4,386.6,132.8,72.4,65.0,30.0,12.4,0.6,0.0,0.0
월드컵경기장역,3,토요일,하차,0.0,0.0,13.0,45.4,57.4,67.6,87.6,96.4,102.2,127.8,139.8,159.4,296.6,211.2,148.4,132.6,99.2,83.0,100.8,79.0,45.6,13.4,0.0,0.0
월드컵경기장역,3,토요일,합계,0.0,0.2,30.2,90.6,143.0,214.4,250.6,263.4,253.6,280.2,288.6,286.0,419.4,369.2,305.8,519.2,232.0,155.4,165.8,109.0,58.0,14.0,0.0,0.0
월드컵경기장역,3,화요일,승차,0.0,0.25,23.25,82.75,274.5,479.75,187.0,146.5,122.75,111.75,135.0,116.25,159.0,179.5,178.25,264.5,94.75,58.25,67.75,31.25,11.0,0.25,0.0,0.0
월드컵경기장역,3,화요일,하차,0.0,0.0,11.5,48.75,164.5,244.75,108.5,86.25,105.0,96.75,99.0,88.75,127.25,183.25,200.25,338.25,157.5,111.5,118.25,99.5,57.75,13.75,0.0,0.0
월드컵경기장역,3,화요일,합계,0.0,0.25,34.75,131.5,439.0,724.5,295.5,232.75,227.75,208.5,234.0,205.0,286.25,362.75,378.5,602.75,252.25,169.75,186.0,130.75,68.75,14.0,0.0,0.0
월드컵경기장역,4,금요일,승차,0.0,0.0,23.0,81.25,267.5,496.75,189.75,141.5,135.75,135.0,162.5,143.25,195.5,212.0,258.25,291.25,149.0,93.25,86.5,46.5,13.75,0.75,0.0,0.0
월드컵경기장역,4,금요일,하차,0.0,0.0,11.75,49.75,176.75,249.5,111.75,89.75,104.75,124.25,117.0,128.25,159.0,185.0,232.25,393.25,154.75,112.5,117.25,112.0,84.5,21.25,0.0,0.0
월드컵경기장역,4,금요일,합계,0.0,0.0,34.75,131.0,444.25,746.25,301.5,231.25,240.5,259.25,279.5,271.5,354.5,397.0,490.5,684.5,303.75,205.75,203.75,158.5,98.25,22.0,0.0,0.0
월드컵경기장역,4,목요일,승차,0.0,0.0,22.0,86.25,267.25,502.25,182.0,147.0,118.25,147.25,147.75,125.5,162.0,194.75,203.0,284.5,117.25,76.25,78.5,40.0,18.75,0.5,0.0,0.0
월드컵경기장역,4,목요일,하차,0.0,0.0,12.25,51.25,177.5,262.5,111.0,99.0,100.0,101.5,108.25,106.25,143.25,186.75,229.25,368.5,156.0,126.0,125.25,100.75,56.0,16.75,0.0,0.0
월드컵경기장역,4,목요일,합계,0.0,0.0,34.25,137.5,444.75,764.75,293.0,246.0,218.25,248.75,256.0,231.75,305.25,381.5,432.25,653.0,273.25,202.25,203.75,140.75,74.75,17.25,0.0,0.0
월드컵경기장역,4,수요일,승차,0.0,0.0,21.8,86.6,271.6,494.6,198.0,139.8,144.8,134.0,153.8,139.8,161.6,189.4,195.4,275.8,110.8,81.0,81.4,37.2,13.8,0.4,0.0,0.0
월드컵경기장역,4,수요일,하차,0.0,0.0,12.0,48.6,166.2,253.2,133.4,99.0,105.2,106.2,115.6,113.2,144.6,163.6,223.6,361.8,160.6,116.4,120.6,120.0,69.0,17.6,0.0,0.0
월드컵경기장역,4,수요일,합계,0.0,0.0,33.8,135.2,437.8,747.8,331.4,238.8,250.0,240.2,269.4,253.0,306.2,353.0,419.0,637.6,271.4,197.4,202.0,157.2,82.8,18.0,0.0,0.0
월드컵경기장역,4,월요일,승차,0.0,0.0,26.25,83.75,257.75,486.0,189.25,133.0,136.75,132.0,150.25,137.25,174.5,172.75,172.75,235.25,108.5,71.75,62.25,25.25,12.5,0.0,0.0,0.0
월드컵경기장역,4,월요일,하차,0.0,0.0,12.25,45.75,181.75,249.75,107.75,91.5,115.0,112.5,114.75,101.25,124.5,166.75,222.75,365.0,159.5,109.75,120.5,85.75,50.75,17.25,0.0,0.0
월드컵경기장역,4,월요일,합계,0.0,0.0,38.5,129.5,439.5,735.75,297.0,224.5,251.75,244.5,265.0,238.5,299.0,339.5,395.5,600.25,268.0,181.5,182.75,111.0,63.25,17.25,0.0,0.0
월드컵경기장역,4,일요일,승차,0.0,0.0,15.75,30.5,53.75,76.25,119.25,109.25,111.25,130.25,116.0,99.75,103.5,96.5,80.25,313.25,146.75,53.0,42.0,15.75,6.75,0.25,0.0,0.0
월드컵경기장역,4,일요일,하차,0.0,0.0,4.75,23.75,35.0,44.0,78.25,88.0,62.25,80.25,102.5,141.75,260.75,155.0,111.5,108.0,88.0,86.5,80.0,71.0,37.5,16.5,0.0,0.0
월드컵경기장역,4,일요일,합계,0.0,0.0,20.5,54.25,88.75,120.25,197.5,197.25,173.5,210.5,218.5,241.5,364.25,251.5,191.75,421.25,234.75,139.5,122.0,86.75,44.25,16.75,0.0,0.0
월드컵경기장역,4,토요일,승차,0.0,0.0,21.0,47.5,101.0,161.0,159.0,170.75,156.75,169.0,156.75,123.0,123.25,140.75,161.25,506.0,188.0,85.5,71.0,25.0,10.75,0.25,0.0,0.0
월드컵경기장역,4,토요일,하차,0.0,0.0,13.5,48.5,66.25,88.75,104.0,108.25,115.25,134.25,135.25,175.25,394.25,245.75,143.75,117.5,100.25,86.75,82.75,94.75,54.75,15.25,0.0,0.0
월드컵경기장역,4,토요일,합계,0.0,0.0,34.5,96.0,167.25,249.75,263.0,279.0,272.0,303.25,292.0,298.25,517.5,386.5,305.0,623.5,288.25,172.25,153.75,119.75,65.5,15.5,0.0,0.0
월드컵경기장역,4,화요일,승차,0.0,0.0,22.0,84.6,266.0,500.6,181.8,134.6,128.8,126.6,146.8,117.0,163.0,186.6,192.8,256.4,105.2,77.0,73.4,31.8,16.0,0.2,0.0,0.0
월드컵경기장역,4,화요일,하차,0.0,0.0,11.4,46.6,175.8,248.0,121.4,92.6,96.6,106.6,109.0,100.2,124.0,175.2,214.2,366.2,153.8,125.8,128.0,100.0,56.8,15.2,0.0,0.0
월드컵경기장역,4,화요일,합계,0.0,0.0,33.4,131.2,441.8,748.6,303.2,227.2,225.4,233.2,255.8,217.2,287.0,361.8,407.0,622.6,259.0,202.8,201.4,131.8,72.8,15.4,0.0,0.0
월드컵경기장역,5,금요일,승차,0.0,0.0,24.4,90.8,245.0,481.2,182.4,154.2,127.0,122.8,161.6,162.6,212.8,209.8,232.4,277.4,125.4,89.4,75.4,35.0,17.2,0.2,0.0,0.0
월드컵경기장역,5,금요일,하차,0.0,0.0,13.6,51.0,172.2,233.0,104.8,94.4,101.2,123.0,109.0,132.6,150.0,183.6,227.6,358.6,166.4,122.2,119.2,106.2,66.6,18.6,0.0,0.0
월드컵경기장역,5,금요일,합계,0.0,0.0,38.0,141.8,417.2,714.2,287.2,248.6,228.2,245.8,270.6,295.2,362.8,393.4,460.0,636.0,291.8,211.6,194.6,141.2,83.8,18.8,0.0,0.0
월드컵경기장역,5,목요일,승차,0.0,0.0,23.0,87.6,228.2,464.2,199.2,162.0,118.8,119.2,136.8,113.2,149.6,195.8,187.8,238.4,95.4,77.6,70.4,37.4,18.0,1.0,0.0,0.0
월드컵경기장역,5,목요일,하차,0.0,0.0,14.2,50.0,166.2,222.0,113.4,85.2,97.0,116.4,116.6,106.4,121.8,164.0,202.0,327.2,155.6,110.0,133.2,107.0,55.2,14.8,0.0,0.0
월드컵경기장역,5,목요일,합계,0.0,0.0,37.2,137.6,394.4,686.2,312.6,247.2,215.8,235.6,253.4,219.6,271.4,359.8,389.8,565.6,251.0,187.6,203.6,144.4,73.2,15.8,0.0,0.0
월드컵경기장역,5,수요일,승차,0.0,0.25,28.0,88.0,250.0,524.25,185.75,131.75,152.5,126.25,145.0,131.5,175.75,186.0,196.75,266.0,113.0,88.0,237.5,47.25,15.25,0.5,0.0,0.0
월드컵경기장역,5,수요일,하차,0.0,0.0,12.0,50.0,181.5,241.0,128.25,98.25,102.25,112.75,109.5,118.25,146.5,182.25,261.25,498.75,175.25,121.75,115.75,121.0,55.5,16.0,0.0,0.0
월드컵경기장역,5,수요일,합계,0.0,0.25,40.0,138.0,431.5,765.25,314.0,230.0,254.75,239.0,254.5,249.75,322.25,368.25,458.0,764.75,288.25,209.75,353.25,168.25,70.75,16.5,0.0,0.0
월드컵경기장역,5,월요일,승차,0.0,0.0,24.0,79.75,199.25,399.5,165.25,138.75,135.25,130.0,143.75,137.5,154.0,170.0,162.0,199.25,88.25,63.5,62.0,33.0,10.0,0.25,0.0,0.0
월드컵경기장역,5,월요일,하차,0.0,0.0,12.5,47.75,148.0,210.0,115.75,90.5,99.5,105.25,106.75,85.75,126.75,159.0,174.25,285.0,141.0,102.25,113.25,88.0,52.5,15.5,0.0,0.0
월드컵경기장역,5,월요일,합계,0.0,0.0,36.5,127.5,347.25,609.5,281.0,229.25,234.75,235.25,250.5,223.25,280.75,329.0,336.25,484.25,229.25,165.75,175.25,121.0,62.5,15.75,0.0,0.0
월드컵경기장역,5,일요일,승차,0.0,0.0,12.75,41.75,66.5,90.0,108.0,123.75,115.0,129.75,120.0,121.0,105.75,117.25,93.5,114.25,69.75,56.5,45.5,20.75,9.5,1.5,0.0,0.0
월드컵경기장역,5,일요일,하차,0.0,0.0,5.25,25.75,38.25,45.75,81.25,75.75,68.0,68.5,82.75,91.25,91.0,103.25,111.0,100.75,110.75,94.75,95.25,75.25,33.75,16.5,0.0,0.0
월드컵경기장역,5,일요일,합계,0.0,0.0,18.0,67.5,104.75,135.75,189.25,199.5,183.0,198.25,202.75,212.25,196.75,220.5,204.5,215.0,180.5,151.25,140.75,96.0,43.25,18.0,0.0,0.0
월드컵경기장역,5,토요일,승차,0.0,0.2,26.8,52.6,83.4,156.2,156.6,156.2,163.8,156.0,148.8,128.0,133.2,143.0,170.8,446.6,210.0,100.4,711.6,74.0,14.8,0.4,0.0,0.0
월드컵경기장역,5,토요일,하차,0.0,0.0,10.8,46.6,60.0,72.8,87.2,92.4,111.8,117.6,116.8,194.4,400.4,311.8,395.4,563.2,102.6,99.8,94.0,82.6,56.0,18.2,0.0,0.0
월드컵경기장역,5,토요일,합계,0.0,0.2,37.6,99.2,143.4,229.0,243.8,248.6,275.6,273.6,265.6,322.4,533.6,454.8,566.2,1009.8,312.6,200.2,805.6,156.6,70.8,18.6,0.0,0.0
월드컵경기장역,5,화요일,승차,0.0,0.0,22.0,79.25,205.75,410.0,165.5,138.75,118.75,130.25,146.75,121.0,143.5,189.0,168.75,233.5,94.75,74.5,209.0,64.0,13.5,0.75,0.0,0.0
월드컵경기장역,5,화요일,하차,0.0,0.0,13.25,50.25,145.5,199.75,107.0,102.75,98.0,93.0,106.75,99.75,128.75,175.0,217.25,426.25,181.5,118.75,116.25,89.0,59.25,17.0,0.0,0.0
월드컵경기장역,5,화요일,합계,0.0,0.0,35.25,129.5,351.25,609.75,272.5,241.5,216.75,223.25,253.5,220.75,272.25,364.0,386.0,659.75,276.25,193.25,325.25,153.0,72.75,17.75,0.0,0.0
월드컵경기장역,6,금요일,승차,0.0,0.0,27.5,80.75,206.25,395.0,175.75,170.75,182.75,221.25,261.5,168.75,191.0,177.25,199.25,219.75,119.25,81.5,248.0,67.75,17.0,0.25,0.0,0.0
월드컵경기장역,6,금요일,하차,0.0,0.0,12.75,52.5,160.5,239.25,208.0,214.25,172.25,134.0,127.5,123.75,128.75,171.75,240.0,440.0,218.25,103.75,99.75,106.5,68.75,14.75,0.0,0.0
월드컵경기장역,6,금요일,합계,0.0,0.0,40.25,133.25,366.75,634.25,383.75,385.0,355.0,355.25,389.0,292.5,319.75,349.0,439.25,659.75,337.5,185.25,347.75,174.25,85.75,15.0,0.0,0.0
월드컵경기장역,6,목요일,승차,0.0,0.0,24.5,87.0,254.75,522.75,196.75,141.5,130.5,122.0,161.0,132.25,170.0,208.5,211.75,268.75,120.5,77.5,81.5,37.75,20.0,0.5,0.0,0.0
월드컵경기장역,6,목요일,하차,0.0,0.0,14.0,52.5,169.75,245.5,124.25,109.0,102.5,105.5,111.75,109.25,130.5,183.0,196.5,359.25,149.0,112.5,132.25,128.25,68.75,19.0,0.0,0.0
월드컵경기장역,6,목요일,합계,0.0,0.0,38.5,139.5,424.5,768.25,321.0,250.5,233.0,227.5,272.75,241.5,300.5,391.5,408.25,628.0,269.5,190.0,213.75,166.0,88.75,19.5,0.0,0.0
월드컵경기장역,6,수요일,승차,0.0,0.0,23.75,91.5,258.25,507.25,196.25,147.75,148.75,118.5,138.25,118.25,179.75,175.5,207.0,259.0,109.75,72.5,167.0,103.75,22.75,0.25,0.0,0.0
월드컵경기장역,6,수요일,하차,0.0,0.0,12.25,50.0,173.25,226.25,122.0,101.25,104.5,113.5,104.0,116.5,138.25,170.75,236.0,448.75,210.5,120.25,128.0,124.0,68.25,16.0,0.0,0.0
월드컵경기장역,6,수요일,합계,0.0,0.0,36.0,141.5,431.5,733.5,318.25,249.0,253.25,232.0,242.25,234.75,318.0,346.25,443.0,707.75,320.25,192.75,295.0,227.75,91.0,16.25,0.0,0.0
월드컵경기장역,6,월요일,승차,0.0,0.0,28.6,89.2,242.6,495.0,184.4,129.4,142.8,124.0,158.0,127.2,178.8,156.6,184.6,244.2,97.8,68.4,62.0,34.4,11.4,0.8,0.0,0.0
월드컵경기장역,6,월요일,하차,0.0,0.0,13.6,44.6,175.8,230.6,124.0,93.4,105.6,114.2,96.8,110.6,109.8,175.8,200.2,351.2,163.4,110.2,117.2,93.2,59.2,17.2,0.0,0.0
월드컵경기장역,6,월요일,합계,0.0,0.0,42.2,133.8,418.4,725.6,308.4,222.8,248.4,238.2,254.8,237.8,288.6,332.4,384.8,595.4,261.2,178.6,179.2,127.6,70.6,18.0,0.0,0.0
월드컵경기장역,6,일요일,승차,0.0,0.0,15.4,34.4,49.2,87.2,103.2,112.6,107.8,115.2,111.6,106.6,97.8,90.0,91.6,83.0,63.0,50.6,46.2,15.8,10.6,0.4,0.0,0.0
월드컵경기장역,6,일요일,하차,0.0,0.0,5.8,26.4,32.0,50.8,66.2,81.4,61.8,62.2,71.2,82.4,95.4,94.6,109.6,94.8,95.6,86.8,78.0,69.2,38.2,15.6,0.0,0.0
월드컵경기장역,6,일요일,합계,0.0,0.0,21.2,60.8,81.2,138.0,169.4,194.0,169.6,177.4,182.8,189.0,193.2,184.6,201.2,177.8,158.6,137.4,124.2,85.0,48.8,16.0,0.0,0.0
월드컵경기장역,6,토요일,승차,0.0,0.0,18.25,46.75,82.5,157.75,163.25,141.0,143.5,161.0,135.5,131.25,117.5,119.25,152.0,105.75,77.0,65.75,54.75,27.25,11.5,0.75,0.0,0.0
월드컵경기장역,6,토요일,하차,0.0,0.0,12.0,40.0,52.5,81.25,78.25,91.5,96.25,110.0,99.5,100.0,111.75,114.5,140.0,116.75,86.75,80.0,86.0,87.5,50.0,14.75,0.0,0.0
월드컵경기장역,6,토요일,합계,0.0,0.0,30.25,86.75,135.0,239.0,241.5,232.5,239.75,271.0,235.0,231.25,229.25,233.75,292.0,222.5,163.75,145.75,140.75,114.75,61.5,15.5,0.0,0.0
월드컵경기장역,6,화요일,승차,0.0,0.0,21.0,76.75,202.25,389.75,172.25,149.0,132.25,133.75,136.5,131.5,132.25,174.0,170.5,212.5,92.25,65.5,70.5,25.75,15.25,1.0,0.0,0.0
월드컵경기장역,6,화요일,하차,0.0,0.0,13.5,42.75,132.25,199.0,119.25,86.75,99.5,104.5,110.25,91.5,119.5,167.5,180.75,306.0,137.5,109.25,119.0,97.75,59.0,16.75,0.0,0.0
월드컵경기장역,6,화요일,합계,0.0,0.0,34.5,119.5,334.5,588.75,291.5,235.75,231.75,238.25,246.75,223.0,251.75,341.5,351.25,518.5,229.75,174.75,189.5,123.5,74.25,17.75,0.0,0.0
월드컵경기장역,7,금요일,승차,0.0,0.0,23.25,84.5,247.75,481.5,175.5,133.5,121.75,153.25,176.25,153.25,188.5,190.0,231.0,281.0,113.5,70.75,70.0,34.0,12.0,0.5,0.0,0.0
월드컵경기장역,7,금요일,하차,0.0,0.0,12.5,48.25,158.25,241.5,125.5,114.75,100.0,117.0,106.0,112.75,126.0,180.5,215.0,344.75,148.5,124.5,128.75,113.25,70.0,18.25,0.0,0.0
월드컵경기장역,7,금요일,합계,0.0,0.0,35.75,132.75,406.0,723.0,301.0,248.25,221.75,270.25,282.25,266.0,314.5,370.5,446.0,625.75,262.0,195.25,198.75,147.25,82.0,18.75,0.0,0.0
월드컵경기장역,7,목요일,승차,0.0,0.0,21.8,86.2,227.8,483.2,179.6,130.0,111.2,121.2,142.6,117.4,142.6,157.4,198.8,239.2,97.0,65.6,55.0,27.2,11.0,0.4,0.0,0.0
월드컵경기장역,7,목요일,하차,0.0,0.0,14.0,46.4,136.6,246.0,111.2,82.2,93.2,92.4,92.6,83.0,110.4,147.0,189.2,338.2,144.6,116.4,131.0,107.2,65.0,17.2,0.0,0.0
월드컵경기장역,7,목요일,합계,0.0,0.0,35.8,132.6,364.4,729.2,290.8,212.2,204.4,213.6,235.2,200.4,253.0,304.4,388.0,577.4,241.6,182.0,186.0,134.4,76.0,17.6,0.0,0.0
월드컵경기장역,7,수요일,승차,0.0,0.0,28.6,87.8,237.0,494.4,174.8,147.6,135.0,135.8,126.4,123.4,136.8,153.8,200.0,259.2,97.2,67.2,66.2,26.4,11.6,0.0,0.0,0.0
월드컵경기장역,7,수요일,하차,0.0,0.0,11.4,45.6,143.6,239.6,127.2,94.0,93.4,94.8,104.8,100.2,113.4,165.6,184.4,352.6,158.8,112.4,139.8,106.4,67.0,12.0,0.0,0.0
월드컵경기장역,7,수요일,합계,0.0,0.0,40.0,133.4,380.6,734.0,302.0,241.6,228.4,230.6,231.2,223.6,250.2,319.4,384.4,611.8,256.0,179.6,206.0,132.8,78.6,12.0,0.0,0.0
월드컵경기장역,7,월요일,승차,0.0,0.0,29.25,89.5,233.25,500.0,172.75,141.25,139.5,133.5,145.25,130.75,148.75,153.0,171.75,235.0,97.0,59.25,59.25,25.0,9.5,1.0,0.0,0.0
월드컵경기장역,7,월요일,하차,0.0,0.0,15.25,50.25,154.75,242.0,130.0,105.0,102.0,94.25,98.25,106.25,112.5,155.75,200.0,361.0,152.25,103.25,115.0,87.75,50.5,18.75,0.0,0.0
월드컵경기장역,7,월요일,합계,0.0,0.0,44.5,139.75,388.0,742.0,302.75,246.25,241.5,227.75,243.5,237.0,261.25,308.75,371.75,596.0,249.25,162.5,174.25,112.75,60.0,19.75,0.0,0.0
월드컵경기장역,7,일요일,승차,0.0,0.0,16.0,29.25,49.75,95.25,97.25,111.75,100.0,107.75,93.25,91.5,88.0,88.75,86.25,85.5,61.0,68.25,421.0,38.25,7.75,0.25,0.0,0.0
월드컵경기장역,7,일요일,하차,0.0,0.0,3.75,22.25,38.75,50.75,70.5,78.25,55.25,56.75,76.75,86.0,97.25,127.25,243.25,306.25,91.25,90.75,78.25,71.5,30.25,14.5,0.0,0.0
월드컵경기장역,7,일요일,합계,0.0,0.0,19.75,51.5,88.5,146.0,167.75,190.0,155.25,164.5,170.0,177.5,185.25,216.0,329.5,391.75,152.25,159.0,499.25,109.75,38.0,14.75,0.0,0.0
월드컵경기장역,7,토요일,승차,0.0,0.0,24.5,42.0,87.25,153.0,150.5,145.0,157.5,143.0,129.5,126.0,109.0,150.75,149.0,106.5,80.5,66.0,54.75,23.0,12.25,0.0,0.0,0.0
월드컵경기장역,7,토요일,하차,0.0,0.0,11.5,42.5,52.75,95.25,89.75,91.75,95.5,103.0,92.25,97.25,98.0,117.25,130.0,125.0,87.5,84.25,100.25,93.5,52.25,17.25,0.0,0.0
월드컵경기장역,7,토요일,합계,0.0,0.0,36.0,84.5,140.0,248.25,240.25,236.75,253.0,246.0,221.75,223.25,207.0,268.0,279.0,231.5,168.0,150.25,155.0,116.5,64.5,17.25,0.0,0.0
월드컵경기장역,7,화요일,승차,0.0,0.0,24.0,92.6,236.6,501.0,185.4,125.0,123.6,123.4,141.0,127.4,142.4,164.4,197.2,261.0,98.6,69.4,57.6,26.8,9.6,0.0,0.0,0.0
월드컵경기장역,7,화요일,하차,0.0,0.0,15.8,45.6,146.0,246.0,114.4,89.0,106.0,100.6,92.2,97.4,103.4,170.0,187.4,350.8,157.4,114.0,132.4,104.4,68.0,16.2,0.0,0.0
월드컵경기장역,7,화요일,합계,0.0,0.0,39.8,138.2,382.6,747.0,299.8,214.0,229.6,224.0,233.2,224.8,245.8,334.4,384.6,611.8,256.0,183.4,190.0,131.2,77.6,16.2,0.0,0.0
월드컵경기장역,8,금요일,승차,0.0,0.0,24.8,75.8,193.6,380.0,169.0,145.6,119.0,117.0,147.0,143.0,170.6,187.2,219.2,247.8,116.0,82.8,67.6,33.4,12.4,1.4,0.0,0.0
월드컵경기장역,8,금요일,하차,0.0,0.0,14.8,42.0,124.2,186.8,110.8,92.8,100.6,92.8,81.0,105.6,120.4,150.4,195.2,309.8,144.2,103.4,117.2,121.4,89.4,27.4,13.2,0.0
월드컵경기장역,8,금요일,합계,0.0,0.0,39.6,117.8,317.8,566.8,279.8,238.4,219.6,209.8,228.0,248.6,291.0,337.6,414.4,557.6,260.2,186.2,184.8,154.8,101.8,28.8,13.2,0.0
월드컵경기장역,8,목요일,승차,0.0,0.0,21.5,97.5,231.75,468.5,196.5,137.25,114.25,113.25,136.5,126.75,174.0,176.0,205.0,250.0,111.5,78.5,66.0,27.75,12.75,0.5,0.25,0.0
월드컵경기장역,8,목요일,하차,0.0,0.0,14.75,41.75,146.25,234.5,111.5,91.75,98.0,105.75,92.0,99.5,112.5,162.5,193.25,345.75,139.25,109.0,134.0,125.75,70.0,28.75,5.0,0.0
월드컵경기장역,8,목요일,합계,0.0,0.0,36.25,139.25,378.0,703.0,308.0,229.0,212.25,219.0,228.5,226.25,286.5,338.5,398.25,595.75,250.75,187.5,200.0,153.5,82.75,29.25,5.25,0.0
월드컵경기장역,8,수요일,승차,0.0,0.0,28.75,91.5,221.75,466.0,162.0,144.0,145.25,110.25,140.75,114.25,143.75,182.5,194.5,249.0,97.5,68.25,66.75,23.5,12.25,0.25,0.0,0.0
월드컵경기장역,8,수요일,하차,0.0,0.0,14.25,38.75,147.5,227.25,121.25,88.5,82.75,94.0,96.25,105.0,121.5,157.25,188.75,343.25,147.5,108.75,126.5,117.75,57.5,22.5,2.25,0.0
월드컵경기장역,8,수요일,합계,0.0,0.0,43.0,130.25,369.25,693.25,283.25,232.5,228.0,204.25,237.0,219.25,265.25,339.75,383.25,592.25,245.0,177.0,193.25,141.25,69.75,22.75,2.25,0.0
월드컵경기장역,8,월요일,승차,0.0,0.0,29.75,93.0,220.5,449.5,167.75,147.25,130.0,106.0,157.5,122.5,169.75,159.5,184.5,228.25,99.25,59.75,61.75,24.5,11.5,0.25,0.0,0.0
월드컵경기장역,8,월요일,하차,0.0,0.0,13.25,47.0,133.25,221.5,127.25,103.75,104.0,100.25,87.25,93.5,107.0,166.25,200.0,335.25,142.25,99.5,130.25,92.75,47.75,21.25,1.0,0.0
월드컵경기장역,8,월요일,합계,0.0,0.0,43.0,140.0,353.75,671.0,295.0,251.0,234.0,206.25,244.75,216.0,276.75,325.75,384.5,563.5,241.5,159.25,192.0,117.25,59.25,21.5,1.0,0.0
월드컵경기장역,8,일요일,승차,0.0,0.0,15.4,31.4,43.6,88.2,109.2,97.6,97.6,113.6,107.6,108.6,93.8,107.0,86.0,93.8,66.8,63.4,336.4,46.4,6.0,0.6,0.0,0.0
월드컵경기장역,8,일요일,하차,0.0,0.0,3.4,22.0,37.8,42.8,66.2,83.6,67.2,62.0,75.2,94.6,101.6,139.0,213.2,275.4,98.8,93.4,88.2,84.6,35.6,26.0,2.2,0.0
월드컵경기장역,8,일요일,합계,0.0,0.0,18.8,53.4,81.4,131.0,175.4,181.2,164.8,175.6,182.8,203.2,195.4,246.0,299.2,369.2,165.6,156.8,424.6,131.0,41.6,26.6,2.2,0.0
월드컵경기장역,8,토요일,승차,0.0,0.0,21.6,44.6,85.6,162.4,156.6,153.8,152.4,124.0,121.6,124.8,114.6,128.4,148.0,122.0,84.2,69.8,55.4,29.6,10.0,0.0,0.0,0.0
월드컵경기장역,8,토요일,하차,0.0,0.0,11.8,41.8,53.8,66.0,81.8,82.8,98.0,106.4,109.6,96.6,99.2,115.2,117.2,126.8,90.6,90.8,102.2,103.6,54.6,29.6,2.4,0.0
월드컵경기장역,8,토요일,합계,0.0,0.0,33.4,86.4,139.4,228.4,238.4,236.6,250.4,230.4,231.2,221.4,213.8,243.6,265.2,248.8,174.8,160.6,157.6,133.2,64.6,29.6,2.4,0.0
월드컵경기장역,8,화요일,승차,0.0,0.0,21.25,94.0,225.5,477.0,178.75,159.75,110.75,113.25,142.75,135.5,145.5,180.0,190.0,261.75,102.5,69.5,59.0,27.25,11.0,0.25,0.5,0.0
월드컵경기장역,8,화요일,하차,0.0,0.0,12.0,42.5,140.0,224.75,117.5,86.75,97.0,99.75,96.75,97.0,111.0,176.25,199.5,348.5,143.5,113.0,136.0,122.75,65.25,23.5,2.25,0.0
월드컵경기장역,8,화요일,합계,0.0,0.0,33.25,136.5,365.5,701.75,296.25,246.5,207.75,213.0,239.5,232.5,256.5,356.25,389.5,610.25,246.0,182.5,195.0,150.0,76.25,23.75,2.75,0.0
월평역,1,금요일,승차,0.0,0.2,54.0,92.4,238.2,504.8,217.0,167.2,223.6,190.0,201.0,190.8,242.6,270.2,284.6,369.2,186.2,130.2,110.4,76.0,45.2,2.6,0.0,0.0
월평역,1,금요일,하차,0.0,0.0,14.4,30.2,85.4,250.6,142.6,123.6,162.4,184.8,193.8,192.8,239.8,297.0,342.4,520.6,234.0,174.0,171.6,144.0,113.0,6.8,0.0,0.0
월평역,1,금요일,합계,0.0,0.2,68.4,122.6,323.6,755.4,359.6,290.8,386.0,374.8,394.8,383.6,482.4,567.2,627.0,889.8,420.2,304.2,282.0,220.0,158.2,9.4,0.0,0.0
월평역,1,목요일,승차,0.0,0.4,51.6,88.2,198.0,426.6,184.8,138.8,143.4,163.4,181.4,168.6,164.0,189.0,213.8,265.6,119.8,91.8,94.4,62.8,36.2,1.4,0.0,0.0
월평역,1,목요일,하차,0.0,0.4,12.0,29.2,80.4,230.8,133.4,121.0,149.6,164.0,151.4,174.0,200.0,222.8,282.0,429.0,179.4,151.4,176.0,129.2,88.0,8.0,0.0,0.0
월평역,1,목요일,합계,0.0,0.8,63.6,117.4,278.4,657.4,318.2,259.8,293.0,327.4,332.8,342.6,364.0,411.8,495.8,694.6,299.2,243.2,270.4,192.0,124.2,9.4,0.0,0.0
월평역,1,수요일,승차,0.0,0.0,47.0,77.8,168.0,355.6,165.0,124.0,156.4,158.0,159.2,167.8,158.4,175.0,183.8,249.0,118.6,79.2,83.0,59.4,28.4,3.0,0.0,0.0
월평역,1,수요일,하차,0.0,0.0,11.4,26.2,68.6,200.8,123.2,104.6,123.8,139.2,141.6,160.2,184.2,202.8,248.8,353.2,172.6,144.4,176.8,136.2,92.0,7.4,0.0,0.0
월평역,1,수요일,합계,0.0,0.0,58.4,104.0,236.6,556.4,288.2,228.6,280.2,297.2,300.8,328.0,342.6,377.8,432.6,602.2,291.2,223.6,259.8,195.6,120.4,10.4,0.0,0.0
월평역,1,월요일,승차,0.0,0.25,54.75,93.0,200.0,416.5,205.75,149.75,162.25,182.75,226.0,189.25,198.0,213.25,219.5,281.25,126.25,92.0,88.0,65.25,30.0,0.5,0.0,0.0
월평역,1,월요일,하차,0.0,0.0,11.75,28.5,77.75,247.0,145.75,158.75,172.5,175.75,175.25,176.5,220.75,243.25,269.25,430.25,193.5,144.75,156.5,118.0,81.5,10.0,0.0,0.0
월평역,1,월요일,합계,0.0,0.25,66.5,121.5,277.75,663.5,351.5,308.5,334.75,358.5,401.25,365.75,418.75,456.5,488.75,711.5,319.75,236.75,244.5,183.25,111.5,10.5,0.0,0.0
월평역,1,일요일,승차,0.0,0.0,29.0,37.75,63.25,115.25,144.0,166.5,177.0,159.0,171.25,177.25,171.5,150.25,121.75,120.5,85.0,77.5,58.0,45.0,23.5,1.25,0.0,0.0
월평역,1,일요일,하차,0.0,0.0,8.5,13.0,20.25,52.0,61.0,86.75,114.5,132.5,170.25,167.75,194.75,177.5,230.75,171.75,153.5,141.25,156.5,137.5,84.75,10.0,0.0,0.0
월평역,1,일요일,합계,0.0,0.0,37.5,50.75,83.5,167.25,205.0,253.25,291.5,291.5,341.5,345.0,366.25,327.75,352.5,292.25,238.5,218.75,214.5,182.5,108.25,11.25,0.0,0.0
월평역,1,토요일,승차,0.0,0.0,51.75,69.25,122.25,181.0,214.25,205.75,227.0,211.75,221.0,211.5,217.25,218.5,231.0,159.0,129.5,115.75,91.0,69.0,35.25,2.75,0.0,0.0
월평역,1,토요일,하차,0.0,0.0,8.75,20.0,31.0,63.25,99.0,143.75,157.5,189.25,216.0,201.75,241.75,243.0,289.5,213.75,182.0,157.25,165.0,145.75,103.5,17.0,0.0,0.0
월평역,1,토요일,합계,0.0,0.0,60.5,89.25,153.25,244.25,313.25,349.5,384.5,401.0,437.0,413.25,459.0,461.5,520.5,372.75,311.5,273.0,256.0,214.75,138.75,19.75,0.0,0.0
월평역,1,화요일,승차,0.0,1.0,56.0,85.0,210.0,430.0,225.75,165.25,164.75,177.0,192.0,174.0,179.75,186.25,225.5,274.5,130.75,95.5,92.75,63.0,42.0,1.25,0.0,0.0
월평역,1,화요일,하차,0.0,1.0,9.25,28.75,82.25,236.0,131.25,121.75,157.75,152.5,162.0,188.5,193.25,222.25,272.5,415.25,191.75,156.75,143.0,129.25,90.0,8.25,0.0,0.0
월평역,1,화요일,합계,0.0,2.0,65.25,113.75,292.25,666.0,357.0,287.0,322.5,329.5,354.0,362.5,373.0,408.5,498.0,689.75,322.5,252.25,235.75,192.25,132.0,9.5,0.0,0.0
월평역,2,금요일,승차,0.0,0.0,56.25,108.25,254.25,528.0,246.25,181.75,176.5,187.0,216.25,204.0,223.5,268.25,312.0,427.25,197.25,151.25,117.75,92.0,53.5,2.5,0.0,0.0
월평역,2,금요일,하차,0.0,0.0,12.0,34.75,92.25,265.75,144.5,139.5,189.0,188.25,190.5,198.25,235.0,274.25,330.25,566.75,250.0,197.25,197.5,177.0,112.25,13.0,0.0,0.0
월평역,2,금요일,합계,0.0,0.0,68.25,143.0,346.5,793.75,390.75,321.25,365.5,375.25,406.75,402.25,458.5,542.5,642.25,994.0,447.25,348.5,315.25,269.0,165.75,15.5,0.0,0.0
월평역,2,목요일,승차,0.0,1.5,59.5,111.0,232.75,511.75,231.0,167.75,154.0,170.75,191.0,192.5,188.75,204.5,241.25,335.25,146.0,120.25,129.0,88.0,37.0,6.0,0.0,0.0
월평역,2,목요일,하차,0.0,1.5,11.5,34.0,96.25,276.75,151.75,112.5,144.75,178.0,162.0,175.5,208.75,244.0,297.0,516.5,218.5,184.75,200.5,164.5,98.25,12.0,0.0,0.0
월평역,2,목요일,합계,0.0,3.0,71.0,145.0,329.0,788.5,382.75,280.25,298.75,348.75,353.0,368.0,397.5,448.5,538.25,851.75,364.5,305.0,329.5,252.5,135.25,18.0,0.0,0.0
월평역,2,수요일,승차,0.0,0.0,57.25,111.0,245.25,535.75,225.0,168.5,182.0,174.25,185.0,175.0,162.0,203.25,238.5,322.75,154.0,106.0,116.0,76.25,35.75,3.0,0.0,0.0
월평역,2,수요일,하차,0.0,0.0,11.5,32.5,94.5,289.0,153.5,125.75,153.75,159.25,165.0,202.75,205.25,226.25,301.5,504.5,225.5,165.5,211.5,148.5,87.25,10.5,0.0,0.0
월평역,2,수요일,합계,0.0,0.0,68.75,143.5,339.75,824.75,378.5,294.25,335.75,333.5,350.0,377.75,367.25,429.5,540.0,827.25,379.5,271.5,327.5,224.75,123.0,13.5,0.0,0.0
월평역,2,월요일,승차,0.0,0.0,61.25,112.5,237.0,520.5,226.75,166.75,159.0,180.0,202.25,181.25,179.5,176.75,249.0,321.5,132.0,100.5,86.75,79.5,34.0,3.75,0.0,0.0
월평역,2,월요일,하차,0.0,0.0,14.0,27.75,98.5,288.0,152.0,144.5,162.5,185.25,179.5,190.75,232.5,245.75,308.75,521.25,215.25,175.75,172.75,123.75,97.0,8.5,0.0,0.0
월평역,2,월요일,합계,0.0,0.0,75.25,140.25,335.5,808.5,378.75,311.25,321.5,365.25,381.75,372.0,412.0,422.5,557.75,842.75,347.25,276.25,259.5,203.25,131.0,12.25,0.0,0.0
월평역,2,일요일,승차,0.0,0.25,26.25,41.5,67.25,120.25,142.0,171.5,166.0,169.5,155.5,184.75,150.75,140.25,125.5,129.0,82.5,69.75,65.25,43.0,24.25,11.75,0.0,0.0
월평역,2,일요일,하차,0.0,0.0,7.25,16.0,19.0,53.75,64.0,88.5,113.0,132.0,156.75,168.5,197.5,202.0,229.75,182.75,166.75,164.5,160.0,139.0,95.75,23.25,0.0,0.0
월평역,2,일요일,합계,0.0,0.25,33.5,57.5,86.25,174.0,206.0,260.0,279.0,301.5,312.25,353.25,348.25,342.25,355.25,311.75,249.25,234.25,225.25,182.0,120.0,35.0,0.0,0.0
월평역,2,토요일,승차,0.0,0.0,44.0,72.75,110.75,180.0,219.75,207.75,211.5,217.0,234.25,223.0,199.5,205.75,206.75,177.25,128.25,109.25,93.5,59.5,41.5,2.75,0.0,0.0
월평역,2,토요일,하차,0.0,0.0,8.5,23.5,36.0,66.0,103.25,121.25,168.25,194.75,207.25,207.25,234.5,247.0,322.75,239.75,187.5,184.25,166.25,145.0,117.0,14.0,0.0,0.0
월평역,2,토요일,합계,0.0,0.0,52.5,96.25,146.75,246.0,323.0,329.0,379.75,411.75,441.5,430.25,434.0,452.75,529.5,417.0,315.75,293.5,259.75,204.5,158.5,16.75,0.0,0.0
월평역,2,화요일,승차,0.0,0.0,61.5,96.5,243.0,531.0,235.5,146.75,159.75,183.5,190.75,177.5,171.25,210.25,241.5,333.25,138.75,103.75,104.0,80.5,40.5,3.0,0.0,0.0
월평역,2,화요일,하차,0.0,0.0,12.25,32.75,96.25,286.75,163.5,137.25,154.75,186.0,180.5,196.25,218.5,237.0,299.0,488.5,215.5,173.5,180.0,119.25,90.5,12.25,0.0,0.0
월평역,2,화요일,합계,0.0,0.0,73.75,129.25,339.25,817.75,399.0,284.0,314.5,369.5,371.25,373.75,389.75,447.25,540.5,821.75,354.25,277.25,284.0,199.75,131.0,15.25,0.0,0.0
월평역,3,금요일,승차,0.0,0.5,61.25,112.75,269.5,553.25,242.25,193.25,193.0,204.0,235.25,240.5,289.5,300.75,386.0,471.0,233.25,165.75,127.0,94.25,47.0,1.75,0.0,0.0
월평역,3,금요일,하차,0.0,0.0,13.75,29.75,112.75,305.0,187.25,166.75,161.5,193.0,201.0,207.0,242.25,271.75,370.0,539.25,257.0,222.25,221.0,205.25,115.75,14.5,0.0,0.0
월평역,3,금요일,합계,0.0,0.5,75.0,142.5,382.25,858.25,429.5,360.0,354.5,397.0,436.25,447.5,531.75,572.5,756.0,1010.25,490.25,388.0,348.0,299.5,162.75,16.25,0.0,0.0
월평역,3,목요일,승차,0.0,1.5,60.0,111.5,270.5,541.5,217.0,148.75,153.75,186.5,184.0,196.25,208.25,256.75,287.75,385.5,154.0,125.5,135.75,90.25,49.25,3.25,0.0,0.0
월평역,3,목요일,하차,0.0,1.25,10.75,29.5,113.25,332.5,237.0,152.75,164.25,181.0,187.75,166.75,216.0,238.25,300.25,486.5,219.0,166.5,190.5,145.5,98.0,9.0,0.0,0.0
월평역,3,목요일,합계,0.0,2.75,70.75,141.0,383.75,874.0,454.0,301.5,318.0,367.5,371.75,363.0,424.25,495.0,588.0,872.0,373.0,292.0,326.25,235.75,147.25,12.25,0.0,0.0
월평역,3,수요일,승차,0.0,0.25,56.75,114.5,271.25,519.75,230.25,140.25,155.75,153.75,187.75,180.25,188.75,241.0,265.25,363.75,159.25,108.25,106.5,82.0,39.0,1.25,0.0,0.0
월평역,3,수요일,하차,0.0,0.0,10.25,32.75,124.25,340.0,216.0,147.75,153.0,175.25,179.0,179.75,220.5,238.25,305.75,490.25,205.5,157.0,205.75,133.25,97.25,10.25,0.0,0.0
월평역,3,수요일,합계,0.0,0.25,67.0,147.25,395.5,859.75,446.25,288.0,308.75,329.0,366.75,360.0,409.25,479.25,571.0,854.0,364.75,265.25,312.25,215.25,136.25,11.5,0.0,0.0
월평역,3,월요일,승차,0.0,0.0,55.8,102.4,214.8,430.8,216.4,148.8,154.6,162.2,189.8,187.4,178.0,207.6,219.0,303.8,147.0,104.4,92.4,92.4,31.6,2.6,0.0,0.0
월평역,3,월요일,하차,0.0,0.0,12.4,27.2,100.4,296.6,231.6,176.4,182.4,212.4,179.8,176.0,232.4,238.2,287.6,424.8,195.6,173.8,168.4,135.8,88.8,10.8,0.0,0.0
월평역,3,월요일,합계,0.0,0.0,68.2,129.6,315.2,727.4,448.0,325.2,337.0,374.6,369.6,363.4,410.4,445.8,506.6,728.6,342.6,278.2,260.8,228.2,120.4,13.4,0.0,0.0
월평역,3,일요일,승차,0.0,0.0,25.4,47.0,67.6,128.8,163.2,168.0,171.8,200.0,179.6,189.4,169.8,145.2,134.8,121.6,105.4,83.0,71.6,48.8,27.6,0.8,0.0,0.0
월평역,3,일요일,하차,0.0,0.0,7.6,11.2,17.0,60.0,73.6,96.2,114.6,146.4,150.0,183.6,228.0,227.2,263.8,206.2,204.4,196.8,218.2,198.0,124.2,14.8,0.0,0.0
월평역,3,일요일,합계,0.0,0.0,33.0,58.2,84.6,188.8,236.8,264.2,286.4,346.4,329.6,373.0,397.8,372.4,398.6,327.8,309.8,279.8,289.8,246.8,151.8,15.6,0.0,0.0
월평역,3,토요일,승차,0.0,0.4,47.4,80.8,134.2,199.8,216.0,226.2,240.0,226.6,218.8,210.0,224.2,218.8,213.6,171.0,122.6,105.6,93.6,67.4,45.4,1.8,0.0,0.0
월평역,3,토요일,하차,0.0,0.0,12.4,19.6,33.2,83.6,110.8,140.0,159.6,194.2,201.2,221.0,225.0,238.4,266.4,241.8,196.4,188.0,182.0,149.6,122.2,15.0,0.0,0.0
월평역,3,토요일,합계,0.0,0.4,59.8,100.4,167.4,283.4,326.8,366.2,399.6,420.8,420.0,431.0,449.2,457.2,480.0,412.8,319.0,293.6,275.6,217.0,167.6,16.8,0.0,0.0
월평역,3,화요일,승차,0.0,0.0,58.5,114.75,284.25,548.0,253.0,154.5,137.25,159.5,165.5,166.5,178.75,221.25,244.0,345.0,146.75,111.0,108.5,91.5,41.25,1.0,0.0,0.0
월평역,3,화요일,하차,0.0,0.0,12.0,24.0,122.0,340.25,255.25,164.75,157.75,198.75,184.75,181.0,202.25,233.25,295.75,495.75,189.75,176.0,168.0,127.0,92.75,11.25,0.0,0.0
월평역,3,화요일,합계,0.0,0.0,70.5,138.75,406.25,888.25,508.25,319.25,295.0,358.25,350.25,347.5,381.0,454.5,539.75,840.75,336.5,287.0,276.5,218.5,134.0,12.25,0.0,0.0
월평역,4,금요일,승차,0.0,0.5,64.25,128.25,283.25,535.5,250.5,194.75,176.0,201.25,240.75,232.5,268.75,308.75,383.5,450.0,219.25,180.5,131.5,93.25,41.75,2.75,0.0,0.0
월평역,4,금요일,하차,0.0,0.0,12.5,33.0,117.25,298.25,193.75,151.0,179.5,200.25,189.5,207.5,241.25,287.5,339.75,559.5,247.75,204.5,215.75,213.75,126.25,13.5,0.0,0.0
월평역,4,금요일,합계,0.0,0.5,76.75,161.25,400.5,833.75,444.25,345.75,355.5,401.5,430.25,440.0,510.0,596.25,723.25,1009.5,467.0,385.0,347.25,307.0,168.0,16.25,0.0,0.0
월평역,4,목요일,승차,0.0,0.5,67.25,123.5,277.75,546.25,249.75,171.25,154.0,177.5,195.25,198.25,251.75,260.25,284.5,387.5,161.0,121.5,131.5,85.75,50.25,2.5,0.0,0.0
월평역,4,목요일,하차,0.0,0.0,14.5,31.25,127.0,327.75,213.5,163.75,168.5,192.5,212.25,185.75,223.5,256.0,304.5,498.25,223.0,192.75,184.25,149.75,104.75,14.5,0.0,0.0
월평역,4,목요일,합계,0.0,0.5,81.75,154.75,404.75,874.0,463.25,335.0,322.5,370.0,407.5,384.0,475.25,516.25,589.0,885.75,384.0,314.25,315.75,235.5,155.0,17.0,0.0,0.0
월평역,4,수요일,승차,0.0,0.2,67.2,121.0,289.6,527.8,240.6,172.4,160.0,172.0,186.0,184.2,212.4,258.2,266.2,370.4,172.4,120.0,119.0,86.8,38.6,1.6,0.0,0.0
월평역,4,수요일,하차,0.0,0.2,12.2,33.2,121.2,333.0,210.2,148.0,153.2,175.6,188.2,195.0,224.0,245.8,297.8,504.2,213.0,169.8,186.2,161.6,99.4,11.8,0.0,0.0
월평역,4,수요일,합계,0.0,0.4,79.4,154.2,410.8,860.8,450.8,320.4,313.2,347.6,374.2,379.2,436.4,504.0,564.0,874.6,385.4,289.8,305.2,248.4,138.0,13.4,0.0,0.0
월평역,4,월요일,승차,0.0,1.0,67.25,123.75,270.0,523.25,231.25,159.75,161.5,155.25,190.0,180.0,198.0,224.0,238.5,350.75,134.25,121.0,111.25,82.25,34.5,2.0,0.0,0.0
월평역,4,월요일,하차,0.0,1.0,13.0,32.5,119.25,354.5,247.0,193.5,201.5,216.5,206.75,201.25,210.75,237.5,298.25,495.5,204.25,163.75,180.25,127.5,86.25,12.0,0.0,0.0
월평역,4,월요일,합계,0.0,2.0,80.25,156.25,389.25,877.75,478.25,353.25,363.0,371.75,396.75,381.25,408.75,461.5,536.75,846.25,338.5,284.75,291.5,209.75,120.75,14.0,0.0,0.0
월평역,4,일요일,승차,0.0,0.0,29.25,58.25,77.25,132.0,159.0,170.25,158.25,173.75,158.0,174.0,166.25,149.75,149.0,120.25,97.75,82.5,70.75,51.0,22.25,1.75,0.0,0.0
월평역,4,일요일,하차,0.0,0.0,6.25,10.25,25.25,65.75,79.0,83.25,118.25,134.25,152.0,194.25,219.5,212.25,243.0,204.0,210.75,190.0,218.25,195.5,127.0,18.0,0.0,0.0
월평역,4,일요일,합계,0.0,0.0,35.5,68.5,102.5,197.75,238.0,253.5,276.5,308.0,310.0,368.25,385.75,362.0,392.0,324.25,308.5,272.5,289.0,246.5,149.25,19.75,0.0,0.0
월평역,4,토요일,승차,0.0,0.25,55.0,94.25,143.25,215.5,221.25,213.25,214.75,210.0,224.75,197.25,198.25,206.75,178.5,157.0,119.25,110.25,93.75,64.5,50.5,0.5,0.0,0.0
월평역,4,토요일,하차,0.0,0.0,10.0,19.5,44.25,98.0,100.75,157.5,159.75,187.75,193.5,205.25,219.25,210.75,252.5,223.75,192.0,172.5,180.25,149.0,120.0,15.75,0.0,0.0
월평역,4,토요일,합계,0.0,0.25,65.0,113.75,187.5,313.5,322.0,370.75,374.5,397.75,418.25,402.5,417.5,417.5,431.0,380.75,311.25,282.75,274.0,213.5,170.5,16.25,0.0,0.0
월평역,4,화요일,승차,0.0,0.2,64.0,115.4,274.8,548.4,243.8,154.2,151.4,162.6,190.8,182.0,209.8,225.0,254.2,340.8,153.6,134.2,122.6,97.4,45.4,1.8,0.0,0.0
월평역,4,화요일,하차,0.0,0.0,12.8,29.8,122.2,335.2,243.0,179.8,157.8,192.8,175.2,198.4,210.8,241.0,296.4,527.4,206.8,181.0,177.6,131.6,89.6,10.8,0.0,0.0
월평역,4,화요일,합계,0.0,0.2,76.8,145.2,397.0,883.6,486.8,334.0,309.2,355.4,366.0,380.4,420.6,466.0,550.6,868.2,360.4,315.2,300.2,229.0,135.0,12.6,0.0,0.0
월평역,5,금요일,승차,0.0,0.0,66.0,124.0,277.4,528.4,252.6,185.8,197.2,210.4,237.4,240.4,319.6,316.6,361.4,408.8,215.2,164.2,122.4,84.8,44.8,1.0,0.0,0.0
월평역,5,금요일,하차,0.0,0.0,13.2,33.2,112.2,298.2,182.4,162.0,156.8,203.0,192.0,200.8,238.2,259.2,333.2,511.2,259.0,190.8,227.6,192.6,117.6,12.6,0.0,0.0
월평역,5,금요일,합계,0.0,0.0,79.2,157.2,389.6,826.6,435.0,347.8,354.0,413.4,429.4,441.2,557.8,575.8,694.6,920.0,474.2,355.0,350.0,277.4,162.4,13.6,0.0,0.0
월평역,5,목요일,승차,0.0,0.2,68.0,117.4,260.2,483.4,245.0,173.6,168.4,191.6,192.6,182.8,207.0,253.4,282.2,345.0,160.2,130.2,129.6,71.6,38.6,2.8,0.0,0.0
월평역,5,목요일,하차,0.0,0.0,13.0,32.0,109.6,300.0,234.6,155.6,162.8,188.6,180.6,186.8,195.8,220.8,292.8,470.4,211.4,175.2,184.8,142.6,101.0,9.0,0.0,0.0
월평역,5,목요일,합계,0.0,0.2,81.0,149.4,369.8,783.4,479.6,329.2,331.2,380.2,373.2,369.6,402.8,474.2,575.0,815.4,371.6,305.4,314.4,214.2,139.6,11.8,0.0,0.0
월평역,5,수요일,승차,0.0,0.0,70.75,129.5,285.0,531.75,263.0,163.75,157.25,174.75,192.5,173.5,202.5,253.5,277.25,360.25,167.25,112.5,114.25,81.25,42.25,3.75,0.0,0.0
월평역,5,수요일,하차,0.0,0.0,14.0,32.75,127.5,334.25,249.25,171.75,180.0,189.75,185.5,200.5,224.25,253.25,326.0,488.25,199.5,163.0,211.0,173.75,119.5,14.25,0.0,0.0
월평역,5,수요일,합계,0.0,0.0,84.75,162.25,412.5,866.0,512.25,335.5,337.25,364.5,378.0,374.0,426.75,506.75,603.25,848.5,366.75,275.5,325.25,255.0,161.75,18.0,0.0,0.0
월평역,5,월요일,승차,0.0,0.0,64.0,113.25,226.0,431.5,221.75,164.75,159.0,171.0,193.75,185.5,191.0,211.5,230.25,299.25,130.75,99.75,113.75,68.5,35.5,1.5,0.0,0.0
월평역,5,월요일,하차,0.0,0.0,15.25,27.25,108.25,296.5,232.75,170.25,184.5,192.5,194.0,192.5,226.0,240.0,281.25,431.5,215.75,173.5,178.25,144.5,104.0,15.25,0.0,0.0
월평역,5,월요일,합계,0.0,0.0,79.25,140.5,334.25,728.0,454.5,335.0,343.5,363.5,387.75,378.0,417.0,451.5,511.5,730.75,346.5,273.25,292.0,213.0,139.5,16.75,0.0,0.0
월평역,5,일요일,승차,0.0,0.0,38.25,60.75,90.0,137.0,161.25,171.25,176.75,171.75,164.5,193.75,164.25,153.25,155.75,137.75,122.75,93.25,82.75,51.75,27.5,1.5,0.0,0.0
월평역,5,일요일,하차,0.0,0.0,9.5,13.75,29.75,63.5,79.0,104.5,113.0,127.25,158.25,183.5,207.5,214.25,251.0,210.75,222.5,193.0,219.5,198.75,130.0,21.0,0.0,0.0
월평역,5,일요일,합계,0.0,0.0,47.75,74.5,119.75,200.5,240.25,275.75,289.75,299.0,322.75,377.25,371.75,367.5,406.75,348.5,345.25,286.25,302.25,250.5,157.5,22.5,0.0,0.0
월평역,5,토요일,승차,0.0,0.0,61.4,88.4,142.4,193.8,220.0,197.0,220.0,233.8,225.4,209.6,206.4,211.6,198.8,181.8,133.6,108.0,91.6,67.0,43.2,2.6,0.0,0.0
월평역,5,토요일,하차,0.0,0.0,11.0,23.0,44.2,97.8,104.8,135.2,166.6,184.8,186.2,201.8,222.0,228.8,272.2,218.2,196.8,183.2,194.4,157.0,119.4,19.6,0.0,0.0
월평역,5,토요일,합계,0.0,0.0,72.4,111.4,186.6,291.6,324.8,332.2,386.6,418.6,411.6,411.4,428.4,440.4,471.0,400.0,330.4,291.2,286.0,224.0,162.6,22.2,0.0,0.0
월평역,5,화요일,승차,0.0,0.5,65.5,106.75,239.0,429.25,212.25,159.0,173.25,181.75,168.5,161.75,180.5,218.75,266.25,299.5,136.25,114.0,128.0,73.75,42.5,1.5,0.0,0.0
월평역,5,화요일,하차,0.0,0.5,15.75,26.0,104.25,278.0,218.0,154.75,154.0,170.25,169.0,198.5,213.75,237.75,286.5,448.75,227.25,193.75,197.25,154.0,129.75,18.5,0.0,0.0
월평역,5,화요일,합계,0.0,1.0,81.25,132.75,343.25,707.25,430.25,313.75,327.25,352.0,337.5,360.25,394.25,456.5,552.75,748.25,363.5,307.75,325.25,227.75,172.25,20.0,0.0,0.0
월평역,6,금요일,승차,0.0,0.75,65.75,117.75,227.5,425.75,217.0,164.0,187.5,185.0,194.0,206.75,239.0,264.0,288.75,340.25,194.75,150.25,112.0,79.5,50.75,2.75,0.0,0.0
월평역,6,금요일,하차,0.0,0.75,16.75,38.5,89.25,226.75,152.75,139.75,155.5,177.25,182.75,171.0,207.75,250.75,294.75,462.25,242.0,198.0,212.75,173.25,115.75,13.0,0.0,0.0
월평역,6,금요일,합계,0.0,1.5,82.5,156.25,316.75,652.5,369.75,303.75,343.0,362.25,376.75,377.75,446.75,514.75,583.5,802.5,436.75,348.25,324.75,252.75,166.5,15.75,0.0,0.0
월평역,6,목요일,승차,0.0,0.0,68.25,126.0,276.75,531.0,251.0,174.75,155.0,196.75,218.25,206.75,224.5,269.25,294.0,374.25,160.0,139.25,154.25,87.0,51.25,1.75,0.0,0.0
월평역,6,목요일,하차,0.0,0.0,15.75,37.0,117.5,320.25,219.0,172.0,162.5,200.75,191.75,188.75,218.75,243.25,286.25,519.0,242.5,192.25,206.0,168.0,110.25,12.75,0.0,0.0
월평역,6,목요일,합계,0.0,0.0,84.0,163.0,394.25,851.25,470.0,346.75,317.5,397.5,410.0,395.5,443.25,512.5,580.25,893.25,402.5,331.5,360.25,255.0,161.5,14.5,0.0,0.0
월평역,6,수요일,승차,0.0,0.0,74.0,126.75,288.75,515.75,243.75,164.75,165.25,165.75,191.0,159.0,193.5,228.75,259.0,341.0,161.5,118.5,102.5,91.0,45.25,2.25,0.0,0.0
월평역,6,수요일,하차,0.0,0.0,16.0,35.25,120.75,326.25,210.5,154.75,161.25,177.25,172.5,181.5,209.5,236.25,285.5,489.5,224.75,188.25,204.75,169.25,96.5,12.25,0.0,0.0
월평역,6,수요일,합계,0.0,0.0,90.0,162.0,409.5,842.0,454.25,319.5,326.5,343.0,363.5,340.5,403.0,465.0,544.5,830.5,386.25,306.75,307.25,260.25,141.75,14.5,0.0,0.0
월평역,6,월요일,승차,0.0,0.0,74.6,128.0,267.4,505.8,233.2,163.0,147.8,170.0,195.8,173.8,193.0,225.8,252.0,336.2,135.2,111.6,133.8,79.4,38.8,2.0,0.0,0.0
월평역,6,월요일,하차,0.0,0.0,14.6,37.2,113.6,343.6,218.4,176.6,182.0,198.0,181.8,197.0,214.8,256.8,294.6,488.8,229.4,188.8,182.2,132.8,90.6,10.6,0.0,0.0
월평역,6,월요일,합계,0.0,0.0,89.2,165.2,381.0,849.4,451.6,339.6,329.8,368.0,377.6,370.8,407.8,482.6,546.6,825.0,364.6,300.4,316.0,212.2,129.4,12.6,0.0,0.0
월평역,6,일요일,승차,0.0,0.6,33.4,48.6,78.6,133.6,148.2,152.4,162.2,160.4,142.8,165.0,139.4,141.4,128.2,127.2,89.6,72.2,69.8,48.2,25.6,1.6,0.0,0.0
월평역,6,일요일,하차,0.0,0.2,9.6,17.6,26.2,71.2,76.0,110.8,127.2,131.0,133.0,170.6,198.0,200.8,225.0,167.0,185.2,174.6,205.6,180.2,120.4,17.8,0.0,0.0
월평역,6,일요일,합계,0.0,0.8,43.0,66.2,104.8,204.8,224.2,263.2,289.4,291.4,275.8,335.6,337.4,342.2,353.2,294.2,274.8,246.8,275.4,228.4,146.0,19.4,0.0,0.0
월평역,6,토요일,승차,0.0,0.0,51.75,75.25,123.25,192.0,199.5,186.25,190.0,214.0,206.0,185.25,184.75,185.0,186.75,170.5,135.75,112.75,98.5,76.0,44.25,1.25,0.0,0.0
월평역,6,토요일,하차,0.0,0.0,12.0,23.5,38.75,84.0,90.75,122.0,171.5,191.25,173.5,182.5,210.0,208.25,254.25,208.25,194.5,179.0,169.75,156.25,127.5,18.5,0.0,0.0
월평역,6,토요일,합계,0.0,0.0,63.75,98.75,162.0,276.0,290.25,308.25,361.5,405.25,379.5,367.75,394.75,393.25,441.0,378.75,330.25,291.75,268.25,232.25,171.75,19.75,0.0,0.0
월평역,6,화요일,승차,0.0,0.25,66.75,103.25,235.25,450.25,213.5,163.25,175.0,175.5,185.0,173.5,180.5,210.25,239.0,274.5,128.75,109.75,111.0,73.0,37.5,1.75,0.0,0.0
월평역,6,화요일,하차,0.0,0.0,16.0,27.0,100.25,266.25,176.75,156.75,166.75,171.0,172.75,188.5,200.25,220.0,266.0,432.25,199.5,177.75,177.25,153.0,89.25,10.5,0.0,0.0
월평역,6,화요일,합계,0.0,0.25,82.75,130.25,335.5,716.5,390.25,320.0,341.75,346.5,357.75,362.0,380.75,430.25,505.0,706.75,328.25,287.5,288.25,226.0,126.75,12.25,0.0,0.0
월평역,7,금요일,승차,0.0,1.0,66.75,118.75,264.75,515.25,214.0,173.75,165.0,179.0,177.5,198.5,231.5,258.25,324.5,383.0,201.0,148.25,123.5,85.0,45.25,1.75,0.0,0.0
월평역,7,금요일,하차,0.0,1.0,17.0,35.75,116.5,278.75,163.0,144.5,161.0,178.0,184.25,170.25,192.0,255.25,309.0,509.25,259.5,195.25,208.5,167.5,113.25,13.0,0.0,0.0
월평역,7,금요일,합계,0.0,2.0,83.75,154.5,381.25,794.0,377.0,318.25,326.0,357.0,361.75,368.75,423.5,513.5,633.5,892.25,460.5,343.5,332.0,252.5,158.5,14.75,0.0,0.0
월평역,7,목요일,승차,0.0,0.0,72.4,117.2,267.0,479.6,221.8,165.2,149.0,160.8,179.4,162.8,181.4,207.0,256.2,309.6,128.0,108.0,136.6,76.0,35.0,1.6,0.0,0.0
월평역,7,목요일,하차,0.0,0.0,16.8,37.8,106.6,295.2,176.2,136.0,148.6,163.4,176.8,161.6,182.4,221.4,277.2,477.2,229.6,188.8,192.6,138.0,101.8,13.0,0.0,0.0
월평역,7,목요일,합계,0.0,0.0,89.2,155.0,373.6,774.8,398.0,301.2,297.6,324.2,356.2,324.4,363.8,428.4,533.4,786.8,357.6,296.8,329.2,214.0,136.8,14.6,0.0,0.0
월평역,7,수요일,승차,0.0,0.0,73.4,115.2,269.6,510.6,224.6,166.6,150.0,153.6,160.0,155.4,171.0,189.0,250.8,301.0,144.2,106.0,106.2,70.2,37.4,0.8,0.0,0.0
월평역,7,수요일,하차,0.0,0.0,15.4,35.2,114.2,282.2,161.8,129.6,141.8,159.2,152.4,168.8,191.2,216.0,275.2,463.2,208.2,165.0,215.0,162.2,91.6,6.6,0.0,0.0
월평역,7,수요일,합계,0.0,0.0,88.8,150.4,383.8,792.8,386.4,296.2,291.8,312.8,312.4,324.2,362.2,405.0,526.0,764.2,352.4,271.0,321.2,232.4,129.0,7.4,0.0,0.0
월평역,7,월요일,승차,0.0,0.5,71.0,126.5,248.5,485.75,217.75,155.5,150.25,165.0,174.5,169.75,174.5,195.75,233.25,311.0,135.75,107.5,118.5,61.5,36.25,1.25,0.0,0.0
월평역,7,월요일,하차,0.0,0.0,17.25,36.0,112.25,317.75,194.0,169.0,160.75,168.5,159.25,191.5,209.25,228.5,274.0,488.5,219.75,164.75,178.75,124.25,89.5,8.5,0.0,0.0
월평역,7,월요일,합계,0.0,0.5,88.25,162.5,360.75,803.5,411.75,324.5,311.0,333.5,333.75,361.25,383.75,424.25,507.25,799.5,355.5,272.25,297.25,185.75,125.75,9.75,0.0,0.0
월평역,7,일요일,승차,0.0,0.0,37.75,57.25,77.25,115.75,143.0,159.0,159.25,153.5,147.75,152.25,139.5,135.5,137.75,126.0,89.75,78.5,69.75,39.75,24.0,2.5,0.0,0.0
월평역,7,일요일,하차,0.0,0.0,8.25,15.25,30.0,60.0,81.5,96.5,97.5,124.5,128.5,170.5,175.0,181.75,207.5,168.5,175.0,164.25,190.0,161.0,115.25,14.25,0.0,0.0
월평역,7,일요일,합계,0.0,0.0,46.0,72.5,107.25,175.75,224.5,255.5,256.75,278.0,276.25,322.75,314.5,317.25,345.25,294.5,264.75,242.75,259.75,200.75,139.25,16.75,0.0,0.0
월평역,7,토요일,승차,0.0,0.0,57.25,83.25,120.0,175.5,209.25,201.25,205.0,187.75,193.5,182.5,187.75,179.25,202.5,154.25,123.25,106.0,97.25,67.5,40.25,2.0,0.0,0.0
월평역,7,토요일,하차,0.0,0.0,11.25,21.0,47.5,89.75,97.5,146.0,156.75,186.5,174.25,195.0,204.5,217.25,248.5,201.5,164.75,174.25,169.0,172.75,126.75,15.25,0.0,0.0
월평역,7,토요일,합계,0.0,0.0,68.5,104.25,167.5,265.25,306.75,347.25,361.75,374.25,367.75,377.5,392.25,396.5,451.0,355.75,288.0,280.25,266.25,240.25,167.0,17.25,0.0,0.0
월평역,7,화요일,승차,0.0,0.0,68.8,113.6,259.4,516.2,220.2,155.2,152.6,165.6,166.8,162.6,159.4,200.6,261.8,307.8,131.6,106.0,130.4,76.0,30.0,2.6,0.0,0.0
월평역,7,화요일,하차,0.0,0.0,17.8,35.0,112.8,308.6,164.8,146.8,149.4,158.6,177.0,167.0,179.4,220.6,287.8,488.0,215.6,173.0,178.2,143.6,100.4,6.8,0.0,0.0
월평역,7,화요일,합계,0.0,0.0,86.6,148.6,372.2,824.8,385.0,302.0,302.0,324.2,343.8,329.6,338.8,421.2,549.6,795.8,347.2,279.0,308.6,219.6,130.4,9.4,0.0,0.0
월평역,8,금요일,승차,0.0,1.2,66.8,100.4,226.0,411.2,198.6,181.4,171.2,169.0,183.8,197.0,203.8,245.0,310.2,349.0,192.6,148.4,131.6,111.2,52.8,3.6,0.8,0.0
월평역,8,금요일,하차,0.0,1.2,13.0,32.2,91.2,217.8,136.4,131.8,145.2,159.2,165.6,166.2,196.8,223.2,298.4,425.8,258.6,197.4,220.4,180.6,143.6,42.6,21.4,0.0
월평역,8,금요일,합계,0.0,2.4,79.8,132.6,317.2,629.0,335.0,313.2,316.4,328.2,349.4,363.2,400.6,468.2,608.6,774.8,451.2,345.8,352.0,291.8,196.4,46.2,22.2,0.0
월평역,8,목요일,승차,0.0,0.25,66.0,110.75,284.0,483.75,223.5,161.75,171.0,182.25,177.75,178.5,198.75,222.75,264.0,341.75,164.25,124.25,122.5,82.75,35.25,5.0,0.25,0.0
월평역,8,목요일,하차,0.0,0.0,16.75,33.25,111.5,268.0,165.0,158.5,155.5,160.0,185.0,176.5,200.5,233.25,299.5,461.25,245.25,189.25,179.75,173.25,115.0,42.5,5.25,0.0
월평역,8,목요일,합계,0.0,0.25,82.75,144.0,395.5,751.75,388.5,320.25,326.5,342.25,362.75,355.0,399.25,456.0,563.5,803.0,409.5,313.5,302.25,256.0,150.25,47.5,5.5,0.0
월평역,8,수요일,승차,0.0,0.25,70.25,115.0,262.0,488.25,198.25,158.5,193.75,172.5,172.25,166.25,168.75,204.5,263.25,301.75,149.0,112.5,103.0,81.0,32.0,5.75,0.0,0.0
월평역,8,수요일,하차,0.0,0.0,14.5,32.0,113.5,265.5,153.25,131.25,147.5,155.75,157.25,173.75,202.0,230.5,288.75,483.75,221.5,181.25,194.25,184.75,106.5,34.25,3.0,0.0
월평역,8,수요일,합계,0.0,0.25,84.75,147.0,375.5,753.75,351.5,289.75,341.25,328.25,329.5,340.0,370.75,435.0,552.0,785.5,370.5,293.75,297.25,265.75,138.5,40.0,3.0,0.0
월평역,8,월요일,승차,0.0,0.0,70.5,126.75,259.5,448.75,219.0,153.0,148.75,155.75,163.75,165.5,162.25,178.75,239.5,296.25,129.0,103.0,112.75,71.75,32.75,2.0,0.25,0.0
월평역,8,월요일,하차,0.0,0.0,17.75,36.25,106.0,275.25,166.25,161.75,155.0,159.5,156.0,172.5,192.5,226.5,293.25,473.25,227.5,164.25,177.0,126.0,98.0,25.0,2.75,0.0
월평역,8,월요일,합계,0.0,0.0,88.25,163.0,365.5,724.0,385.25,314.75,303.75,315.25,319.75,338.0,354.75,405.25,532.75,769.5,356.5,267.25,289.75,197.75,130.75,27.0,3.0,0.0
월평역,8,일요일,승차,0.0,0.2,39.4,56.8,75.2,126.6,149.2,152.4,153.8,151.4,149.8,159.0,147.8,133.4,138.8,138.6,97.2,88.6,68.6,50.4,26.4,1.6,0.0,0.0
월평역,8,일요일,하차,0.0,0.0,7.8,17.4,29.4,52.0,70.8,98.2,113.2,118.6,121.2,169.0,179.8,189.6,214.6,178.8,185.0,169.0,211.6,180.2,123.0,44.0,4.4,0.0
월평역,8,일요일,합계,0.0,0.2,47.2,74.2,104.6,178.6,220.0,250.6,267.0,270.0,271.0,328.0,327.6,323.0,353.4,317.4,282.2,257.6,280.2,230.6,149.4,45.6,4.4,0.0
월평역,8,토요일,승차,0.0,0.0,64.8,79.8,128.0,180.0,198.6,197.0,217.6,191.6,196.2,184.6,184.0,211.0,188.2,161.8,137.0,127.0,106.0,78.0,38.6,3.0,0.2,0.0
월평역,8,토요일,하차,0.0,0.0,12.6,24.2,45.2,90.2,111.4,137.0,155.0,178.6,185.4,178.8,191.4,196.6,254.8,221.0,220.2,184.2,191.6,155.6,140.0,44.6,8.0,0.0
월평역,8,토요일,합계,0.0,0.0,77.4,104.0,173.2,270.2,310.0,334.0,372.6,370.2,381.6,363.4,375.4,407.6,443.0,382.8,357.2,311.2,297.6,233.6,178.6,47.6,8.2,0.0
월평역,8,화요일,승차,0.0,0.0,66.75,108.75,266.25,493.25,234.5,154.5,153.5,176.25,175.5,160.25,171.0,211.25,256.0,314.75,136.25,104.25,112.25,76.75,31.75,3.0,0.0,0.0
월평역,8,화요일,하차,0.0,0.0,18.0,32.0,114.5,278.5,167.5,144.0,150.25,155.5,171.0,148.75,197.75,220.5,299.75,472.25,239.25,171.5,170.0,157.75,101.75,20.0,3.0,0.0
월평역,8,화요일,합계,0.0,0.0,84.75,140.75,380.75,771.75,402.0,298.5,303.75,331.75,346.5,309.0,368.75,431.75,555.75,787.0,375.5,275.75,282.25,234.5,133.5,23.0,3.0,0.0
유성온천역,1,금요일,승차,0.0,0.0,89.6,207.6,624.2,1259.0,488.4,424.4,419.0,530.6,551.2,556.4,624.6,692.8,805.0,889.2,489.0,376.2,357.6,245.8,176.4,6.2,0.0,0.0
유성온천역,1,금요일,하차,0.0,0.0,63.8,129.6,268.4,739.0,499.6,421.0,448.6,477.8,498.0,570.0,600.0,708.8,1022.4,1576.8,742.0,477.2,479.2,421.2,235.2,22.8,0.0,0.0
유성온천역,1,금요일,합계,0.0,0.0,153.4,337.2,892.6,1998.0,988.0,845.4,867.6,1008.4,1049.2,1126.4,1224.6,1401.6,1827.4,2466.0,1231.0,853.4,836.8,667.0,411.6,29.0,0.0,0.0
유성온천역,1,목요일,승차,0.0,0.0,75.8,197.6,554.0,1090.2,424.4,366.8,399.4,441.0,485.8,482.4,524.2,595.0,650.6,693.6,356.2,336.6,313.6,206.4,125.4,3.0,0.0,0.0
유성온천역,1,목요일,하차,0.0,0.0,53.8,120.4,251.6,645.6,434.6,406.6,434.8,426.8,434.0,486.6,475.4,579.2,795.8,1299.6,571.8,415.2,416.4,367.4,214.4,18.4,0.0,0.0
유성온천역,1,목요일,합계,0.0,0.0,129.6,318.0,805.6,1735.8,859.0,773.4,834.2,867.8,919.8,969.0,999.6,1174.2,1446.4,1993.2,928.0,751.8,730.0,573.8,339.8,21.4,0.0,0.0
유성온천역,1,수요일,승차,0.0,0.2,75.6,170.4,470.6,906.8,388.4,344.2,394.8,423.4,438.8,436.8,474.6,503.6,552.0,600.4,326.4,288.4,287.8,185.6,111.0,4.8,0.0,0.0
유성온천역,1,수요일,하차,0.0,0.0,60.6,106.2,202.6,537.4,370.2,337.6,383.6,399.2,371.6,453.8,445.0,557.2,663.6,1085.0,533.8,381.8,384.2,364.0,188.4,21.2,0.0,0.0
유성온천역,1,수요일,합계,0.0,0.2,136.2,276.6,673.2,1444.2,758.6,681.8,778.4,822.6,810.4,890.6,919.6,1060.8,1215.6,1685.4,860.2,670.2,672.0,549.6,299.4,26.0,0.0,0.0
유성온천역,1,월요일,승차,0.0,0.0,91.25,206.5,548.75,1049.25,481.25,431.0,434.5,501.5,523.75,513.5,561.25,654.75,683.0,701.0,376.5,312.0,294.0,206.0,121.5,4.0,0.0,0.0
유성온천역,1,월요일,하차,0.0,0.0,62.5,117.75,250.0,677.5,488.25,437.5,478.5,473.0,472.25,500.25,544.5,630.0,773.0,1249.5,567.5,363.75,377.0,341.5,202.75,16.75,0.0,0.0
유성온천역,1,월요일,합계,0.0,0.0,153.75,324.25,798.75,1726.75,969.5,868.5,913.0,974.5,996.0,1013.75,1105.75,1284.75,1456.0,1950.5,944.0,675.75,671.0,547.5,324.25,20.75,0.0,0.0
유성온천역,1,일요일,승차,0.0,0.0,57.25,95.25,144.0,257.0,300.0,404.0,417.25,459.5,451.0,476.0,477.25,480.75,464.75,378.0,324.75,264.5,230.0,160.0,98.5,4.25,0.0,0.0
유성온천역,1,일요일,하차,0.0,0.0,45.25,94.5,96.5,200.5,249.25,292.75,313.25,393.25,410.5,491.5,482.75,564.5,550.25,490.5,376.0,383.25,354.5,288.75,178.75,23.25,0.0,0.0
유성온천역,1,일요일,합계,0.0,0.0,102.5,189.75,240.5,457.5,549.25,696.75,730.5,852.75,861.5,967.5,960.0,1045.25,1015.0,868.5,700.75,647.75,584.5,448.75,277.25,27.5,0.0,0.0
유성온천역,1,토요일,승차,0.0,0.25,72.5,130.0,244.25,369.75,449.75,511.5,575.5,593.25,651.75,611.5,638.75,610.0,622.5,465.0,358.25,349.25,323.25,228.5,164.5,5.25,0.0,0.0
유성온천역,1,토요일,하차,0.0,0.0,63.75,109.0,127.0,356.25,419.25,435.0,521.75,548.0,536.25,581.25,580.0,763.0,815.0,701.0,477.5,399.0,386.25,331.5,230.75,30.75,0.0,0.0
유성온천역,1,토요일,합계,0.0,0.25,136.25,239.0,371.25,726.0,869.0,946.5,1097.25,1141.25,1188.0,1192.75,1218.75,1373.0,1437.5,1166.0,835.75,748.25,709.5,560.0,395.25,36.0,0.0,0.0
유성온천역,1,화요일,승차,0.0,0.25,86.25,196.0,564.25,1118.0,438.25,415.25,415.75,446.5,513.25,496.5,498.5,570.25,661.5,678.75,335.5,317.0,304.5,200.0,112.5,4.5,0.0,0.0
유성온천역,1,화요일,하차,0.0,0.0,62.75,115.75,221.0,644.25,467.0,402.75,446.75,439.0,409.75,468.5,498.75,560.0,777.75,1241.25,531.75,411.75,379.25,357.0,196.25,19.25,0.0,0.0
유성온천역,1,화요일,합계,0.0,0.25,149.0,311.75,785.25,1762.25,905.25,818.0,862.5,885.5,923.0,965.0,997.25,1130.25,1439.25,1920.0,867.25,728.75,683.75,557.0,308.75,23.75,0.0,0.0
유성온천역,2,금요일,승차,0.0,0.25,85.0,217.0,684.75,1371.25,524.25,499.75,480.5,579.0,613.75,583.0,665.0,750.75,944.0,980.5,527.5,461.75,406.75,268.0,188.25,8.75,0.0,0.0
유성온천역,2,금요일,하차,0.0,0.0,75.5,122.5,294.5,819.0,499.0,449.75,532.75,503.75,556.5,623.0,637.25,748.5,1092.0,1672.75,803.75,528.5,479.75,474.5,269.25,33.75,0.0,0.0
유성온천역,2,금요일,합계,0.0,0.25,160.5,339.5,979.25,2190.25,1023.25,949.5,1013.25,1082.75,1170.25,1206.0,1302.25,1499.25,2036.0,2653.25,1331.25,990.25,886.5,742.5,457.5,42.5,0.0,0.0
유성온천역,2,목요일,승차,0.0,0.0,95.0,212.75,675.75,1359.0,535.25,450.5,454.5,530.25,594.75,569.0,586.0,671.75,789.75,855.0,445.75,373.0,377.25,243.25,153.25,4.75,0.0,0.0
유성온천역,2,목요일,하차,0.0,0.0,68.5,131.0,305.25,814.25,499.75,472.5,518.25,491.5,492.25,571.5,549.25,675.75,918.75,1491.75,693.0,490.75,469.25,455.0,238.25,23.5,0.0,0.0
유성온천역,2,목요일,합계,0.0,0.0,163.5,343.75,981.0,2173.25,1035.0,923.0,972.75,1021.75,1087.0,1140.5,1135.25,1347.5,1708.5,2346.75,1138.75,863.75,846.5,698.25,391.5,28.25,0.0,0.0
유성온천역,2,수요일,승차,0.0,0.0,88.75,208.5,692.25,1437.75,542.0,427.0,450.25,519.0,543.75,528.75,557.75,617.5,770.25,852.5,415.0,360.75,348.75,211.0,123.75,4.5,0.0,0.0
유성온천역,2,수요일,하차,0.0,0.0,59.0,133.25,291.25,817.25,517.75,408.75,456.75,448.75,493.25,548.0,550.0,636.25,874.0,1537.25,645.0,448.0,460.0,429.0,226.5,16.75,0.0,0.0
유성온천역,2,수요일,합계,0.0,0.0,147.75,341.75,983.5,2255.0,1059.75,835.75,907.0,967.75,1037.0,1076.75,1107.75,1253.75,1644.25,2389.75,1060.0,808.75,808.75,640.0,350.25,21.25,0.0,0.0
유성온천역,2,월요일,승차,0.0,0.5,103.0,228.25,655.0,1309.0,533.0,447.25,458.5,541.25,592.5,573.0,589.5,644.0,732.75,819.75,422.0,338.5,297.5,176.0,121.25,3.75,0.0,0.0
유성온천역,2,월요일,하차,0.0,0.0,72.25,121.0,310.25,833.25,535.75,472.25,513.75,506.75,538.5,582.5,555.25,631.0,869.0,1478.25,661.5,452.0,398.75,373.5,224.25,18.5,0.0,0.0
유성온천역,2,월요일,합계,0.0,0.5,175.25,349.25,965.25,2142.25,1068.75,919.5,972.25,1048.0,1131.0,1155.5,1144.75,1275.0,1601.75,2298.0,1083.5,790.5,696.25,549.5,345.5,22.25,0.0,0.0
유성온천역,2,일요일,승차,0.0,1.0,58.25,98.5,148.75,297.5,331.25,407.5,459.25,482.0,522.25,480.5,498.25,522.75,469.25,415.75,330.75,274.0,246.25,141.5,90.5,4.75,0.0,0.0
유성온천역,2,일요일,하차,0.0,0.0,50.0,94.5,109.25,183.5,260.0,323.0,366.0,423.0,425.5,540.75,533.5,681.75,557.75,514.0,440.0,355.75,388.5,330.75,183.0,20.5,0.0,0.0
유성온천역,2,일요일,합계,0.0,1.0,108.25,193.0,258.0,481.0,591.25,730.5,825.25,905.0,947.75,1021.25,1031.75,1204.5,1027.0,929.75,770.75,629.75,634.75,472.25,273.5,25.25,0.0,0.0
유성온천역,2,토요일,승차,0.0,0.25,77.5,129.75,239.0,384.0,452.75,530.0,594.5,682.5,755.5,681.0,657.5,674.0,662.5,503.75,412.5,381.25,326.25,212.5,160.25,2.0,0.0,0.0
유성온천역,2,토요일,하차,0.0,0.0,58.75,114.0,142.25,387.5,433.0,459.25,555.0,561.25,589.0,577.0,680.75,886.25,876.75,785.75,526.25,455.5,412.25,347.75,246.75,27.5,0.0,0.0
유성온천역,2,토요일,합계,0.0,0.25,136.25,243.75,381.25,771.5,885.75,989.25,1149.5,1243.75,1344.5,1258.0,1338.25,1560.25,1539.25,1289.5,938.75,836.75,738.5,560.25,407.0,29.5,0.0,0.0
유성온천역,2,화요일,승차,0.0,0.0,96.0,211.75,659.25,1348.75,517.75,460.5,454.25,576.25,581.25,551.75,621.25,655.0,748.25,827.25,439.25,351.75,344.25,229.25,128.5,2.75,0.0,0.0
유성온천역,2,화요일,하차,0.0,0.0,65.0,130.0,285.75,849.25,543.25,472.25,504.25,470.75,501.0,516.0,564.75,616.0,933.0,1470.5,647.0,464.5,446.5,376.0,214.5,25.25,0.0,0.0
유성온천역,2,화요일,합계,0.0,0.0,161.0,341.75,945.0,2198.0,1061.0,932.75,958.5,1047.0,1082.25,1067.75,1186.0,1271.0,1681.25,2297.75,1086.25,816.25,790.75,605.25,343.0,28.0,0.0,0.0
유성온천역,3,금요일,승차,0.0,0.25,99.5,218.0,756.0,1345.25,531.25,446.25,454.5,567.0,612.25,724.0,759.0,863.25,1037.0,1092.0,599.0,474.25,432.75,281.75,206.25,6.75,0.0,0.0
유성온천역,3,금요일,하차,0.0,0.0,82.25,146.5,343.0,878.25,566.5,493.25,502.75,503.25,553.5,613.75,649.5,824.0,1070.0,1660.0,851.0,527.5,564.75,529.25,305.5,35.0,0.0,0.0
유성온천역,3,금요일,합계,0.0,0.25,181.75,364.5,1099.0,2223.5,1097.75,939.5,957.25,1070.25,1165.75,1337.75,1408.5,1687.25,2107.0,2752.0,1450.0,1001.75,997.5,811.0,511.75,41.75,0.0,0.0
유성온천역,3,목요일,승차,0.0,0.5,101.5,227.25,733.25,1330.25,526.0,403.75,397.25,483.75,530.5,562.25,621.0,796.5,826.5,946.5,479.25,416.5,395.75,247.0,151.0,3.0,0.0,0.0
유성온천역,3,목요일,하차,0.0,0.0,69.25,134.0,365.75,913.0,635.5,459.75,496.25,462.75,529.5,510.75,507.0,660.25,925.75,1439.75,665.0,435.0,471.5,432.25,236.5,15.25,0.0,0.0
유성온천역,3,목요일,합계,0.0,0.5,170.75,361.25,1099.0,2243.25,1161.5,863.5,893.5,946.5,1060.0,1073.0,1128.0,1456.75,1752.25,2386.25,1144.25,851.5,867.25,679.25,387.5,18.25,0.0,0.0
유성온천역,3,수요일,승차,0.0,0.0,89.25,227.5,737.0,1357.75,504.25,380.5,432.75,464.75,482.0,512.0,595.0,734.5,846.5,933.5,431.5,370.0,370.5,235.25,148.5,3.75,0.0,0.0
유성온천역,3,수요일,하차,0.0,0.0,74.0,122.75,354.5,939.0,645.75,474.5,439.25,456.0,490.0,505.5,509.25,643.75,897.25,1459.25,607.25,415.0,465.5,387.5,240.0,19.5,0.0,0.0
유성온천역,3,수요일,합계,0.0,0.0,163.25,350.25,1091.5,2296.75,1150.0,855.0,872.0,920.75,972.0,1017.5,1104.25,1378.25,1743.75,2392.75,1038.75,785.0,836.0,622.75,388.5,23.25,0.0,0.0
유성온천역,3,월요일,승차,0.0,0.0,101.0,210.0,626.4,1106.2,461.2,410.6,396.0,477.6,493.0,506.0,578.6,708.4,750.0,810.8,416.0,339.6,302.2,192.0,136.8,4.6,0.0,0.0
유성온천역,3,월요일,하차,0.0,0.0,68.6,114.8,315.8,794.0,610.2,471.0,502.6,500.8,521.0,543.4,534.2,647.0,790.8,1245.8,590.6,433.2,433.4,333.8,191.8,18.0,0.0,0.0
유성온천역,3,월요일,합계,0.0,0.0,169.6,324.8,942.2,1900.2,1071.4,881.6,898.6,978.4,1014.0,1049.4,1112.8,1355.4,1540.8,2056.6,1006.6,772.8,735.6,525.8,328.6,22.6,0.0,0.0
유성온천역,3,일요일,승차,0.0,0.4,55.4,92.2,157.6,296.2,347.0,417.2,465.4,487.2,534.0,499.8,503.6,511.6,510.4,434.2,345.2,299.8,254.4,147.8,96.2,4.6,0.0,0.0
유성온천역,3,일요일,하차,0.0,0.0,51.8,85.4,121.8,198.4,278.8,337.0,381.2,429.4,480.2,558.2,524.2,660.2,612.0,582.2,474.0,428.8,428.8,375.4,221.0,29.4,0.0,0.0
유성온천역,3,일요일,합계,0.0,0.4,107.2,177.6,279.4,494.6,625.8,754.2,846.6,916.6,1014.2,1058.0,1027.8,1171.8,1122.4,1016.4,819.2,728.6,683.2,523.2,317.2,34.0,0.0,0.0
유성온천역,3,토요일,승차,0.0,0.4,94.2,152.2,254.0,407.8,493.2,563.0,643.4,714.0,700.2,651.0,706.8,691.0,633.4,492.8,393.4,378.0,354.6,220.4,168.4,5.2,0.0,0.0
유성온천역,3,토요일,하차,0.0,0.0,66.0,104.6,161.2,402.8,491.2,470.8,544.4,639.2,592.6,597.6,584.2,783.8,797.0,811.2,578.8,467.0,401.2,357.4,264.8,34.6,0.0,0.0
유성온천역,3,토요일,합계,0.0,0.4,160.2,256.8,415.2,810.6,984.4,1033.8,1187.8,1353.2,1292.8,1248.6,1291.0,1474.8,1430.4,1304.0,972.2,845.0,755.8,577.8,433.2,39.8,0.0,0.0
유성온천역,3,화요일,승차,0.0,0.0,100.75,221.0,737.75,1346.5,510.25,392.5,375.75,447.75,493.0,486.75,552.75,785.5,760.25,897.25,409.75,374.25,361.0,241.5,144.5,5.25,0.0,0.0
유성온천역,3,화요일,하차,0.0,0.0,77.75,121.75,348.25,961.0,670.25,463.75,492.0,436.25,469.0,477.5,534.75,603.25,824.0,1469.5,629.75,454.75,421.0,341.75,189.0,16.25,0.0,0.0
유성온천역,3,화요일,합계,0.0,0.0,178.5,342.75,1086.0,2307.5,1180.5,856.25,867.75,884.0,962.0,964.25,1087.5,1388.75,1584.25,2366.75,1039.5,829.0,782.0,583.25,333.5,21.5,0.0,0.0
유성온천역,4,금요일,승차,0.0,0.5,97.0,234.25,718.0,1358.75,522.75,455.75,435.5,559.75,587.25,673.5,730.25,856.5,1031.0,1045.0,593.75,465.0,413.75,301.0,213.75,5.5,0.0,0.0
유성온천역,4,금요일,하차,0.0,0.0,79.25,136.25,357.0,872.25,581.75,462.5,469.75,503.25,542.5,601.0,652.75,739.5,1109.75,1655.75,830.5,534.25,488.25,581.0,296.25,38.0,0.0,0.0
유성온천역,4,금요일,합계,0.0,0.5,176.25,370.5,1075.0,2231.0,1104.5,918.25,905.25,1063.0,1129.75,1274.5,1383.0,1596.0,2140.75,2700.75,1424.25,999.25,902.0,882.0,510.0,43.5,0.0,0.0
유성온천역,4,목요일,승차,0.0,1.0,94.5,240.0,746.0,1359.0,514.5,420.25,414.25,460.25,522.75,536.0,592.0,833.25,856.5,938.0,461.25,404.75,377.5,235.5,148.0,3.25,0.0,0.0
유성온천역,4,목요일,하차,0.0,0.0,79.75,132.75,377.75,911.25,642.5,481.75,484.5,491.75,506.25,499.5,533.5,647.75,892.25,1449.5,625.0,455.25,449.75,457.75,217.0,16.5,0.0,0.0
유성온천역,4,목요일,합계,0.0,1.0,174.25,372.75,1123.75,2270.25,1157.0,902.0,898.75,952.0,1029.0,1035.5,1125.5,1481.0,1748.75,2387.5,1086.25,860.0,827.25,693.25,365.0,19.75,0.0,0.0
유성온천역,4,수요일,승차,0.0,0.2,89.6,244.2,743.2,1362.6,499.0,407.8,400.6,498.8,506.0,514.2,648.6,748.8,832.8,933.6,442.8,382.2,372.2,244.0,157.2,4.4,0.0,0.0
유성온천역,4,수요일,하차,0.0,0.0,68.4,140.4,360.6,906.4,642.0,469.0,451.0,445.0,531.0,551.0,534.6,616.2,883.6,1470.4,640.4,444.6,444.6,462.4,235.4,24.2,0.0,0.0
유성온천역,4,수요일,합계,0.0,0.2,158.0,384.6,1103.8,2269.0,1141.0,876.8,851.6,943.8,1037.0,1065.2,1183.2,1365.0,1716.4,2404.0,1083.2,826.8,816.8,706.4,392.6,28.6,0.0,0.0
유성온천역,4,월요일,승차,0.0,0.0,113.0,243.75,733.75,1337.0,498.25,399.25,398.25,508.25,497.75,489.0,545.0,701.75,740.75,863.75,412.5,321.25,335.0,201.25,123.0,4.75,0.0,0.0
유성온천역,4,월요일,하차,0.0,0.0,70.5,127.25,361.5,909.0,664.5,479.25,513.5,483.0,494.5,507.5,528.5,644.5,807.5,1365.25,628.25,425.75,406.75,342.25,189.0,19.75,0.0,0.0
유성온천역,4,월요일,합계,0.0,0.0,183.5,371.0,1095.25,2246.0,1162.75,878.5,911.75,991.25,992.25,996.5,1073.5,1346.25,1548.25,2229.0,1040.75,747.0,741.75,543.5,312.0,24.5,0.0,0.0
유성온천역,4,일요일,승차,0.0,0.0,62.75,117.0,174.0,319.5,361.0,417.0,434.75,481.75,489.25,461.75,481.0,446.0,443.0,378.0,347.0,276.0,236.75,146.0,88.5,5.0,0.0,0.0
유성온천역,4,일요일,하차,0.0,0.0,55.0,83.25,127.5,236.5,277.0,318.0,379.5,398.75,437.75,487.75,484.5,570.75,526.75,594.0,478.0,411.0,377.5,344.5,217.75,28.75,0.0,0.0
유성온천역,4,일요일,합계,0.0,0.0,117.75,200.25,301.5,556.0,638.0,735.0,814.25,880.5,927.0,949.5,965.5,1016.75,969.75,972.0,825.0,687.0,614.25,490.5,306.25,33.75,0.0,0.0
유성온천역,4,토요일,승차,0.0,0.25,83.75,189.25,270.0,433.25,518.25,547.75,581.75,678.75,647.0,598.25,648.0,602.0,592.5,447.0,360.25,357.0,320.0,205.25,131.5,5.0,0.0,0.0
유성온천역,4,토요일,하차,0.0,0.0,61.5,116.0,184.0,436.25,464.25,441.75,556.75,572.5,572.0,552.75,551.25,677.75,718.5,691.0,529.5,439.0,429.25,345.25,245.5,35.0,0.0,0.0
유성온천역,4,토요일,합계,0.0,0.25,145.25,305.25,454.0,869.5,982.5,989.5,1138.5,1251.25,1219.0,1151.0,1199.25,1279.75,1311.0,1138.0,889.75,796.0,749.25,550.5,377.0,40.0,0.0,0.0
유성온천역,4,화요일,승차,0.0,0.2,96.6,233.4,761.4,1351.0,516.0,382.6,376.4,473.8,480.8,491.0,551.6,713.0,766.8,869.0,418.0,373.0,337.6,239.0,145.2,4.0,0.0,0.0
유성온천역,4,화요일,하차,0.0,0.0,74.0,131.8,361.8,932.4,671.0,477.0,482.4,420.0,502.0,471.8,493.2,615.2,838.8,1441.6,617.6,427.0,420.8,381.2,203.6,16.6,0.0,0.0
유성온천역,4,화요일,합계,0.0,0.2,170.6,365.2,1123.2,2283.4,1187.0,859.6,858.8,893.8,982.8,962.8,1044.8,1328.2,1605.6,2310.6,1035.6,800.0,758.4,620.2,348.8,20.6,0.0,0.0
유성온천역,5,금요일,승차,0.0,0.4,103.8,235.4,738.4,1317.4,533.6,463.0,470.8,563.2,598.4,698.4,812.2,863.6,1003.6,1026.4,561.8,491.8,507.0,319.0,198.6,4.8,0.0,0.0
유성온천역,5,금요일,하차,0.0,0.0,77.0,130.2,371.6,834.2,566.2,512.2,504.8,515.8,562.8,604.2,686.2,790.8,1083.8,1673.6,793.0,573.8,510.2,493.2,271.6,42.0,0.0,0.0
유성온천역,5,금요일,합계,0.0,0.4,180.8,365.6,1110.0,2151.6,1099.8,975.2,975.6,1079.0,1161.2,1302.6,1498.4,1654.4,2087.4,2700.0,1354.8,1065.6,1017.2,812.2,470.2,46.8,0.0,0.0
유성온천역,5,목요일,승차,0.0,0.4,103.0,233.4,679.0,1211.2,542.0,419.4,439.4,508.8,528.2,552.8,597.4,759.2,791.0,877.6,433.6,371.2,383.2,225.6,157.6,5.0,0.0,0.0
유성온천역,5,목요일,하차,0.0,0.0,72.6,132.6,336.8,812.4,602.2,460.6,518.8,503.4,475.6,509.6,534.2,622.6,819.8,1321.2,611.6,423.4,449.4,440.0,215.2,22.4,0.0,0.0
유성온천역,5,목요일,합계,0.0,0.4,175.6,366.0,1015.8,2023.6,1144.2,880.0,958.2,1012.2,1003.8,1062.4,1131.6,1381.8,1610.8,2198.8,1045.2,794.6,832.6,665.6,372.8,27.4,0.0,0.0
유성온천역,5,수요일,승차,0.0,0.0,101.75,262.0,775.25,1347.5,520.5,406.5,435.75,468.0,487.25,494.5,641.5,775.25,845.25,950.25,459.25,396.25,348.75,247.5,149.75,2.75,0.0,0.0
유성온천역,5,수요일,하차,0.0,0.0,76.25,124.0,391.25,921.75,636.25,471.25,472.0,493.0,498.0,550.25,565.5,636.25,883.75,1463.0,615.25,432.25,492.5,461.75,272.75,22.0,0.0,0.0
유성온천역,5,수요일,합계,0.0,0.0,178.0,386.0,1166.5,2269.25,1156.75,877.75,907.75,961.0,985.25,1044.75,1207.0,1411.5,1729.0,2413.25,1074.5,828.5,841.25,709.25,422.5,24.75,0.0,0.0
유성온천역,5,월요일,승차,0.0,0.0,106.75,224.25,635.0,1062.0,457.75,397.0,457.0,474.5,517.5,502.0,532.75,697.0,707.25,779.5,395.25,345.25,318.0,224.25,141.25,5.0,0.0,0.0
유성온천역,5,월요일,하차,0.0,0.0,64.25,111.25,314.25,749.0,572.5,462.75,497.75,492.5,518.75,514.75,544.25,643.0,793.75,1243.0,593.5,430.0,416.75,352.75,219.5,29.25,0.0,0.0
유성온천역,5,월요일,합계,0.0,0.0,171.0,335.5,949.25,1811.0,1030.25,859.75,954.75,967.0,1036.25,1016.75,1077.0,1340.0,1501.0,2022.5,988.75,775.25,734.75,577.0,360.75,34.25,0.0,0.0
유성온천역,5,일요일,승차,0.0,0.75,72.75,134.0,196.0,327.75,377.25,436.25,468.5,527.25,529.25,548.5,541.0,533.0,538.5,446.75,400.5,371.75,323.75,174.75,114.0,5.75,0.0,0.0
유성온천역,5,일요일,하차,0.0,0.0,57.0,92.0,123.75,222.75,291.5,366.25,433.0,438.0,503.0,602.0,607.0,679.25,633.5,647.0,516.75,478.5,430.0,345.75,260.5,33.75,0.0,0.0
유성온천역,5,일요일,합계,0.0,0.75,129.75,226.0,319.75,550.5,668.75,802.5,901.5,965.25,1032.25,1150.5,1148.0,1212.25,1172.0,1093.75,917.25,850.25,753.75,520.5,374.5,39.5,0.0,0.0
유성온천역,5,토요일,승차,0.0,0.0,94.4,189.0,266.2,410.8,437.4,527.2,592.6,655.2,680.8,654.2,658.0,646.2,660.4,529.8,413.6,400.4,386.8,234.8,160.4,6.4,0.0,0.0
유성온천역,5,토요일,하차,0.0,0.0,66.0,111.4,168.0,379.4,461.6,413.2,517.6,559.4,581.2,621.2,618.0,741.6,782.2,764.4,589.4,471.8,519.8,379.8,264.4,36.4,0.0,0.0
유성온천역,5,토요일,합계,0.0,0.0,160.4,300.4,434.2,790.2,899.0,940.4,1110.2,1214.6,1262.0,1275.4,1276.0,1387.8,1442.6,1294.2,1003.0,872.2,906.6,614.6,424.8,42.8,0.0,0.0
유성온천역,5,화요일,승차,0.0,0.25,99.75,217.5,626.25,1077.0,494.25,399.5,399.5,495.5,505.5,497.25,566.75,693.5,741.0,826.5,386.0,349.0,326.75,209.5,141.0,5.0,0.0,0.0
유성온천역,5,화요일,하차,0.0,0.0,74.75,116.0,318.0,775.25,588.5,464.25,466.25,462.5,490.75,477.25,486.0,615.25,802.75,1279.25,593.25,448.75,452.0,392.25,274.0,31.25,0.0,0.0
유성온천역,5,화요일,합계,0.0,0.25,174.5,333.5,944.25,1852.25,1082.75,863.75,865.75,958.0,996.25,974.5,1052.75,1308.75,1543.75,2105.75,979.25,797.75,778.75,601.75,415.0,36.25,0.0,0.0
유성온천역,6,금요일,승차,0.0,0.75,115.25,221.5,618.75,1025.0,508.25,440.75,444.5,504.75,550.0,577.0,656.75,698.25,818.5,881.25,473.25,407.5,360.0,246.5,174.5,4.5,0.0,0.0
유성온천역,6,금요일,하차,0.0,0.0,81.25,128.25,317.25,691.75,500.75,412.0,439.0,454.0,470.75,527.0,574.75,710.0,935.5,1297.25,662.5,520.0,484.0,427.75,258.75,30.25,0.0,0.0
유성온천역,6,금요일,합계,0.0,0.75,196.5,349.75,936.0,1716.75,1009.0,852.75,883.5,958.75,1020.75,1104.0,1231.5,1408.25,1754.0,2178.5,1135.75,927.5,844.0,674.25,433.25,34.75,0.0,0.0
유성온천역,6,목요일,승차,0.0,0.25,96.75,246.25,743.75,1321.0,549.25,398.25,431.25,473.5,538.25,516.0,608.5,800.0,857.75,927.25,480.5,398.75,400.75,279.5,165.5,4.75,0.0,0.0
유성온천역,6,목요일,하차,0.0,0.0,81.25,135.0,378.25,885.0,589.75,455.75,483.0,451.0,493.0,526.75,531.25,664.25,908.5,1447.0,647.0,491.0,470.25,540.25,259.25,26.25,0.0,0.0
유성온천역,6,목요일,합계,0.0,0.25,178.0,381.25,1122.0,2206.0,1139.0,854.0,914.25,924.5,1031.25,1042.75,1139.75,1464.25,1766.25,2374.25,1127.5,889.75,871.0,819.75,424.75,31.0,0.0,0.0
유성온천역,6,수요일,승차,0.0,0.75,114.25,248.5,744.75,1352.5,518.0,403.75,427.75,466.5,480.75,462.25,595.25,707.75,824.5,886.75,423.25,359.0,356.5,236.0,136.75,6.75,0.0,0.0
유성온천역,6,수요일,하차,0.0,0.0,75.5,138.0,388.5,905.75,583.25,439.5,428.5,453.25,455.25,512.5,545.25,615.75,867.5,1443.75,605.25,441.5,462.75,489.75,238.5,23.75,0.0,0.0
유성온천역,6,수요일,합계,0.0,0.75,189.75,386.5,1133.25,2258.25,1101.25,843.25,856.25,919.75,936.0,974.75,1140.5,1323.5,1692.0,2330.5,1028.5,800.5,819.25,725.75,375.25,30.5,0.0,0.0
유성온천역,6,월요일,승차,0.0,0.2,113.6,247.4,725.6,1294.4,500.6,393.0,400.8,484.6,475.2,462.0,535.8,689.4,762.2,851.4,413.4,339.6,333.0,208.0,127.6,3.0,0.0,0.0
유성온천역,6,월요일,하차,0.0,0.0,78.6,134.6,383.8,870.0,583.6,503.8,487.6,445.0,478.8,479.6,533.2,681.2,826.2,1403.4,617.0,437.0,440.6,346.8,212.0,21.6,0.0,0.0
유성온천역,6,월요일,합계,0.0,0.2,192.2,382.0,1109.4,2164.4,1084.2,896.8,888.4,929.6,954.0,941.6,1069.0,1370.6,1588.4,2254.8,1030.4,776.6,773.6,554.8,339.6,24.6,0.0,0.0
유성온천역,6,일요일,승차,0.0,0.2,72.4,117.4,169.4,314.0,354.4,378.4,405.6,417.6,434.6,429.0,435.8,417.4,419.4,361.0,314.8,294.0,236.8,125.2,96.8,3.6,0.0,0.0
유성온천역,6,일요일,하차,0.0,0.0,54.8,92.8,134.0,209.0,250.8,295.8,328.2,371.6,388.6,442.6,481.8,562.6,517.2,526.2,403.2,420.2,413.0,354.6,217.0,31.2,0.0,0.0
유성온천역,6,일요일,합계,0.0,0.2,127.2,210.2,303.4,523.0,605.2,674.2,733.8,789.2,823.2,871.6,917.6,980.0,936.6,887.2,718.0,714.2,649.8,479.8,313.8,34.8,0.0,0.0
유성온천역,6,토요일,승차,0.0,0.25,83.0,158.75,267.0,397.5,476.5,508.0,553.75,595.0,569.0,543.75,575.75,574.0,550.5,454.25,366.75,353.75,319.0,234.5,163.5,5.0,0.0,0.0
유성온천역,6,토요일,하차,0.0,0.0,53.5,111.25,161.0,384.25,412.25,404.0,498.25,514.0,507.25,501.5,524.5,688.0,709.5,666.0,465.25,432.0,419.25,377.0,235.25,32.5,0.0,0.0
유성온천역,6,토요일,합계,0.0,0.25,136.5,270.0,428.0,781.75,888.75,912.0,1052.0,1109.0,1076.25,1045.25,1100.25,1262.0,1260.0,1120.25,832.0,785.75,738.25,611.5,398.75,37.5,0.0,0.0
유성온천역,6,화요일,승차,0.0,0.5,92.0,198.75,606.5,1101.25,463.5,416.0,428.75,473.5,502.5,469.25,555.0,680.25,683.0,736.75,377.75,362.25,326.0,202.75,123.0,5.5,0.0,0.0
유성온천역,6,화요일,하차,0.0,0.0,71.75,129.5,312.25,757.25,546.25,458.0,478.25,446.75,472.75,478.75,481.0,606.75,756.75,1194.75,555.0,433.75,420.25,385.25,225.75,25.0,0.0,0.0
유성온천역,6,화요일,합계,0.0,0.5,163.75,328.25,918.75,1858.5,1009.75,874.0,907.0,920.25,975.25,948.0,1036.0,1287.0,1439.75,1931.5,932.75,796.0,746.25,588.0,348.75,30.5,0.0,0.0
유성온천역,7,금요일,승차,0.0,0.0,101.0,226.0,719.25,1254.5,515.5,419.25,403.0,539.75,511.0,506.0,612.75,700.25,860.5,972.0,515.75,394.25,406.75,263.0,168.25,6.5,0.0,0.0
유성온천역,7,금요일,하차,0.0,0.0,75.0,134.75,377.0,787.5,510.0,405.25,434.25,429.5,471.5,525.0,538.0,681.25,965.25,1566.25,716.0,496.25,498.75,493.0,281.75,28.25,0.0,0.0
유성온천역,7,금요일,합계,0.0,0.0,176.0,360.75,1096.25,2042.0,1025.5,824.5,837.25,969.25,982.5,1031.0,1150.75,1381.5,1825.75,2538.25,1231.75,890.5,905.5,756.0,450.0,34.75,0.0,0.0
유성온천역,7,목요일,승차,0.0,0.6,99.8,229.4,694.8,1279.4,486.6,365.0,376.6,442.4,443.0,408.8,474.4,612.2,693.6,777.8,408.2,338.6,346.2,198.2,125.6,3.0,0.0,0.0
유성온천역,7,목요일,하차,0.0,0.0,75.8,131.4,359.8,781.8,484.0,384.2,402.0,419.6,396.2,421.8,436.8,574.0,820.8,1356.6,583.0,411.2,470.6,405.0,247.8,32.8,0.0,0.0
유성온천역,7,목요일,합계,0.0,0.6,175.6,360.8,1054.6,2061.2,970.6,749.2,778.6,862.0,839.2,830.6,911.2,1186.2,1514.4,2134.4,991.2,749.8,816.8,603.2,373.4,35.8,0.0,0.0
유성온천역,7,수요일,승차,0.0,0.0,97.2,245.0,699.2,1307.0,510.2,389.8,396.0,475.2,455.8,424.2,528.4,543.6,697.2,806.6,379.6,332.6,338.0,207.0,132.6,3.2,0.0,0.0
유성온천역,7,수요일,하차,0.0,0.0,74.8,128.4,374.4,794.0,490.8,381.6,413.6,396.8,415.4,444.2,511.2,551.8,804.4,1417.6,580.0,408.8,441.4,455.8,210.8,25.0,0.0,0.0
유성온천역,7,수요일,합계,0.0,0.0,172.0,373.4,1073.6,2101.0,1001.0,771.4,809.6,872.0,871.2,868.4,1039.6,1095.4,1501.6,2224.2,959.6,741.4,779.4,662.8,343.4,28.2,0.0,0.0
유성온천역,7,월요일,승차,0.0,0.25,117.0,247.5,676.75,1249.25,511.5,424.75,386.25,481.0,465.0,458.75,473.75,562.0,644.75,765.75,371.5,334.75,291.5,175.25,109.0,3.0,0.0,0.0
유성온천역,7,월요일,하차,0.0,0.0,69.25,126.75,382.25,809.25,530.25,414.0,455.0,406.75,409.75,444.5,484.5,637.75,782.5,1330.75,594.0,422.0,388.5,360.5,191.25,19.25,0.0,0.0
유성온천역,7,월요일,합계,0.0,0.25,186.25,374.25,1059.0,2058.5,1041.75,838.75,841.25,887.75,874.75,903.25,958.25,1199.75,1427.25,2096.5,965.5,756.75,680.0,535.75,300.25,22.25,0.0,0.0
유성온천역,7,일요일,승차,0.0,0.25,75.5,114.5,183.25,303.75,313.75,384.75,404.0,428.75,400.0,395.5,425.75,429.0,431.5,378.25,320.0,286.0,273.75,211.0,106.25,4.5,0.0,0.0
유성온천역,7,일요일,하차,0.0,0.0,55.25,85.25,133.0,193.5,237.0,275.75,315.5,361.0,409.75,448.0,478.5,571.25,487.0,503.75,446.5,393.25,469.75,350.5,190.0,29.75,0.0,0.0
유성온천역,7,일요일,합계,0.0,0.25,130.75,199.75,316.25,497.25,550.75,660.5,719.5,789.75,809.75,843.5,904.25,1000.25,918.5,882.0,766.5,679.25,743.5,561.5,296.25,34.25,0.0,0.0
유성온천역,7,토요일,승차,0.0,0.0,82.25,159.5,254.5,382.75,448.5,509.0,507.75,547.75,551.75,530.75,519.0,538.0,544.75,438.75,381.0,366.5,376.75,287.25,171.25,4.5,0.0,0.0
유성온천역,7,토요일,하차,0.0,0.0,65.5,102.25,171.25,356.25,411.5,404.0,455.25,545.0,492.0,595.5,571.0,679.25,658.25,674.5,474.25,426.0,419.5,371.75,268.5,44.5,0.0,0.0
유성온천역,7,토요일,합계,0.0,0.0,147.75,261.75,425.75,739.0,860.0,913.0,963.0,1092.75,1043.75,1126.25,1090.0,1217.25,1203.0,1113.25,855.25,792.5,796.25,659.0,439.75,49.0,0.0,0.0
유성온천역,7,화요일,승차,0.0,0.2,103.2,241.0,697.2,1270.0,495.8,376.2,388.0,459.8,466.6,416.0,494.8,605.6,691.6,812.4,374.4,329.4,337.4,195.8,128.0,4.2,0.0,0.0
유성온천역,7,화요일,하차,0.0,0.0,77.2,122.0,360.2,802.2,525.0,395.0,436.8,403.8,406.8,434.8,449.0,565.8,826.2,1411.2,592.4,423.6,409.8,413.6,247.8,29.0,0.0,0.0
유성온천역,7,화요일,합계,0.0,0.2,180.4,363.0,1057.4,2072.2,1020.8,771.2,824.8,863.6,873.4,850.8,943.8,1171.4,1517.8,2223.6,966.8,753.0,747.2,609.4,375.8,33.2,0.0,0.0
유성온천역,8,금요일,승차,0.0,0.6,93.8,205.4,586.8,1042.2,471.8,422.4,439.2,518.4,519.0,566.2,622.2,725.8,900.2,887.8,557.2,439.8,388.6,249.6,165.2,21.0,1.4,0.0
유성온천역,8,금요일,하차,0.0,0.0,74.8,111.4,307.4,642.2,451.0,358.6,451.6,406.8,402.4,470.6,549.0,648.4,910.8,1328.0,645.4,579.2,518.0,586.6,338.6,153.6,81.0,0.0
유성온천역,8,금요일,합계,0.0,0.6,168.6,316.8,894.2,1684.4,922.8,781.0,890.8,925.2,921.4,1036.8,1171.2,1374.2,1811.0,2215.8,1202.6,1019.0,906.6,836.2,503.8,174.6,82.4,0.0
유성온천역,8,목요일,승차,0.0,0.0,95.0,236.25,711.0,1289.75,522.75,403.0,427.25,482.25,478.75,491.5,521.0,695.5,784.5,891.5,493.0,381.5,374.5,214.5,150.25,14.75,1.75,0.0
유성온천역,8,목요일,하차,0.0,0.0,78.25,122.0,357.75,746.75,514.5,393.0,466.75,421.0,414.25,453.75,496.25,622.75,880.5,1405.75,666.0,494.25,483.0,487.75,314.25,133.5,17.5,0.0
유성온천역,8,목요일,합계,0.0,0.0,173.25,358.25,1068.75,2036.5,1037.25,796.0,894.0,903.25,893.0,945.25,1017.25,1318.25,1665.0,2297.25,1159.0,875.75,857.5,702.25,464.5,148.25,19.25,0.0
유성온천역,8,수요일,승차,0.0,0.25,95.5,221.75,666.0,1297.75,509.25,405.5,439.0,450.0,472.0,437.25,592.75,593.5,749.0,859.5,417.5,328.75,337.5,197.75,127.25,10.0,0.0,0.0
유성온천역,8,수요일,하차,0.0,0.0,61.5,124.75,347.25,756.75,480.5,381.5,427.0,392.0,414.5,494.0,527.5,567.5,858.5,1413.5,585.0,441.5,488.0,483.5,290.5,96.25,5.75,0.0
유성온천역,8,수요일,합계,0.0,0.25,157.0,346.5,1013.25,2054.5,989.75,787.0,866.0,842.0,886.5,931.25,1120.25,1161.0,1607.5,2273.0,1002.5,770.25,825.5,681.25,417.75,106.25,5.75,0.0
유성온천역,8,월요일,승차,0.0,0.25,109.25,254.25,661.75,1191.5,488.75,397.75,426.0,464.5,447.25,453.75,499.25,594.0,662.5,768.75,394.25,319.25,304.0,185.25,112.5,9.75,0.25,0.0
유성온천역,8,월요일,하차,0.0,0.0,74.0,121.75,347.5,757.25,495.5,416.0,464.5,394.0,415.25,467.5,488.25,596.5,835.25,1373.25,555.5,392.5,415.0,384.5,204.5,79.25,8.0,0.0
유성온천역,8,월요일,합계,0.0,0.25,183.25,376.0,1009.25,1948.75,984.25,813.75,890.5,858.5,862.5,921.25,987.5,1190.5,1497.75,2142.0,949.75,711.75,719.0,569.75,317.0,89.0,8.25,0.0
유성온천역,8,일요일,승차,0.0,0.4,55.6,108.8,172.4,281.2,304.8,352.2,426.6,406.8,424.4,423.0,430.6,441.0,454.8,410.0,352.2,308.6,217.8,128.0,84.2,9.4,0.0,0.0
유성온천역,8,일요일,하차,0.0,0.0,54.4,68.0,118.2,199.4,263.8,269.8,316.0,362.8,357.8,401.0,435.2,523.4,518.4,516.8,444.4,430.0,468.0,446.0,244.6,123.2,13.8,0.0
유성온천역,8,일요일,합계,0.0,0.4,110.0,176.8,290.6,480.6,568.6,622.0,742.6,769.6,782.2,824.0,865.8,964.4,973.2,926.8,796.6,738.6,685.8,574.0,328.8,132.6,13.8,0.0
유성온천역,8,토요일,승차,0.0,0.2,81.8,150.0,257.0,397.8,459.4,497.4,524.8,557.4,577.4,531.8,572.2,585.6,604.6,461.6,396.6,374.8,323.6,203.6,146.6,17.8,2.0,0.0
유성온천역,8,토요일,하차,0.0,0.0,63.0,98.4,188.0,360.6,385.0,398.2,446.8,502.2,466.8,494.2,519.8,620.2,690.2,675.6,467.2,469.4,480.0,429.4,304.4,144.2,19.4,0.0
유성온천역,8,토요일,합계,0.0,0.2,144.8,248.4,445.0,758.4,844.4,895.6,971.6,1059.6,1044.2,1026.0,1092.0,1205.8,1294.8,1137.2,863.8,844.2,803.6,633.0,451.0,162.0,21.4,0.0
유성온천역,8,화요일,승차,0.0,0.5,84.25,224.0,674.25,1268.75,489.0,375.0,401.0,459.75,497.75,452.0,530.5,686.75,727.75,801.25,405.0,357.0,326.25,196.0,135.25,7.5,0.0,0.0
유성온천역,8,화요일,하차,0.0,0.0,62.75,128.5,355.75,767.75,511.0,399.25,427.75,403.5,401.0,444.0,486.25,608.25,832.0,1419.0,596.5,445.75,451.75,501.5,238.0,55.25,4.25,0.0
유성온천역,8,화요일,합계,0.0,0.5,147.0,352.5,1030.0,2036.5,1000.0,774.25,828.75,863.25,898.75,896.0,1016.75,1295.0,1559.75,2220.25,1001.5,802.75,778.0,697.5,373.25,62.75,4.25,0.0
정부청사역,1,금요일,승차,0.0,0.0,22.0,63.6,168.4,328.6,218.4,221.0,297.2,283.4,347.6,389.6,537.0,693.0,1013.6,1695.4,439.6,305.0,262.0,165.6,68.2,0.2,0.0,0.0
정부청사역,1,금요일,하차,0.0,0.0,79.0,159.4,477.8,2142.0,599.2,314.2,287.8,297.2,348.6,338.4,333.0,371.0,466.0,561.8,271.4,177.8,168.6,127.0,57.0,18.0,0.0,0.0
정부청사역,1,금요일,합계,0.0,0.0,101.0,223.0,646.2,2470.6,817.6,535.2,585.0,580.6,696.2,728.0,870.0,1064.0,1479.6,2257.2,711.0,482.8,430.6,292.6,125.2,18.2,0.0,0.0
정부청사역,1,목요일,승차,0.0,0.0,27.4,63.4,168.2,295.8,192.8,185.4,250.8,228.2,242.6,304.4,386.4,450.8,759.2,1356.4,368.6,314.8,265.0,147.4,59.0,0.6,0.0,0.0
정부청사역,1,목요일,하차,0.0,0.0,69.8,154.4,456.8,1918.6,546.6,287.4,255.4,273.8,312.6,278.8,290.4,300.0,362.2,450.2,200.2,154.0,139.0,99.8,49.0,14.6,0.0,0.0
정부청사역,1,목요일,합계,0.0,0.0,97.2,217.8,625.0,2214.4,739.4,472.8,506.2,502.0,555.2,583.2,676.8,750.8,1121.4,1806.6,568.8,468.8,404.0,247.2,108.0,15.2,0.0,0.0
정부청사역,1,수요일,승차,0.0,1.6,38.4,57.4,142.8,250.4,176.2,180.0,226.8,205.6,235.6,257.2,323.2,378.6,609.2,1093.8,322.4,251.6,217.2,143.0,42.6,0.6,0.0,0.0
정부청사역,1,수요일,하차,0.0,1.6,58.8,123.8,351.6,1450.6,425.6,230.4,219.8,250.0,282.2,262.0,253.2,249.0,323.0,376.6,199.0,138.0,156.8,97.6,40.4,9.4,0.0,0.0
정부청사역,1,수요일,합계,0.0,3.2,97.2,181.2,494.4,1701.0,601.8,410.4,446.6,455.6,517.8,519.2,576.4,627.6,932.2,1470.4,521.4,389.6,374.0,240.6,83.0,10.0,0.0,0.0
정부청사역,1,월요일,승차,0.0,0.5,31.0,63.25,160.0,278.0,206.0,216.0,248.25,261.5,273.25,305.0,375.75,470.5,717.0,1342.5,362.75,293.5,239.5,165.75,55.5,0.5,0.0,0.0
정부청사역,1,월요일,하차,0.0,0.5,69.0,152.0,451.25,1939.75,595.75,304.75,284.25,266.75,324.25,307.5,300.25,300.0,354.25,402.25,214.0,135.5,136.25,94.75,42.75,12.75,0.0,0.0
정부청사역,1,월요일,합계,0.0,1.0,100.0,215.25,611.25,2217.75,801.75,520.75,532.5,528.25,597.5,612.5,676.0,770.5,1071.25,1744.75,576.75,429.0,375.75,260.5,98.25,13.25,0.0,0.0
정부청사역,1,일요일,승차,0.0,1.25,20.0,26.0,44.5,85.25,112.0,133.0,135.75,167.75,195.25,187.0,217.0,231.75,247.5,245.5,174.0,198.0,124.25,89.75,43.0,0.75,0.0,0.0
정부청사역,1,일요일,하차,0.0,1.25,19.0,46.0,58.75,137.25,169.5,209.5,210.0,232.0,232.75,256.5,249.0,270.5,234.75,189.25,148.5,133.5,160.5,88.5,45.75,14.0,0.0,0.0
정부청사역,1,일요일,합계,0.0,2.5,39.0,72.0,103.25,222.5,281.5,342.5,345.75,399.75,428.0,443.5,466.0,502.25,482.25,434.75,322.5,331.5,284.75,178.25,88.75,14.75,0.0,0.0
정부청사역,1,토요일,승차,0.0,0.0,21.75,42.0,71.25,138.5,164.5,211.0,231.0,276.75,297.75,311.75,323.75,396.25,396.25,335.0,243.75,211.0,169.0,104.0,54.75,0.25,0.0,0.0
정부청사역,1,토요일,하차,0.0,0.0,40.25,70.75,105.5,247.25,293.5,284.25,343.0,331.0,327.75,349.25,364.5,360.5,335.75,252.0,186.5,158.5,140.75,101.75,44.0,15.5,0.0,0.0
정부청사역,1,토요일,합계,0.0,0.0,62.0,112.75,176.75,385.75,458.0,495.25,574.0,607.75,625.5,661.0,688.25,756.75,732.0,587.0,430.25,369.5,309.75,205.75,98.75,15.75,0.0,0.0
정부청사역,1,화요일,승차,0.0,0.25,22.25,59.25,160.5,307.0,212.5,216.25,260.5,237.5,250.0,296.75,356.0,445.5,724.25,1294.25,350.25,281.25,274.0,153.75,58.25,0.5,0.0,0.0
정부청사역,1,화요일,하차,0.0,0.0,69.25,144.0,428.75,1812.0,526.5,286.0,248.0,271.0,325.5,294.75,268.0,273.25,320.5,409.25,195.0,142.75,128.5,90.0,44.75,13.25,0.0,0.0
정부청사역,1,화요일,합계,0.0,0.25,91.5,203.25,589.25,2119.0,739.0,502.25,508.5,508.5,575.5,591.5,624.0,718.75,1044.75,1703.5,545.25,424.0,402.5,243.75,103.0,13.75,0.0,0.0
정부청사역,2,금요일,승차,0.0,0.25,28.75,66.0,194.0,390.75,249.0,249.5,323.0,353.5,355.75,445.0,576.25,792.5,1126.0,1822.0,484.75,343.0,275.0,184.75,70.25,0.0,0.0,0.0
정부청사역,2,금요일,하차,0.0,0.0,80.75,159.25,541.0,2301.75,639.75,360.5,325.0,346.25,374.25,390.5,366.75,403.75,502.75,620.75,310.75,198.25,193.75,134.5,69.0,22.5,0.0,0.0
정부청사역,2,금요일,합계,0.0,0.25,109.5,225.25,735.0,2692.5,888.75,610.0,648.0,699.75,730.0,835.5,943.0,1196.25,1628.75,2442.75,795.5,541.25,468.75,319.25,139.25,22.5,0.0,0.0
정부청사역,2,목요일,승차,0.0,0.0,24.25,77.0,198.75,378.0,240.5,249.5,294.5,286.0,303.0,375.25,478.5,601.0,937.25,1696.75,490.5,380.75,333.0,214.75,76.75,0.0,0.0,0.0
정부청사역,2,목요일,하차,0.0,0.0,81.0,174.5,553.75,2399.75,645.75,360.0,332.75,368.0,406.25,342.75,350.5,360.0,427.0,549.25,243.25,172.25,170.0,130.5,62.0,11.75,0.0,0.0
정부청사역,2,목요일,합계,0.0,0.0,105.25,251.5,752.5,2777.75,886.25,609.5,627.25,654.0,709.25,718.0,829.0,961.0,1364.25,2246.0,733.75,553.0,503.0,345.25,138.75,11.75,0.0,0.0
정부청사역,2,수요일,승차,0.0,1.5,24.75,69.0,202.5,382.0,246.0,246.75,312.75,298.25,317.0,342.5,448.75,593.5,945.25,1747.25,465.75,346.5,271.75,187.75,59.25,0.25,0.0,0.0
정부청사역,2,수요일,하차,0.0,1.5,83.25,176.5,565.25,2481.5,689.75,369.0,291.75,338.75,377.75,341.0,328.5,343.25,384.5,529.75,235.75,169.0,178.25,113.75,38.5,13.5,0.0,0.0
정부청사역,2,수요일,합계,0.0,3.0,108.0,245.5,767.75,2863.5,935.75,615.75,604.5,637.0,694.75,683.5,777.25,936.75,1329.75,2277.0,701.5,515.5,450.0,301.5,97.75,13.75,0.0,0.0
정부청사역,2,월요일,승차,0.0,0.0,38.25,70.25,186.0,351.75,230.5,238.5,308.5,313.5,312.25,352.5,444.5,570.75,882.5,1725.25,449.0,324.25,259.5,182.5,64.5,0.25,0.0,0.0
정부청사역,2,월요일,하차,0.0,0.0,81.0,176.75,558.75,2542.5,715.25,353.25,321.75,327.0,366.75,329.75,344.5,339.25,385.75,512.5,225.25,161.0,146.5,93.5,45.0,10.25,0.0,0.0
정부청사역,2,월요일,합계,0.0,0.0,119.25,247.0,744.75,2894.25,945.75,591.75,630.25,640.5,679.0,682.25,789.0,910.0,1268.25,2237.75,674.25,485.25,406.0,276.0,109.5,10.5,0.0,0.0
정부청사역,2,일요일,승차,0.0,0.25,21.5,31.25,47.5,99.0,112.0,139.25,158.5,201.5,208.75,224.5,227.0,257.0,250.0,243.0,196.5,173.75,144.75,97.0,36.5,0.25,0.0,0.0
정부청사역,2,일요일,하차,0.0,0.0,21.75,44.75,64.5,123.0,165.0,225.0,221.5,267.75,242.75,274.0,288.0,303.75,251.25,204.5,163.0,126.75,169.75,103.25,51.25,9.5,0.0,0.0
정부청사역,2,일요일,합계,0.0,0.25,43.25,76.0,112.0,222.0,277.0,364.25,380.0,469.25,451.5,498.5,515.0,560.75,501.25,447.5,359.5,300.5,314.5,200.25,87.75,9.75,0.0,0.0
정부청사역,2,토요일,승차,0.0,0.0,25.75,43.5,73.0,149.0,162.75,212.75,279.5,293.0,342.25,334.5,363.25,395.75,372.75,354.0,238.25,228.0,168.75,114.5,60.75,0.75,0.0,0.0
정부청사역,2,토요일,하차,0.0,0.0,35.5,80.0,112.5,255.0,324.75,337.25,345.25,370.0,365.0,341.25,384.25,377.0,361.0,274.0,193.5,153.75,182.25,94.5,59.5,17.0,0.0,0.0
정부청사역,2,토요일,합계,0.0,0.0,61.25,123.5,185.5,404.0,487.5,550.0,624.75,663.0,707.25,675.75,747.5,772.75,733.75,628.0,431.75,381.75,351.0,209.0,120.25,17.75,0.0,0.0
정부청사역,2,화요일,승차,0.0,0.0,27.5,66.5,178.25,375.75,238.75,235.75,282.25,277.75,302.25,344.25,469.0,560.25,946.0,1689.5,451.75,370.25,292.75,201.75,59.5,0.75,0.0,0.0
정부청사역,2,화요일,하차,0.0,0.0,85.75,175.75,548.25,2407.75,649.0,346.25,288.5,347.5,374.25,363.0,313.25,336.0,405.0,525.25,249.75,154.75,157.0,110.5,51.75,14.75,0.0,0.0
정부청사역,2,화요일,합계,0.0,0.0,113.25,242.25,726.5,2783.5,887.75,582.0,570.75,625.25,676.5,707.25,782.25,896.25,1351.0,2214.75,701.5,525.0,449.75,312.25,111.25,15.5,0.0,0.0
정부청사역,3,금요일,승차,0.0,0.25,32.75,67.0,232.5,358.5,250.25,244.25,322.0,336.5,360.75,447.0,586.25,805.75,1106.25,1840.5,514.5,345.0,267.5,180.25,65.5,0.25,0.0,0.0
정부청사역,3,금요일,하차,0.0,0.0,81.75,171.75,556.0,2354.0,655.5,371.0,311.25,334.75,362.25,357.75,365.75,416.25,513.75,609.75,323.5,211.0,196.25,147.75,75.25,24.0,0.0,0.0
정부청사역,3,금요일,합계,0.0,0.25,114.5,238.75,788.5,2712.5,905.75,615.25,633.25,671.25,723.0,804.75,952.0,1222.0,1620.0,2450.25,838.0,556.0,463.75,328.0,140.75,24.25,0.0,0.0
정부청사역,3,목요일,승차,0.0,0.5,32.75,77.75,218.25,389.5,254.25,237.0,283.25,283.75,295.5,359.25,480.25,552.25,933.0,1670.0,454.75,364.5,322.25,193.25,70.25,0.25,0.0,0.0
정부청사역,3,목요일,하차,0.0,0.0,85.75,179.0,607.0,2463.5,700.25,363.0,296.25,304.5,336.0,302.0,309.25,361.5,417.75,544.75,251.0,146.75,148.5,127.5,56.25,16.5,0.0,0.0
정부청사역,3,목요일,합계,0.0,0.5,118.5,256.75,825.25,2853.0,954.5,600.0,579.5,588.25,631.5,661.25,789.5,913.75,1350.75,2214.75,705.75,511.25,470.75,320.75,126.5,16.75,0.0,0.0
정부청사역,3,수요일,승차,0.0,0.25,31.5,67.0,233.75,377.75,241.75,234.0,294.75,292.0,323.75,342.0,498.0,619.75,949.5,1729.0,430.0,332.5,284.75,196.5,57.5,0.25,0.0,0.0
정부청사역,3,수요일,하차,0.0,0.0,79.5,180.5,592.5,2472.5,673.75,328.25,294.0,354.25,375.5,304.0,316.5,320.25,444.5,511.25,238.0,150.0,172.25,107.75,58.25,14.5,0.0,0.0
정부청사역,3,수요일,합계,0.0,0.25,111.0,247.5,826.25,2850.25,915.5,562.25,588.75,646.25,699.25,646.0,814.5,940.0,1394.0,2240.25,668.0,482.5,457.0,304.25,115.75,14.75,0.0,0.0
정부청사역,3,월요일,승차,0.0,0.0,38.0,64.4,186.8,305.0,197.8,224.4,268.0,268.4,271.2,338.8,411.6,498.0,769.4,1407.0,500.2,348.8,237.2,163.0,52.6,0.0,0.0,0.0
정부청사역,3,월요일,하차,0.0,0.0,65.4,161.4,509.4,2120.2,639.8,351.6,289.8,320.4,339.8,366.2,303.4,321.2,356.4,430.8,217.2,159.2,139.4,97.0,50.4,13.4,0.0,0.0
정부청사역,3,월요일,합계,0.0,0.0,103.4,225.8,696.2,2425.2,837.6,576.0,557.8,588.8,611.0,705.0,715.0,819.2,1125.8,1837.8,717.4,508.0,376.6,260.0,103.0,13.4,0.0,0.0
정부청사역,3,일요일,승차,0.0,0.6,19.4,25.0,58.8,99.2,120.0,149.6,151.0,181.6,206.6,232.0,249.4,275.8,289.4,250.6,197.2,264.6,214.2,75.2,36.0,0.2,0.0,0.0
정부청사역,3,일요일,하차,0.0,0.6,23.6,49.4,63.4,137.4,173.6,255.4,245.2,296.2,272.4,312.6,318.8,304.2,269.4,206.2,164.2,137.6,160.4,86.2,49.4,13.6,0.0,0.0
정부청사역,3,일요일,합계,0.0,1.2,43.0,74.4,122.2,236.6,293.6,405.0,396.2,477.8,479.0,544.6,568.2,580.0,558.8,456.8,361.4,402.2,374.6,161.4,85.4,13.8,0.0,0.0
정부청사역,3,토요일,승차,0.0,0.4,30.2,47.4,85.2,155.0,186.8,212.4,251.0,300.2,324.6,354.0,405.8,381.0,399.8,371.2,268.8,235.0,169.0,115.6,56.4,0.6,0.0,0.0
정부청사역,3,토요일,하차,0.0,0.0,38.4,85.4,123.8,240.2,311.6,344.4,385.8,394.6,382.6,385.4,357.6,395.0,335.0,293.4,222.0,181.2,164.6,104.8,57.8,20.8,0.0,0.0
정부청사역,3,토요일,합계,0.0,0.4,68.6,132.8,209.0,395.2,498.4,556.8,636.8,694.8,707.2,739.4,763.4,776.0,734.8,664.6,490.8,416.2,333.6,220.4,114.2,21.4,0.0,0.0
정부청사역,3,화요일,승차,0.0,0.0,31.25,77.75,229.75,385.25,253.75,239.75,280.0,249.25,267.0,324.25,453.0,557.25,894.5,1662.5,448.75,345.0,294.75,165.75,56.75,0.0,0.0,0.0
정부청사역,3,화요일,하차,0.0,0.0,84.5,187.5,618.75,2520.5,719.5,345.5,251.75,300.5,331.75,282.25,272.5,314.25,405.25,492.25,239.75,144.0,147.0,102.5,48.25,14.5,0.0,0.0
정부청사역,3,화요일,합계,0.0,0.0,115.75,265.25,848.5,2905.75,973.25,585.25,531.75,549.75,598.75,606.5,725.5,871.5,1299.75,2154.75,688.5,489.0,441.75,268.25,105.0,14.5,0.0,0.0
정부청사역,4,금요일,승차,0.0,0.0,31.75,69.75,235.25,367.75,240.75,256.25,324.25,327.75,354.0,450.25,634.25,807.0,1104.5,1872.75,466.0,319.75,248.75,195.25,78.75,0.5,0.0,0.0
정부청사역,4,금요일,하차,0.0,0.0,80.0,182.0,595.0,2323.25,668.0,366.25,297.75,341.75,362.0,374.25,378.25,401.0,503.25,600.0,292.0,195.75,192.25,158.25,84.5,23.75,0.0,0.0
정부청사역,4,금요일,합계,0.0,0.0,111.75,251.75,830.25,2691.0,908.75,622.5,622.0,669.5,716.0,824.5,1012.5,1208.0,1607.75,2472.75,758.0,515.5,441.0,353.5,163.25,24.25,0.0,0.0
정부청사역,4,목요일,승차,0.0,1.75,38.25,82.75,241.25,382.0,254.5,236.0,292.25,276.25,285.0,336.75,501.25,595.5,912.25,1753.5,440.0,375.5,304.25,195.5,71.25,0.5,0.0,0.0
정부청사역,4,목요일,하차,0.0,1.75,84.5,193.5,603.0,2460.75,736.5,354.0,297.0,317.0,359.5,313.0,314.25,346.75,420.5,521.5,272.75,174.25,179.25,127.75,53.5,14.0,0.0,0.0
정부청사역,4,목요일,합계,0.0,3.5,122.75,276.25,844.25,2842.75,991.0,590.0,589.25,593.25,644.5,649.75,815.5,942.25,1332.75,2275.0,712.75,549.75,483.5,323.25,124.75,14.5,0.0,0.0
정부청사역,4,수요일,승차,0.0,0.4,37.4,76.0,226.4,389.0,255.2,249.8,301.6,301.0,326.6,367.8,492.8,645.4,956.6,1828.2,423.6,326.4,259.2,171.2,68.8,0.2,0.0,0.0
정부청사역,4,수요일,하차,0.0,0.0,85.4,185.4,623.6,2532.8,703.2,365.2,313.0,354.2,367.8,332.6,333.6,332.4,414.4,486.2,226.6,163.8,167.6,130.8,47.0,13.4,0.0,0.0
정부청사역,4,수요일,합계,0.0,0.4,122.8,261.4,850.0,2921.8,958.4,615.0,614.6,655.2,694.4,700.4,826.4,977.8,1371.0,2314.4,650.2,490.2,426.8,302.0,115.8,13.6,0.0,0.0
정부청사역,4,월요일,승차,0.0,0.25,50.5,77.75,227.0,365.75,245.25,235.25,279.75,286.5,271.75,323.75,434.75,559.75,866.5,1812.0,450.5,325.25,258.75,175.25,46.5,0.0,0.0,0.0
정부청사역,4,월요일,하차,0.0,0.0,79.75,198.0,640.75,2617.0,709.0,381.75,307.0,329.0,354.5,301.75,318.75,331.25,393.0,477.5,237.0,149.0,151.5,91.75,49.25,12.25,0.0,0.0
정부청사역,4,월요일,합계,0.0,0.25,130.25,275.75,867.75,2982.75,954.25,617.0,586.75,615.5,626.25,625.5,753.5,891.0,1259.5,2289.5,687.5,474.25,410.25,267.0,95.75,12.25,0.0,0.0
정부청사역,4,일요일,승차,0.0,0.25,16.5,32.75,63.5,104.0,121.5,148.0,146.25,190.0,210.5,223.5,264.25,271.25,276.75,251.5,209.0,201.5,146.75,76.0,38.25,0.25,0.0,0.0
정부청사역,4,일요일,하차,0.0,0.0,22.75,63.5,82.0,131.0,183.25,246.75,258.0,275.0,267.25,271.5,254.0,236.75,246.75,206.5,187.0,153.75,156.5,92.5,48.75,11.5,0.0,0.0
정부청사역,4,일요일,합계,0.0,0.25,39.25,96.25,145.5,235.0,304.75,394.75,404.25,465.0,477.75,495.0,518.25,508.0,523.5,458.0,396.0,355.25,303.25,168.5,87.0,11.75,0.0,0.0
정부청사역,4,토요일,승차,0.0,0.0,33.25,68.0,92.75,169.5,174.0,229.25,247.5,298.0,310.0,347.75,397.0,398.75,373.0,337.25,225.0,215.25,159.25,90.25,47.75,0.0,0.0,0.0
정부청사역,4,토요일,하차,0.0,0.0,39.5,87.25,125.75,288.5,337.0,382.5,380.25,413.0,413.0,376.25,352.0,378.5,305.5,235.5,216.5,183.25,173.75,104.75,55.0,16.5,0.0,0.0
정부청사역,4,토요일,합계,0.0,0.0,72.75,155.25,218.5,458.0,511.0,611.75,627.75,711.0,723.0,724.0,749.0,777.25,678.5,572.75,441.5,398.5,333.0,195.0,102.75,16.5,0.0,0.0
정부청사역,4,화요일,승차,0.0,1.4,31.8,81.4,226.4,372.0,262.6,233.6,253.8,257.0,280.8,354.4,468.4,581.8,878.6,1793.6,449.6,353.6,287.0,168.0,61.4,0.0,0.0,0.0
정부청사역,4,화요일,하차,0.0,1.4,84.4,192.0,633.6,2526.0,703.8,351.0,269.4,330.8,353.4,297.6,304.6,322.4,377.2,491.2,231.4,153.0,147.6,113.6,53.0,13.8,0.0,0.0
정부청사역,4,화요일,합계,0.0,2.8,116.2,273.4,860.0,2898.0,966.4,584.6,523.2,587.8,634.2,652.0,773.0,904.2,1255.8,2284.8,681.0,506.6,434.6,281.6,114.4,13.8,0.0,0.0
정부청사역,5,금요일,승차,0.0,0.2,34.4,77.0,215.4,361.4,255.8,264.2,345.6,334.0,383.2,447.6,602.0,783.2,1032.4,1818.8,447.2,337.6,259.8,176.0,76.8,0.2,0.0,0.0
정부청사역,5,금요일,하차,0.0,0.0,90.0,171.6,597.8,2342.2,646.4,368.8,313.8,346.4,352.2,391.2,396.2,407.4,492.0,593.2,314.0,192.0,196.2,138.8,65.6,25.0,0.0,0.0
정부청사역,5,금요일,합계,0.0,0.2,124.4,248.6,813.2,2703.6,902.2,633.0,659.4,680.4,735.4,838.8,998.2,1190.6,1524.4,2412.0,761.2,529.6,456.0,314.8,142.4,25.2,0.0,0.0
정부청사역,5,목요일,승차,0.0,0.0,34.0,78.6,205.2,340.6,248.0,224.2,277.4,277.0,293.4,346.0,456.4,574.8,784.2,1551.2,400.4,345.2,309.8,188.6,73.4,0.2,0.0,0.0
정부청사역,5,목요일,하차,0.0,0.0,82.2,168.0,564.6,2177.6,665.2,364.4,307.0,332.2,327.6,296.4,299.6,331.8,405.4,484.2,239.2,158.2,168.0,105.4,57.0,14.8,0.0,0.0
정부청사역,5,목요일,합계,0.0,0.0,116.2,246.6,769.8,2518.2,913.2,588.6,584.4,609.2,621.0,642.4,756.0,906.6,1189.6,2035.4,639.6,503.4,477.8,294.0,130.4,15.0,0.0,0.0
정부청사역,5,수요일,승차,0.0,2.25,41.5,85.25,227.75,382.25,269.0,269.5,313.0,303.25,302.25,351.0,497.5,634.25,957.25,1827.5,451.25,323.0,300.0,188.75,78.5,1.5,0.0,0.0
정부청사역,5,수요일,하차,0.0,2.0,83.0,191.75,698.25,2565.5,705.0,349.5,304.0,370.25,369.0,331.75,339.0,347.0,430.75,512.0,234.75,177.5,166.25,142.25,55.25,12.5,0.0,0.0
정부청사역,5,수요일,합계,0.0,4.25,124.5,277.0,926.0,2947.75,974.0,619.0,617.0,673.5,671.25,682.75,836.5,981.25,1388.0,2339.5,686.0,500.5,466.25,331.0,133.75,14.0,0.0,0.0
정부청사역,5,월요일,승차,0.0,0.0,41.5,75.75,189.0,297.0,222.5,212.5,272.75,262.5,243.25,295.25,400.5,514.25,740.25,1420.75,374.25,286.25,230.5,162.25,56.0,1.0,0.0,0.0
정부청사역,5,월요일,하차,0.0,0.0,71.75,169.75,527.25,2005.0,590.25,343.5,304.0,334.0,323.0,312.0,317.5,324.0,377.75,416.25,233.5,149.0,150.0,94.25,51.25,15.75,0.0,0.0
정부청사역,5,월요일,합계,0.0,0.0,113.25,245.5,716.25,2302.0,812.75,556.0,576.75,596.5,566.25,607.25,718.0,838.25,1118.0,1837.0,607.75,435.25,380.5,256.5,107.25,16.75,0.0,0.0
정부청사역,5,일요일,승차,0.0,0.75,20.5,42.25,61.75,110.25,129.0,167.25,163.25,208.0,235.25,257.25,274.0,313.5,347.0,298.75,250.75,215.75,171.5,100.5,47.5,0.5,0.0,0.0
정부청사역,5,일요일,하차,0.0,0.0,24.0,60.25,91.0,153.0,202.25,277.75,293.75,345.5,323.5,322.0,314.5,315.0,273.0,241.0,199.75,145.75,167.25,112.5,54.5,14.0,0.0,0.0
정부청사역,5,일요일,합계,0.0,0.75,44.5,102.5,152.75,263.25,331.25,445.0,457.0,553.5,558.75,579.25,588.5,628.5,620.0,539.75,450.5,361.5,338.75,213.0,102.0,14.5,0.0,0.0
정부청사역,5,토요일,승차,0.0,0.0,27.4,63.0,90.8,143.8,184.4,215.8,253.6,296.2,340.6,359.4,399.6,409.2,433.8,379.2,261.2,246.0,194.8,118.2,67.2,0.2,0.0,0.0
정부청사역,5,토요일,하차,0.0,0.0,41.6,85.2,141.6,284.0,338.4,352.2,387.4,401.0,407.4,393.6,391.4,391.8,353.6,279.8,232.4,190.2,226.4,111.6,64.4,17.0,0.0,0.0
정부청사역,5,토요일,합계,0.0,0.0,69.0,148.2,232.4,427.8,522.8,568.0,641.0,697.2,748.0,753.0,791.0,801.0,787.4,659.0,493.6,436.2,421.2,229.8,131.6,17.2,0.0,0.0
정부청사역,5,화요일,승차,0.0,0.5,33.5,72.0,195.25,312.75,215.75,222.75,260.0,251.5,263.5,305.0,428.75,562.75,748.5,1422.0,395.25,314.0,280.25,191.5,70.5,1.0,0.0,0.0
정부청사역,5,화요일,하차,0.0,0.0,69.75,159.0,532.5,1952.75,606.5,337.0,292.0,344.0,333.75,293.75,304.25,317.25,383.75,470.75,231.5,170.25,169.25,114.0,74.0,14.5,0.0,0.0
정부청사역,5,화요일,합계,0.0,0.5,103.25,231.0,727.75,2265.5,822.25,559.75,552.0,595.5,597.25,598.75,733.0,880.0,1132.25,1892.75,626.75,484.25,449.5,305.5,144.5,15.5,0.0,0.0
정부청사역,6,금요일,승차,0.0,0.25,31.25,72.75,177.75,299.0,215.25,226.0,283.75,318.5,321.5,361.0,510.25,697.0,856.5,1467.75,402.0,292.5,229.75,169.25,68.75,0.5,0.0,0.0
정부청사역,6,금요일,하차,0.0,0.25,71.0,159.25,475.5,1757.0,580.0,328.5,302.75,324.25,324.5,327.0,341.75,376.75,415.25,501.5,258.0,178.5,182.5,134.0,65.0,17.25,0.0,0.0
정부청사역,6,금요일,합계,0.0,0.5,102.25,232.0,653.25,2056.0,795.25,554.5,586.5,642.75,646.0,688.0,852.0,1073.75,1271.75,1969.25,660.0,471.0,412.25,303.25,133.75,17.75,0.0,0.0
정부청사역,6,목요일,승차,0.0,0.0,31.0,93.25,217.25,383.25,264.0,265.75,323.25,309.75,321.5,367.5,522.0,651.75,984.0,1745.0,465.25,364.0,318.0,202.5,79.5,0.25,0.0,0.0
정부청사역,6,목요일,하차,0.0,0.0,87.0,192.75,636.5,2421.75,722.5,359.0,314.0,346.0,343.0,330.75,320.0,385.0,433.75,529.75,249.0,176.5,181.25,156.25,66.25,19.0,0.0,0.0
정부청사역,6,목요일,합계,0.0,0.0,118.0,286.0,853.75,2805.0,986.5,624.75,637.25,655.75,664.5,698.25,842.0,1036.75,1417.75,2274.75,714.25,540.5,499.25,358.75,145.75,19.25,0.0,0.0
정부청사역,6,수요일,승차,0.0,0.0,37.0,80.5,209.25,375.5,247.0,249.75,309.25,287.5,302.5,364.0,483.75,613.75,929.0,1775.5,435.0,323.5,268.5,188.0,65.75,0.0,0.0,0.0
정부청사역,6,수요일,하차,0.0,0.0,88.0,191.75,652.0,2464.25,719.25,355.5,289.0,353.75,352.25,321.5,309.75,318.0,410.75,484.5,240.25,157.75,167.5,148.5,56.0,12.0,0.0,0.0
정부청사역,6,수요일,합계,0.0,0.0,125.0,272.25,861.25,2839.75,966.25,605.25,598.25,641.25,654.75,685.5,793.5,931.75,1339.75,2260.0,675.25,481.25,436.0,336.5,121.75,12.0,0.0,0.0
정부청사역,6,월요일,승차,0.0,0.2,44.2,84.0,200.4,351.2,241.0,243.4,274.4,289.0,285.0,321.0,433.2,544.0,846.0,1733.6,427.6,310.0,261.4,163.8,66.0,0.2,0.0,0.0
정부청사역,6,월요일,하차,0.0,0.0,88.4,196.6,646.8,2516.6,687.4,361.6,293.8,302.4,319.8,297.0,300.6,324.6,387.2,478.2,235.0,149.4,167.0,95.6,47.6,14.8,0.0,0.0
정부청사역,6,월요일,합계,0.0,0.2,132.6,280.6,847.2,2867.8,928.4,605.0,568.2,591.4,604.8,618.0,733.8,868.6,1233.2,2211.8,662.6,459.4,428.4,259.4,113.6,15.0,0.0,0.0
정부청사역,6,일요일,승차,0.0,0.2,24.6,28.2,66.4,98.8,115.0,149.4,133.4,171.4,186.8,195.4,226.4,248.8,249.4,245.2,193.0,194.4,138.2,92.8,43.8,0.6,0.0,0.0
정부청사역,6,일요일,하차,0.0,0.0,24.6,52.0,71.0,150.8,196.4,248.0,234.2,252.6,241.0,248.8,264.6,241.0,209.4,183.0,156.6,137.0,179.4,102.8,53.4,11.2,0.0,0.0
정부청사역,6,일요일,합계,0.0,0.2,49.2,80.2,137.4,249.6,311.4,397.4,367.6,424.0,427.8,444.2,491.0,489.8,458.8,428.2,349.6,331.4,317.6,195.6,97.2,11.8,0.0,0.0
정부청사역,6,토요일,승차,0.0,0.25,28.0,49.25,79.25,144.75,181.0,203.0,235.25,257.75,287.25,295.75,345.25,344.5,342.5,313.0,235.75,237.75,161.5,116.75,56.75,0.0,0.0,0.0
정부청사역,6,토요일,하차,0.0,0.0,39.5,72.0,130.25,250.75,315.75,302.25,334.75,361.25,348.25,346.75,324.0,322.0,304.0,245.25,185.25,160.25,178.0,114.75,62.5,21.0,0.0,0.0
정부청사역,6,토요일,합계,0.0,0.25,67.5,121.25,209.5,395.5,496.75,505.25,570.0,619.0,635.5,642.5,669.25,666.5,646.5,558.25,421.0,398.0,339.5,231.5,119.25,21.0,0.0,0.0
정부청사역,6,화요일,승차,0.0,0.0,32.75,74.25,167.75,313.75,233.75,219.5,248.75,238.5,263.25,338.0,405.25,509.75,768.25,1378.5,371.75,326.5,259.25,166.5,63.25,0.25,0.0,0.0
정부청사역,6,화요일,하차,0.0,0.0,74.5,162.75,511.75,1913.5,607.75,320.75,308.75,315.75,347.5,301.5,285.5,323.5,372.0,413.75,214.0,155.5,149.5,111.75,51.75,10.25,0.0,0.0
정부청사역,6,화요일,합계,0.0,0.0,107.25,237.0,679.5,2227.25,841.5,540.25,557.5,554.25,610.75,639.5,690.75,833.25,1140.25,1792.25,585.75,482.0,408.75,278.25,115.0,10.5,0.0,0.0
정부청사역,7,금요일,승차,0.0,0.0,31.5,81.25,201.0,351.25,222.25,248.5,293.25,320.25,312.25,378.25,525.5,753.0,1032.25,1823.0,408.0,300.0,257.0,186.25,81.75,1.5,0.0,0.0
정부청사역,7,금요일,하차,0.0,0.0,82.75,197.5,610.75,2234.5,590.5,316.75,300.25,329.75,307.5,300.75,317.5,355.5,444.5,547.5,284.0,195.5,193.5,140.5,76.5,18.75,0.0,0.0
정부청사역,7,금요일,합계,0.0,0.0,114.25,278.75,811.75,2585.75,812.75,565.25,593.5,650.0,619.75,679.0,843.0,1108.5,1476.75,2370.5,692.0,495.5,450.5,326.75,158.25,20.25,0.0,0.0
정부청사역,7,목요일,승차,0.0,0.0,29.6,83.6,193.6,338.0,229.4,214.4,255.6,245.2,252.8,292.8,375.2,532.8,854.2,1680.4,405.2,321.8,279.8,176.4,67.6,0.4,0.0,0.0
정부청사역,7,목요일,하차,0.0,0.0,87.0,200.4,628.8,2315.4,603.8,295.6,258.2,295.0,303.8,280.2,262.2,291.6,357.4,487.6,228.6,161.2,161.4,122.6,61.8,21.8,0.0,0.0
정부청사역,7,목요일,합계,0.0,0.0,116.6,284.0,822.4,2653.4,833.2,510.0,513.8,540.2,556.6,573.0,637.4,824.4,1211.6,2168.0,633.8,483.0,441.2,299.0,129.4,22.2,0.0,0.0
정부청사역,7,수요일,승차,0.0,0.0,36.4,81.8,210.8,353.8,224.6,227.4,265.4,260.0,275.4,284.6,391.0,535.2,869.4,1724.0,399.2,279.4,255.0,171.6,68.2,0.4,0.0,0.0
정부청사역,7,수요일,하차,0.0,0.0,90.0,202.6,639.6,2363.6,600.6,326.6,271.2,302.4,298.4,282.4,288.6,297.6,359.6,504.2,215.2,159.4,157.6,132.6,49.4,13.0,0.0,0.0
정부청사역,7,수요일,합계,0.0,0.0,126.4,284.4,850.4,2717.4,825.2,554.0,536.6,562.4,573.8,567.0,679.6,832.8,1229.0,2228.2,614.4,438.8,412.6,304.2,117.6,13.4,0.0,0.0
정부청사역,7,월요일,승차,0.0,0.0,39.5,87.5,192.25,322.25,246.25,235.0,262.0,270.25,246.75,276.5,366.0,469.75,810.5,1744.25,390.0,299.25,255.75,150.5,61.75,0.25,0.0,0.0
정부청사역,7,월요일,하차,0.0,0.0,84.25,196.75,649.5,2447.0,672.25,329.0,274.25,302.5,296.75,269.5,272.25,307.5,345.5,457.75,208.25,145.0,140.75,94.75,51.0,9.5,0.0,0.0
정부청사역,7,월요일,합계,0.0,0.0,123.75,284.25,841.75,2769.25,918.5,564.0,536.25,572.75,543.5,546.0,638.25,777.25,1156.0,2202.0,598.25,444.25,396.5,245.25,112.75,9.75,0.0,0.0
정부청사역,7,일요일,승차,0.0,0.25,28.75,33.25,59.0,98.5,100.75,130.5,138.75,157.75,179.75,178.75,198.75,219.0,243.75,207.5,174.25,182.25,136.5,78.25,41.75,0.0,0.0,0.0
정부청사역,7,일요일,하차,0.0,0.0,25.25,54.0,70.5,130.75,171.25,199.0,208.75,246.0,216.0,210.5,232.25,242.5,214.5,184.0,153.75,132.0,196.25,122.25,57.5,12.25,0.0,0.0
정부청사역,7,일요일,합계,0.0,0.25,54.0,87.25,129.5,229.25,272.0,329.5,347.5,403.75,395.75,389.25,431.0,461.5,458.25,391.5,328.0,314.25,332.75,200.5,99.25,12.25,0.0,0.0
정부청사역,7,토요일,승차,0.0,0.25,29.25,47.75,82.75,134.5,177.75,202.75,214.0,256.25,275.25,268.25,289.75,328.75,336.5,290.25,208.25,214.5,169.5,125.25,62.75,0.0,0.0,0.0
정부청사역,7,토요일,하차,0.0,0.0,42.5,74.0,117.25,249.5,306.25,292.25,318.25,331.5,309.0,307.25,281.5,274.25,289.0,248.5,190.25,161.5,175.75,132.0,50.5,17.75,0.0,0.0
정부청사역,7,토요일,합계,0.0,0.25,71.75,121.75,200.0,384.0,484.0,495.0,532.25,587.75,584.25,575.5,571.25,603.0,625.5,538.75,398.5,376.0,345.25,257.25,113.25,17.75,0.0,0.0
정부청사역,7,화요일,승차,0.0,0.0,32.6,83.6,195.2,339.0,228.6,222.8,256.4,244.4,254.4,294.0,373.4,512.0,861.0,1687.0,425.8,299.8,263.2,176.2,68.6,0.0,0.0,0.0
정부청사역,7,화요일,하차,0.0,0.0,90.6,208.2,654.2,2390.2,615.8,303.6,257.6,299.2,316.0,275.0,269.4,305.8,377.8,475.4,215.4,154.0,158.8,120.2,52.8,12.2,0.0,0.0
정부청사역,7,화요일,합계,0.0,0.0,123.2,291.8,849.4,2729.2,844.4,526.4,514.0,543.6,570.4,569.0,642.8,817.8,1238.8,2162.4,641.2,453.8,422.0,296.4,121.4,12.2,0.0,0.0
정부청사역,8,금요일,승차,0.0,0.0,29.0,75.2,171.8,299.2,195.8,228.6,265.6,274.6,280.0,351.2,479.8,675.0,936.8,1535.0,427.8,289.2,236.6,171.8,73.8,6.4,0.2,0.0
정부청사역,8,금요일,하차,0.0,0.0,67.6,165.2,497.2,1743.2,480.0,290.6,264.6,291.8,297.8,298.6,317.8,345.4,428.0,516.6,285.4,218.4,220.4,184.2,103.0,60.8,29.0,0.0
정부청사역,8,금요일,합계,0.0,0.0,96.6,240.4,669.0,2042.4,675.8,519.2,530.2,566.4,577.8,649.8,797.6,1020.4,1364.8,2051.6,713.2,507.6,457.0,356.0,176.8,67.2,29.2,0.0
정부청사역,8,목요일,승차,0.0,2.0,34.25,79.0,210.0,370.0,241.25,247.0,289.5,280.25,304.0,338.25,445.0,616.25,976.75,1808.5,449.25,344.75,277.0,172.25,77.0,5.5,0.0,0.0
정부청사역,8,목요일,하차,0.0,1.75,84.5,200.5,618.0,2293.5,609.75,331.75,286.75,320.5,335.0,301.25,312.0,330.5,425.25,515.25,250.5,186.25,195.75,153.0,94.0,41.25,4.75,0.0
정부청사역,8,목요일,합계,0.0,3.75,118.75,279.5,828.0,2663.5,851.0,578.75,576.25,600.75,639.0,639.5,757.0,946.75,1402.0,2323.75,699.75,531.0,472.75,325.25,171.0,46.75,4.75,0.0
정부청사역,8,수요일,승차,0.0,0.5,30.25,73.75,190.25,369.5,230.75,241.25,273.75,276.0,291.25,326.25,449.25,586.0,898.0,1844.25,426.75,315.5,240.5,171.5,62.75,3.0,0.25,0.0
정부청사역,8,수요일,하차,0.0,0.0,85.0,188.75,644.75,2325.25,606.75,302.25,292.75,351.75,330.5,311.75,306.5,315.25,396.5,490.75,227.5,172.25,175.25,142.0,61.75,40.25,0.75,0.0
정부청사역,8,수요일,합계,0.0,0.5,115.25,262.5,835.0,2694.75,837.5,543.5,566.5,627.75,621.75,638.0,755.75,901.25,1294.5,2335.0,654.25,487.75,415.75,313.5,124.5,43.25,1.0,0.0
정부청사역,8,월요일,승차,0.0,0.25,46.25,87.5,185.25,343.0,234.75,226.5,287.25,254.25,248.5,289.75,356.5,504.25,826.5,1777.5,403.25,287.0,229.25,162.75,68.75,3.5,0.0,0.0
정부청사역,8,월요일,하차,0.0,0.0,88.75,223.25,688.75,2299.5,619.5,331.5,281.0,292.5,319.0,294.5,298.75,297.25,368.75,467.0,196.75,157.5,150.5,109.75,56.5,27.5,1.0,0.0
정부청사역,8,월요일,합계,0.0,0.25,135.0,310.75,874.0,2642.5,854.25,558.0,568.25,546.75,567.5,584.25,655.25,801.5,1195.25,2244.5,600.0,444.5,379.75,272.5,125.25,31.0,1.0,0.0
정부청사역,8,일요일,승차,0.0,0.0,23.6,29.4,57.4,101.4,104.0,129.6,129.0,166.8,162.4,189.0,212.2,245.2,265.8,234.6,195.4,200.0,138.0,81.4,33.4,2.4,0.6,0.0
정부청사역,8,일요일,하차,0.0,0.0,29.4,49.4,63.8,130.6,170.0,192.0,187.2,247.4,221.0,234.2,244.4,254.4,228.0,190.6,174.2,155.4,222.4,150.4,71.2,44.8,2.4,0.0
정부청사역,8,일요일,합계,0.0,0.0,53.0,78.8,121.2,232.0,274.0,321.6,316.2,414.2,383.4,423.2,456.6,499.6,493.8,425.2,369.6,355.4,360.4,231.8,104.6,47.2,3.0,0.0
정부청사역,8,토요일,승차,0.0,2.0,26.0,51.8,87.8,148.4,165.4,218.2,232.0,252.6,295.0,281.6,306.4,335.4,375.8,334.0,240.0,247.2,193.4,108.8,52.6,3.6,0.0,0.0
정부청사역,8,토요일,하차,0.0,1.6,42.2,69.0,121.0,238.2,302.8,283.0,297.6,335.2,325.6,318.0,299.4,338.0,303.4,265.0,198.0,197.2,192.6,142.6,94.6,70.8,2.0,0.0
정부청사역,8,토요일,합계,0.0,3.6,68.2,120.8,208.8,386.6,468.2,501.2,529.6,587.8,620.6,599.6,605.8,673.4,679.2,599.0,438.0,444.4,386.0,251.4,147.2,74.4,2.0,0.0
정부청사역,8,화요일,승차,0.0,0.0,28.75,80.0,193.5,350.25,231.25,228.75,256.25,251.5,262.0,288.25,401.75,524.25,891.25,1809.75,416.75,302.25,264.0,166.75,60.0,2.75,0.25,0.0
정부청사역,8,화요일,하차,0.0,0.0,88.0,196.5,621.5,2331.75,593.75,328.25,281.0,306.0,319.0,304.0,285.25,313.0,385.0,472.25,218.25,173.5,155.0,157.0,55.5,18.0,0.75,0.0
정부청사역,8,화요일,합계,0.0,0.0,116.75,276.5,815.0,2682.0,825.0,557.0,537.25,557.5,581.0,592.25,687.0,837.25,1276.25,2282.0,635.0,475.75,419.0,323.75,115.5,20.75,1.0,0.0
중구청역,1,금요일,승차,0.0,0.0,20.0,44.6,116.8,237.0,89.6,94.0,105.4,128.4,139.6,119.6,147.8,170.2,249.2,368.8,95.4,62.4,47.8,38.4,19.8,1.2,0.0,0.0
중구청역,1,금요일,하차,0.0,0.0,12.2,39.8,145.6,518.0,165.2,114.2,113.8,114.6,126.0,117.2,120.2,115.8,150.6,222.0,99.0,63.2,57.8,47.0,33.2,4.8,0.0,0.0
중구청역,1,금요일,합계,0.0,0.0,32.2,84.4,262.4,755.0,254.8,208.2,219.2,243.0,265.6,236.8,268.0,286.0,399.8,590.8,194.4,125.6,105.6,85.4,53.0,6.0,0.0,0.0
중구청역,1,목요일,승차,0.0,0.0,19.0,44.2,105.4,207.8,87.2,88.8,90.2,113.0,101.2,113.4,119.4,135.8,201.8,288.2,76.8,71.8,68.2,42.0,16.8,0.0,0.0,0.0
중구청역,1,목요일,하차,0.0,0.0,14.6,38.8,136.4,446.2,157.8,103.6,115.4,101.4,123.2,111.0,107.4,95.8,127.8,205.4,77.6,63.6,60.6,55.6,35.4,2.0,0.0,0.0
중구청역,1,목요일,합계,0.0,0.0,33.6,83.0,241.8,654.0,245.0,192.4,205.6,214.4,224.4,224.4,226.8,231.6,329.6,493.6,154.4,135.4,128.8,97.6,52.2,2.0,0.0,0.0
중구청역,1,수요일,승차,0.0,0.0,17.0,35.0,86.4,169.8,66.8,69.8,96.0,93.4,94.0,91.4,117.2,113.6,150.2,235.6,75.4,60.8,52.6,32.0,14.6,0.0,0.0,0.0
중구청역,1,수요일,하차,0.0,0.0,8.4,36.2,103.8,350.0,133.6,80.4,82.2,89.4,115.2,106.0,99.8,83.6,99.4,165.8,67.4,57.4,58.8,52.6,29.8,2.4,0.0,0.0
중구청역,1,수요일,합계,0.0,0.0,25.4,71.2,190.2,519.8,200.4,150.2,178.2,182.8,209.2,197.4,217.0,197.2,249.6,401.4,142.8,118.2,111.4,84.6,44.4,2.4,0.0,0.0
중구청역,1,월요일,승차,0.0,0.0,21.75,40.25,98.0,210.0,98.25,101.75,123.75,124.25,106.0,122.0,140.5,148.25,214.5,268.25,86.5,78.75,70.5,47.25,14.25,0.0,0.0,0.0
중구청역,1,월요일,하차,0.0,0.0,12.75,40.0,144.75,444.25,160.25,113.25,114.0,114.75,150.75,108.0,115.25,93.75,136.0,193.5,87.25,58.25,59.25,50.5,32.25,2.5,0.0,0.0
중구청역,1,월요일,합계,0.0,0.0,34.5,80.25,242.75,654.25,258.5,215.0,237.75,239.0,256.75,230.0,255.75,242.0,350.5,461.75,173.75,137.0,129.75,97.75,46.5,2.5,0.0,0.0
중구청역,1,일요일,승차,0.0,0.0,13.75,13.5,36.25,37.75,47.0,45.0,69.75,55.5,76.5,63.75,78.25,88.5,88.5,69.75,50.0,28.0,29.75,25.0,11.25,0.0,0.0,0.0
중구청역,1,일요일,하차,0.0,0.0,7.5,21.75,17.25,27.25,45.25,44.25,72.5,81.5,95.5,93.75,104.75,82.0,73.25,58.25,46.0,39.0,47.25,38.5,24.75,1.25,0.0,0.0
중구청역,1,일요일,합계,0.0,0.0,21.25,35.25,53.5,65.0,92.25,89.25,142.25,137.0,172.0,157.5,183.0,170.5,161.75,128.0,96.0,67.0,77.0,63.5,36.0,1.25,0.0,0.0
중구청역,1,토요일,승차,0.0,0.0,19.75,23.0,42.75,65.25,74.5,71.0,86.75,96.25,105.25,103.25,104.25,114.0,102.0,73.75,62.25,48.5,52.0,27.0,13.25,0.25,0.0,0.0
중구청역,1,토요일,하차,0.0,0.0,9.0,27.75,34.25,51.0,78.5,87.0,101.75,125.75,130.5,116.0,101.75,110.5,119.25,82.75,54.5,59.5,50.0,37.25,26.25,3.75,0.0,0.0
중구청역,1,토요일,합계,0.0,0.0,28.75,50.75,77.0,116.25,153.0,158.0,188.5,222.0,235.75,219.25,206.0,224.5,221.25,156.5,116.75,108.0,102.0,64.25,39.5,4.0,0.0,0.0
중구청역,1,화요일,승차,0.0,0.0,20.5,44.5,95.25,211.0,95.0,77.25,103.25,123.25,112.5,105.5,126.0,150.0,218.75,288.0,77.75,64.75,54.25,45.5,21.25,0.0,0.0,0.0
중구청역,1,화요일,하차,0.0,0.0,13.25,42.75,135.75,434.0,170.5,107.75,106.5,100.75,133.5,103.5,103.75,95.5,114.5,194.25,88.25,60.75,56.0,52.75,34.75,1.5,0.0,0.0
중구청역,1,화요일,합계,0.0,0.0,33.75,87.25,231.0,645.0,265.5,185.0,209.75,224.0,246.0,209.0,229.75,245.5,333.25,482.25,166.0,125.5,110.25,98.25,56.0,1.5,0.0,0.0
중구청역,2,금요일,승차,0.0,0.0,20.0,48.75,131.5,260.0,100.0,111.0,115.75,132.75,145.5,131.0,156.75,197.75,274.25,383.75,101.5,70.0,59.75,49.25,22.5,0.0,0.0,0.0
중구청역,2,금요일,하차,0.0,0.0,11.5,44.25,151.25,530.75,195.0,122.75,133.75,136.0,152.25,124.0,128.5,118.0,162.25,260.75,109.75,70.75,67.5,57.75,42.75,3.25,0.0,0.0
중구청역,2,금요일,합계,0.0,0.0,31.5,93.0,282.75,790.75,295.0,233.75,249.5,268.75,297.75,255.0,285.25,315.75,436.5,644.5,211.25,140.75,127.25,107.0,65.25,3.25,0.0,0.0
중구청역,2,목요일,승차,0.0,1.0,17.75,52.5,122.25,268.25,99.25,94.25,111.5,134.5,143.25,135.0,150.5,177.75,241.75,353.0,98.5,86.0,84.75,47.25,20.0,0.75,0.0,0.0
중구청역,2,목요일,하차,0.0,1.0,12.75,43.75,154.5,538.5,196.75,127.25,137.25,139.75,159.0,139.0,128.75,117.25,147.75,246.5,95.0,71.0,75.75,68.5,34.75,3.75,0.0,0.0
중구청역,2,목요일,합계,0.0,2.0,30.5,96.25,276.75,806.75,296.0,221.5,248.75,274.25,302.25,274.0,279.25,295.0,389.5,599.5,193.5,157.0,160.5,115.75,54.75,4.5,0.0,0.0
중구청역,2,수요일,승차,0.0,0.0,25.0,50.25,125.0,278.75,97.5,94.75,129.75,131.75,125.25,130.5,170.0,190.25,254.75,381.25,99.75,82.5,76.75,52.5,18.0,0.0,0.0,0.0
중구청역,2,수요일,하차,0.0,0.0,14.25,40.25,160.75,574.0,219.0,122.25,117.5,129.5,159.75,123.5,135.5,112.5,132.5,248.0,96.75,63.75,72.5,61.5,45.0,2.0,0.0,0.0
중구청역,2,수요일,합계,0.0,0.0,39.25,90.5,285.75,852.75,316.5,217.0,247.25,261.25,285.0,254.0,305.5,302.75,387.25,629.25,196.5,146.25,149.25,114.0,63.0,2.0,0.0,0.0
중구청역,2,월요일,승차,0.0,0.0,22.25,49.5,124.75,259.5,117.5,101.75,121.75,151.5,126.5,153.25,164.5,183.0,246.75,349.75,92.0,93.25,86.25,49.0,22.0,0.0,0.0,0.0
중구청역,2,월요일,하차,0.0,0.0,13.75,44.0,171.0,561.5,208.5,125.75,125.75,137.75,164.25,123.25,124.0,115.25,142.25,234.75,87.0,66.5,67.25,58.25,31.5,3.25,0.0,0.0
중구청역,2,월요일,합계,0.0,0.0,36.0,93.5,295.75,821.0,326.0,227.5,247.5,289.25,290.75,276.5,288.5,298.25,389.0,584.5,179.0,159.75,153.5,107.25,53.5,3.25,0.0,0.0
중구청역,2,일요일,승차,0.0,0.0,11.25,19.0,37.5,44.25,37.25,48.75,67.25,70.25,75.25,74.75,92.0,94.5,76.75,64.25,53.5,35.0,24.75,19.5,11.0,0.0,0.0,0.0
중구청역,2,일요일,하차,0.0,0.0,6.75,18.25,19.25,26.25,51.75,53.25,81.25,89.5,99.25,96.75,77.5,87.25,88.25,65.0,52.5,41.5,50.5,35.5,22.0,2.25,0.0,0.0
중구청역,2,일요일,합계,0.0,0.0,18.0,37.25,56.75,70.5,89.0,102.0,148.5,159.75,174.5,171.5,169.5,181.75,165.0,129.25,106.0,76.5,75.25,55.0,33.0,2.25,0.0,0.0
중구청역,2,토요일,승차,0.0,0.0,17.75,28.0,47.75,58.5,74.75,67.75,92.25,106.25,120.0,116.25,120.0,118.0,114.0,90.5,73.25,48.5,39.25,35.25,17.0,0.0,0.0,0.0
중구청역,2,토요일,하차,0.0,0.0,13.0,25.75,36.5,54.5,96.25,88.25,109.25,120.5,130.75,126.25,126.0,109.75,148.25,97.25,58.0,54.25,50.0,40.0,30.75,4.25,0.0,0.0
중구청역,2,토요일,합계,0.0,0.0,30.75,53.75,84.25,113.0,171.0,156.0,201.5,226.75,250.75,242.5,246.0,227.75,262.25,187.75,131.25,102.75,89.25,75.25,47.75,4.25,0.0,0.0
중구청역,2,화요일,승차,0.0,0.0,17.75,48.75,124.0,268.5,105.0,98.0,107.25,136.5,155.0,152.75,155.5,197.75,258.75,367.5,96.75,94.5,76.5,51.25,17.25,0.0,0.0,0.0
중구청역,2,화요일,하차,0.0,0.0,12.0,45.0,166.25,567.0,207.75,123.5,136.25,131.0,168.75,138.5,125.75,108.5,137.75,241.75,90.25,74.25,72.25,53.5,39.5,3.75,0.0,0.0
중구청역,2,화요일,합계,0.0,0.0,29.75,93.75,290.25,835.5,312.75,221.5,243.5,267.5,323.75,291.25,281.25,306.25,396.5,609.25,187.0,168.75,148.75,104.75,56.75,3.75,0.0,0.0
중구청역,3,금요일,승차,0.0,0.25,21.25,56.75,152.75,278.75,113.0,102.75,110.25,125.25,137.5,152.0,177.5,256.75,274.25,399.25,107.25,90.25,63.25,69.25,26.5,0.5,0.0,0.0
중구청역,3,금요일,하차,0.0,0.25,15.0,49.5,205.25,550.0,191.0,125.0,128.5,123.25,133.0,135.25,139.0,129.5,175.75,260.0,115.5,72.75,66.5,56.25,49.25,6.25,0.0,0.0
중구청역,3,금요일,합계,0.0,0.5,36.25,106.25,358.0,828.75,304.0,227.75,238.75,248.5,270.5,287.25,316.5,386.25,450.0,659.25,222.75,163.0,129.75,125.5,75.75,6.75,0.0,0.0
중구청역,3,목요일,승차,0.0,0.0,21.25,57.25,161.5,293.5,118.0,100.0,116.75,136.75,121.75,118.0,156.5,248.5,279.0,370.5,106.5,78.75,77.5,65.0,20.75,0.0,0.0,0.0
중구청역,3,목요일,하차,0.0,0.0,19.75,36.75,209.25,567.75,228.5,122.25,128.25,125.0,141.0,119.5,123.0,119.25,157.25,264.25,99.0,70.0,73.75,57.0,45.75,3.25,0.0,0.0
중구청역,3,목요일,합계,0.0,0.0,41.0,94.0,370.75,861.25,346.5,222.25,245.0,261.75,262.75,237.5,279.5,367.75,436.25,634.75,205.5,148.75,151.25,122.0,66.5,3.25,0.0,0.0
중구청역,3,수요일,승차,0.0,0.0,22.75,57.25,154.75,292.75,107.0,104.75,124.75,124.0,122.5,130.25,200.5,212.75,281.25,365.0,102.5,84.0,79.5,63.0,20.25,0.0,0.0,0.0
중구청역,3,수요일,하차,0.0,0.0,16.25,45.75,220.75,569.25,232.0,137.25,112.75,127.5,159.75,122.0,121.75,135.25,153.25,280.0,102.25,74.25,89.5,61.0,38.75,2.75,0.0,0.0
중구청역,3,수요일,합계,0.0,0.0,39.0,103.0,375.5,862.0,339.0,242.0,237.5,251.5,282.25,252.25,322.25,348.0,434.5,645.0,204.75,158.25,169.0,124.0,59.0,2.75,0.0,0.0
중구청역,3,월요일,승차,0.0,0.6,17.6,50.0,126.2,235.4,110.6,96.4,105.8,123.2,116.2,135.4,163.8,205.8,234.4,309.0,89.0,86.4,74.4,48.0,10.6,0.0,0.0,0.0
중구청역,3,월요일,하차,0.0,0.6,17.6,40.8,184.0,447.4,181.4,116.4,124.2,132.4,142.6,118.4,124.2,114.2,137.0,228.6,90.8,67.8,68.2,54.6,36.2,2.4,0.0,0.0
중구청역,3,월요일,합계,0.0,1.2,35.2,90.8,310.2,682.8,292.0,212.8,230.0,255.6,258.8,253.8,288.0,320.0,371.4,537.6,179.8,154.2,142.6,102.6,46.8,2.4,0.0,0.0
중구청역,3,일요일,승차,0.0,0.0,13.4,12.6,40.4,45.6,42.4,51.4,72.8,77.8,73.8,77.0,95.6,98.6,103.2,78.8,55.0,37.0,27.8,22.4,10.4,0.0,0.0,0.0
중구청역,3,일요일,하차,0.0,0.0,10.2,18.6,17.2,29.2,54.0,59.0,80.6,108.8,99.0,106.8,100.0,99.4,97.6,62.4,53.0,41.6,60.8,45.6,28.0,0.6,0.0,0.0
중구청역,3,일요일,합계,0.0,0.0,23.6,31.2,57.6,74.8,96.4,110.4,153.4,186.6,172.8,183.8,195.6,198.0,200.8,141.2,108.0,78.6,88.6,68.0,38.4,0.6,0.0,0.0
중구청역,3,토요일,승차,0.0,1.0,16.2,28.4,57.4,69.0,80.0,77.8,99.0,111.6,108.2,95.4,116.6,115.6,130.4,118.6,62.6,58.8,42.2,26.4,17.6,0.0,0.0,0.0
중구청역,3,토요일,하차,0.0,1.0,11.0,27.2,37.4,63.6,98.6,93.6,127.0,127.2,138.0,126.8,122.2,121.2,123.0,99.6,68.6,53.2,57.6,42.0,31.0,4.2,0.0,0.0
중구청역,3,토요일,합계,0.0,2.0,27.2,55.6,94.8,132.6,178.6,171.4,226.0,238.8,246.2,222.2,238.8,236.8,253.4,218.2,131.2,112.0,99.8,68.4,48.6,4.2,0.0,0.0
중구청역,3,화요일,승차,0.0,0.0,22.25,55.0,158.25,282.25,109.75,100.5,121.75,132.5,120.25,123.5,153.25,238.75,270.75,392.25,95.75,88.75,85.0,60.75,18.75,0.0,0.0,0.0
중구청역,3,화요일,하차,0.0,0.0,17.75,49.25,220.75,575.25,232.75,135.0,128.25,118.5,141.75,103.5,104.75,115.5,148.75,260.75,83.75,76.75,75.25,61.25,42.0,4.25,0.0,0.0
중구청역,3,화요일,합계,0.0,0.0,40.0,104.25,379.0,857.5,342.5,235.5,250.0,251.0,262.0,227.0,258.0,354.25,419.5,653.0,179.5,165.5,160.25,122.0,60.75,4.25,0.0,0.0
중구청역,4,금요일,승차,0.0,0.0,23.0,57.25,156.25,275.5,119.5,104.25,116.75,128.25,137.75,156.25,175.25,274.0,284.0,372.75,106.0,81.75,70.5,112.75,24.25,0.25,0.0,0.0
중구청역,4,금요일,하차,0.0,0.0,16.75,52.75,213.25,554.0,210.25,123.75,118.0,130.0,136.75,133.75,130.25,154.5,237.0,299.75,121.25,69.0,76.75,57.75,47.25,6.25,0.0,0.0
중구청역,4,금요일,합계,0.0,0.0,39.75,110.0,369.5,829.5,329.75,228.0,234.75,258.25,274.5,290.0,305.5,428.5,521.0,672.5,227.25,150.75,147.25,170.5,71.5,6.5,0.0,0.0
중구청역,4,목요일,승차,0.0,0.0,23.25,60.5,155.75,307.25,133.5,94.75,117.5,136.75,134.25,123.0,157.0,265.0,257.5,368.75,101.75,100.25,90.75,72.25,18.0,0.0,0.0,0.0
중구청역,4,목요일,하차,0.0,0.0,19.75,43.75,216.25,566.0,224.5,126.5,114.25,134.25,138.0,116.75,133.0,134.5,174.0,288.75,117.5,75.75,80.75,61.25,40.5,4.25,0.0,0.0
중구청역,4,목요일,합계,0.0,0.0,43.0,104.25,372.0,873.25,358.0,221.25,231.75,271.0,272.25,239.75,290.0,399.5,431.5,657.5,219.25,176.0,171.5,133.5,58.5,4.25,0.0,0.0
중구청역,4,수요일,승차,0.0,0.0,24.8,56.8,154.0,297.4,113.8,99.4,129.4,137.6,122.8,158.2,185.6,219.2,261.8,369.0,105.6,97.6,95.4,68.0,22.6,1.0,0.0,0.0
중구청역,4,수요일,하차,0.0,0.0,16.8,52.0,218.6,549.2,234.0,122.2,107.2,121.8,160.0,114.0,124.6,128.4,189.0,314.0,103.8,75.6,86.8,62.0,39.6,5.2,0.0,0.0
중구청역,4,수요일,합계,0.0,0.0,41.6,108.8,372.6,846.6,347.8,221.6,236.6,259.4,282.8,272.2,310.2,347.6,450.8,683.0,209.4,173.2,182.2,130.0,62.2,6.2,0.0,0.0
중구청역,4,월요일,승차,0.0,0.75,25.5,56.0,146.25,281.25,121.0,116.5,125.75,130.75,114.75,151.0,160.75,220.0,257.0,364.0,97.5,93.25,80.0,48.5,15.5,0.0,0.0,0.0
중구청역,4,월요일,하차,0.0,0.75,18.5,48.5,230.25,557.5,210.25,132.5,117.0,124.0,157.0,116.25,109.25,108.25,152.5,282.0,100.5,68.5,77.0,55.25,34.0,2.75,0.0,0.0
중구청역,4,월요일,합계,0.0,1.5,44.0,104.5,376.5,838.75,331.25,249.0,242.75,254.75,271.75,267.25,270.0,328.25,409.5,646.0,198.0,161.75,157.0,103.75,49.5,2.75,0.0,0.0
중구청역,4,일요일,승차,0.0,0.0,12.75,18.5,45.5,49.25,45.25,56.0,69.5,61.5,85.75,66.75,85.5,90.75,113.25,84.0,55.25,36.75,30.25,18.25,12.75,0.0,0.0,0.0
중구청역,4,일요일,하차,0.0,0.0,9.25,23.5,22.0,28.75,58.25,58.25,82.5,114.75,127.25,99.5,104.25,76.5,98.75,63.5,56.0,50.75,59.75,45.0,25.5,0.75,0.0,0.0
중구청역,4,일요일,합계,0.0,0.0,22.0,42.0,67.5,78.0,103.5,114.25,152.0,176.25,213.0,166.25,189.75,167.25,212.0,147.5,111.25,87.5,90.0,63.25,38.25,0.75,0.0,0.0
중구청역,4,토요일,승차,0.0,3.0,17.75,32.5,60.75,85.5,80.5,78.25,100.75,114.5,108.25,102.0,101.0,115.75,119.5,85.75,68.5,71.5,62.5,29.5,19.5,0.0,0.0,0.0
중구청역,4,토요일,하차,0.0,3.0,11.25,29.75,38.25,88.25,107.0,90.5,116.0,122.5,135.25,129.75,127.75,125.75,112.25,90.0,73.25,55.5,48.75,37.0,25.75,2.5,0.0,0.0
중구청역,4,토요일,합계,0.0,6.0,29.0,62.25,99.0,173.75,187.5,168.75,216.75,237.0,243.5,231.75,228.75,241.5,231.75,175.75,141.75,127.0,111.25,66.5,45.25,2.5,0.0,0.0
중구청역,4,화요일,승차,0.0,0.0,23.0,55.8,159.4,307.0,120.0,100.4,119.8,144.6,120.2,117.2,159.2,252.6,267.0,374.8,92.4,86.2,95.4,62.2,20.2,0.6,0.0,0.0
중구청역,4,화요일,하차,0.0,0.0,15.2,49.6,219.8,585.2,233.0,112.4,116.6,120.0,154.6,103.8,115.0,129.0,156.4,287.0,101.8,65.8,80.0,62.4,41.8,5.8,0.0,0.0
중구청역,4,화요일,합계,0.0,0.0,38.2,105.4,379.2,892.2,353.0,212.8,236.4,264.6,274.8,221.0,274.2,381.6,423.4,661.8,194.2,152.0,175.4,124.6,62.0,6.4,0.0,0.0
중구청역,5,금요일,승차,0.0,0.0,20.8,50.4,151.0,275.2,135.2,111.8,131.6,140.8,126.2,155.4,163.4,236.6,270.4,378.4,103.0,75.6,79.0,45.8,24.2,0.0,0.0,0.0
중구청역,5,금요일,하차,0.0,0.0,15.6,49.2,218.4,550.2,215.0,125.8,121.0,135.0,164.0,123.8,136.0,146.0,175.4,250.4,107.2,65.4,63.0,56.8,41.8,3.6,0.0,0.0
중구청역,5,금요일,합계,0.0,0.0,36.4,99.6,369.4,825.4,350.2,237.6,252.6,275.8,290.2,279.2,299.4,382.6,445.8,628.8,210.2,141.0,142.0,102.6,66.0,3.6,0.0,0.0
중구청역,5,목요일,승차,0.0,1.0,22.6,55.4,145.2,268.4,126.0,99.2,125.4,134.4,122.8,124.6,135.8,228.8,255.2,344.2,90.2,82.0,88.0,56.0,20.8,0.0,0.0,0.0
중구청역,5,목요일,하차,0.0,1.0,12.4,48.2,191.0,497.2,215.6,128.4,114.2,126.4,141.8,107.4,114.0,123.4,155.8,250.6,99.6,67.2,66.4,62.4,37.4,3.2,0.0,0.0
중구청역,5,목요일,합계,0.0,2.0,35.0,103.6,336.2,765.6,341.6,227.6,239.6,260.8,264.6,232.0,249.8,352.2,411.0,594.8,189.8,149.2,154.4,118.4,58.2,3.2,0.0,0.0
중구청역,5,수요일,승차,0.0,0.0,24.75,56.0,165.25,307.5,114.25,97.75,132.25,123.5,125.75,153.75,215.0,238.5,272.5,380.75,107.25,92.25,96.25,96.5,19.0,2.0,0.0,0.0
중구청역,5,수요일,하차,0.0,0.0,13.75,54.25,225.0,562.75,244.5,129.75,101.0,134.25,155.0,121.0,145.75,144.5,203.5,322.25,105.75,78.0,85.25,67.0,36.0,4.25,0.0,0.0
중구청역,5,수요일,합계,0.0,0.0,38.5,110.25,390.25,870.25,358.75,227.5,233.25,257.75,280.75,274.75,360.75,383.0,476.0,703.0,213.0,170.25,181.5,163.5,55.0,6.25,0.0,0.0
중구청역,5,월요일,승차,0.0,2.0,21.5,47.25,130.0,234.25,103.25,91.0,109.25,119.5,114.75,132.75,139.5,212.25,238.75,306.5,87.25,69.0,67.0,47.5,13.0,0.5,0.0,0.0
중구청역,5,월요일,하차,0.0,2.0,11.25,45.5,181.25,422.75,175.25,114.5,115.5,137.0,146.25,119.75,113.25,110.25,138.75,223.5,90.25,64.0,65.75,54.5,37.75,6.75,0.0,0.0
중구청역,5,월요일,합계,0.0,4.0,32.75,92.75,311.25,657.0,278.5,205.5,224.75,256.5,261.0,252.5,252.75,322.5,377.5,530.0,177.5,133.0,132.75,102.0,50.75,7.25,0.0,0.0
중구청역,5,일요일,승차,0.0,1.25,11.75,22.0,41.25,42.75,49.25,55.5,82.5,69.25,85.5,81.25,98.0,101.75,106.5,92.0,58.0,48.0,28.5,24.0,12.0,0.0,0.0,0.0
중구청역,5,일요일,하차,0.0,1.25,12.25,22.5,18.75,33.25,60.75,65.75,86.0,131.25,120.5,120.25,105.0,93.25,97.0,74.75,63.0,47.5,59.5,50.75,32.0,1.0,0.0,0.0
중구청역,5,일요일,합계,0.0,2.5,24.0,44.5,60.0,76.0,110.0,121.25,168.5,200.5,206.0,201.5,203.0,195.0,203.5,166.75,121.0,95.5,88.0,74.75,44.0,1.0,0.0,0.0
중구청역,5,토요일,승차,0.0,0.0,21.4,32.8,55.6,85.6,72.0,78.8,102.4,103.6,115.0,102.8,113.4,115.2,155.6,107.0,72.8,56.2,54.2,32.8,20.4,0.2,0.0,0.0
중구청역,5,토요일,하차,0.0,0.0,9.4,32.4,35.8,86.4,104.0,101.8,113.0,124.6,138.6,127.4,138.2,127.2,119.2,82.6,72.8,65.2,59.4,47.2,27.6,3.2,0.0,0.0
중구청역,5,토요일,합계,0.0,0.0,30.8,65.2,91.4,172.0,176.0,180.6,215.4,228.2,253.6,230.2,251.6,242.4,274.8,189.6,145.6,121.4,113.6,80.0,48.0,3.4,0.0,0.0
중구청역,5,화요일,승차,0.0,0.0,18.0,52.0,126.75,247.5,101.0,96.75,109.75,126.0,113.75,121.75,138.25,243.25,257.25,297.5,85.25,81.75,74.75,67.0,27.5,0.75,0.0,0.0
중구청역,5,화요일,하차,0.0,0.0,14.25,51.5,180.75,462.25,205.25,121.0,116.25,118.0,150.5,113.5,106.25,122.75,152.25,240.5,89.5,71.75,72.0,61.0,42.25,4.75,0.0,0.0
중구청역,5,화요일,합계,0.0,0.0,32.25,103.5,307.5,709.75,306.25,217.75,226.0,244.0,264.25,235.25,244.5,366.0,409.5,538.0,174.75,153.5,146.75,128.0,69.75,5.5,0.0,0.0
중구청역,6,금요일,승차,0.0,0.0,21.75,48.75,121.5,233.75,105.25,93.5,107.25,127.0,113.75,134.25,152.5,235.75,263.25,303.5,99.5,73.5,54.75,41.25,18.25,0.25,0.0,0.0
중구청역,6,금요일,하차,0.0,0.0,14.5,56.0,179.0,414.0,156.25,116.0,126.0,120.25,142.75,119.75,123.75,133.0,147.25,209.5,99.25,69.0,57.5,52.25,40.75,3.25,0.0,0.0
중구청역,6,금요일,합계,0.0,0.0,36.25,104.75,300.5,647.75,261.5,209.5,233.25,247.25,256.5,254.0,276.25,368.75,410.5,513.0,198.75,142.5,112.25,93.5,59.0,3.5,0.0,0.0
중구청역,6,목요일,승차,0.0,1.5,22.25,63.0,154.75,291.75,130.0,113.75,118.0,125.75,116.25,123.0,149.0,291.25,289.0,373.25,95.75,95.75,98.0,78.25,20.5,0.0,0.0,0.0
중구청역,6,목요일,하차,0.0,1.5,16.5,52.25,221.25,557.0,223.75,124.25,121.5,135.0,154.75,119.0,123.5,138.75,194.25,280.0,115.0,76.0,88.25,61.25,43.0,4.0,0.0,0.0
중구청역,6,목요일,합계,0.0,3.0,38.75,115.25,376.0,848.75,353.75,238.0,239.5,260.75,271.0,242.0,272.5,430.0,483.25,653.25,210.75,171.75,186.25,139.5,63.5,4.0,0.0,0.0
중구청역,6,수요일,승차,0.0,0.5,25.0,58.25,156.25,295.25,106.75,88.25,125.5,119.5,124.75,141.0,184.25,232.25,314.25,370.5,103.25,90.75,97.5,75.25,17.5,0.5,0.0,0.0
중구청역,6,수요일,하차,0.0,0.5,14.75,58.0,229.25,552.25,215.0,135.5,103.5,122.75,156.5,126.0,118.0,142.75,187.75,283.0,103.25,77.5,74.0,61.25,38.5,3.75,0.0,0.0
중구청역,6,수요일,합계,0.0,1.0,39.75,116.25,385.5,847.5,321.75,223.75,229.0,242.25,281.25,267.0,302.25,375.0,502.0,653.5,206.5,168.25,171.5,136.5,56.0,4.25,0.0,0.0
중구청역,6,월요일,승차,0.0,0.8,24.0,58.8,146.6,280.8,122.8,108.0,103.4,126.2,113.6,128.2,145.0,240.2,287.6,374.0,101.4,88.2,72.0,56.8,17.4,0.0,0.0,0.0
중구청역,6,월요일,하차,0.0,0.8,16.2,59.2,228.0,536.8,197.4,111.4,113.2,122.2,137.6,109.2,122.2,119.8,141.0,253.0,109.2,72.6,70.4,59.8,36.0,1.6,0.0,0.0
중구청역,6,월요일,합계,0.0,1.6,40.2,118.0,374.6,817.6,320.2,219.4,216.6,248.4,251.2,237.4,267.2,360.0,428.6,627.0,210.6,160.8,142.4,116.6,53.4,1.6,0.0,0.0
중구청역,6,일요일,승차,0.0,0.0,12.6,19.8,38.6,45.4,41.8,52.6,63.0,60.2,74.8,73.4,76.2,74.4,78.6,64.8,53.4,39.6,35.6,29.6,11.0,0.0,0.6,0.0
중구청역,6,일요일,하차,0.0,0.0,7.6,27.6,19.4,34.2,56.4,54.6,75.6,88.0,99.4,90.2,102.4,96.2,83.0,63.0,54.6,53.8,54.0,40.0,23.4,1.2,0.6,0.0
중구청역,6,일요일,합계,0.0,0.0,20.2,47.4,58.0,79.6,98.2,107.2,138.6,148.2,174.2,163.6,178.6,170.6,161.6,127.8,108.0,93.4,89.6,69.6,34.4,1.2,1.2,0.0
중구청역,6,토요일,승차,0.0,0.0,21.5,25.5,57.25,76.0,79.75,80.0,87.25,107.75,105.75,113.75,109.25,112.75,123.0,78.25,64.0,63.25,55.25,29.0,18.25,0.0,0.0,0.0
중구청역,6,토요일,하차,0.0,0.0,13.0,36.5,34.25,82.0,85.25,93.0,107.75,126.5,126.25,127.25,124.5,119.25,119.5,88.75,72.75,60.25,51.75,49.0,32.25,2.75,0.0,0.0
중구청역,6,토요일,합계,0.0,0.0,34.5,62.0,91.5,158.0,165.0,173.0,195.0,234.25,232.0,241.0,233.75,232.0,242.5,167.0,136.75,123.5,107.0,78.0,50.5,2.75,0.0,0.0
중구청역,6,화요일,승차,0.0,0.0,25.0,52.25,119.25,236.5,119.0,84.0,107.75,120.25,113.5,113.25,137.0,225.0,248.0,302.75,97.0,73.5,75.0,48.75,14.75,0.0,0.0,0.0
중구청역,6,화요일,하차,0.0,0.0,16.75,50.25,171.25,434.5,190.75,105.5,122.75,130.0,151.75,111.25,106.75,113.25,139.5,219.0,94.25,74.75,73.25,49.75,31.75,4.75,0.0,0.0
중구청역,6,화요일,합계,0.0,0.0,41.75,102.5,290.5,671.0,309.75,189.5,230.5,250.25,265.25,224.5,243.75,338.25,387.5,521.75,191.25,148.25,148.25,98.5,46.5,4.75,0.0,0.0
중구청역,7,금요일,승차,0.0,1.5,25.75,51.5,147.5,284.5,130.0,105.25,111.25,143.25,131.0,142.0,164.25,201.25,264.25,343.0,96.5,71.75,70.25,53.75,23.0,0.0,0.0,0.0
중구청역,7,금요일,하차,0.0,1.5,14.0,57.75,214.25,505.75,179.5,112.25,116.5,125.0,137.0,105.75,116.25,137.25,157.0,264.0,111.25,70.5,65.5,52.5,46.75,5.0,0.0,0.0
중구청역,7,금요일,합계,0.0,3.0,39.75,109.25,361.75,790.25,309.5,217.5,227.75,268.25,268.0,247.75,280.5,338.5,421.25,607.0,207.75,142.25,135.75,106.25,69.75,5.0,0.0,0.0
중구청역,7,목요일,승차,0.0,0.0,24.2,56.8,155.8,282.8,109.2,92.2,113.2,129.8,128.2,132.8,134.0,191.2,265.8,335.4,91.8,81.6,79.2,61.0,29.4,0.0,0.0,0.0
중구청역,7,목요일,하차,0.0,0.0,13.0,51.8,204.8,521.0,179.0,110.8,99.0,113.8,137.4,107.8,117.4,115.4,151.0,282.2,104.8,69.0,69.2,55.6,34.6,2.4,0.0,0.0
중구청역,7,목요일,합계,0.0,0.0,37.2,108.6,360.6,803.8,288.2,203.0,212.2,243.6,265.6,240.6,251.4,306.6,416.8,617.6,196.6,150.6,148.4,116.6,64.0,2.4,0.0,0.0
중구청역,7,수요일,승차,0.0,0.0,27.6,52.4,146.2,287.8,111.0,84.6,118.8,116.4,114.4,131.0,160.6,196.4,261.2,356.6,87.6,81.2,81.8,63.4,18.0,0.0,0.0,0.0
중구청역,7,수요일,하차,0.0,0.0,12.4,60.4,207.2,520.2,193.6,110.0,112.8,117.4,130.8,110.2,110.6,113.2,159.2,276.4,94.6,67.2,72.2,53.6,34.6,4.2,0.0,0.0
중구청역,7,수요일,합계,0.0,0.0,40.0,112.8,353.4,808.0,304.6,194.6,231.6,233.8,245.2,241.2,271.2,309.6,420.4,633.0,182.2,148.4,154.0,117.0,52.6,4.2,0.0,0.0
중구청역,7,월요일,승차,0.0,0.0,28.5,54.0,130.5,279.75,109.75,94.75,111.0,119.0,115.25,122.0,157.0,204.5,250.25,326.0,96.5,87.75,72.25,44.75,9.25,0.0,0.0,0.0
중구청역,7,월요일,하차,0.0,0.0,13.75,55.5,223.0,510.5,173.5,114.75,124.0,124.25,135.5,103.25,110.25,118.0,122.75,238.25,88.75,68.5,72.25,48.0,31.5,2.25,0.0,0.0
중구청역,7,월요일,합계,0.0,0.0,42.25,109.5,353.5,790.25,283.25,209.5,235.0,243.25,250.75,225.25,267.25,322.5,373.0,564.25,185.25,156.25,144.5,92.75,40.75,2.25,0.0,0.0
중구청역,7,일요일,승차,0.0,0.75,14.5,21.75,36.25,45.25,46.0,51.5,58.0,56.75,76.0,71.0,80.0,89.75,77.25,72.75,50.75,44.25,45.75,19.25,10.25,0.0,0.0,0.0
중구청역,7,일요일,하차,0.0,0.75,8.5,24.75,18.5,34.0,63.5,53.25,74.75,73.5,106.0,106.25,89.75,91.0,84.5,56.5,54.25,57.0,54.25,39.25,26.0,1.75,0.0,0.0
중구청역,7,일요일,합계,0.0,1.5,23.0,46.5,54.75,79.25,109.5,104.75,132.75,130.25,182.0,177.25,169.75,180.75,161.75,129.25,105.0,101.25,100.0,58.5,36.25,1.75,0.0,0.0
중구청역,7,토요일,승차,0.0,0.0,23.5,24.25,54.25,84.75,75.25,77.75,87.5,117.5,104.0,87.0,105.0,112.75,120.0,94.0,58.75,56.0,50.75,51.75,16.5,1.0,0.0,0.0
중구청역,7,토요일,하차,0.0,0.0,11.25,33.5,37.25,70.25,90.5,79.25,107.5,101.25,125.5,109.75,121.25,127.25,128.0,94.0,66.5,54.5,50.5,45.5,27.25,4.0,0.0,0.0
중구청역,7,토요일,합계,0.0,0.0,34.75,57.75,91.5,155.0,165.75,157.0,195.0,218.75,229.5,196.75,226.25,240.0,248.0,188.0,125.25,110.5,101.25,97.25,43.75,5.0,0.0,0.0
중구청역,7,화요일,승차,0.0,1.2,26.6,53.6,145.6,278.4,115.6,106.0,108.0,144.2,115.6,122.4,135.4,213.8,284.2,348.2,88.4,82.6,81.6,80.0,17.4,1.0,0.0,0.0
중구청역,7,화요일,하차,0.0,1.2,16.0,56.4,213.4,541.4,217.6,106.6,115.0,115.2,143.6,99.2,100.2,116.4,172.2,273.6,96.8,71.8,69.4,58.8,26.8,5.8,0.0,0.0
중구청역,7,화요일,합계,0.0,2.4,42.6,110.0,359.0,819.8,333.2,212.6,223.0,259.4,259.2,221.6,235.6,330.2,456.4,621.8,185.2,154.4,151.0,138.8,44.2,6.8,0.0,0.0
중구청역,8,금요일,승차,0.0,0.0,26.2,50.4,140.6,239.0,113.0,103.8,105.8,129.4,128.8,150.6,174.6,212.6,265.4,345.6,131.4,127.4,121.6,128.0,44.2,58.8,3.6,0.0
중구청역,8,금요일,하차,0.0,0.0,15.4,52.6,156.8,400.0,164.6,116.2,134.0,136.8,165.4,187.4,181.8,205.4,256.2,319.0,182.2,110.8,90.0,74.2,45.4,11.0,4.8,0.0
중구청역,8,금요일,합계,0.0,0.0,41.6,103.0,297.4,639.0,277.6,220.0,239.8,266.2,294.2,338.0,356.4,418.0,521.6,664.6,313.6,238.2,211.6,202.2,89.6,69.8,8.4,0.0
중구청역,8,목요일,승차,0.0,2.5,23.5,63.25,168.25,291.5,123.75,110.0,144.5,135.0,152.0,144.25,177.25,273.25,305.0,380.5,125.0,119.5,127.5,105.0,49.25,28.75,0.0,0.0
중구청역,8,목요일,하차,0.0,2.5,17.0,56.0,200.75,517.75,206.25,130.0,145.5,147.75,174.0,155.75,164.75,197.0,235.25,342.25,153.75,117.25,85.5,71.75,39.25,7.75,1.75,0.0
중구청역,8,목요일,합계,0.0,5.0,40.5,119.25,369.0,809.25,330.0,240.0,290.0,282.75,326.0,300.0,342.0,470.25,540.25,722.75,278.75,236.75,213.0,176.75,88.5,36.5,1.75,0.0
중구청역,8,수요일,승차,0.0,1.25,25.75,59.25,172.0,304.5,115.25,110.0,132.0,157.75,152.0,169.25,188.25,244.5,291.5,403.5,126.75,121.25,103.5,112.5,26.75,20.25,0.0,0.0
중구청역,8,수요일,하차,0.0,1.25,17.5,52.25,205.0,514.25,206.5,129.25,138.25,137.75,181.25,149.25,160.0,166.25,225.0,338.0,147.0,79.0,82.5,69.25,40.0,6.25,0.25,0.0
중구청역,8,수요일,합계,0.0,2.5,43.25,111.5,377.0,818.75,321.75,239.25,270.25,295.5,333.25,318.5,348.25,410.75,516.5,741.5,273.75,200.25,186.0,181.75,66.75,26.5,0.25,0.0
중구청역,8,월요일,승차,0.0,1.0,31.25,60.75,138.0,257.5,110.75,105.0,120.75,132.75,133.5,128.5,169.0,211.75,277.5,346.25,112.5,89.0,95.0,60.0,16.0,14.0,0.0,0.0
중구청역,8,월요일,하차,0.0,1.0,14.25,81.0,194.5,474.0,181.0,112.5,121.75,147.0,139.75,127.75,135.5,136.0,167.5,271.0,106.5,82.5,68.75,60.0,37.25,6.25,0.0,0.0
중구청역,8,월요일,합계,0.0,2.0,45.5,141.75,332.5,731.5,291.75,217.5,242.5,279.75,273.25,256.25,304.5,347.75,445.0,617.25,219.0,171.5,163.75,120.0,53.25,20.25,0.0,0.0
중구청역,8,일요일,승차,0.0,0.6,14.6,22.4,46.6,50.2,54.0,53.8,70.4,70.0,85.4,95.2,108.2,119.8,104.0,101.8,74.8,58.8,82.2,41.8,21.2,18.8,0.0,0.0
중구청역,8,일요일,하차,0.0,0.6,8.0,26.2,26.6,39.8,60.8,60.8,94.6,112.4,157.8,166.4,157.8,151.8,156.8,120.2,91.6,80.8,78.2,52.2,28.6,4.6,0.6,0.0
중구청역,8,일요일,합계,0.0,1.2,22.6,48.6,73.2,90.0,114.8,114.6,165.0,182.4,243.2,261.6,266.0,271.6,260.8,222.0,166.4,139.6,160.4,94.0,49.8,23.4,0.6,0.0
중구청역,8,토요일,승차,0.0,3.4,27.6,33.0,66.2,80.8,81.4,91.6,106.0,128.2,118.8,108.8,138.4,167.6,164.0,129.4,105.0,99.6,93.8,57.2,36.8,42.6,0.0,0.0
중구청역,8,토요일,하차,0.0,3.4,9.4,39.4,42.6,81.8,111.0,100.6,121.0,167.6,198.0,207.8,193.6,205.2,202.4,174.4,130.6,90.4,78.8,48.2,30.0,7.8,1.6,0.0
중구청역,8,토요일,합계,0.0,6.8,37.0,72.4,108.8,162.6,192.4,192.2,227.0,295.8,316.8,316.6,332.0,372.8,366.4,303.8,235.6,190.0,172.6,105.4,66.8,50.4,1.6,0.0
중구청역,8,화요일,승차,0.0,0.75,27.25,56.0,154.0,274.5,114.25,96.25,124.5,152.25,145.75,131.25,169.25,243.25,261.75,352.75,109.5,112.75,102.0,102.75,23.5,4.5,0.0,0.0
중구청역,8,화요일,하차,0.0,0.75,13.25,55.75,192.0,512.75,228.25,129.5,147.5,143.25,169.5,139.0,154.5,165.25,202.25,308.5,131.75,80.5,74.5,66.75,36.75,6.5,0.25,0.0
중구청역,8,화요일,합계,0.0,1.5,40.5,111.75,346.0,787.25,342.5,225.75,272.0,295.5,315.25,270.25,323.75,408.5,464.0,661.25,241.25,193.25,176.5,169.5,60.25,11.0,0.25,0.0
중앙로역,1,금요일,승차,0.0,0.2,23.6,39.2,130.2,291.6,143.0,167.2,220.0,265.2,356.6,444.2,526.4,578.2,676.8,830.0,447.0,442.6,437.0,282.2,182.2,4.2,0.0,0.0
중앙로역,1,금요일,하차,0.0,0.2,24.0,48.0,155.6,660.6,354.6,404.6,522.8,549.0,534.2,477.8,492.8,508.8,613.6,886.6,472.0,233.8,155.6,103.6,55.6,7.8,0.0,0.0
중앙로역,1,금요일,합계,0.0,0.4,47.6,87.2,285.8,952.2,497.6,571.8,742.8,814.2,890.8,922.0,1019.2,1087.0,1290.4,1716.6,919.0,676.4,592.6,385.8,237.8,12.0,0.0,0.0
중앙로역,1,목요일,승차,0.0,0.0,23.0,39.0,115.6,256.8,133.4,136.6,186.0,245.6,326.4,361.0,424.0,539.2,620.2,753.2,401.2,387.6,367.8,230.6,108.2,1.2,0.0,0.0
중앙로역,1,목요일,하차,0.0,0.0,19.4,44.0,120.2,589.0,330.8,344.0,469.4,523.6,493.8,468.0,468.0,435.4,483.4,637.4,272.0,154.2,115.2,74.2,42.4,6.6,0.0,0.0
중앙로역,1,목요일,합계,0.0,0.0,42.4,83.0,235.8,845.8,464.2,480.6,655.4,769.2,820.2,829.0,892.0,974.6,1103.6,1390.6,673.2,541.8,483.0,304.8,150.6,7.8,0.0,0.0
중앙로역,1,수요일,승차,0.0,0.4,26.4,33.8,94.4,209.4,115.0,134.6,190.2,213.2,294.2,339.2,426.6,490.8,546.8,639.8,391.8,351.0,335.8,197.6,100.4,3.2,0.0,0.0
중앙로역,1,수요일,하차,0.0,0.4,21.2,45.4,113.8,453.2,274.8,294.0,407.2,462.8,461.8,473.4,482.6,410.8,452.6,548.0,265.0,146.0,106.6,68.2,33.2,6.2,0.0,0.0
중앙로역,1,수요일,합계,0.0,0.8,47.6,79.2,208.2,662.6,389.8,428.6,597.4,676.0,756.0,812.6,909.2,901.6,999.4,1187.8,656.8,497.0,442.4,265.8,133.6,9.4,0.0,0.0
중앙로역,1,월요일,승차,0.0,0.0,22.0,41.75,103.75,253.25,131.75,157.5,221.5,254.5,346.25,392.25,466.5,546.0,617.25,704.5,394.5,383.75,345.0,200.25,124.75,2.75,0.0,0.0
중앙로역,1,월요일,하차,0.0,0.0,21.25,45.75,116.25,561.75,321.5,359.0,467.25,533.0,511.5,500.25,469.75,431.0,501.75,604.75,283.0,162.25,98.25,63.5,42.0,6.25,0.0,0.0
중앙로역,1,월요일,합계,0.0,0.0,43.25,87.5,220.0,815.0,453.25,516.5,688.75,787.5,857.75,892.5,936.25,977.0,1119.0,1309.25,677.5,546.0,443.25,263.75,166.75,9.0,0.0,0.0
중앙로역,1,일요일,승차,0.5,0.0,23.0,21.0,30.0,73.0,104.0,141.0,160.5,237.25,294.75,400.0,494.75,622.0,542.25,547.75,477.0,437.0,341.75,190.25,117.0,2.5,0.0,0.0
중앙로역,1,일요일,하차,0.5,0.0,15.25,23.75,54.0,139.5,233.0,336.75,567.75,662.5,663.0,668.5,587.5,502.5,511.5,378.25,232.5,162.75,97.75,63.5,28.25,4.75,0.0,0.0
중앙로역,1,일요일,합계,1.0,0.0,38.25,44.75,84.0,212.5,337.0,477.75,728.25,899.75,957.75,1068.5,1082.25,1124.5,1053.75,926.0,709.5,599.75,439.5,253.75,145.25,7.25,0.0,0.0
중앙로역,1,토요일,승차,0.0,1.25,25.5,27.25,52.25,108.75,128.0,169.75,211.25,273.75,407.5,460.75,594.5,759.75,740.75,722.5,614.25,565.0,494.25,304.5,190.25,1.0,0.0,0.0
중앙로역,1,토요일,하차,0.0,1.25,19.75,35.0,66.0,215.0,289.0,433.75,679.75,749.75,834.25,824.5,795.5,687.0,806.0,587.25,363.75,220.5,140.5,86.0,51.5,4.25,0.0,0.0
중앙로역,1,토요일,합계,0.0,2.5,45.25,62.25,118.25,323.75,417.0,603.5,891.0,1023.5,1241.75,1285.25,1390.0,1446.75,1546.75,1309.75,978.0,785.5,634.75,390.5,241.75,5.25,0.0,0.0
중앙로역,1,화요일,승차,0.0,0.0,24.0,42.0,106.5,245.75,132.75,140.0,182.5,242.25,336.5,387.0,444.0,517.0,575.25,722.0,417.5,385.5,350.5,206.0,107.0,4.0,0.0,0.0
중앙로역,1,화요일,하차,0.0,0.0,23.0,43.5,123.25,561.0,330.25,334.5,466.0,511.75,481.5,476.25,439.25,418.25,498.5,597.5,299.5,143.25,108.0,68.75,40.5,5.75,0.0,0.0
중앙로역,1,화요일,합계,0.0,0.0,47.0,85.5,229.75,806.75,463.0,474.5,648.5,754.0,818.0,863.25,883.25,935.25,1073.75,1319.5,717.0,528.75,458.5,274.75,147.5,9.75,0.0,0.0
중앙로역,2,금요일,승차,0.0,0.0,26.5,42.0,145.25,320.75,168.75,187.25,272.75,308.0,430.25,482.25,590.25,590.5,757.25,933.5,535.0,536.5,466.5,305.5,198.25,5.25,0.0,0.0
중앙로역,2,금요일,하차,0.0,0.0,25.0,55.5,178.0,712.75,428.5,440.5,602.5,605.25,600.75,538.25,556.25,587.75,704.75,977.25,532.5,266.25,160.0,111.75,64.75,8.75,0.0,0.0
중앙로역,2,금요일,합계,0.0,0.0,51.5,97.5,323.25,1033.5,597.25,627.75,875.25,913.25,1031.0,1020.5,1146.5,1178.25,1462.0,1910.75,1067.5,802.75,626.5,417.25,263.0,14.0,0.0,0.0
중앙로역,2,목요일,승차,0.0,1.0,23.5,46.0,131.25,298.0,146.0,180.25,235.5,306.5,407.0,453.5,544.25,618.0,723.0,901.75,506.25,491.25,457.75,257.5,132.75,3.25,0.0,0.0
중앙로역,2,목요일,하차,0.0,1.0,23.75,48.25,151.5,699.0,399.25,445.0,579.75,624.5,590.75,562.0,520.0,526.5,566.5,788.0,361.25,187.0,122.75,92.75,53.5,7.75,0.0,0.0
중앙로역,2,목요일,합계,0.0,2.0,47.25,94.25,282.75,997.0,545.25,625.25,815.25,931.0,997.75,1015.5,1064.25,1144.5,1289.5,1689.75,867.5,678.25,580.5,350.25,186.25,11.0,0.0,0.0
중앙로역,2,수요일,승차,0.0,0.0,19.5,43.0,145.75,317.25,135.5,160.75,233.25,288.25,395.25,442.5,529.75,576.0,701.5,898.75,460.25,459.5,414.25,250.25,121.5,4.0,0.0,0.0
중앙로역,2,수요일,하차,0.0,0.0,23.75,49.25,141.75,730.5,395.25,433.0,556.5,608.5,555.75,571.75,502.75,521.0,543.75,765.25,305.0,163.25,127.0,67.25,49.0,4.0,0.0,0.0
중앙로역,2,수요일,합계,0.0,0.0,43.25,92.25,287.5,1047.75,530.75,593.75,789.75,896.75,951.0,1014.25,1032.5,1097.0,1245.25,1664.0,765.25,622.75,541.25,317.5,170.5,8.0,0.0,0.0
중앙로역,2,월요일,승차,0.0,1.25,22.75,44.0,137.5,299.0,140.0,163.0,254.0,296.0,385.0,479.25,562.75,568.0,696.25,895.25,486.5,429.75,394.0,205.0,114.5,2.0,0.0,0.0
중앙로역,2,월요일,하차,0.0,1.25,23.75,50.25,135.25,710.0,393.5,402.5,616.5,619.5,572.0,569.25,496.5,501.5,511.75,708.75,319.25,162.5,107.25,69.75,42.0,4.25,0.0,0.0
중앙로역,2,월요일,합계,0.0,2.5,46.5,94.25,272.75,1009.0,533.5,565.5,870.5,915.5,957.0,1048.5,1059.25,1069.5,1208.0,1604.0,805.75,592.25,501.25,274.75,156.5,6.25,0.0,0.0
중앙로역,2,일요일,승차,0.0,0.0,16.5,21.5,33.25,70.0,101.25,144.5,185.0,301.25,355.25,472.0,567.0,669.75,663.75,660.25,554.5,486.5,376.0,199.0,102.75,3.0,0.0,0.0
중앙로역,2,일요일,하차,0.0,0.0,11.75,31.0,75.0,138.75,265.5,408.25,658.25,803.0,755.75,748.75,645.0,602.0,596.0,350.25,231.5,119.25,89.0,57.25,32.25,3.75,0.0,0.0
중앙로역,2,일요일,합계,0.0,0.0,28.25,52.5,108.25,208.75,366.75,552.75,843.25,1104.25,1111.0,1220.75,1212.0,1271.75,1259.75,1010.5,786.0,605.75,465.0,256.25,135.0,6.75,0.0,0.0
중앙로역,2,토요일,승차,0.0,0.0,23.5,30.5,53.75,111.25,144.0,191.5,248.5,340.75,446.5,569.25,706.5,846.75,932.0,857.0,731.0,661.75,504.5,301.25,201.25,5.5,0.0,0.0
중앙로역,2,토요일,하차,0.0,0.0,20.5,38.75,93.5,259.25,362.0,505.25,794.5,980.25,963.0,950.25,885.0,767.25,843.0,614.75,395.0,241.0,144.25,91.0,49.0,8.0,0.0,0.0
중앙로역,2,토요일,합계,0.0,0.0,44.0,69.25,147.25,370.5,506.0,696.75,1043.0,1321.0,1409.5,1519.5,1591.5,1614.0,1775.0,1471.75,1126.0,902.75,648.75,392.25,250.25,13.5,0.0,0.0
중앙로역,2,화요일,승차,0.0,0.0,23.75,47.0,138.0,296.75,136.25,161.0,212.0,292.0,379.75,445.0,547.5,611.0,692.0,862.0,484.5,464.25,423.5,237.25,132.0,4.0,0.0,0.0
중앙로역,2,화요일,하차,0.0,0.0,27.0,50.75,137.25,705.75,381.0,422.25,564.5,608.5,571.75,552.0,502.25,482.5,555.5,728.75,346.5,163.25,105.75,79.0,43.75,5.75,0.0,0.0
중앙로역,2,화요일,합계,0.0,0.0,50.75,97.75,275.25,1002.5,517.25,583.25,776.5,900.5,951.5,997.0,1049.75,1093.5,1247.5,1590.75,831.0,627.5,529.25,316.25,175.75,9.75,0.0,0.0
중앙로역,3,금요일,승차,0.0,0.0,24.0,46.5,162.75,315.25,173.5,163.25,230.25,271.25,349.75,411.0,477.5,592.75,696.5,864.75,491.75,497.75,512.75,408.25,175.25,1.75,0.0,0.0
중앙로역,3,금요일,하차,0.0,0.0,27.0,62.25,193.5,687.75,386.25,365.5,468.0,475.25,488.25,483.75,536.25,613.0,723.75,964.0,522.75,246.0,175.5,112.75,57.0,7.75,0.0,0.0
중앙로역,3,금요일,합계,0.0,0.0,51.0,108.75,356.25,1003.0,559.75,528.75,698.25,746.5,838.0,894.75,1013.75,1205.75,1420.25,1828.75,1014.5,743.75,688.25,521.0,232.25,9.5,0.0,0.0
중앙로역,3,목요일,승차,0.0,0.0,28.0,48.0,168.5,318.75,139.25,141.75,193.0,247.5,318.5,327.75,415.0,505.0,566.5,751.75,370.5,383.5,403.0,207.25,115.5,3.25,0.0,0.0
중앙로역,3,목요일,하차,0.0,0.0,28.75,59.75,170.5,684.75,384.75,318.5,392.25,388.25,405.0,370.5,383.5,431.0,507.75,718.0,317.75,181.5,123.25,81.5,46.0,5.5,0.0,0.0
중앙로역,3,목요일,합계,0.0,0.0,56.75,107.75,339.0,1003.5,524.0,460.25,585.25,635.75,723.5,698.25,798.5,936.0,1074.25,1469.75,688.25,565.0,526.25,288.75,161.5,8.75,0.0,0.0
중앙로역,3,수요일,승차,0.0,0.0,25.75,46.0,177.0,313.75,134.0,125.25,193.25,256.75,291.75,293.25,396.25,457.5,549.75,770.25,356.25,380.0,391.5,209.75,111.5,2.0,0.0,0.0
중앙로역,3,수요일,하차,0.0,0.0,28.25,55.75,171.0,701.75,356.0,310.25,361.25,387.25,383.0,366.5,385.75,435.0,493.0,711.0,294.75,140.5,127.5,87.25,48.5,6.0,0.0,0.0
중앙로역,3,수요일,합계,0.0,0.0,54.0,101.75,348.0,1015.5,490.0,435.5,554.5,644.0,674.75,659.75,782.0,892.5,1042.75,1481.25,651.0,520.5,519.0,297.0,160.0,8.0,0.0,0.0
중앙로역,3,월요일,승차,0.0,0.0,24.4,37.6,142.4,258.0,140.0,146.0,201.0,258.8,343.4,383.6,433.6,514.4,575.4,714.4,387.2,440.4,369.4,174.6,90.2,3.0,0.0,0.0
중앙로역,3,월요일,하차,0.0,0.0,21.2,47.4,155.8,620.6,363.8,370.4,457.0,478.0,471.0,442.8,437.6,439.8,479.8,571.6,279.8,156.6,105.6,68.8,36.4,6.2,0.0,0.0
중앙로역,3,월요일,합계,0.0,0.0,45.6,85.0,298.2,878.6,503.8,516.4,658.0,736.8,814.4,826.4,871.2,954.2,1055.2,1286.0,667.0,597.0,475.0,243.4,126.6,9.2,0.0,0.0
중앙로역,3,일요일,승차,0.0,0.0,20.8,26.8,36.6,76.0,99.6,154.4,205.6,272.2,349.4,440.2,585.4,701.6,697.6,681.0,559.0,508.8,361.0,198.8,97.0,4.8,0.0,0.0
중앙로역,3,일요일,하차,0.0,0.0,15.8,30.0,78.2,151.2,303.6,421.8,639.0,770.8,736.4,740.0,612.0,565.2,556.8,378.2,277.8,149.6,116.6,59.2,25.8,2.6,0.0,0.0
중앙로역,3,일요일,합계,0.0,0.0,36.6,56.8,114.8,227.2,403.2,576.2,844.6,1043.0,1085.8,1180.2,1197.4,1266.8,1254.4,1059.2,836.8,658.4,477.6,258.0,122.8,7.4,0.0,0.0
중앙로역,3,토요일,승차,0.0,0.2,24.4,27.8,54.6,117.6,160.2,194.8,251.4,354.8,450.4,547.6,684.0,834.4,910.2,914.2,728.6,693.0,519.8,323.8,199.6,5.6,0.0,0.0
중앙로역,3,토요일,하차,0.0,0.0,25.0,47.2,99.4,243.4,373.6,506.4,819.8,946.2,946.2,912.0,852.2,734.8,827.8,623.6,442.4,254.2,150.0,82.6,43.2,7.0,0.0,0.0
중앙로역,3,토요일,합계,0.0,0.2,49.4,75.0,154.0,361.0,533.8,701.2,1071.2,1301.0,1396.6,1459.6,1536.2,1569.2,1738.0,1537.8,1171.0,947.2,669.8,406.4,242.8,12.6,0.0,0.0
중앙로역,3,화요일,승차,0.0,0.5,26.0,47.0,173.25,304.75,130.25,144.25,185.5,242.5,290.0,330.0,412.5,446.75,519.75,714.75,349.5,345.25,387.0,164.75,83.75,0.5,0.0,0.0
중앙로역,3,화요일,하차,0.0,0.5,27.25,59.25,165.0,697.75,378.0,321.5,366.5,368.5,377.0,346.5,344.75,393.75,441.25,690.25,283.0,146.75,103.75,76.0,40.0,5.25,0.0,0.0
중앙로역,3,화요일,합계,0.0,1.0,53.25,106.25,338.25,1002.5,508.25,465.75,552.0,611.0,667.0,676.5,757.25,840.5,961.0,1405.0,632.5,492.0,490.75,240.75,123.75,5.75,0.0,0.0
중앙로역,4,금요일,승차,0.0,0.0,25.0,56.5,167.75,294.0,151.5,161.25,234.75,287.25,361.0,425.0,466.5,565.75,641.75,810.5,476.0,466.75,526.0,657.5,209.75,3.75,0.0,0.0
중앙로역,4,금요일,하차,0.0,0.0,26.25,49.25,194.25,699.25,378.75,371.5,444.5,436.75,475.5,492.0,559.0,613.0,866.5,1084.25,502.0,246.5,152.25,115.5,69.25,11.25,0.0,0.0
중앙로역,4,금요일,합계,0.0,0.0,51.25,105.75,362.0,993.25,530.25,532.75,679.25,724.0,836.5,917.0,1025.5,1178.75,1508.25,1894.75,978.0,713.25,678.25,773.0,279.0,15.0,0.0,0.0
중앙로역,4,목요일,승차,0.0,1.25,28.25,56.0,171.75,315.5,142.75,147.25,192.75,285.25,337.75,317.0,398.75,456.5,533.25,716.75,367.25,364.5,469.75,282.75,109.25,2.5,0.0,0.0
중앙로역,4,목요일,하차,0.0,1.25,22.5,53.75,172.25,718.5,386.0,332.75,395.0,400.25,400.25,370.0,388.5,442.0,548.75,787.5,318.0,170.5,119.25,83.5,44.5,6.25,0.0,0.0
중앙로역,4,목요일,합계,0.0,2.5,50.75,109.75,344.0,1034.0,528.75,480.0,587.75,685.5,738.0,687.0,787.25,898.5,1082.0,1504.25,685.25,535.0,589.0,366.25,153.75,8.75,0.0,0.0
중앙로역,4,수요일,승차,0.0,0.0,28.6,51.2,171.0,301.2,141.2,131.4,183.2,275.8,325.8,337.0,395.6,470.2,550.2,744.2,373.4,356.8,512.0,285.4,116.8,2.4,0.0,0.0
중앙로역,4,수요일,하차,0.0,0.0,26.6,54.0,175.6,726.4,348.4,317.2,381.0,405.8,381.8,394.4,415.8,476.6,573.4,753.4,303.4,169.4,125.2,81.2,44.8,3.2,0.0,0.0
중앙로역,4,수요일,합계,0.0,0.0,55.2,105.2,346.6,1027.6,489.6,448.6,564.2,681.6,707.6,731.4,811.4,946.8,1123.6,1497.6,676.8,526.2,637.2,366.6,161.6,5.6,0.0,0.0
중앙로역,4,월요일,승차,0.0,0.0,22.5,49.75,157.25,292.0,146.0,136.25,167.75,267.0,332.0,322.0,379.25,469.5,502.75,708.75,320.5,328.75,331.0,159.25,88.5,3.25,0.0,0.0
중앙로역,4,월요일,하차,0.0,0.0,24.25,50.25,173.25,719.25,365.5,313.75,383.5,376.25,353.25,352.25,342.5,395.25,428.5,625.5,255.5,152.0,107.5,77.5,37.0,5.75,0.0,0.0
중앙로역,4,월요일,합계,0.0,0.0,46.75,100.0,330.5,1011.25,511.5,450.0,551.25,643.25,685.25,674.25,721.75,864.75,931.25,1334.25,576.0,480.75,438.5,236.75,125.5,9.0,0.0,0.0
중앙로역,4,일요일,승차,0.0,0.0,17.75,24.0,37.25,69.75,96.5,134.5,156.75,231.75,317.75,393.0,429.0,495.0,808.0,681.0,500.5,439.75,291.25,179.5,89.0,5.0,0.0,0.0
중앙로역,4,일요일,하차,0.0,0.0,15.75,48.25,77.75,130.5,255.5,417.25,624.0,734.75,678.0,584.75,516.75,453.5,445.75,326.5,243.25,146.75,100.0,54.5,21.75,4.25,0.0,0.0
중앙로역,4,일요일,합계,0.0,0.0,33.5,72.25,115.0,200.25,352.0,551.75,780.75,966.5,995.75,977.75,945.75,948.5,1253.75,1007.5,743.75,586.5,391.25,234.0,110.75,9.25,0.0,0.0
중앙로역,4,토요일,승차,0.0,0.0,28.25,35.75,65.75,121.0,142.25,191.0,250.0,349.25,447.25,514.25,610.75,669.5,697.5,658.25,687.75,739.75,621.0,334.5,187.0,2.75,0.0,0.0
중앙로역,4,토요일,하차,0.0,0.0,20.5,61.5,94.0,230.25,353.25,461.5,703.75,809.5,828.25,801.75,780.5,739.25,706.75,506.5,390.0,243.5,149.25,76.75,43.75,4.75,0.0,0.0
중앙로역,4,토요일,합계,0.0,0.0,48.75,97.25,159.75,351.25,495.5,652.5,953.75,1158.75,1275.5,1316.0,1391.25,1408.75,1404.25,1164.75,1077.75,983.25,770.25,411.25,230.75,7.5,0.0,0.0
중앙로역,4,화요일,승차,0.0,0.0,23.8,53.8,170.2,297.0,134.6,131.0,180.0,237.2,315.6,317.6,362.4,441.4,503.6,703.0,328.0,359.2,496.2,209.8,94.6,1.8,0.0,0.0
중앙로역,4,화요일,하차,0.0,0.0,22.2,56.0,162.6,709.0,363.2,304.0,346.0,366.0,379.0,347.8,352.4,395.6,510.2,695.0,302.4,149.8,115.8,69.6,39.4,4.8,0.0,0.0
중앙로역,4,화요일,합계,0.0,0.0,46.0,109.8,332.8,1006.0,497.8,435.0,526.0,603.2,694.6,665.4,714.8,837.0,1013.8,1398.0,630.4,509.0,612.0,279.4,134.0,6.6,0.0,0.0
중앙로역,5,금요일,승차,0.0,0.0,27.2,49.4,155.8,311.8,173.6,192.0,235.2,336.8,406.2,476.2,530.6,628.0,756.0,920.2,585.6,550.8,643.6,307.8,193.2,1.4,0.0,0.0
중앙로역,5,금요일,하차,0.0,0.0,25.0,57.6,196.6,718.8,408.6,413.2,511.6,540.8,546.2,573.8,633.4,685.6,794.8,996.2,498.6,262.0,160.6,112.8,66.0,7.4,0.0,0.0
중앙로역,5,금요일,합계,0.0,0.0,52.2,107.0,352.4,1030.6,582.2,605.2,746.8,877.6,952.4,1050.0,1164.0,1313.6,1550.8,1916.4,1084.2,812.8,804.2,420.6,259.2,8.8,0.0,0.0
중앙로역,5,목요일,승차,0.0,0.0,28.6,53.2,143.4,284.4,151.4,166.6,237.0,311.8,376.8,430.2,504.4,578.2,632.2,741.0,424.0,423.6,520.6,285.6,124.8,2.4,0.0,0.0
중앙로역,5,목요일,하차,0.0,0.0,17.2,54.6,168.6,649.4,414.2,402.2,479.6,516.8,496.4,513.4,467.2,498.0,605.2,758.2,337.0,184.4,119.8,86.0,53.4,8.0,0.0,0.0
중앙로역,5,목요일,합계,0.0,0.0,45.8,107.8,312.0,933.8,565.6,568.8,716.6,828.6,873.2,943.6,971.6,1076.2,1237.4,1499.2,761.0,608.0,640.4,371.6,178.2,10.4,0.0,0.0
중앙로역,5,수요일,승차,0.0,0.0,27.25,55.5,167.25,324.0,167.0,150.75,220.25,261.5,347.5,370.75,454.0,505.0,598.0,744.5,402.5,368.0,473.75,476.75,122.25,1.5,0.0,0.0
중앙로역,5,수요일,하차,0.0,0.0,24.5,55.25,172.5,723.25,361.0,338.75,420.5,386.5,430.5,427.75,464.25,535.75,657.0,787.0,343.75,155.5,131.25,85.5,45.75,5.0,0.0,0.0
중앙로역,5,수요일,합계,0.0,0.0,51.75,110.75,339.75,1047.25,528.0,489.5,640.75,648.0,778.0,798.5,918.25,1040.75,1255.0,1531.5,746.25,523.5,605.0,562.25,168.0,6.5,0.0,0.0
중앙로역,5,월요일,승차,0.0,0.0,24.75,41.75,125.0,260.25,150.0,175.0,218.0,298.0,367.5,464.5,539.75,557.75,746.5,817.25,556.0,473.5,436.0,196.25,113.0,0.75,0.0,0.0
중앙로역,5,월요일,하차,0.0,0.0,21.5,52.0,165.75,621.75,401.75,416.25,539.5,588.5,549.5,555.25,488.75,521.25,613.25,664.75,309.75,182.0,117.0,74.25,40.0,5.75,0.0,0.0
중앙로역,5,월요일,합계,0.0,0.0,46.25,93.75,290.75,882.0,551.75,591.25,757.5,886.5,917.0,1019.75,1028.5,1079.0,1359.75,1482.0,865.75,655.5,553.0,270.5,153.0,6.5,0.0,0.0
중앙로역,5,일요일,승차,0.0,1.5,16.25,25.25,36.5,93.5,120.0,154.25,205.0,282.25,381.5,486.0,612.0,712.25,786.75,869.5,666.75,594.0,443.75,220.25,125.25,3.5,0.0,0.0
중앙로역,5,일요일,하차,0.0,1.5,13.5,48.0,97.5,194.5,306.25,449.25,718.0,860.5,844.5,836.0,704.25,594.0,634.75,447.25,327.5,210.0,124.5,67.0,34.5,3.25,0.0,0.0
중앙로역,5,일요일,합계,0.0,3.0,29.75,73.25,134.0,288.0,426.25,603.5,923.0,1142.75,1226.0,1322.0,1316.25,1306.25,1421.5,1316.75,994.25,804.0,568.25,287.25,159.75,6.75,0.0,0.0
중앙로역,5,토요일,승차,0.0,1.2,25.2,27.6,65.6,125.8,167.2,187.4,251.4,339.6,458.6,530.6,678.8,818.2,939.2,832.0,782.0,755.2,655.0,304.4,189.6,4.0,0.0,0.0
중앙로역,5,토요일,하차,0.0,0.0,21.0,63.4,122.4,263.6,379.6,493.4,745.0,918.8,933.0,890.0,844.0,755.8,771.2,584.4,483.0,297.6,181.0,107.2,49.0,7.6,0.0,0.0
중앙로역,5,토요일,합계,0.0,1.2,46.2,91.0,188.0,389.4,546.8,680.8,996.4,1258.4,1391.6,1420.6,1522.8,1574.0,1710.4,1416.4,1265.0,1052.8,836.0,411.6,238.6,11.6,0.0,0.0
중앙로역,5,화요일,승차,0.0,0.0,25.0,47.0,122.5,262.25,133.0,148.5,203.25,280.25,341.25,413.0,450.5,548.0,741.0,765.0,423.75,440.75,443.75,306.25,156.75,2.25,0.0,0.0
중앙로역,5,화요일,하차,0.0,0.0,28.0,54.25,154.25,587.25,361.0,406.25,505.5,533.75,548.5,506.25,464.5,500.75,576.75,680.5,308.75,170.0,117.75,84.0,44.75,4.5,0.0,0.0
중앙로역,5,화요일,합계,0.0,0.0,53.0,101.25,276.75,849.5,494.0,554.75,708.75,814.0,889.75,919.25,915.0,1048.75,1317.75,1445.5,732.5,610.75,561.5,390.25,201.5,6.75,0.0,0.0
중앙로역,6,금요일,승차,0.0,1.75,28.5,52.0,124.0,252.0,148.5,168.25,236.5,306.75,382.75,468.0,528.75,617.25,750.25,811.0,563.0,550.0,476.75,271.25,166.75,3.0,0.0,0.0
중앙로역,6,금요일,하차,0.0,1.75,24.5,58.0,167.5,581.0,361.25,421.5,541.75,598.25,603.5,596.75,576.75,562.75,681.5,787.0,479.0,232.25,156.5,113.0,59.75,12.5,0.0,0.0
중앙로역,6,금요일,합계,0.0,3.5,53.0,110.0,291.5,833.0,509.75,589.75,778.25,905.0,986.25,1064.75,1105.5,1180.0,1431.75,1598.0,1042.0,782.25,633.25,384.25,226.5,15.5,0.0,0.0
중앙로역,6,목요일,승차,0.0,0.0,29.0,55.0,163.75,310.75,155.0,177.25,221.5,303.5,378.25,420.0,489.0,544.75,602.0,798.5,405.75,428.0,621.5,390.5,140.5,3.5,0.0,0.0
중앙로역,6,목요일,하차,0.0,0.0,23.25,57.5,177.75,709.5,427.25,417.5,467.0,470.5,478.0,463.75,461.5,530.5,683.0,865.75,388.5,220.0,137.5,85.25,57.25,7.25,0.0,0.0
중앙로역,6,목요일,합계,0.0,0.0,52.25,112.5,341.5,1020.25,582.25,594.75,688.5,774.0,856.25,883.75,950.5,1075.25,1285.0,1664.25,794.25,648.0,759.0,475.75,197.75,10.75,0.0,0.0
중앙로역,6,수요일,승차,0.0,0.0,29.25,55.5,167.25,301.25,136.25,140.75,188.25,258.5,337.75,376.75,434.0,519.0,618.75,786.0,386.0,387.75,585.75,360.0,127.75,3.0,0.0,0.0
중앙로역,6,수요일,하차,0.0,0.0,23.25,57.0,176.0,711.0,375.75,334.25,389.0,455.0,455.75,468.0,448.0,471.0,666.0,767.25,311.5,161.25,135.5,88.0,40.25,5.75,0.0,0.0
중앙로역,6,수요일,합계,0.0,0.0,52.5,112.5,343.25,1012.25,512.0,475.0,577.25,713.5,793.5,844.75,882.0,990.0,1284.75,1553.25,697.5,549.0,721.25,448.0,168.0,8.75,0.0,0.0
중앙로역,6,월요일,승차,0.0,0.0,26.4,46.8,156.2,296.8,152.6,155.4,198.2,281.2,365.8,378.4,456.6,493.0,586.8,754.4,386.4,359.4,424.6,174.6,95.0,2.0,0.0,0.0
중앙로역,6,월요일,하차,0.0,0.0,24.4,58.2,175.6,715.2,404.0,370.2,433.0,451.4,449.6,430.2,402.8,421.6,485.2,692.0,322.8,186.6,116.8,71.2,40.6,7.6,0.0,0.0
중앙로역,6,월요일,합계,0.0,0.0,50.8,105.0,331.8,1012.0,556.6,525.6,631.2,732.6,815.4,808.6,859.4,914.6,1072.0,1446.4,709.2,546.0,541.4,245.8,135.6,9.6,0.0,0.0
중앙로역,6,일요일,승차,0.0,0.2,19.4,27.4,34.2,78.8,113.6,131.2,181.0,229.0,342.0,418.0,488.4,583.4,592.2,536.6,480.8,479.0,389.4,248.8,91.2,2.4,0.0,0.0
중앙로역,6,일요일,하차,0.0,0.0,20.2,31.6,67.8,136.8,248.2,418.6,582.2,676.8,658.8,667.6,607.8,506.0,462.6,340.6,221.8,148.2,89.0,53.0,29.0,5.6,0.0,0.0
중앙로역,6,일요일,합계,0.0,0.2,39.6,59.0,102.0,215.6,361.8,549.8,763.2,905.8,1000.8,1085.6,1096.2,1089.4,1054.8,877.2,702.6,627.2,478.4,301.8,120.2,8.0,0.0,0.0
중앙로역,6,토요일,승차,0.0,0.0,21.25,36.75,58.25,107.75,151.0,192.5,254.75,341.25,440.0,516.5,673.75,758.25,777.25,696.0,641.75,668.5,658.75,312.0,191.25,3.0,0.0,0.0
중앙로역,6,토요일,하차,0.0,0.0,23.0,41.25,98.25,263.0,411.25,488.0,741.5,879.75,831.25,800.75,803.75,694.5,768.0,545.25,384.5,237.0,152.25,86.0,49.75,8.5,0.0,0.0
중앙로역,6,토요일,합계,0.0,0.0,44.25,78.0,156.5,370.75,562.25,680.5,996.25,1221.0,1271.25,1317.25,1477.5,1452.75,1545.25,1241.25,1026.25,905.5,811.0,398.0,241.0,11.5,0.0,0.0
중앙로역,6,화요일,승차,0.0,0.0,25.25,43.5,139.0,245.5,148.0,154.0,198.75,277.75,382.25,411.25,455.25,535.5,710.0,728.25,434.5,421.0,490.75,206.5,97.25,4.25,0.0,0.0
중앙로역,6,화요일,하차,0.0,0.0,29.25,49.5,141.25,597.75,383.5,418.5,540.0,551.0,570.5,506.0,441.75,470.5,503.5,638.0,289.5,146.0,115.0,70.25,40.25,6.25,0.0,0.0
중앙로역,6,화요일,합계,0.0,0.0,54.5,93.0,280.25,843.25,531.5,572.5,738.75,828.75,952.75,917.25,897.0,1006.0,1213.5,1366.25,724.0,567.0,605.75,276.75,137.5,10.5,0.0,0.0
중앙로역,7,금요일,승차,0.0,0.0,26.25,55.5,170.0,326.25,160.75,187.75,248.75,293.25,407.5,439.5,516.25,600.25,766.0,865.0,532.5,550.25,651.25,408.75,227.75,2.0,0.0,0.0
중앙로역,7,금요일,하차,0.0,0.0,24.75,66.5,186.25,700.0,416.5,418.0,569.0,595.5,561.5,603.25,602.0,612.5,758.5,1030.0,525.25,266.75,154.75,114.25,57.5,5.75,0.0,0.0
중앙로역,7,금요일,합계,0.0,0.0,51.0,122.0,356.25,1026.25,577.25,605.75,817.75,888.75,969.0,1042.75,1118.25,1212.75,1524.5,1895.0,1057.75,817.0,806.0,523.0,285.25,7.75,0.0,0.0
중앙로역,7,목요일,승차,0.0,0.0,30.8,53.8,157.4,300.6,149.2,155.0,220.8,307.8,392.2,412.6,476.8,571.8,742.0,830.4,470.8,482.2,506.4,445.4,228.8,2.2,0.0,0.0
중앙로역,7,목요일,하차,0.0,0.0,25.8,58.0,170.2,694.0,439.4,420.8,540.6,554.4,547.6,537.4,495.8,555.4,668.0,813.4,334.8,191.6,130.6,82.0,45.4,6.4,0.0,0.0
중앙로역,7,목요일,합계,0.0,0.0,56.6,111.8,327.6,994.6,588.6,575.8,761.4,862.2,939.8,950.0,972.6,1127.2,1410.0,1643.8,805.6,673.8,637.0,527.4,274.2,8.6,0.0,0.0
중앙로역,7,수요일,승차,0.0,0.0,25.8,59.2,165.8,311.0,150.0,154.2,221.4,291.8,406.8,433.8,506.6,568.6,711.8,848.2,477.6,449.6,625.6,409.8,121.6,1.6,0.0,0.0
중앙로역,7,수요일,하차,0.0,0.0,21.8,58.2,186.6,730.2,419.6,421.2,587.0,597.8,564.0,558.2,543.2,537.2,642.4,758.0,340.8,169.0,117.0,89.2,49.4,4.8,0.0,0.0
중앙로역,7,수요일,합계,0.0,0.0,47.6,117.4,352.4,1041.2,569.6,575.4,808.4,889.6,970.8,992.0,1049.8,1105.8,1354.2,1606.2,818.4,618.6,742.6,499.0,171.0,6.4,0.0,0.0
중앙로역,7,월요일,승차,0.0,0.25,27.0,55.25,151.75,315.25,168.5,171.0,221.0,301.5,391.5,460.75,529.0,612.25,682.75,818.5,455.0,437.25,403.75,212.0,96.75,1.75,0.0,0.0
중앙로역,7,월요일,하차,0.0,0.0,25.25,59.5,168.75,710.5,409.75,447.0,555.75,599.75,538.0,534.75,468.0,458.5,479.25,658.5,330.0,164.75,114.5,71.25,34.25,6.0,0.0,0.0
중앙로역,7,월요일,합계,0.0,0.25,52.25,114.75,320.5,1025.75,578.25,618.0,776.75,901.25,929.5,995.5,997.0,1070.75,1162.0,1477.0,785.0,602.0,518.25,283.25,131.0,7.75,0.0,0.0
중앙로역,7,일요일,승차,0.0,0.0,14.75,26.75,27.75,87.75,113.75,140.25,193.0,237.0,386.5,461.0,562.5,694.0,673.25,638.75,568.75,534.75,511.75,199.5,96.25,3.5,0.0,0.0
중앙로역,7,일요일,하차,0.0,0.0,20.5,32.25,75.75,145.25,291.25,452.5,708.0,799.5,785.75,761.25,620.5,560.0,514.0,347.25,250.0,158.75,113.0,66.0,34.75,5.25,0.0,0.0
중앙로역,7,일요일,합계,0.0,0.0,35.25,59.0,103.5,233.0,405.0,592.75,901.0,1036.5,1172.25,1222.25,1183.0,1254.0,1187.25,986.0,818.75,693.5,624.75,265.5,131.0,8.75,0.0,0.0
중앙로역,7,토요일,승차,0.0,0.0,23.25,35.25,55.75,106.0,166.0,208.5,251.5,317.0,430.5,541.75,642.75,761.25,820.0,747.5,689.25,725.0,694.0,499.0,242.25,3.5,0.0,0.0
중앙로역,7,토요일,하차,0.0,0.0,23.25,47.0,93.75,245.75,402.0,574.0,799.5,951.5,941.5,921.5,826.0,764.75,811.25,593.0,414.75,256.25,162.0,89.5,48.75,8.75,0.0,0.0
중앙로역,7,토요일,합계,0.0,0.0,46.5,82.25,149.5,351.75,568.0,782.5,1051.0,1268.5,1372.0,1463.25,1468.75,1526.0,1631.25,1340.5,1104.0,981.25,856.0,588.5,291.0,12.25,0.0,0.0
중앙로역,7,화요일,승차,0.0,0.0,28.4,59.6,159.8,310.6,156.0,150.4,199.4,286.0,382.8,409.8,470.4,553.0,670.6,787.0,436.4,468.6,448.2,521.6,123.2,3.0,0.0,0.0
중앙로역,7,화요일,하차,0.0,0.0,31.8,57.8,172.4,688.6,416.0,408.2,501.6,538.6,527.0,512.8,490.4,533.0,625.4,766.8,330.8,157.2,117.4,73.6,41.2,8.2,0.0,0.0
중앙로역,7,화요일,합계,0.0,0.0,60.2,117.4,332.2,999.2,572.0,558.6,701.0,824.6,909.8,922.6,960.8,1086.0,1296.0,1553.8,767.2,625.8,565.6,595.2,164.4,11.2,0.0,0.0
중앙로역,8,금요일,승차,0.0,0.0,21.4,44.8,123.0,244.0,167.0,213.8,294.0,347.6,483.2,575.0,717.8,865.8,994.4,1203.0,976.6,1028.2,1147.8,1123.8,556.6,920.2,10.8,0.0
중앙로역,8,금요일,하차,0.0,0.0,26.2,65.4,206.6,659.2,481.6,579.6,772.0,837.2,854.8,896.4,965.2,1002.4,1403.2,1489.6,1105.0,710.0,518.4,238.2,96.0,15.8,3.2,0.0
중앙로역,8,금요일,합계,0.0,0.0,47.6,110.2,329.6,903.2,648.6,793.4,1066.0,1184.8,1338.0,1471.4,1683.0,1868.2,2397.6,2692.6,2081.6,1738.2,1666.2,1362.0,652.6,936.0,14.0,0.0
중앙로역,8,목요일,승차,0.0,0.0,27.5,44.25,143.25,271.25,152.5,195.25,305.0,368.25,521.25,550.25,716.25,759.0,929.25,1058.25,658.5,728.5,862.75,778.5,490.25,472.0,0.75,0.0
중앙로역,8,목요일,하차,0.0,0.0,24.25,64.5,205.25,823.25,526.0,552.5,685.25,690.0,707.0,716.5,704.25,775.5,968.25,1178.5,720.75,449.25,297.25,155.25,66.5,11.0,3.75,0.0
중앙로역,8,목요일,합계,0.0,0.0,51.75,108.75,348.5,1094.5,678.5,747.75,990.25,1058.25,1228.25,1266.75,1420.5,1534.5,1897.5,2236.75,1379.25,1177.75,1160.0,933.75,556.75,483.0,4.5,0.0
중앙로역,8,수요일,승차,0.0,0.0,25.0,44.25,143.0,268.25,161.25,191.0,294.75,368.0,506.75,567.75,640.75,710.25,858.25,1030.5,658.5,636.25,699.5,757.25,439.0,193.0,0.0,0.0
중앙로역,8,수요일,하차,0.0,0.0,27.5,58.25,202.0,817.0,476.25,511.25,695.0,722.0,674.5,669.0,713.75,734.0,876.0,1035.75,574.5,305.75,215.5,119.25,54.75,11.25,1.25,0.0
중앙로역,8,수요일,합계,0.0,0.0,52.5,102.5,345.0,1085.25,637.5,702.25,989.75,1090.0,1181.25,1236.75,1354.5,1444.25,1734.25,2066.25,1233.0,942.0,915.0,876.5,493.75,204.25,1.25,0.0
중앙로역,8,월요일,승차,0.0,0.0,25.75,47.5,129.25,283.5,166.5,187.25,245.5,354.5,447.75,484.5,569.25,680.25,814.5,984.5,554.25,547.75,515.25,306.5,283.5,256.0,0.0,0.0
중앙로역,8,월요일,하차,0.0,0.0,27.25,71.0,184.75,740.25,460.75,508.75,631.75,648.5,638.25,671.5,598.0,600.0,687.0,782.25,425.25,277.25,205.25,118.75,44.0,14.25,1.0,0.0
중앙로역,8,월요일,합계,0.0,0.0,53.0,118.5,314.0,1023.75,627.25,696.0,877.25,1003.0,1086.0,1156.0,1167.25,1280.25,1501.5,1766.75,979.5,825.0,720.5,425.25,327.5,270.25,1.0,0.0
중앙로역,8,일요일,승차,0.0,0.0,18.8,24.6,35.2,85.8,109.0,150.2,203.2,277.4,407.6,505.0,661.0,808.4,860.2,794.6,742.0,786.4,877.0,517.6,575.0,311.6,1.6,0.0
중앙로역,8,일요일,하차,0.0,0.0,18.0,35.4,89.0,169.0,313.4,482.2,731.0,914.2,947.0,922.0,865.0,773.6,841.6,632.2,542.2,377.8,257.4,118.0,34.4,6.8,2.6,0.0
중앙로역,8,일요일,합계,0.0,0.0,36.8,60.0,124.2,254.8,422.4,632.4,934.2,1191.6,1354.6,1427.0,1526.0,1582.0,1701.8,1426.8,1284.2,1164.2,1134.4,635.6,609.4,318.4,4.2,0.0
중앙로역,8,토요일,승차,0.0,1.6,22.4,32.2,50.6,116.8,171.4,195.2,296.2,380.4,537.6,638.6,807.0,989.6,1025.2,1033.8,990.0,1106.2,1186.8,822.8,801.0,348.4,0.4,0.0
중앙로역,8,토요일,하차,0.0,1.0,22.6,40.2,109.0,278.4,455.0,653.6,936.6,1127.0,1108.4,1176.8,1065.0,1089.6,1243.4,981.4,779.6,548.6,372.8,171.4,81.8,10.4,2.0,0.0
중앙로역,8,토요일,합계,0.0,2.6,45.0,72.4,159.6,395.2,626.4,848.8,1232.8,1507.4,1646.0,1815.4,1872.0,2079.2,2268.6,2015.2,1769.6,1654.8,1559.6,994.2,882.8,358.8,2.4,0.0
중앙로역,8,화요일,승차,0.0,0.0,26.0,44.0,144.0,282.0,145.5,175.75,237.5,321.75,432.25,490.0,587.0,672.5,780.5,966.25,573.75,593.25,708.5,732.25,265.0,74.75,0.0,0.0
중앙로역,8,화요일,하차,0.0,0.0,27.5,52.75,174.75,738.75,455.5,476.75,624.75,660.75,632.25,651.0,648.5,720.25,817.25,979.25,463.75,249.25,152.75,96.0,41.75,7.5,0.0,0.0
중앙로역,8,화요일,합계,0.0,0.0,53.5,96.75,318.75,1020.75,601.0,652.5,862.25,982.5,1064.5,1141.0,1235.5,1392.75,1597.75,1945.5,1037.5,842.5,861.25,828.25,306.75,82.25,0.0,0.0
지족역,1,금요일,승차,0.0,0.4,20.6,49.8,138.0,230.2,118.0,93.6,107.4,119.4,117.0,130.4,163.0,280.8,269.8,422.6,98.6,52.6,54.8,36.2,21.2,1.4,0.0,0.0
지족역,1,금요일,하차,0.0,0.0,12.0,35.2,117.0,557.2,133.6,70.0,70.2,166.2,97.4,90.6,114.0,133.6,149.6,204.2,109.8,87.2,91.4,93.8,61.4,13.2,0.0,0.0
지족역,1,금요일,합계,0.0,0.4,32.6,85.0,255.0,787.4,251.6,163.6,177.6,285.6,214.4,221.0,277.0,414.4,419.4,626.8,208.4,139.8,146.2,130.0,82.6,14.6,0.0,0.0
지족역,1,목요일,승차,0.0,1.6,21.6,45.2,126.2,204.8,101.4,89.0,87.0,87.6,100.8,96.0,115.4,115.8,180.0,384.4,106.0,76.6,58.4,50.4,26.8,0.8,0.0,0.0
지족역,1,목요일,하차,0.0,1.4,11.8,32.2,92.6,484.0,127.4,53.6,71.0,76.4,80.4,78.2,91.0,97.2,137.0,189.4,89.4,85.2,86.0,77.6,46.8,12.2,0.0,0.0
지족역,1,목요일,합계,0.0,3.0,33.4,77.4,218.8,688.8,228.8,142.6,158.0,164.0,181.2,174.2,206.4,213.0,317.0,573.8,195.4,161.8,144.4,128.0,73.6,13.0,0.0,0.0
지족역,1,수요일,승차,0.0,0.2,20.0,40.4,101.6,166.8,98.0,72.4,83.2,86.8,97.0,89.0,98.2,91.4,143.6,305.0,107.0,58.2,52.4,32.2,20.2,2.8,0.0,0.0
지족역,1,수요일,하차,0.0,0.0,12.4,27.0,83.0,395.4,92.4,59.8,60.6,77.8,79.4,69.2,93.4,94.8,121.6,154.8,86.4,79.8,80.0,76.4,41.0,13.8,0.0,0.0
지족역,1,수요일,합계,0.0,0.2,32.4,67.4,184.6,562.2,190.4,132.2,143.8,164.6,176.4,158.2,191.6,186.2,265.2,459.8,193.4,138.0,132.4,108.6,61.2,16.6,0.0,0.0
지족역,1,월요일,승차,0.0,0.25,24.5,49.0,126.5,208.5,113.0,98.25,92.0,110.5,113.5,115.25,103.0,111.0,172.25,355.0,97.25,67.0,63.75,45.5,19.0,0.0,0.0,0.0
지족역,1,월요일,하차,0.0,0.0,13.5,31.25,100.25,439.5,129.5,73.25,78.5,100.25,89.0,83.0,90.25,105.75,143.75,183.25,94.25,91.0,79.75,75.75,44.75,10.5,0.0,0.0
지족역,1,월요일,합계,0.0,0.25,38.0,80.25,226.75,648.0,242.5,171.5,170.5,210.75,202.5,198.25,193.25,216.75,316.0,538.25,191.5,158.0,143.5,121.25,63.75,10.5,0.0,0.0
지족역,1,일요일,승차,0.0,0.0,12.5,30.0,38.25,52.5,76.0,82.75,70.25,92.0,82.25,83.0,74.0,90.75,72.25,66.5,37.75,35.25,29.0,17.0,14.75,3.75,0.0,0.0
지족역,1,일요일,하차,0.0,0.0,4.0,17.0,17.0,40.0,43.0,52.0,42.5,50.0,66.25,66.25,77.25,74.5,98.5,91.5,83.75,66.5,54.25,64.5,45.5,15.25,0.0,0.0
지족역,1,일요일,합계,0.0,0.0,16.5,47.0,55.25,92.5,119.0,134.75,112.75,142.0,148.5,149.25,151.25,165.25,170.75,158.0,121.5,101.75,83.25,81.5,60.25,19.0,0.0,0.0
지족역,1,토요일,승차,0.0,0.25,16.5,37.75,60.25,89.25,106.75,111.0,133.25,130.5,133.25,101.25,93.75,109.0,119.0,93.75,45.25,42.0,42.75,22.25,20.75,1.0,0.0,0.0
지족역,1,토요일,하차,0.0,0.0,8.5,18.25,30.75,67.75,55.75,54.5,69.75,78.5,94.0,85.0,80.25,107.25,116.0,97.5,83.5,75.25,76.25,71.5,57.5,16.0,0.0,0.0
지족역,1,토요일,합계,0.0,0.25,25.0,56.0,91.0,157.0,162.5,165.5,203.0,209.0,227.25,186.25,174.0,216.25,235.0,191.25,128.75,117.25,119.0,93.75,78.25,17.0,0.0,0.0
지족역,1,화요일,승차,0.0,0.25,19.5,48.25,127.0,207.5,107.5,94.0,86.75,110.25,114.0,93.5,107.75,105.75,185.0,355.25,105.75,79.75,64.75,44.5,20.0,0.0,0.0,0.0
지족역,1,화요일,하차,0.0,0.0,9.25,31.5,98.25,488.75,122.5,53.5,71.75,71.25,76.5,82.25,79.0,108.5,138.75,177.0,94.25,81.0,82.75,76.0,45.5,12.75,0.0,0.0
지족역,1,화요일,합계,0.0,0.25,28.75,79.75,225.25,696.25,230.0,147.5,158.5,181.5,190.5,175.75,186.75,214.25,323.75,532.25,200.0,160.75,147.5,120.5,65.5,12.75,0.0,0.0
지족역,2,금요일,승차,0.0,3.75,25.0,53.25,149.75,251.75,130.5,106.25,117.0,126.5,128.25,130.0,156.0,168.0,260.5,461.0,103.75,60.75,53.0,36.5,24.25,0.75,0.0,0.0
지족역,2,금요일,하차,0.0,4.0,10.25,40.0,114.25,568.5,154.0,73.75,78.0,96.0,94.25,90.0,103.75,135.0,170.5,230.5,119.75,100.75,105.5,100.0,61.0,15.0,0.0,0.0
지족역,2,금요일,합계,0.0,7.75,35.25,93.25,264.0,820.25,284.5,180.0,195.0,222.5,222.5,220.0,259.75,303.0,431.0,691.5,223.5,161.5,158.5,136.5,85.25,15.75,0.0,0.0
지족역,2,목요일,승차,0.0,2.0,23.75,55.5,150.5,252.25,113.0,95.75,111.75,122.5,121.0,118.5,134.0,137.25,204.25,442.5,116.75,92.5,81.5,53.0,26.5,1.0,0.0,0.0
지족역,2,목요일,하차,0.0,2.25,11.5,37.0,114.25,603.0,161.0,76.25,80.25,91.5,102.5,81.5,95.0,124.75,163.25,235.5,108.25,85.25,102.75,101.5,61.5,12.5,0.0,0.0
지족역,2,목요일,합계,0.0,4.25,35.25,92.5,264.75,855.25,274.0,172.0,192.0,214.0,223.5,200.0,229.0,262.0,367.5,678.0,225.0,177.75,184.25,154.5,88.0,13.5,0.0,0.0
지족역,2,수요일,승차,0.0,1.5,20.75,58.25,150.5,263.0,130.5,93.5,100.5,110.0,112.0,121.25,124.5,113.0,222.0,454.75,136.5,78.0,60.75,38.75,28.0,2.0,0.0,0.0
지족역,2,수요일,하차,0.0,1.5,10.25,37.0,120.25,608.0,149.25,73.25,77.25,89.25,81.25,91.5,100.0,117.75,167.25,217.0,118.0,93.5,99.5,88.5,55.25,10.25,0.0,0.0
지족역,2,수요일,합계,0.0,3.0,31.0,95.25,270.75,871.0,279.75,166.75,177.75,199.25,193.25,212.75,224.5,230.75,389.25,671.75,254.5,171.5,160.25,127.25,83.25,12.25,0.0,0.0
지족역,2,월요일,승차,0.0,0.0,25.25,55.0,141.0,264.25,126.75,105.75,122.75,114.25,132.0,127.5,119.0,113.5,184.0,450.75,113.75,76.0,75.25,42.25,23.75,0.0,0.0,0.0
지족역,2,월요일,하차,0.0,0.0,10.25,33.25,119.0,575.5,150.0,90.25,90.0,109.75,84.25,86.25,94.0,125.5,154.75,224.75,114.5,95.25,92.25,81.5,45.25,12.0,0.0,0.0
지족역,2,월요일,합계,0.0,0.0,35.5,88.25,260.0,839.75,276.75,196.0,212.75,224.0,216.25,213.75,213.0,239.0,338.75,675.5,228.25,171.25,167.5,123.75,69.0,12.0,0.0,0.0
지족역,2,일요일,승차,0.0,0.0,16.5,30.25,40.0,58.0,74.75,79.0,82.5,78.5,92.25,79.5,79.5,88.75,79.25,62.75,31.5,34.25,32.0,21.5,14.25,2.0,0.0,0.0
지족역,2,일요일,하차,0.0,0.0,4.0,16.5,18.25,43.0,43.5,60.25,44.0,58.0,62.0,69.0,87.25,89.25,103.0,76.25,86.25,62.5,57.0,59.25,40.75,10.75,0.0,0.0
지족역,2,일요일,합계,0.0,0.0,20.5,46.75,58.25,101.0,118.25,139.25,126.5,136.5,154.25,148.5,166.75,178.0,182.25,139.0,117.75,96.75,89.0,80.75,55.0,12.75,0.0,0.0
지족역,2,토요일,승차,0.0,2.0,19.25,42.5,66.25,97.75,103.0,118.5,125.25,146.5,128.0,119.5,106.0,108.0,128.25,105.5,51.0,48.75,38.75,20.0,19.5,1.5,0.0,0.0
지족역,2,토요일,하차,0.0,2.0,5.5,20.25,33.25,82.0,63.75,57.25,75.5,85.5,84.25,92.25,99.0,121.25,147.5,107.5,91.5,73.75,68.25,80.75,55.5,17.25,0.0,0.0
지족역,2,토요일,합계,0.0,4.0,24.75,62.75,99.5,179.75,166.75,175.75,200.75,232.0,212.25,211.75,205.0,229.25,275.75,213.0,142.5,122.5,107.0,100.75,75.0,18.75,0.0,0.0
지족역,2,화요일,승차,0.0,0.75,21.0,54.5,141.25,250.0,124.25,90.5,108.75,105.75,111.0,107.75,127.75,118.0,213.5,446.25,109.75,84.75,74.75,46.75,31.0,0.0,0.0,0.0
지족역,2,화요일,하차,0.0,0.0,9.5,35.75,117.0,606.25,137.0,60.25,71.75,93.25,84.0,90.25,92.5,120.75,155.0,220.0,122.5,86.75,98.75,87.75,47.25,12.75,0.0,0.0
지족역,2,화요일,합계,0.0,0.75,30.5,90.25,258.25,856.25,261.25,150.75,180.5,199.0,195.0,198.0,220.25,238.75,368.5,666.25,232.25,171.5,173.5,134.5,78.25,12.75,0.0,0.0
지족역,3,금요일,승차,0.0,0.25,30.0,66.0,178.5,239.25,137.5,108.5,107.5,129.0,129.25,155.75,201.25,203.75,259.0,442.5,104.25,64.0,61.75,37.75,22.25,0.0,0.0,0.0
지족역,3,금요일,하차,0.0,0.0,13.25,38.25,138.0,571.5,128.75,81.5,77.5,108.0,93.5,98.5,112.75,136.5,180.0,221.25,136.0,102.75,92.5,109.5,65.5,16.25,0.0,0.0
지족역,3,금요일,합계,0.0,0.25,43.25,104.25,316.5,810.75,266.25,190.0,185.0,237.0,222.75,254.25,314.0,340.25,439.0,663.75,240.25,166.75,154.25,147.25,87.75,16.25,0.0,0.0
지족역,3,목요일,승차,0.0,0.0,22.5,59.75,184.0,253.25,129.0,95.5,97.5,114.0,106.0,118.75,148.0,186.5,218.5,446.0,112.5,81.75,77.75,55.75,25.75,1.25,0.0,0.0
지족역,3,목요일,하차,0.0,0.0,13.5,39.5,134.75,598.75,152.75,98.5,74.0,85.0,88.5,82.5,105.25,137.25,167.0,232.25,109.25,79.25,93.0,93.25,49.5,11.25,0.0,0.0
지족역,3,목요일,합계,0.0,0.0,36.0,99.25,318.75,852.0,281.75,194.0,171.5,199.0,194.5,201.25,253.25,323.75,385.5,678.25,221.75,161.0,170.75,149.0,75.25,12.5,0.0,0.0
지족역,3,수요일,승차,0.0,0.0,21.25,58.75,181.0,243.5,128.25,94.75,92.75,99.25,110.75,109.25,170.0,161.75,236.0,461.75,113.5,73.5,75.25,36.5,20.5,2.25,0.0,0.0
지족역,3,수요일,하차,0.0,0.0,11.5,38.75,144.0,614.5,159.25,68.0,74.75,91.5,84.25,82.75,117.5,133.5,157.0,215.0,122.25,88.75,97.5,95.0,48.5,11.0,0.0,0.0
지족역,3,수요일,합계,0.0,0.0,32.75,97.5,325.0,858.0,287.5,162.75,167.5,190.75,195.0,192.0,287.5,295.25,393.0,676.75,235.75,162.25,172.75,131.5,69.0,13.25,0.0,0.0
지족역,3,월요일,승차,0.0,0.8,28.0,60.4,144.8,225.8,113.0,86.4,96.0,105.2,114.2,114.2,126.0,154.6,187.6,358.6,103.0,80.0,67.8,33.2,19.2,0.0,0.0,0.0
지족역,3,월요일,하차,0.0,0.8,10.8,33.6,121.2,458.8,130.4,75.8,84.8,116.6,93.8,91.8,110.2,138.6,163.8,206.4,103.2,90.4,93.4,73.8,46.2,10.2,0.0,0.0
지족역,3,월요일,합계,0.0,1.6,38.8,94.0,266.0,684.6,243.4,162.2,180.8,221.8,208.0,206.0,236.2,293.2,351.4,565.0,206.2,170.4,161.2,107.0,65.4,10.2,0.0,0.0
지족역,3,일요일,승차,0.0,0.0,13.0,32.6,37.4,58.8,79.0,72.4,83.6,97.8,98.8,84.6,88.4,96.0,73.6,66.2,48.2,40.8,32.2,17.6,15.8,0.0,0.0,0.0
지족역,3,일요일,하차,0.0,0.0,5.2,16.6,18.2,42.2,48.8,65.8,50.4,59.2,67.6,69.0,73.0,99.8,107.6,89.2,95.0,65.4,66.6,61.4,39.2,9.4,0.0,0.0
지족역,3,일요일,합계,0.0,0.0,18.2,49.2,55.6,101.0,127.8,138.2,134.0,157.0,166.4,153.6,161.4,195.8,181.2,155.4,143.2,106.2,98.8,79.0,55.0,9.4,0.0,0.0
지족역,3,토요일,승차,0.0,0.0,23.0,44.0,63.2,89.8,117.2,106.2,130.8,127.2,108.0,97.0,102.2,100.2,113.6,97.6,57.4,52.2,43.2,21.4,17.0,2.8,0.0,0.0
지족역,3,토요일,하차,0.0,0.0,8.4,17.8,29.8,67.4,58.6,59.6,81.2,85.0,92.2,81.2,89.2,110.4,140.0,107.6,96.4,78.8,78.6,69.6,60.2,18.2,0.0,0.0
지족역,3,토요일,합계,0.0,0.0,31.4,61.8,93.0,157.2,175.8,165.8,212.0,212.2,200.2,178.2,191.4,210.6,253.6,205.2,153.8,131.0,121.8,91.0,77.2,21.0,0.0,0.0
지족역,3,화요일,승차,0.0,0.0,25.5,63.0,188.0,243.25,142.5,87.75,101.25,96.5,92.75,94.0,155.25,164.75,204.75,475.25,113.75,76.25,80.75,50.0,25.0,1.5,0.0,0.0
지족역,3,화요일,하차,0.0,0.0,9.75,37.75,132.25,602.25,165.0,100.5,65.5,91.25,94.5,70.25,105.5,134.0,164.75,229.5,108.75,90.0,95.75,80.75,51.25,12.25,0.0,0.0
지족역,3,화요일,합계,0.0,0.0,35.25,100.75,320.25,845.5,307.5,188.25,166.75,187.75,187.25,164.25,260.75,298.75,369.5,704.75,222.5,166.25,176.5,130.75,76.25,13.75,0.0,0.0
지족역,4,금요일,승차,0.0,0.5,30.25,65.5,182.25,247.25,124.25,90.5,103.25,116.0,120.0,144.25,209.0,216.25,278.75,427.0,102.0,66.5,60.75,38.25,19.75,0.0,0.0,0.0
지족역,4,금요일,하차,0.0,0.0,13.25,35.0,137.75,554.0,148.0,70.75,71.0,101.25,80.25,96.0,114.75,140.25,178.75,217.25,125.75,98.5,102.75,112.25,51.0,16.25,0.0,0.0
지족역,4,금요일,합계,0.0,0.5,43.5,100.5,320.0,801.25,272.25,161.25,174.25,217.25,200.25,240.25,323.75,356.5,457.5,644.25,227.75,165.0,163.5,150.5,70.75,16.25,0.0,0.0
지족역,4,목요일,승차,0.0,0.25,28.25,68.0,177.5,241.75,132.25,90.5,104.25,111.25,112.5,115.75,148.5,167.5,221.5,441.25,110.75,89.75,77.0,48.5,22.5,0.0,0.0,0.0
지족역,4,목요일,하차,0.0,0.0,12.5,33.5,132.25,575.5,156.25,110.5,77.5,78.75,87.25,73.75,106.75,129.0,169.25,224.25,105.25,88.75,92.25,80.75,44.75,10.25,0.0,0.0
지족역,4,목요일,합계,0.0,0.25,40.75,101.5,309.75,817.25,288.5,201.0,181.75,190.0,199.75,189.5,255.25,296.5,390.75,665.5,216.0,178.5,169.25,129.25,67.25,10.25,0.0,0.0
지족역,4,수요일,승차,0.0,2.4,22.6,64.6,187.0,247.4,132.8,94.6,101.6,102.0,132.2,119.0,163.0,162.0,232.8,445.0,125.2,88.6,57.2,35.0,23.0,2.4,0.0,0.0
지족역,4,수요일,하차,0.0,2.2,10.6,34.2,147.0,596.6,149.2,67.8,88.4,108.2,91.8,94.6,113.2,150.8,157.0,225.8,130.8,88.8,89.2,97.2,54.6,10.6,0.0,0.0
지족역,4,수요일,합계,0.0,4.6,33.2,98.8,334.0,844.0,282.0,162.4,190.0,210.2,224.0,213.6,276.2,312.8,389.8,670.8,256.0,177.4,146.4,132.2,77.6,13.0,0.0,0.0
지족역,4,월요일,승차,0.0,0.25,29.0,70.75,177.75,266.0,129.0,97.0,96.75,97.0,115.0,99.75,125.75,168.5,191.0,412.25,122.5,90.25,75.5,44.25,23.25,0.0,0.0,0.0
지족역,4,월요일,하차,0.0,0.0,10.5,34.75,148.5,539.75,153.25,99.75,93.25,124.5,85.0,91.25,108.0,136.25,167.75,227.0,105.25,90.0,89.0,73.5,38.5,10.5,0.0,0.0
지족역,4,월요일,합계,0.0,0.25,39.5,105.5,326.25,805.75,282.25,196.75,190.0,221.5,200.0,191.0,233.75,304.75,358.75,639.25,227.75,180.25,164.5,117.75,61.75,10.5,0.0,0.0
지족역,4,일요일,승차,0.0,0.0,16.25,34.0,37.5,59.25,81.25,70.75,79.0,94.75,93.25,79.5,82.5,75.25,67.25,59.0,47.75,41.75,31.0,15.25,11.75,1.75,0.0,0.0
지족역,4,일요일,하차,0.0,0.0,2.5,18.75,20.0,42.0,51.75,56.75,46.25,54.0,61.75,72.75,78.5,85.5,94.25,96.0,85.75,62.25,68.75,54.0,36.25,12.75,0.0,0.0
지족역,4,일요일,합계,0.0,0.0,18.75,52.75,57.5,101.25,133.0,127.5,125.25,148.75,155.0,152.25,161.0,160.75,161.5,155.0,133.5,104.0,99.75,69.25,48.0,14.5,0.0,0.0
지족역,4,토요일,승차,0.0,0.25,22.25,40.5,66.0,97.5,124.5,109.75,143.5,131.5,100.0,95.5,111.25,91.0,103.75,97.5,54.0,50.0,41.25,19.75,21.25,1.75,0.0,0.0
지족역,4,토요일,하차,0.0,0.0,8.75,19.25,35.75,96.25,61.75,64.5,81.0,92.0,95.25,82.0,81.75,98.25,133.25,86.25,81.75,77.0,67.0,64.5,51.25,13.75,0.0,0.0
지족역,4,토요일,합계,0.0,0.25,31.0,59.75,101.75,193.75,186.25,174.25,224.5,223.5,195.25,177.5,193.0,189.25,237.0,183.75,135.75,127.0,108.25,84.25,72.5,15.5,0.0,0.0
지족역,4,화요일,승차,0.0,2.0,26.0,65.4,177.8,249.8,126.0,93.6,96.0,104.2,103.2,96.8,152.2,170.6,199.0,446.2,110.0,87.6,80.6,53.0,21.8,0.0,0.0,0.0
지족역,4,화요일,하차,0.0,1.2,10.6,34.6,145.4,575.0,149.6,100.2,74.2,99.2,87.4,86.0,98.0,131.2,152.6,228.0,107.0,82.2,101.0,84.2,42.6,7.4,0.0,0.0
지족역,4,화요일,합계,0.0,3.2,36.6,100.0,323.2,824.8,275.6,193.8,170.2,203.4,190.6,182.8,250.2,301.8,351.6,674.2,217.0,169.8,181.6,137.2,64.4,7.4,0.0,0.0
지족역,5,금요일,승차,0.0,0.0,31.4,64.2,178.6,253.2,124.6,94.2,114.6,135.0,138.8,150.6,191.4,201.0,252.4,438.6,110.2,61.8,46.4,38.4,21.2,0.2,0.0,0.0
지족역,5,금요일,하차,0.0,0.0,11.4,37.4,143.0,547.4,152.6,74.8,74.0,102.6,89.6,103.2,120.4,138.6,175.4,209.6,122.6,94.8,104.6,104.6,61.0,12.4,0.0,0.0
지족역,5,금요일,합계,0.0,0.0,42.8,101.6,321.6,800.6,277.2,169.0,188.6,237.6,228.4,253.8,311.8,339.6,427.8,648.2,232.8,156.6,151.0,143.0,82.2,12.6,0.0,0.0
지족역,5,목요일,승차,0.0,0.6,27.2,68.0,164.0,239.0,122.6,94.4,102.6,113.4,102.8,110.0,129.6,161.6,213.0,389.2,109.8,82.0,69.4,45.8,25.0,0.0,0.0,0.0
지족역,5,목요일,하차,0.0,0.0,11.8,39.2,123.4,497.4,136.4,97.0,75.4,93.2,80.8,78.4,100.2,133.4,155.4,206.8,104.6,82.8,97.2,89.6,54.8,11.4,0.0,0.0
지족역,5,목요일,합계,0.0,0.6,39.0,107.2,287.4,736.4,259.0,191.4,178.0,206.6,183.6,188.4,229.8,295.0,368.4,596.0,214.4,164.8,166.6,135.4,79.8,11.4,0.0,0.0
지족역,5,수요일,승차,0.0,0.5,30.5,64.75,183.5,264.25,122.0,95.0,100.75,92.5,135.75,117.5,170.25,163.75,242.25,487.0,116.25,83.5,59.0,37.25,23.25,1.5,0.0,0.0
지족역,5,수요일,하차,0.0,0.5,13.0,38.5,158.5,625.75,166.5,75.5,75.25,99.5,98.75,90.0,109.75,120.5,169.75,223.5,131.0,84.25,95.0,99.75,55.0,14.25,0.0,0.0
지족역,5,수요일,합계,0.0,1.0,43.5,103.25,342.0,890.0,288.5,170.5,176.0,192.0,234.5,207.5,280.0,284.25,412.0,710.5,247.25,167.75,154.0,137.0,78.25,15.75,0.0,0.0
지족역,5,월요일,승차,0.0,0.0,32.25,61.0,140.75,210.25,124.5,91.25,81.75,98.5,121.75,114.25,114.25,141.0,185.5,350.25,96.0,72.5,60.0,38.25,26.5,0.0,0.0,0.0
지족역,5,월요일,하차,0.0,0.0,12.25,34.0,121.0,444.5,124.0,68.5,95.0,97.75,83.5,86.0,97.5,131.5,157.0,197.0,115.25,73.25,86.75,77.5,50.75,11.5,0.0,0.0
지족역,5,월요일,합계,0.0,0.0,44.5,95.0,261.75,654.75,248.5,159.75,176.75,196.25,205.25,200.25,211.75,272.5,342.5,547.25,211.25,145.75,146.75,115.75,77.25,11.5,0.0,0.0
지족역,5,일요일,승차,0.0,0.25,17.5,42.75,46.5,58.5,73.5,81.5,87.5,109.0,87.5,82.75,89.25,86.75,86.5,68.25,49.75,42.5,31.75,18.5,15.25,0.0,0.0,0.0
지족역,5,일요일,하차,0.0,0.0,5.25,20.25,23.5,41.25,51.5,52.75,56.25,58.75,66.75,73.5,78.75,93.5,100.75,108.0,88.25,91.0,75.25,68.25,45.5,10.5,0.0,0.0
지족역,5,일요일,합계,0.0,0.25,22.75,63.0,70.0,99.75,125.0,134.25,143.75,167.75,154.25,156.25,168.0,180.25,187.25,176.25,138.0,133.5,107.0,86.75,60.75,10.5,0.0,0.0
지족역,5,토요일,승차,0.0,1.0,25.4,47.0,68.6,103.0,105.0,98.4,121.6,124.6,107.6,94.6,100.0,108.6,125.4,94.4,55.4,49.8,40.8,20.8,17.8,2.8,0.0,0.0
지족역,5,토요일,하차,0.0,1.0,6.4,20.8,33.8,63.2,61.0,63.8,70.6,84.2,81.0,89.6,87.6,107.0,115.8,109.4,93.8,86.8,84.2,77.4,58.6,21.6,0.0,0.0
지족역,5,토요일,합계,0.0,2.0,31.8,67.8,102.4,166.2,166.0,162.2,192.2,208.8,188.6,184.2,187.6,215.6,241.2,203.8,149.2,136.6,125.0,98.2,76.4,24.4,0.0,0.0
지족역,5,화요일,승차,0.0,0.0,23.5,63.25,162.25,219.75,109.0,89.5,85.25,83.0,101.5,90.5,124.75,158.75,186.5,376.25,94.25,77.25,83.0,43.75,29.25,0.0,0.0,0.0
지족역,5,화요일,하차,0.0,0.0,11.0,29.75,116.25,467.0,131.5,88.25,84.25,92.0,84.5,86.5,86.25,123.75,150.0,206.0,113.0,97.5,86.75,75.25,56.25,10.25,0.0,0.0
지족역,5,화요일,합계,0.0,0.0,34.5,93.0,278.5,686.75,240.5,177.75,169.5,175.0,186.0,177.0,211.0,282.5,336.5,582.25,207.25,174.75,169.75,119.0,85.5,10.25,0.0,0.0
지족역,6,금요일,승차,0.0,0.0,29.75,53.0,141.25,198.25,120.25,92.75,100.5,99.5,110.0,127.0,158.5,166.5,208.75,354.25,94.25,56.5,40.75,33.0,23.5,0.75,0.0,0.0
지족역,6,금요일,하차,0.0,0.0,11.25,32.0,110.25,447.0,123.5,72.75,69.5,90.25,80.0,82.25,95.5,112.25,142.25,184.0,101.5,87.25,104.25,93.5,61.0,18.5,0.0,0.0
지족역,6,금요일,합계,0.0,0.0,41.0,85.0,251.5,645.25,243.75,165.5,170.0,189.75,190.0,209.25,254.0,278.75,351.0,538.25,195.75,143.75,145.0,126.5,84.5,19.25,0.0,0.0
지족역,6,목요일,승차,0.0,0.0,29.25,67.75,174.0,237.5,133.25,109.25,95.5,101.5,103.0,116.25,162.5,172.75,233.0,468.75,113.5,82.25,71.75,45.25,19.25,2.0,0.0,0.0
지족역,6,목요일,하차,0.0,0.0,13.5,42.75,136.0,588.5,167.25,99.0,75.0,105.0,91.5,89.75,109.0,130.75,160.25,215.75,109.0,91.25,101.0,99.0,58.75,15.75,0.0,0.0
지족역,6,목요일,합계,0.0,0.0,42.75,110.5,310.0,826.0,300.5,208.25,170.5,206.5,194.5,206.0,271.5,303.5,393.25,684.5,222.5,173.5,172.75,144.25,78.0,17.75,0.0,0.0
지족역,6,수요일,승차,0.0,0.5,28.75,64.75,178.0,249.5,124.25,86.75,92.75,101.0,107.75,95.5,166.25,167.75,233.0,468.75,125.5,87.75,70.25,34.0,24.75,0.0,0.0,0.0
지족역,6,수요일,하차,0.0,0.0,14.25,40.5,142.25,600.5,161.25,76.5,83.5,103.75,91.75,90.0,102.5,106.75,157.75,223.75,117.75,91.0,87.25,106.5,49.75,9.75,0.0,0.0
지족역,6,수요일,합계,0.0,0.5,43.0,105.25,320.25,850.0,285.5,163.25,176.25,204.75,199.5,185.5,268.75,274.5,390.75,692.5,243.25,178.75,157.5,140.5,74.5,9.75,0.0,0.0
지족역,6,월요일,승차,0.0,1.4,33.8,67.2,169.0,261.8,126.4,91.4,93.0,99.0,125.0,102.0,145.2,167.8,206.0,439.2,122.2,74.0,66.8,41.2,21.8,2.8,0.0,0.0
지족역,6,월요일,하차,0.0,1.0,14.2,38.8,152.2,575.0,168.6,88.6,97.4,108.4,91.0,86.0,93.8,125.4,154.2,225.0,107.2,78.8,78.8,80.2,50.2,14.4,0.0,0.0
지족역,6,월요일,합계,0.0,2.4,48.0,106.0,321.2,836.8,295.0,180.0,190.4,207.4,216.0,188.0,239.0,293.2,360.2,664.2,229.4,152.8,145.6,121.4,72.0,17.2,0.0,0.0
지족역,6,일요일,승차,0.0,0.0,13.4,37.4,39.2,67.6,78.4,77.8,81.0,81.0,81.2,74.8,75.6,84.6,81.2,69.0,38.4,39.6,33.0,13.8,11.6,0.2,0.0,0.0
지족역,6,일요일,하차,0.0,0.0,6.2,17.8,22.0,43.8,55.4,60.6,50.6,60.8,58.2,70.6,75.8,86.4,104.6,86.0,78.6,69.0,67.8,59.8,37.8,8.8,0.0,0.0
지족역,6,일요일,합계,0.0,0.0,19.6,55.2,61.2,111.4,133.8,138.4,131.6,141.8,139.4,145.4,151.4,171.0,185.8,155.0,117.0,108.6,100.8,73.6,49.4,9.0,0.0,0.0
지족역,6,토요일,승차,0.0,0.0,16.25,39.75,60.5,100.75,101.25,94.75,112.5,109.0,95.75,103.5,83.5,102.25,104.5,83.0,49.0,47.5,42.5,20.5,15.5,0.0,0.0,0.0
지족역,6,토요일,하차,0.0,0.0,6.25,18.0,32.75,62.0,61.25,61.0,72.75,83.25,80.0,90.0,92.5,101.0,102.25,87.5,88.5,73.0,72.75,64.75,51.5,14.0,0.0,0.0
지족역,6,토요일,합계,0.0,0.0,22.5,57.75,93.25,162.75,162.5,155.75,185.25,192.25,175.75,193.5,176.0,203.25,206.75,170.5,137.5,120.5,115.25,85.25,67.0,14.0,0.0,0.0
지족역,6,화요일,승차,0.0,0.0,28.0,59.5,146.75,211.0,126.5,88.75,99.5,98.25,115.5,96.75,145.5,162.5,191.75,362.25,94.0,74.0,66.0,32.25,26.0,0.0,0.0,0.0
지족역,6,화요일,하차,0.0,0.0,10.5,29.75,113.25,476.5,127.5,71.25,83.5,99.5,93.5,89.5,98.5,123.5,148.0,196.5,106.25,78.5,85.0,78.25,49.25,9.5,0.0,0.0
지족역,6,화요일,합계,0.0,0.0,38.5,89.25,260.0,687.5,254.0,160.0,183.0,197.75,209.0,186.25,244.0,286.0,339.75,558.75,200.25,152.5,151.0,110.5,75.25,9.5,0.0,0.0
지족역,7,금요일,승차,0.0,0.0,29.0,61.75,174.75,225.5,120.25,89.0,92.75,130.5,110.25,126.25,169.75,189.25,275.25,449.75,99.25,57.0,53.5,32.25,19.75,3.25,0.0,0.0
지족역,7,금요일,하차,0.0,0.0,12.5,40.75,138.0,562.75,152.75,73.0,73.0,88.25,82.0,87.5,95.5,117.25,159.75,217.5,131.25,82.0,91.0,111.0,59.0,17.0,0.0,0.0
지족역,7,금요일,합계,0.0,0.0,41.5,102.5,312.75,788.25,273.0,162.0,165.75,218.75,192.25,213.75,265.25,306.5,435.0,667.25,230.5,139.0,144.5,143.25,78.75,20.25,0.0,0.0
지족역,7,목요일,승차,0.0,2.2,26.4,61.0,169.8,226.8,109.4,88.2,79.6,87.8,93.2,110.2,115.0,142.8,200.4,448.8,105.0,77.6,64.4,39.8,20.8,2.6,0.0,0.0
지족역,7,목요일,하차,0.0,2.0,13.4,38.6,140.8,558.8,145.4,72.4,60.8,81.4,78.2,63.6,83.2,106.4,144.4,204.4,99.0,86.0,90.8,93.0,58.8,17.2,0.0,0.0
지족역,7,목요일,합계,0.0,4.2,39.8,99.6,310.6,785.6,254.8,160.6,140.4,169.2,171.4,173.8,198.2,249.2,344.8,653.2,204.0,163.6,155.2,132.8,79.6,19.8,0.0,0.0
지족역,7,수요일,승차,0.0,0.2,27.8,58.8,179.4,236.0,109.4,81.6,85.2,103.0,112.2,111.0,125.8,130.0,201.2,463.2,107.4,70.8,63.2,32.6,17.0,1.4,0.0,0.0
지족역,7,수요일,하차,0.0,0.0,14.6,39.8,138.8,570.2,141.2,65.6,73.8,86.2,73.4,76.6,96.8,113.0,137.4,220.4,117.4,85.0,94.6,97.0,51.4,13.2,0.0,0.0
지족역,7,수요일,합계,0.0,0.2,42.4,98.6,318.2,806.2,250.6,147.2,159.0,189.2,185.6,187.6,222.6,243.0,338.6,683.6,224.8,155.8,157.8,129.6,68.4,14.6,0.0,0.0
지족역,7,월요일,승차,0.0,0.5,34.25,62.0,170.75,244.75,120.75,88.0,89.5,90.25,107.75,105.75,125.75,120.5,182.0,427.25,100.0,70.25,61.5,43.75,23.25,0.0,0.0,0.0
지족역,7,월요일,하차,0.0,0.0,13.0,43.25,131.25,527.5,145.25,82.25,78.0,93.5,94.5,74.75,86.75,109.25,146.75,220.75,106.0,73.0,85.25,81.0,42.0,10.25,0.0,0.0
지족역,7,월요일,합계,0.0,0.5,47.25,105.25,302.0,772.25,266.0,170.25,167.5,183.75,202.25,180.5,212.5,229.75,328.75,648.0,206.0,143.25,146.75,124.75,65.25,10.25,0.0,0.0
지족역,7,일요일,승차,0.0,0.0,12.25,32.5,38.25,59.75,68.5,73.5,84.75,95.25,76.25,55.75,59.0,72.0,79.75,61.0,36.5,45.0,31.75,13.5,9.75,4.75,0.0,0.0
지족역,7,일요일,하차,0.0,0.0,6.25,17.75,23.75,47.75,44.5,58.0,43.25,45.5,52.25,55.75,74.5,72.75,87.25,73.75,75.0,65.5,69.5,61.0,38.75,11.0,0.0,0.0
지족역,7,일요일,합계,0.0,0.0,18.5,50.25,62.0,107.5,113.0,131.5,128.0,140.75,128.5,111.5,133.5,144.75,167.0,134.75,111.5,110.5,101.25,74.5,48.5,15.75,0.0,0.0
지족역,7,토요일,승차,0.0,0.0,23.5,43.0,71.25,86.75,93.25,92.25,110.5,109.25,106.5,91.75,112.5,108.25,114.75,82.25,53.5,60.0,47.5,29.0,12.75,1.0,0.0,0.0
지족역,7,토요일,하차,0.0,0.0,7.25,21.5,36.25,73.75,63.75,60.5,73.25,78.75,78.0,87.0,81.0,89.0,110.0,88.0,80.5,82.0,73.5,83.5,63.5,15.25,0.0,0.0
지족역,7,토요일,합계,0.0,0.0,30.75,64.5,107.5,160.5,157.0,152.75,183.75,188.0,184.5,178.75,193.5,197.25,224.75,170.25,134.0,142.0,121.0,112.5,76.25,16.25,0.0,0.0
지족역,7,화요일,승차,0.0,0.4,29.4,57.0,177.0,234.2,120.2,84.2,80.6,98.0,101.2,95.0,132.0,141.8,205.6,463.0,93.2,73.4,67.4,40.4,18.2,2.2,0.0,0.0
지족역,7,화요일,하차,0.0,0.0,17.2,42.0,139.4,564.4,140.2,65.0,71.8,99.2,79.4,69.2,85.2,112.6,138.6,225.0,113.2,73.4,94.6,89.6,54.4,12.0,0.0,0.0
지족역,7,화요일,합계,0.0,0.4,46.6,99.0,316.4,798.6,260.4,149.2,152.4,197.2,180.6,164.2,217.2,254.4,344.2,688.0,206.4,146.8,162.0,130.0,72.6,14.2,0.0,0.0
지족역,8,금요일,승차,0.0,0.0,29.4,52.6,140.4,194.4,108.8,89.0,93.8,91.0,107.6,110.2,154.4,161.8,214.0,377.4,108.0,60.4,56.6,26.4,16.0,2.6,0.8,0.0
지족역,8,금요일,하차,0.0,0.0,13.6,30.4,104.4,445.8,125.4,59.0,63.6,75.2,71.2,75.8,88.0,104.6,142.4,179.0,114.4,78.0,100.0,102.0,82.0,21.8,17.4,0.0
지족역,8,금요일,합계,0.0,0.0,43.0,83.0,244.8,640.2,234.2,148.0,157.4,166.2,178.8,186.0,242.4,266.4,356.4,556.4,222.4,138.4,156.6,128.4,98.0,24.4,18.2,0.0
지족역,8,목요일,승차,0.0,0.0,28.75,64.0,167.5,210.0,118.0,101.0,96.0,104.25,106.0,121.75,120.75,161.5,218.0,454.25,109.5,74.0,68.75,43.25,20.5,2.5,2.75,0.0
지족역,8,목요일,하차,0.0,0.0,14.25,32.25,132.0,554.25,140.75,60.75,72.5,84.5,96.5,86.25,77.75,125.0,149.75,191.5,109.75,90.5,88.0,91.25,68.5,17.5,10.5,0.0
지족역,8,목요일,합계,0.0,0.0,43.0,96.25,299.5,764.25,258.75,161.75,168.5,188.75,202.5,208.0,198.5,286.5,367.75,645.75,219.25,164.5,156.75,134.5,89.0,20.0,13.25,0.0
지족역,8,수요일,승차,0.0,0.0,32.5,64.0,168.5,218.0,114.0,84.25,95.25,89.25,110.0,104.5,135.5,142.25,205.75,472.0,102.75,68.0,56.0,33.25,13.75,6.5,0.0,0.0
지족역,8,수요일,하차,0.0,0.0,15.0,39.75,128.5,571.75,139.5,58.75,70.75,78.5,90.5,83.25,92.5,114.25,141.75,199.25,117.5,90.5,82.75,96.5,58.0,20.5,1.75,0.0
지족역,8,수요일,합계,0.0,0.0,47.5,103.75,297.0,789.75,253.5,143.0,166.0,167.75,200.5,187.75,228.0,256.5,347.5,671.25,220.25,158.5,138.75,129.75,71.75,27.0,1.75,0.0
지족역,8,월요일,승차,0.0,0.0,34.0,69.5,158.75,219.25,112.5,81.75,79.5,92.25,97.0,113.75,128.25,123.0,161.25,440.0,121.25,69.25,73.0,35.75,19.0,5.5,0.0,0.0
지족역,8,월요일,하차,0.0,0.0,13.25,39.5,123.5,530.5,140.0,75.75,78.5,90.75,71.0,75.0,84.0,108.75,136.5,208.0,101.0,89.25,77.75,80.5,46.25,18.75,0.5,0.0
지족역,8,월요일,합계,0.0,0.0,47.25,109.0,282.25,749.75,252.5,157.5,158.0,183.0,168.0,188.75,212.25,231.75,297.75,648.0,222.25,158.5,150.75,116.25,65.25,24.25,0.5,0.0
지족역,8,일요일,승차,0.0,0.0,15.0,29.8,35.6,67.0,71.6,65.0,74.8,104.2,67.8,69.0,65.8,72.8,78.8,59.4,48.2,44.2,31.4,18.2,8.8,1.0,1.6,0.0
지족역,8,일요일,하차,0.0,0.0,6.4,19.2,23.8,46.0,54.4,53.6,46.4,46.0,63.4,59.6,62.2,73.0,88.6,80.0,72.8,73.8,78.8,63.2,40.2,22.8,2.6,0.0
지족역,8,일요일,합계,0.0,0.0,21.4,49.0,59.4,113.0,126.0,118.6,121.2,150.2,131.2,128.6,128.0,145.8,167.4,139.4,121.0,118.0,110.2,81.4,49.0,23.8,4.2,0.0
지족역,8,토요일,승차,0.0,0.0,20.0,34.6,63.4,88.6,103.8,101.2,113.6,100.0,96.4,95.8,93.6,97.2,119.2,84.0,57.2,47.8,42.6,23.0,16.0,1.0,1.6,0.0
지족역,8,토요일,하차,0.0,0.0,9.8,18.8,31.6,65.0,68.8,63.2,66.8,76.0,89.6,78.0,86.0,86.8,95.2,82.8,77.8,70.2,81.6,72.6,64.2,27.8,5.0,0.0
지족역,8,토요일,합계,0.0,0.0,29.8,53.4,95.0,153.6,172.6,164.4,180.4,176.0,186.0,173.8,179.6,184.0,214.4,166.8,135.0,118.0,124.2,95.6,80.2,28.8,6.6,0.0
지족역,8,화요일,승차,0.0,0.25,24.0,59.5,157.25,219.75,120.25,90.25,91.75,103.25,109.0,100.5,125.5,154.75,206.0,470.75,111.25,76.25,63.75,36.25,18.25,1.5,0.0,0.0
지족역,8,화요일,하차,0.0,0.0,14.0,36.5,135.0,565.25,134.25,61.0,76.0,83.0,84.5,73.0,90.0,120.0,145.0,203.5,114.75,78.5,92.25,105.75,54.5,14.75,1.5,0.0
지족역,8,화요일,합계,0.0,0.25,38.0,96.0,292.25,785.0,254.5,151.25,167.75,186.25,193.5,173.5,215.5,274.75,351.0,674.25,226.0,154.75,156.0,142.0,72.75,16.25,1.5,0.0
탄방역,1,금요일,승차,0.0,0.0,30.0,93.6,190.4,447.2,206.6,203.6,273.2,213.8,214.2,256.0,353.6,306.6,501.0,714.8,228.4,170.0,155.8,187.2,47.2,0.0,0.0,0.0
탄방역,1,금요일,하차,0.0,0.0,35.0,92.0,251.2,995.2,386.0,217.2,202.6,222.6,363.0,244.0,260.8,282.0,333.2,549.8,238.8,144.6,143.8,95.4,66.2,0.4,0.0,0.0
탄방역,1,금요일,합계,0.0,0.0,65.0,185.6,441.6,1442.4,592.6,420.8,475.8,436.4,577.2,500.0,614.4,588.6,834.2,1264.6,467.2,314.6,299.6,282.6,113.4,0.4,0.0,0.0
탄방역,1,목요일,승차,0.0,0.0,31.0,93.6,176.8,386.0,179.2,166.6,222.0,183.8,199.8,204.8,271.8,247.6,389.8,626.0,185.4,160.8,162.0,177.6,40.2,0.0,0.0,0.0
탄방역,1,목요일,하차,0.0,0.0,33.2,84.2,240.8,879.4,329.6,178.8,176.2,202.6,313.4,223.0,217.0,224.0,283.6,478.2,207.4,124.8,125.0,84.2,70.0,0.0,0.0,0.0
탄방역,1,목요일,합계,0.0,0.0,64.2,177.8,417.6,1265.4,508.8,345.4,398.2,386.4,513.2,427.8,488.8,471.6,673.4,1104.2,392.8,285.6,287.0,261.8,110.2,0.0,0.0,0.0
탄방역,1,수요일,승차,0.0,0.0,29.4,77.0,151.6,311.8,164.0,147.0,186.8,151.6,181.8,191.2,231.8,202.0,307.8,483.0,169.6,127.6,166.8,128.0,29.6,0.0,0.0,0.0
탄방역,1,수요일,하차,0.0,0.0,30.0,69.6,185.0,694.2,247.0,165.0,144.6,163.8,274.8,189.0,194.8,198.0,249.4,392.8,194.0,124.0,114.2,80.4,57.4,0.0,0.0,0.0
탄방역,1,수요일,합계,0.0,0.0,59.4,146.6,336.6,1006.0,411.0,312.0,331.4,315.4,456.6,380.2,426.6,400.0,557.2,875.8,363.6,251.6,281.0,208.4,87.0,0.0,0.0,0.0
탄방역,1,월요일,승차,0.0,0.0,35.5,95.75,177.5,381.75,191.5,203.5,255.0,193.25,224.25,228.0,300.75,261.0,397.25,616.75,191.5,135.25,135.75,128.25,38.0,0.0,0.0,0.0
탄방역,1,월요일,하차,0.0,0.0,34.25,87.0,234.75,932.5,373.75,221.0,183.0,199.0,302.5,220.5,234.0,227.25,256.75,424.0,187.5,138.5,109.25,77.75,56.25,0.0,0.0,0.0
탄방역,1,월요일,합계,0.0,0.0,69.75,182.75,412.25,1314.25,565.25,424.5,438.0,392.25,526.75,448.5,534.75,488.25,654.0,1040.75,379.0,273.75,245.0,206.0,94.25,0.0,0.0,0.0
탄방역,1,일요일,승차,0.0,0.0,21.5,40.5,58.75,90.0,101.25,140.5,128.5,162.25,146.75,182.75,191.0,133.25,159.5,125.75,91.25,77.5,68.0,54.75,25.0,0.0,0.0,0.0
탄방역,1,일요일,하차,0.0,0.0,18.5,45.75,38.5,77.25,127.5,167.75,121.75,158.0,170.75,154.75,154.0,159.25,164.5,139.0,104.75,97.5,108.25,93.0,53.5,0.0,0.0,0.0
탄방역,1,일요일,합계,0.0,0.0,40.0,86.25,97.25,167.25,228.75,308.25,250.25,320.25,317.5,337.5,345.0,292.5,324.0,264.75,196.0,175.0,176.25,147.75,78.5,0.0,0.0,0.0
탄방역,1,토요일,승차,0.0,0.25,28.25,55.75,105.5,136.0,167.5,181.75,211.75,239.0,293.25,261.5,227.75,249.75,287.25,172.75,133.5,117.25,118.0,84.0,31.25,0.0,0.0,0.0
탄방역,1,토요일,하차,0.0,0.0,27.5,69.5,65.0,206.25,270.75,230.25,219.0,236.5,254.5,231.5,210.75,245.0,252.5,191.0,125.0,111.5,115.75,88.75,69.75,0.75,0.0,0.0
탄방역,1,토요일,합계,0.0,0.25,55.75,125.25,170.5,342.25,438.25,412.0,430.75,475.5,547.75,493.0,438.5,494.75,539.75,363.75,258.5,228.75,233.75,172.75,101.0,0.75,0.0,0.0
탄방역,1,화요일,승차,0.0,0.0,30.25,90.25,185.0,394.5,200.0,188.75,241.75,188.5,205.0,203.75,286.0,250.25,386.25,586.0,180.5,148.25,147.0,151.75,33.75,0.0,0.0,0.0
탄방역,1,화요일,하차,0.0,0.0,32.5,82.25,234.75,860.25,320.75,193.75,181.25,206.25,306.5,209.25,224.5,201.75,282.25,435.5,201.25,115.5,117.25,87.75,61.75,0.0,0.0,0.0
탄방역,1,화요일,합계,0.0,0.0,62.75,172.5,419.75,1254.75,520.75,382.5,423.0,394.75,511.5,413.0,510.5,452.0,668.5,1021.5,381.75,263.75,264.25,239.5,95.5,0.0,0.0,0.0
탄방역,2,금요일,승차,0.0,0.0,32.0,96.5,228.5,475.25,223.25,201.25,285.0,226.75,239.75,280.0,321.0,346.25,552.5,810.25,243.75,166.25,172.5,197.0,54.5,0.0,0.0,0.0
탄방역,2,금요일,하차,0.0,0.0,36.5,88.25,283.0,1077.5,392.0,223.5,213.25,233.0,355.75,248.25,253.5,269.75,374.0,571.5,266.0,162.5,153.0,115.25,82.5,0.0,0.0,0.0
탄방역,2,금요일,합계,0.0,0.0,68.5,184.75,511.5,1552.75,615.25,424.75,498.25,459.75,595.5,528.25,574.5,616.0,926.5,1381.75,509.75,328.75,325.5,312.25,137.0,0.0,0.0,0.0
탄방역,2,목요일,승차,0.0,0.0,31.0,102.75,219.25,480.0,224.25,186.0,255.5,209.25,216.0,257.75,307.0,278.75,459.25,773.5,239.25,189.0,196.25,212.0,48.25,0.0,0.0,0.0
탄방역,2,목요일,하차,0.0,0.0,36.25,91.25,289.75,1092.5,374.75,196.0,201.0,215.5,356.75,251.0,273.25,245.75,343.0,574.0,242.25,155.25,144.25,114.5,79.0,0.0,0.0,0.0
탄방역,2,목요일,합계,0.0,0.0,67.25,194.0,509.0,1572.5,599.0,382.0,456.5,424.75,572.75,508.75,580.25,524.5,802.25,1347.5,481.5,344.25,340.5,326.5,127.25,0.0,0.0,0.0
탄방역,2,수요일,승차,0.0,0.25,32.0,100.0,221.25,493.25,221.5,187.75,256.25,223.0,218.5,223.5,290.0,288.0,458.0,788.75,233.25,180.75,207.25,207.75,54.75,0.5,0.0,0.0
탄방역,2,수요일,하차,0.0,0.0,34.75,89.25,301.5,1141.25,394.0,233.25,194.25,210.5,359.5,250.25,228.0,233.75,344.75,576.5,275.25,152.75,144.75,100.5,69.5,0.5,0.0,0.0
탄방역,2,수요일,합계,0.0,0.25,66.75,189.25,522.75,1634.5,615.5,421.0,450.5,433.5,578.0,473.75,518.0,521.75,802.75,1365.25,508.5,333.5,352.0,308.25,124.25,1.0,0.0,0.0
탄방역,2,월요일,승차,0.0,0.0,42.75,107.5,215.5,461.25,230.5,220.25,262.25,206.5,210.25,266.0,327.5,286.5,464.0,791.75,236.75,173.0,158.5,149.0,34.75,0.0,0.0,0.0
탄방역,2,월요일,하차,0.0,0.0,36.0,96.75,299.25,1164.75,421.25,239.0,198.75,226.0,328.0,245.0,257.25,238.5,292.5,544.25,248.0,136.75,124.0,95.0,61.0,0.0,0.0,0.0
탄방역,2,월요일,합계,0.0,0.0,78.75,204.25,514.75,1626.0,651.75,459.25,461.0,432.5,538.25,511.0,584.75,525.0,756.5,1336.0,484.75,309.75,282.5,244.0,95.75,0.0,0.0,0.0
탄방역,2,일요일,승차,0.0,0.0,21.75,41.5,60.0,97.75,109.25,121.25,133.0,194.5,165.25,193.0,190.0,158.75,146.5,133.0,99.25,65.75,82.75,62.0,14.75,0.25,0.0,0.0
탄방역,2,일요일,하차,0.0,0.0,19.75,46.0,31.5,69.25,124.0,199.25,137.75,140.25,166.25,176.25,159.0,172.0,190.0,161.0,126.0,110.25,120.5,96.75,70.5,0.25,0.0,0.0
탄방역,2,일요일,합계,0.0,0.0,41.5,87.5,91.5,167.0,233.25,320.5,270.75,334.75,331.5,369.25,349.0,330.75,336.5,294.0,225.25,176.0,203.25,158.75,85.25,0.5,0.0,0.0
탄방역,2,토요일,승차,0.0,0.0,35.5,56.0,103.5,151.5,179.75,174.0,210.75,255.5,305.75,276.25,310.75,403.0,449.25,224.75,147.75,129.75,102.5,69.75,34.5,0.0,0.0,0.0
탄방역,2,토요일,하차,0.0,0.0,28.75,70.75,71.0,214.0,280.75,236.5,239.0,252.5,300.0,281.5,245.25,231.0,264.75,211.5,134.0,125.5,129.0,96.5,73.75,0.0,0.0,0.0
탄방역,2,토요일,합계,0.0,0.0,64.25,126.75,174.5,365.5,460.5,410.5,449.75,508.0,605.75,557.75,556.0,634.0,714.0,436.25,281.75,255.25,231.5,166.25,108.25,0.0,0.0,0.0
탄방역,2,화요일,승차,0.0,0.0,27.75,94.75,225.0,482.0,232.5,205.25,262.0,212.0,218.75,236.0,304.75,294.25,464.5,792.25,219.25,165.5,174.0,196.75,41.25,0.0,0.0,0.0
탄방역,2,화요일,하차,0.0,0.0,35.75,94.5,289.0,1103.5,389.25,228.75,191.0,218.75,348.5,255.75,234.5,231.25,314.5,561.25,265.0,148.75,133.25,94.0,62.0,0.0,0.0,0.0
탄방역,2,화요일,합계,0.0,0.0,63.5,189.25,514.0,1585.5,621.75,434.0,453.0,430.75,567.25,491.75,539.25,525.5,779.0,1353.5,484.25,314.25,307.25,290.75,103.25,0.0,0.0,0.0
탄방역,3,금요일,승차,0.0,0.25,36.5,103.75,254.5,471.0,239.75,211.0,278.25,216.75,219.5,264.5,350.75,338.0,491.0,808.75,223.5,169.75,196.5,220.25,49.75,0.0,0.0,0.0
탄방역,3,금요일,하차,0.0,0.0,37.0,93.25,311.25,1099.25,391.25,223.25,194.5,207.0,289.0,247.75,274.0,335.0,387.25,669.75,286.5,173.5,156.25,118.0,83.25,0.25,0.0,0.0
탄방역,3,금요일,합계,0.0,0.25,73.5,197.0,565.75,1570.25,631.0,434.25,472.75,423.75,508.5,512.25,624.75,673.0,878.25,1478.5,510.0,343.25,352.75,338.25,133.0,0.25,0.0,0.0
탄방역,3,목요일,승차,0.0,0.0,31.25,107.0,257.5,495.25,237.0,189.0,247.25,206.0,223.5,223.25,279.5,291.75,457.25,754.25,217.0,177.75,190.25,244.0,47.0,0.0,0.0,0.0
탄방역,3,목요일,하차,0.0,0.0,41.5,96.75,309.75,1118.75,394.75,210.5,193.75,205.5,268.25,219.25,242.25,301.5,373.0,702.0,286.0,155.25,139.0,104.5,67.5,0.0,0.0,0.0
탄방역,3,목요일,합계,0.0,0.0,72.75,203.75,567.25,1614.0,631.75,399.5,441.0,411.5,491.75,442.5,521.75,593.25,830.25,1456.25,503.0,333.0,329.25,348.5,114.5,0.0,0.0,0.0
탄방역,3,수요일,승차,0.0,0.0,33.5,107.75,261.0,490.25,231.0,192.25,261.75,224.25,206.0,226.5,293.0,266.25,431.75,744.25,222.0,171.75,224.0,196.0,39.0,0.0,0.0,0.0
탄방역,3,수요일,하차,0.0,0.0,39.25,93.0,307.75,1142.75,373.75,209.5,193.75,190.75,276.5,217.75,225.25,286.0,377.25,648.25,278.0,144.0,154.5,97.25,69.75,0.0,0.0,0.0
탄방역,3,수요일,합계,0.0,0.0,72.75,200.75,568.75,1633.0,604.75,401.75,455.5,415.0,482.5,444.25,518.25,552.25,809.0,1392.5,500.0,315.75,378.5,293.25,108.75,0.0,0.0,0.0
탄방역,3,월요일,승차,0.0,0.0,37.8,98.4,224.4,401.8,214.8,183.6,233.2,197.0,207.2,233.4,269.2,259.2,378.6,643.8,203.8,152.0,169.2,109.4,30.0,0.0,0.0,0.0
탄방역,3,월요일,하차,0.0,0.0,35.6,91.4,260.0,986.2,351.0,215.0,188.6,172.0,251.0,212.2,235.0,239.4,301.2,486.6,231.6,141.4,120.2,85.8,65.0,0.0,0.0,0.0
탄방역,3,월요일,합계,0.0,0.0,73.4,189.8,484.4,1388.0,565.8,398.6,421.8,369.0,458.2,445.6,504.2,498.6,679.8,1130.4,435.4,293.4,289.4,195.2,95.0,0.0,0.0,0.0
탄방역,3,일요일,승차,0.0,0.0,20.6,43.0,66.4,101.2,128.8,136.2,137.4,163.2,158.4,187.0,190.0,161.2,189.2,118.0,89.4,84.0,76.4,50.8,19.0,0.0,0.0,0.0
탄방역,3,일요일,하차,0.0,0.0,17.4,45.0,40.2,75.2,160.8,197.8,142.0,151.8,163.0,164.8,168.4,168.8,195.6,143.0,122.2,110.4,118.2,92.4,71.4,0.2,0.0,0.0
탄방역,3,일요일,합계,0.0,0.0,38.0,88.0,106.6,176.4,289.6,334.0,279.4,315.0,321.4,351.8,358.4,330.0,384.8,261.0,211.6,194.4,194.6,143.2,90.4,0.2,0.0,0.0
탄방역,3,토요일,승차,0.0,0.0,34.6,62.2,115.4,150.2,178.0,207.2,240.8,248.4,291.8,263.4,251.4,265.8,347.8,204.2,142.2,128.8,124.6,74.8,29.8,0.4,0.0,0.0
탄방역,3,토요일,하차,0.0,0.0,28.6,70.0,78.6,205.2,319.6,274.8,269.2,262.0,258.2,257.0,221.4,239.8,255.4,218.8,162.6,135.6,134.4,106.2,80.2,0.4,0.0,0.0
탄방역,3,토요일,합계,0.0,0.0,63.2,132.2,194.0,355.4,497.6,482.0,510.0,510.4,550.0,520.4,472.8,505.6,603.2,423.0,304.8,264.4,259.0,181.0,110.0,0.8,0.0,0.0
탄방역,3,화요일,승차,0.0,0.0,37.0,109.25,262.75,494.75,239.0,198.75,270.0,196.0,201.0,248.75,306.5,274.0,436.5,795.0,207.0,153.5,196.0,190.0,31.5,0.0,0.0,0.0
탄방역,3,화요일,하차,0.0,0.0,40.5,94.0,325.5,1163.5,407.25,226.75,201.5,201.0,269.25,217.5,248.0,268.0,332.5,631.75,257.25,153.25,136.0,94.5,66.0,0.0,0.0,0.0
탄방역,3,화요일,합계,0.0,0.0,77.5,203.25,588.25,1658.25,646.25,425.5,471.5,397.0,470.25,466.25,554.5,542.0,769.0,1426.75,464.25,306.75,332.0,284.5,97.5,0.0,0.0,0.0
탄방역,4,금요일,승차,0.0,0.0,39.75,110.5,262.75,483.0,235.25,228.0,243.75,218.5,217.25,258.0,320.5,336.75,519.5,779.75,228.5,162.5,179.5,215.25,57.5,0.0,0.0,0.0
탄방역,4,금요일,하차,0.0,0.0,41.75,97.5,296.0,1091.5,368.75,217.5,192.5,194.25,282.75,240.75,270.75,325.25,415.25,610.5,291.0,175.25,155.75,146.75,91.0,0.25,0.0,0.0
탄방역,4,금요일,합계,0.0,0.0,81.5,208.0,558.75,1574.5,604.0,445.5,436.25,412.75,500.0,498.75,591.25,662.0,934.75,1390.25,519.5,337.75,335.25,362.0,148.5,0.25,0.0,0.0
탄방역,4,목요일,승차,0.0,0.0,37.75,118.25,270.75,516.25,234.5,219.75,248.25,213.0,211.25,223.0,293.25,309.0,440.5,786.25,208.0,164.75,209.25,215.75,46.0,0.0,0.0,0.0
탄방역,4,목요일,하차,0.0,0.0,41.75,103.25,308.0,1119.0,389.0,207.75,198.5,209.25,270.75,219.5,248.25,303.75,402.75,652.5,278.25,161.5,139.0,116.0,72.5,0.25,0.0,0.0
탄방역,4,목요일,합계,0.0,0.0,79.5,221.5,578.75,1635.25,623.5,427.5,446.75,422.25,482.0,442.5,541.5,612.75,843.25,1438.75,486.25,326.25,348.25,331.75,118.5,0.25,0.0,0.0
탄방역,4,수요일,승차,0.0,0.2,41.8,111.6,268.0,480.8,233.4,188.4,260.2,206.2,210.0,214.0,276.0,292.4,454.8,784.0,226.8,153.2,215.6,196.6,40.8,0.0,0.0,0.0
탄방역,4,수요일,하차,0.0,0.0,40.6,91.4,316.6,1164.8,387.2,203.0,182.8,189.2,273.2,218.6,236.6,283.4,379.8,618.6,296.4,152.4,147.2,103.4,71.4,0.0,0.0,0.0
탄방역,4,수요일,합계,0.0,0.2,82.4,203.0,584.6,1645.6,620.6,391.4,443.0,395.4,483.2,432.6,512.6,575.8,834.6,1402.6,523.2,305.6,362.8,300.0,112.2,0.0,0.0,0.0
탄방역,4,월요일,승차,0.0,0.0,48.0,122.25,252.75,468.75,251.0,213.0,261.0,213.0,202.0,218.0,280.75,262.0,438.0,793.0,207.25,145.0,186.0,111.25,28.25,0.0,0.0,0.0
탄방역,4,월요일,하차,0.0,0.0,38.25,96.5,307.0,1217.75,424.0,234.75,183.5,191.75,251.0,203.25,219.0,260.5,314.25,534.5,269.75,136.75,125.25,87.75,69.25,0.0,0.0,0.0
탄방역,4,월요일,합계,0.0,0.0,86.25,218.75,559.75,1686.5,675.0,447.75,444.5,404.75,453.0,421.25,499.75,522.5,752.25,1327.5,477.0,281.75,311.25,199.0,97.5,0.0,0.0,0.0
탄방역,4,일요일,승차,0.0,0.0,24.25,46.0,75.0,99.5,118.0,131.0,128.25,167.0,159.0,196.5,201.5,138.25,183.0,113.5,93.0,81.5,68.0,53.5,18.75,0.0,0.0,0.0
탄방역,4,일요일,하차,0.0,0.0,18.5,47.75,41.75,86.25,169.0,215.25,137.0,157.0,162.5,145.5,145.25,149.0,187.25,168.75,125.0,123.25,118.75,89.25,75.25,0.0,0.0,0.0
탄방역,4,일요일,합계,0.0,0.0,42.75,93.75,116.75,185.75,287.0,346.25,265.25,324.0,321.5,342.0,346.75,287.25,370.25,282.25,218.0,204.75,186.75,142.75,94.0,0.0,0.0,0.0
탄방역,4,토요일,승차,0.0,0.0,37.5,77.25,116.75,171.0,177.0,213.5,210.25,258.25,295.5,260.75,279.0,264.25,351.5,184.5,145.5,116.5,121.5,76.0,27.75,0.0,0.0,0.0
탄방역,4,토요일,하차,0.0,0.0,29.25,79.25,88.0,214.75,329.0,294.25,241.0,265.75,286.25,257.25,199.25,213.5,243.75,203.0,144.5,142.0,130.0,89.25,84.75,0.0,0.0,0.0
탄방역,4,토요일,합계,0.0,0.0,66.75,156.5,204.75,385.75,506.0,507.75,451.25,524.0,581.75,518.0,478.25,477.75,595.25,387.5,290.0,258.5,251.5,165.25,112.5,0.0,0.0,0.0
탄방역,4,화요일,승차,0.0,0.0,41.6,115.6,268.6,494.8,241.2,206.6,248.8,211.6,196.8,225.8,285.2,281.2,436.6,799.2,204.4,163.8,214.6,179.0,42.4,0.0,0.0,0.0
탄방역,4,화요일,하차,0.0,0.0,44.0,91.6,311.4,1161.8,397.0,218.8,178.0,196.4,249.0,222.6,225.8,282.6,349.4,579.2,280.8,153.4,152.4,100.2,71.8,0.2,0.0,0.0
탄방역,4,화요일,합계,0.0,0.0,85.6,207.2,580.0,1656.6,638.2,425.4,426.8,408.0,445.8,448.4,511.0,563.8,786.0,1378.4,485.2,317.2,367.0,279.2,114.2,0.2,0.0,0.0
탄방역,5,금요일,승차,0.0,0.2,43.0,99.2,250.8,471.4,237.4,205.0,259.0,215.8,222.6,258.6,319.4,314.8,477.6,803.4,239.2,166.2,174.0,215.8,55.6,0.0,0.0,0.0
탄방역,5,금요일,하차,0.0,0.0,42.0,94.2,294.6,1112.6,403.2,212.4,187.4,204.8,259.4,249.0,283.2,343.8,390.4,596.4,265.6,172.0,151.2,110.6,84.0,0.0,0.0,0.0
탄방역,5,금요일,합계,0.0,0.2,85.0,193.4,545.4,1584.0,640.6,417.4,446.4,420.6,482.0,507.6,602.6,658.6,868.0,1399.8,504.8,338.2,325.2,326.4,139.6,0.0,0.0,0.0
탄방역,5,목요일,승차,0.0,0.2,40.2,115.4,236.6,435.2,242.6,203.2,240.8,205.6,210.8,227.0,257.8,265.6,415.6,705.6,196.8,151.8,201.8,221.0,38.2,0.0,0.0,0.0
탄방역,5,목요일,하차,0.0,0.0,40.4,87.6,279.6,1008.6,397.2,202.2,193.2,197.8,252.8,225.4,231.0,293.8,378.6,562.2,253.0,147.4,122.6,98.2,81.0,0.2,0.0,0.0
탄방역,5,목요일,합계,0.0,0.2,80.6,203.0,516.2,1443.8,639.8,405.4,434.0,403.4,463.6,452.4,488.8,559.4,794.2,1267.8,449.8,299.2,324.4,319.2,119.2,0.2,0.0,0.0
탄방역,5,수요일,승차,0.0,0.0,44.5,115.75,261.25,486.5,228.75,205.75,257.75,216.25,215.75,234.0,310.25,301.25,464.0,790.25,227.25,168.75,219.5,204.0,43.0,0.0,0.0,0.0
탄방역,5,수요일,하차,0.0,0.0,43.5,97.25,334.75,1191.0,404.25,205.75,188.5,202.75,285.0,234.25,241.75,343.5,392.0,634.5,260.75,145.5,145.5,105.75,76.5,0.0,0.0,0.0
탄방역,5,수요일,합계,0.0,0.0,88.0,213.0,596.0,1677.5,633.0,411.5,446.25,419.0,500.75,468.25,552.0,644.75,856.0,1424.75,488.0,314.25,365.0,309.75,119.5,0.0,0.0,0.0
탄방역,5,월요일,승차,0.0,0.25,46.75,108.25,204.0,378.5,213.75,190.25,225.0,197.0,208.0,210.25,257.0,249.0,385.0,663.75,191.5,132.5,138.75,103.5,30.75,0.0,0.0,0.0
탄방역,5,월요일,하차,0.0,0.0,34.75,91.0,266.5,945.5,368.0,196.75,187.0,199.75,237.75,219.75,207.25,237.25,277.5,435.25,214.0,142.0,129.5,88.0,76.0,0.0,0.0,0.0
탄방역,5,월요일,합계,0.0,0.25,81.5,199.25,470.5,1324.0,581.75,387.0,412.0,396.75,445.75,430.0,464.25,486.25,662.5,1099.0,405.5,274.5,268.25,191.5,106.75,0.0,0.0,0.0
탄방역,5,일요일,승차,0.0,0.0,31.75,61.75,79.25,102.5,119.25,154.25,128.25,165.5,193.0,207.25,196.75,173.25,229.0,162.5,116.0,90.5,81.5,61.0,20.75,0.0,0.0,0.0
탄방역,5,일요일,하차,0.0,0.0,19.5,53.0,49.5,106.0,210.0,245.0,178.25,173.75,178.25,156.75,180.25,159.5,203.75,170.0,124.5,124.25,126.5,99.0,74.5,0.0,0.0,0.0
탄방역,5,일요일,합계,0.0,0.0,51.25,114.75,128.75,208.5,329.25,399.25,306.5,339.25,371.25,364.0,377.0,332.75,432.75,332.5,240.5,214.75,208.0,160.0,95.25,0.0,0.0,0.0
탄방역,5,토요일,승차,0.0,0.0,41.2,77.8,106.8,162.4,175.8,184.2,222.2,257.6,308.4,293.6,296.8,280.2,378.4,235.6,208.6,165.8,124.2,80.4,41.8,0.0,0.0,0.0
탄방역,5,토요일,하차,0.0,0.0,31.6,70.8,95.8,236.2,342.8,287.0,251.6,272.6,293.8,265.4,255.8,249.4,269.6,212.4,173.0,141.8,147.8,89.8,80.2,0.0,0.0,0.0
탄방역,5,토요일,합계,0.0,0.0,72.8,148.6,202.6,398.6,518.6,471.2,473.8,530.2,602.2,559.0,552.6,529.6,648.0,448.0,381.6,307.6,272.0,170.2,122.0,0.0,0.0,0.0
탄방역,5,화요일,승차,0.0,0.0,42.25,105.25,222.0,397.5,219.0,198.25,226.75,190.25,200.0,213.0,252.75,273.75,398.0,674.75,192.5,152.25,192.0,172.75,37.0,1.0,0.0,0.0
탄방역,5,화요일,하차,0.0,0.0,36.75,85.75,261.75,950.75,376.75,192.25,173.0,202.75,234.0,221.0,233.25,271.75,356.5,525.0,247.0,140.5,140.5,93.75,87.5,1.0,0.0,0.0
탄방역,5,화요일,합계,0.0,0.0,79.0,191.0,483.75,1348.25,595.75,390.5,399.75,393.0,434.0,434.0,486.0,545.5,754.5,1199.75,439.5,292.75,332.5,266.5,124.5,2.0,0.0,0.0
탄방역,6,금요일,승차,0.0,0.25,48.75,97.75,218.75,369.75,221.0,200.5,234.25,197.25,213.25,228.0,290.25,290.75,445.75,640.0,202.25,151.25,170.5,216.0,57.0,0.0,0.0,0.0
탄방역,6,금요일,하차,0.0,0.0,38.25,94.0,254.0,882.25,350.25,189.25,192.0,197.75,242.0,222.25,234.75,289.5,359.5,492.75,254.25,161.25,143.25,115.25,73.25,0.0,0.0,0.0
탄방역,6,금요일,합계,0.0,0.25,87.0,191.75,472.75,1252.0,571.25,389.75,426.25,395.0,455.25,450.25,525.0,580.25,805.25,1132.75,456.5,312.5,313.75,331.25,130.25,0.0,0.0,0.0
탄방역,6,목요일,승차,0.0,0.0,51.75,113.25,248.0,477.5,259.75,201.5,287.5,199.0,228.0,237.75,280.75,305.5,505.75,790.75,233.75,164.25,231.25,256.5,49.0,0.0,0.0,0.0
탄방역,6,목요일,하차,0.0,0.0,42.5,103.75,324.0,1200.75,407.0,220.0,203.5,203.75,263.75,240.25,257.25,335.5,417.25,638.5,282.25,171.0,153.5,127.5,81.0,0.0,0.0,0.0
탄방역,6,목요일,합계,0.0,0.0,94.25,217.0,572.0,1678.25,666.75,421.5,491.0,402.75,491.75,478.0,538.0,641.0,923.0,1429.25,516.0,335.25,384.75,384.0,130.0,0.0,0.0,0.0
탄방역,6,수요일,승차,0.0,0.25,49.5,110.25,255.5,449.0,241.75,194.75,267.75,221.25,195.5,226.25,301.5,278.75,476.5,803.75,216.0,172.5,233.25,209.25,42.0,0.0,0.0,0.0
탄방역,6,수요일,하차,0.0,0.0,42.5,98.0,349.25,1200.0,413.0,199.5,176.25,196.25,275.5,227.0,228.75,315.25,371.0,592.25,266.25,153.75,150.0,123.75,80.0,0.25,0.0,0.0
탄방역,6,수요일,합계,0.0,0.25,92.0,208.25,604.75,1649.0,654.75,394.25,444.0,417.5,471.0,453.25,530.25,594.0,847.5,1396.0,482.25,326.25,383.25,333.0,122.0,0.25,0.0,0.0
탄방역,6,월요일,승차,0.0,0.0,58.2,110.6,244.8,457.8,232.6,210.8,263.0,212.6,196.8,234.4,288.2,268.6,437.4,798.8,207.8,157.0,187.8,144.8,28.6,0.0,0.0,0.0
탄방역,6,월요일,하차,0.0,0.0,43.4,102.0,332.8,1242.2,396.8,227.4,199.0,193.6,241.2,223.2,215.2,238.6,322.8,527.2,270.6,148.2,129.0,84.6,66.2,0.4,0.0,0.0
탄방역,6,월요일,합계,0.0,0.0,101.6,212.6,577.6,1700.0,629.4,438.2,462.0,406.2,438.0,457.6,503.4,507.2,760.2,1326.0,478.4,305.2,316.8,229.4,94.8,0.4,0.0,0.0
탄방역,6,일요일,승차,0.0,0.0,33.2,54.2,63.2,100.0,112.8,126.0,115.8,175.2,164.8,180.8,203.0,150.0,190.2,135.6,103.2,102.0,73.8,53.6,21.4,0.0,0.0,0.0
탄방역,6,일요일,하차,0.0,0.0,23.0,48.8,49.6,92.8,181.0,207.6,157.2,172.8,172.0,159.4,158.8,152.2,186.8,138.0,114.4,112.2,123.2,86.0,79.0,0.0,0.0,0.0
탄방역,6,일요일,합계,0.0,0.0,56.2,103.0,112.8,192.8,293.8,333.6,273.0,348.0,336.8,340.2,361.8,302.2,377.0,273.6,217.6,214.2,197.0,139.6,100.4,0.0,0.0,0.0
탄방역,6,토요일,승차,0.0,0.0,34.0,71.5,112.5,151.25,172.5,185.0,216.25,233.25,268.0,254.25,270.25,263.75,341.25,200.25,167.25,149.75,152.5,95.5,34.75,0.0,0.0,0.0
탄방역,6,토요일,하차,0.0,0.0,31.25,69.0,97.25,220.0,286.75,254.75,249.0,273.0,278.5,242.75,221.25,221.5,252.25,184.5,172.75,145.25,137.75,98.75,75.0,0.25,0.0,0.0
탄방역,6,토요일,합계,0.0,0.0,65.25,140.5,209.75,371.25,459.25,439.75,465.25,506.25,546.5,497.0,491.5,485.25,593.5,384.75,340.0,295.0,290.25,194.25,109.75,0.25,0.0,0.0
탄방역,6,화요일,승차,0.0,0.0,48.75,98.25,208.25,390.0,233.25,212.5,238.75,204.0,223.5,238.5,269.25,260.0,402.25,633.0,189.5,143.5,188.0,193.75,40.75,0.0,0.0,0.0
탄방역,6,화요일,하차,0.0,0.0,37.75,89.0,261.0,959.75,399.75,216.5,208.25,217.75,250.0,218.75,214.75,262.25,324.5,489.25,239.0,142.0,148.5,95.5,64.5,0.0,0.0,0.0
탄방역,6,화요일,합계,0.0,0.0,86.5,187.25,469.25,1349.75,633.0,429.0,447.0,421.75,473.5,457.25,484.0,522.25,726.75,1122.25,428.5,285.5,336.5,289.25,105.25,0.0,0.0,0.0
탄방역,7,금요일,승차,0.0,0.0,43.0,106.0,250.0,446.5,213.0,194.75,255.75,208.5,205.5,241.5,337.75,327.0,529.75,815.75,213.25,175.5,192.75,254.25,57.0,0.0,0.0,0.0
탄방역,7,금요일,하차,0.0,0.0,40.25,95.5,337.0,1126.25,429.5,202.25,195.25,209.25,281.75,232.5,243.75,312.75,372.75,585.5,247.75,159.25,139.75,115.25,88.75,0.75,0.0,0.0
탄방역,7,금요일,합계,0.0,0.0,83.25,201.5,587.0,1572.75,642.5,397.0,451.0,417.75,487.25,474.0,581.5,639.75,902.5,1401.25,461.0,334.75,332.5,369.5,145.75,0.75,0.0,0.0
탄방역,7,목요일,승차,0.0,0.0,44.0,104.8,250.6,453.6,216.2,177.0,254.8,182.4,191.4,210.0,255.6,282.6,455.2,763.0,214.4,166.2,221.0,249.0,49.0,0.0,0.0,0.0
탄방역,7,목요일,하차,0.0,0.0,43.6,93.8,329.4,1142.6,391.0,207.6,181.4,197.4,276.6,197.4,209.4,265.4,359.4,594.6,237.4,144.6,132.4,110.4,86.8,0.0,0.0,0.0
탄방역,7,목요일,합계,0.0,0.0,87.6,198.6,580.0,1596.2,607.2,384.6,436.2,379.8,468.0,407.4,465.0,548.0,814.6,1357.6,451.8,310.8,353.4,359.4,135.8,0.0,0.0,0.0
탄방역,7,수요일,승차,0.0,0.0,45.0,110.2,245.2,435.8,224.6,181.2,246.0,186.8,178.8,224.2,273.4,258.6,471.4,815.4,211.0,149.4,223.6,203.0,41.0,0.0,0.0,0.0
탄방역,7,수요일,하차,0.0,0.0,39.2,98.6,343.8,1192.8,397.8,204.2,174.0,190.6,270.6,212.6,205.8,265.8,339.4,576.0,240.4,132.6,144.2,111.6,66.2,0.0,0.0,0.0
탄방역,7,수요일,합계,0.0,0.0,84.2,208.8,589.0,1628.6,622.4,385.4,420.0,377.4,449.4,436.8,479.2,524.4,810.8,1391.4,451.4,282.0,367.8,314.6,107.2,0.0,0.0,0.0
탄방역,7,월요일,승차,0.0,0.0,50.75,106.5,241.0,444.25,231.5,207.0,254.0,213.0,195.25,221.25,287.75,275.75,427.5,772.5,224.75,152.0,193.25,153.5,35.25,0.0,0.0,0.0
탄방역,7,월요일,하차,0.0,0.0,43.0,103.0,344.25,1222.5,434.75,229.0,194.0,210.75,274.25,208.25,195.25,222.25,303.0,516.0,235.0,139.75,118.5,88.75,57.25,0.0,0.0,0.0
탄방역,7,월요일,합계,0.0,0.0,93.75,209.5,585.25,1666.75,666.25,436.0,448.0,423.75,469.5,429.5,483.0,498.0,730.5,1288.5,459.75,291.75,311.75,242.25,92.5,0.0,0.0,0.0
탄방역,7,일요일,승차,0.0,0.25,25.75,55.75,68.0,90.0,103.5,117.25,125.75,145.25,142.0,170.5,171.75,156.75,191.25,132.75,114.5,78.0,66.0,51.25,28.0,0.0,0.0,0.0
탄방역,7,일요일,하차,0.0,0.0,19.25,50.5,59.75,97.25,155.75,197.0,135.75,146.25,157.25,133.25,138.5,142.25,180.25,136.0,114.25,114.0,118.75,89.5,65.25,0.0,0.0,0.0
탄방역,7,일요일,합계,0.0,0.25,45.0,106.25,127.75,187.25,259.25,314.25,261.5,291.5,299.25,303.75,310.25,299.0,371.5,268.75,228.75,192.0,184.75,140.75,93.25,0.0,0.0,0.0
탄방역,7,토요일,승차,0.0,0.25,47.25,68.5,117.5,146.0,161.5,173.75,196.25,231.75,266.75,216.0,247.0,242.5,333.0,195.0,149.75,134.75,116.75,95.25,34.0,0.0,0.0,0.0
탄방역,7,토요일,하차,0.0,0.0,27.5,70.25,94.25,239.75,336.25,242.25,208.0,231.75,258.75,208.5,190.0,189.5,232.5,179.5,143.5,137.25,131.75,104.75,85.25,0.25,0.0,0.0
탄방역,7,토요일,합계,0.0,0.25,74.75,138.75,211.75,385.75,497.75,416.0,404.25,463.5,525.5,424.5,437.0,432.0,565.5,374.5,293.25,272.0,248.5,200.0,119.25,0.25,0.0,0.0
탄방역,7,화요일,승차,0.0,0.0,44.2,105.2,254.4,452.2,222.8,193.8,263.4,204.8,193.6,226.8,298.4,280.6,465.0,816.0,219.4,153.2,207.8,207.6,39.6,0.4,0.0,0.0
탄방역,7,화요일,하차,0.0,0.0,42.8,104.4,344.8,1187.8,444.6,207.8,204.4,199.2,295.6,225.4,199.2,253.4,321.0,576.6,238.8,141.8,124.6,102.4,64.4,0.4,0.0,0.0
탄방역,7,화요일,합계,0.0,0.0,87.0,209.6,599.2,1640.0,667.4,401.6,467.8,404.0,489.2,452.2,497.6,534.0,786.0,1392.6,458.2,295.0,332.4,310.0,104.0,0.8,0.0,0.0
탄방역,8,금요일,승차,0.0,0.0,45.0,94.4,237.2,395.8,213.6,197.6,229.0,192.2,215.8,243.6,300.8,314.0,515.4,699.0,229.2,183.2,183.2,210.2,49.8,4.8,0.2,0.0
탄방역,8,금요일,하차,0.0,0.0,29.8,90.6,274.8,900.2,355.4,205.4,196.2,227.0,276.8,221.2,227.4,273.2,343.4,497.0,260.4,186.6,187.6,165.2,120.0,61.6,21.0,0.0
탄방역,8,금요일,합계,0.0,0.0,74.8,185.0,512.0,1296.0,569.0,403.0,425.2,419.2,492.6,464.8,528.2,587.2,858.8,1196.0,489.6,369.8,370.8,375.4,169.8,66.4,21.2,0.0
탄방역,8,목요일,승차,0.0,0.0,49.75,112.75,270.0,466.75,236.5,208.5,263.5,211.0,199.25,232.5,293.0,313.25,495.25,806.75,226.75,176.0,235.5,254.0,61.75,1.75,0.0,0.0
탄방역,8,목요일,하차,0.0,0.0,37.0,94.0,331.0,1112.0,401.25,220.25,218.0,232.25,319.5,215.0,219.25,299.5,390.75,630.75,279.0,174.75,160.25,149.5,117.5,35.75,3.5,0.0
탄방역,8,목요일,합계,0.0,0.0,86.75,206.75,601.0,1578.75,637.75,428.75,481.5,443.25,518.75,447.5,512.25,612.75,886.0,1437.5,505.75,350.75,395.75,403.5,179.25,37.5,3.5,0.0
탄방역,8,수요일,승차,0.0,0.0,46.5,107.25,270.5,450.5,224.25,210.25,271.0,205.25,184.75,228.0,286.0,298.0,497.5,788.25,217.75,176.25,208.5,221.0,43.0,0.75,0.5,0.0
탄방역,8,수요일,하차,0.0,0.0,34.5,97.25,317.75,1155.0,393.75,200.0,212.5,210.25,315.5,222.25,220.5,274.5,364.75,615.0,259.75,154.75,155.25,134.0,92.5,28.25,0.75,0.0
탄방역,8,수요일,합계,0.0,0.0,81.0,204.5,588.25,1605.5,618.0,410.25,483.5,415.5,500.25,450.25,506.5,572.5,862.25,1403.25,477.5,331.0,363.75,355.0,135.5,29.0,1.25,0.0
탄방역,8,월요일,승차,0.0,0.0,56.5,119.75,246.75,448.0,230.0,222.75,266.5,194.25,192.25,236.0,303.75,308.25,467.75,807.25,213.75,144.25,183.75,145.0,36.0,1.5,0.0,0.0
탄방역,8,월요일,하차,0.0,0.0,37.0,103.5,333.75,1196.0,395.75,238.5,187.25,224.25,276.25,208.0,208.5,243.0,329.5,539.75,235.0,145.5,127.0,94.0,75.5,33.5,0.25,0.0
탄방역,8,월요일,합계,0.0,0.0,93.5,223.25,580.5,1644.0,625.75,461.25,453.75,418.5,468.5,444.0,512.25,551.25,797.25,1347.0,448.75,289.75,310.75,239.0,111.5,35.0,0.25,0.0
탄방역,8,일요일,승차,0.0,0.0,35.2,51.4,73.6,101.8,110.8,112.8,123.8,160.4,172.4,193.6,189.2,177.2,194.6,151.6,130.8,105.6,90.2,63.2,23.6,1.8,0.0,0.0
탄방역,8,일요일,하차,0.0,0.0,15.8,52.0,53.2,90.2,151.8,186.0,149.0,164.0,179.2,156.4,153.2,166.4,188.4,156.6,132.6,132.0,160.0,112.0,86.8,46.8,1.4,0.0
탄방역,8,일요일,합계,0.0,0.0,51.0,103.4,126.8,192.0,262.6,298.8,272.8,324.4,351.6,350.0,342.4,343.6,383.0,308.2,263.4,237.6,250.2,175.2,110.4,48.6,1.4,0.0
탄방역,8,토요일,승차,0.0,0.0,46.6,73.0,121.4,154.0,181.0,180.2,203.4,229.2,289.4,235.2,229.4,277.8,358.8,229.6,198.2,172.2,117.4,98.8,37.8,3.2,0.8,0.0
탄방역,8,토요일,하차,0.0,0.0,25.0,77.6,107.0,226.0,323.6,237.4,223.4,232.8,241.0,219.2,204.2,220.0,259.2,191.4,161.2,152.6,165.6,136.2,112.0,54.0,5.8,0.0
탄방역,8,토요일,합계,0.0,0.0,71.6,150.6,228.4,380.0,504.6,417.6,426.8,462.0,530.4,454.4,433.6,497.8,618.0,421.0,359.4,324.8,283.0,235.0,149.8,57.2,6.6,0.0
탄방역,8,화요일,승차,0.0,0.0,47.0,104.0,252.5,458.25,225.75,200.0,241.0,205.5,222.5,231.5,294.5,305.5,482.5,831.0,219.5,170.0,215.25,207.5,41.5,1.25,0.0,0.0
탄방역,8,화요일,하차,0.0,0.0,34.0,102.75,317.5,1141.25,419.25,229.5,195.0,227.25,299.5,240.0,221.5,278.0,352.25,573.75,256.25,158.0,149.5,132.0,77.5,16.0,1.25,0.0
탄방역,8,화요일,합계,0.0,0.0,81.0,206.75,570.0,1599.5,645.0,429.5,436.0,432.75,522.0,471.5,516.0,583.5,834.75,1404.75,475.75,328.0,364.75,339.5,119.0,17.25,1.25,0.0
판암역,1,금요일,승차,0.0,0.8,84.6,143.2,409.4,604.2,305.8,232.6,204.4,278.8,268.4,236.4,230.6,245.8,283.2,351.4,126.0,87.6,55.8,41.8,19.8,0.0,0.0,0.0
판암역,1,금요일,하차,0.0,0.0,9.8,43.8,114.6,257.4,112.0,142.0,157.8,176.8,183.0,193.8,289.2,315.2,334.2,511.6,231.0,178.8,186.2,191.2,76.4,28.0,0.0,0.0
판암역,1,금요일,합계,0.0,0.8,94.4,187.0,524.0,861.6,417.8,374.6,362.2,455.6,451.4,430.2,519.8,561.0,617.4,863.0,357.0,266.4,242.0,233.0,96.2,28.0,0.0,0.0
판암역,1,목요일,승차,0.0,1.0,81.4,135.8,366.4,543.8,242.2,205.6,198.6,237.8,239.6,197.0,195.4,215.2,239.4,271.8,97.8,79.8,51.0,37.4,18.8,0.8,0.0,0.0
판암역,1,목요일,하차,0.0,0.0,9.8,42.2,104.8,226.4,96.8,110.6,128.2,165.6,157.2,186.2,243.2,265.4,294.4,436.4,182.2,164.0,160.6,160.8,61.4,27.0,0.0,0.0
판암역,1,목요일,합계,0.0,1.0,91.2,178.0,471.2,770.2,339.0,316.2,326.8,403.4,396.8,383.2,438.6,480.6,533.8,708.2,280.0,243.8,211.6,198.2,80.2,27.8,0.0,0.0
판암역,1,수요일,승차,0.0,0.0,68.8,103.0,305.4,434.8,212.8,185.8,197.6,233.0,212.6,185.0,173.8,186.8,212.8,249.2,103.6,69.6,47.4,35.0,11.4,1.2,0.0,0.0
판암역,1,수요일,하차,0.0,0.0,11.4,45.6,87.2,185.0,91.8,115.0,136.4,129.8,156.6,168.4,212.8,253.0,263.4,370.4,184.4,135.8,153.2,149.8,52.6,24.6,0.0,0.0
판암역,1,수요일,합계,0.0,0.0,80.2,148.6,392.6,619.8,304.6,300.8,334.0,362.8,369.2,353.4,386.6,439.8,476.2,619.6,288.0,205.4,200.6,184.8,64.0,25.8,0.0,0.0
판암역,1,월요일,승차,0.0,2.25,79.25,137.75,381.5,539.5,282.75,230.5,197.25,248.75,263.25,222.75,222.0,213.5,254.25,259.5,95.0,77.0,43.5,35.5,9.0,0.0,0.0,0.0
판암역,1,월요일,하차,0.0,0.0,11.5,39.25,103.5,221.75,104.75,139.25,163.75,178.75,170.75,193.75,269.25,286.0,318.5,454.75,215.75,156.75,156.0,141.0,54.25,24.0,0.0,0.0
판암역,1,월요일,합계,0.0,2.25,90.75,177.0,485.0,761.25,387.5,369.75,361.0,427.5,434.0,416.5,491.25,499.5,572.75,714.25,310.75,233.75,199.5,176.5,63.25,24.0,0.0,0.0
판암역,1,일요일,승차,0.0,0.25,36.5,63.5,78.5,184.25,195.75,207.0,190.5,181.0,188.0,188.75,160.75,164.5,152.75,104.75,75.5,77.0,39.5,24.25,9.5,2.0,0.0,0.0
판암역,1,일요일,하차,0.0,0.0,9.5,24.75,35.5,71.25,83.0,105.75,111.0,112.5,131.0,179.25,176.75,195.25,210.75,142.25,138.25,118.0,120.5,100.75,49.25,26.25,0.0,0.0
판암역,1,일요일,합계,0.0,0.25,46.0,88.25,114.0,255.5,278.75,312.75,301.5,293.5,319.0,368.0,337.5,359.75,363.5,247.0,213.75,195.0,160.0,125.0,58.75,28.25,0.0,0.0
판암역,1,토요일,승차,0.0,0.0,59.5,97.75,150.0,245.25,296.75,262.5,263.5,290.75,265.25,221.0,188.0,196.0,217.5,157.75,94.0,74.75,52.0,38.75,16.25,0.0,0.0,0.0
판암역,1,토요일,하차,0.0,0.0,11.0,34.0,51.75,107.75,107.0,128.75,172.25,174.25,206.5,204.0,219.75,256.0,287.25,194.75,145.25,141.75,159.5,135.0,78.25,27.25,0.0,0.0
판암역,1,토요일,합계,0.0,0.0,70.5,131.75,201.75,353.0,403.75,391.25,435.75,465.0,471.75,425.0,407.75,452.0,504.75,352.5,239.25,216.5,211.5,173.75,94.5,27.25,0.0,0.0
판암역,1,화요일,승차,0.0,2.0,77.5,132.75,361.5,535.75,283.75,200.0,205.25,221.0,242.25,208.0,208.25,189.75,246.0,259.25,104.0,81.5,57.0,39.25,12.0,0.75,0.0,0.0
판암역,1,화요일,하차,0.0,0.5,9.5,41.0,102.25,223.0,103.25,138.25,154.75,164.25,165.5,190.75,252.5,287.5,298.5,430.75,209.5,155.5,152.25,163.0,63.0,23.5,0.0,0.0
판암역,1,화요일,합계,0.0,2.5,87.0,173.75,463.75,758.75,387.0,338.25,360.0,385.25,407.75,398.75,460.75,477.25,544.5,690.0,313.5,237.0,209.25,202.25,75.0,24.25,0.0,0.0
판암역,2,금요일,승차,0.0,1.25,84.0,146.0,439.0,655.5,310.75,255.25,212.0,268.25,250.25,223.25,258.75,243.5,313.75,362.25,153.75,90.75,71.5,44.25,28.25,0.5,0.0,0.0
판암역,2,금요일,하차,0.0,0.0,9.5,46.25,135.5,284.75,117.25,139.25,159.25,175.5,183.75,219.0,267.0,294.5,355.25,533.5,249.0,183.25,214.75,214.5,92.75,38.0,0.0,0.0
판암역,2,금요일,합계,0.0,1.25,93.5,192.25,574.5,940.25,428.0,394.5,371.25,443.75,434.0,442.25,525.75,538.0,669.0,895.75,402.75,274.0,286.25,258.75,121.0,38.5,0.0,0.0
판암역,2,목요일,승차,0.0,2.0,95.25,147.25,455.0,668.5,310.75,221.75,240.25,247.0,284.75,218.25,212.75,230.75,283.75,320.5,113.5,85.25,64.0,35.75,14.5,0.0,0.0,0.0
판암역,2,목요일,하차,0.0,0.5,11.25,49.0,120.0,268.0,113.5,135.25,155.75,174.75,187.25,205.0,271.5,294.25,318.25,533.25,229.5,193.5,194.75,192.25,80.25,26.75,0.0,0.0
판암역,2,목요일,합계,0.0,2.5,106.5,196.25,575.0,936.5,424.25,357.0,396.0,421.75,472.0,423.25,484.25,525.0,602.0,853.75,343.0,278.75,258.75,228.0,94.75,26.75,0.0,0.0
판암역,2,수요일,승차,0.0,1.0,85.5,144.0,439.0,681.75,286.5,232.5,230.0,258.75,250.0,203.25,192.75,209.25,259.0,334.5,118.75,87.5,55.25,40.5,12.75,0.75,0.0,0.0
판암역,2,수요일,하차,0.0,0.0,11.0,45.75,124.25,277.0,106.25,128.5,143.0,167.75,164.25,215.0,259.0,309.5,307.0,555.75,229.5,181.0,202.5,195.5,62.0,26.75,0.0,0.0
판암역,2,수요일,합계,0.0,1.0,96.5,189.75,563.25,958.75,392.75,361.0,373.0,426.5,414.25,418.25,451.75,518.75,566.0,890.25,348.25,268.5,257.75,236.0,74.75,27.5,0.0,0.0
판암역,2,월요일,승차,0.0,3.25,86.25,148.75,445.0,662.75,319.5,253.0,217.25,287.75,260.75,241.75,248.0,221.0,246.5,296.0,90.75,74.0,57.5,38.5,16.75,0.0,0.0,0.0
판암역,2,월요일,하차,0.0,1.5,10.0,48.25,126.25,263.5,123.25,133.0,168.25,200.75,217.0,195.25,264.75,306.75,319.25,552.5,240.0,176.0,178.75,158.0,63.25,22.5,0.0,0.0
판암역,2,월요일,합계,0.0,4.75,96.25,197.0,571.25,926.25,442.75,386.0,385.5,488.5,477.75,437.0,512.75,527.75,565.75,848.5,330.75,250.0,236.25,196.5,80.0,22.5,0.0,0.0
판암역,2,일요일,승차,0.0,0.0,41.75,67.25,88.0,194.75,193.5,220.25,226.5,199.5,211.75,185.25,167.0,155.5,124.0,136.0,70.75,59.25,32.0,30.0,10.75,0.0,0.0,0.0
판암역,2,일요일,하차,0.0,0.0,11.25,27.75,38.25,62.0,76.5,107.0,122.5,104.75,155.0,191.75,199.5,206.25,210.25,164.5,138.0,129.75,123.5,101.75,49.25,19.5,0.0,0.0
판암역,2,일요일,합계,0.0,0.0,53.0,95.0,126.25,256.75,270.0,327.25,349.0,304.25,366.75,377.0,366.5,361.75,334.25,300.5,208.75,189.0,155.5,131.75,60.0,19.5,0.0,0.0
판암역,2,토요일,승차,0.0,1.5,64.0,100.75,152.25,274.5,288.75,262.25,280.75,289.0,305.5,242.0,187.5,199.75,229.75,156.75,94.0,86.0,57.25,39.5,15.0,0.5,0.0,0.0
판암역,2,토요일,하차,0.0,1.25,13.0,35.5,61.75,101.5,103.5,136.5,169.25,157.75,197.75,193.75,237.5,273.5,322.25,210.75,179.5,164.25,172.5,141.25,74.0,39.75,0.0,0.0
판암역,2,토요일,합계,0.0,2.75,77.0,136.25,214.0,376.0,392.25,398.75,450.0,446.75,503.25,435.75,425.0,473.25,552.0,367.5,273.5,250.25,229.75,180.75,89.0,40.25,0.0,0.0
판암역,2,화요일,승차,0.0,3.75,90.0,148.5,433.75,680.75,310.25,224.25,236.0,259.25,257.0,207.0,219.0,219.25,264.25,291.75,99.0,65.25,59.0,39.25,17.75,1.5,0.0,0.0
판암역,2,화요일,하차,0.0,1.25,9.25,49.75,123.25,276.25,111.0,137.0,144.75,175.25,201.0,210.25,263.0,300.75,309.25,546.25,245.0,179.25,171.75,169.25,63.5,29.5,0.0,0.0
판암역,2,화요일,합계,0.0,5.0,99.25,198.25,557.0,957.0,421.25,361.25,380.75,434.5,458.0,417.25,482.0,520.0,573.5,838.0,344.0,244.5,230.75,208.5,81.25,31.0,0.0,0.0
판암역,3,금요일,승차,0.0,3.0,91.5,172.25,494.75,675.5,342.0,249.0,230.25,278.75,241.5,239.5,275.75,292.0,336.25,380.75,149.0,96.0,69.25,54.25,22.0,0.75,0.0,0.0
판암역,3,금요일,하차,0.0,0.5,11.5,51.0,156.5,297.75,121.0,131.5,158.75,170.75,201.75,209.75,334.5,359.0,360.0,564.0,287.75,205.25,235.25,244.25,78.75,41.25,0.0,0.0
판암역,3,금요일,합계,0.0,3.5,103.0,223.25,651.25,973.25,463.0,380.5,389.0,449.5,443.25,449.25,610.25,651.0,696.25,944.75,436.75,301.25,304.5,298.5,100.75,42.0,0.0,0.0
판암역,3,목요일,승차,0.0,0.0,101.0,181.5,524.5,705.5,337.0,214.0,219.25,265.5,227.25,203.5,210.25,264.25,287.75,332.0,101.75,91.0,65.75,36.0,18.0,0.0,0.0,0.0
판암역,3,목요일,하차,0.0,0.0,10.25,51.5,152.75,302.25,119.5,133.5,160.25,162.0,191.25,188.75,287.0,348.25,345.25,535.0,252.25,185.75,215.0,198.25,70.25,23.75,0.0,0.0
판암역,3,목요일,합계,0.0,0.0,111.25,233.0,677.25,1007.75,456.5,347.5,379.5,427.5,418.5,392.25,497.25,612.5,633.0,867.0,354.0,276.75,280.75,234.25,88.25,23.75,0.0,0.0
판암역,3,수요일,승차,0.0,0.75,91.0,173.5,538.0,725.25,339.25,233.0,224.25,262.5,239.75,196.5,218.0,259.75,292.0,325.0,132.25,87.25,58.75,36.5,15.5,0.0,0.0,0.0
판암역,3,수요일,하차,0.0,0.0,12.0,52.25,146.5,289.0,115.75,144.75,154.25,175.75,192.0,225.75,290.25,352.25,367.75,561.25,258.0,188.75,241.25,190.0,68.0,26.5,0.0,0.0
판암역,3,수요일,합계,0.0,0.75,103.0,225.75,684.5,1014.25,455.0,377.75,378.5,438.25,431.75,422.25,508.25,612.0,659.75,886.25,390.25,276.0,300.0,226.5,83.5,26.5,0.0,0.0
판암역,3,월요일,승차,0.0,1.0,80.2,157.4,440.8,618.8,312.0,209.6,189.2,260.4,247.0,211.2,216.2,232.6,249.2,273.0,96.6,71.2,56.2,38.4,19.8,0.0,0.0,0.0
판암역,3,월요일,하차,0.0,1.0,9.2,45.8,135.0,254.0,106.6,139.2,150.0,161.2,172.8,194.8,258.8,303.0,317.8,476.8,226.0,182.0,187.0,151.8,56.0,21.6,0.0,0.0
판암역,3,월요일,합계,0.0,2.0,89.4,203.2,575.8,872.8,418.6,348.8,339.2,421.6,419.8,406.0,475.0,535.6,567.0,749.8,322.6,253.2,243.2,190.2,75.8,21.6,0.0,0.0
판암역,3,일요일,승차,0.0,1.4,40.4,65.0,89.6,191.2,210.6,217.8,205.2,192.2,217.4,212.2,176.0,168.2,153.4,118.4,89.4,64.2,40.8,29.6,9.8,0.0,0.0,0.0
판암역,3,일요일,하차,0.0,1.4,10.6,27.6,44.0,68.0,90.2,115.0,121.6,108.2,157.0,174.6,203.6,214.6,245.6,174.0,151.4,133.2,131.4,89.4,49.4,18.0,0.0,0.0
판암역,3,일요일,합계,0.0,2.8,51.0,92.6,133.6,259.2,300.8,332.8,326.8,300.4,374.4,386.8,379.6,382.8,399.0,292.4,240.8,197.4,172.2,119.0,59.2,18.0,0.0,0.0
판암역,3,토요일,승차,0.0,0.4,69.6,106.4,160.2,284.2,301.0,270.8,276.6,266.2,249.6,215.4,193.4,209.8,244.8,164.4,115.0,83.8,65.6,42.0,17.6,0.0,0.0,0.0
판암역,3,토요일,하차,0.0,0.0,10.4,38.0,78.2,118.2,127.6,143.8,162.4,180.4,200.0,193.8,207.4,249.4,296.2,210.0,183.0,163.8,169.4,133.4,76.6,32.4,0.0,0.0
판암역,3,토요일,합계,0.0,0.4,80.0,144.4,238.4,402.4,428.6,414.6,439.0,446.6,449.6,409.2,400.8,459.2,541.0,374.4,298.0,247.6,235.0,175.4,94.2,32.4,0.0,0.0
판암역,3,화요일,승차,0.0,1.0,90.0,175.75,525.75,722.25,350.25,222.75,199.25,250.5,218.0,188.5,220.25,244.0,265.75,309.25,98.75,76.5,54.75,39.5,14.0,0.75,0.0,0.0
판암역,3,화요일,하차,0.0,0.0,10.25,50.5,142.75,299.5,118.75,133.75,139.25,177.0,180.5,185.25,268.25,356.75,327.25,571.5,258.0,183.5,183.0,175.5,66.0,29.0,0.0,0.0
판암역,3,화요일,합계,0.0,1.0,100.25,226.25,668.5,1021.75,469.0,356.5,338.5,427.5,398.5,373.75,488.5,600.75,593.0,880.75,356.75,260.0,237.75,215.0,80.0,29.75,0.0,0.0
판암역,4,금요일,승차,0.0,0.5,95.0,182.0,514.75,695.75,317.75,236.0,215.0,281.0,243.75,242.25,275.75,272.5,360.0,393.5,157.5,106.0,79.5,47.75,28.5,0.0,0.0,0.0
판암역,4,금요일,하차,0.0,0.0,9.25,55.0,164.75,317.25,142.0,148.5,165.25,192.25,190.25,216.5,317.25,342.0,394.5,571.75,269.75,194.0,214.5,237.25,90.25,32.5,0.0,0.0
판암역,4,금요일,합계,0.0,0.5,104.25,237.0,679.5,1013.0,459.75,384.5,380.25,473.25,434.0,458.75,593.0,614.5,754.5,965.25,427.25,300.0,294.0,285.0,118.75,32.5,0.0,0.0
판암역,4,목요일,승차,0.0,0.0,97.0,184.0,521.75,735.0,355.5,225.0,201.75,256.5,240.75,203.25,219.0,278.25,316.5,312.0,99.25,93.25,68.75,35.75,20.25,0.0,0.0,0.0
판암역,4,목요일,하차,0.0,0.0,8.5,58.75,160.75,320.25,124.75,165.75,164.0,183.0,189.5,203.5,277.25,339.75,343.25,556.75,248.75,196.0,219.5,203.25,79.25,24.25,0.0,0.0
판암역,4,목요일,합계,0.0,0.0,105.5,242.75,682.5,1055.25,480.25,390.75,365.75,439.5,430.25,406.75,496.25,618.0,659.75,868.75,348.0,289.25,288.25,239.0,99.5,24.25,0.0,0.0
판암역,4,수요일,승차,0.0,1.0,98.2,190.2,544.0,729.6,345.6,223.0,216.4,273.6,246.0,213.4,224.0,266.6,278.2,345.8,145.8,98.2,57.4,34.2,13.8,0.6,0.0,0.0
판암역,4,수요일,하차,0.0,0.0,9.2,58.6,151.4,306.0,130.0,150.6,159.8,188.0,202.6,221.2,303.8,349.0,351.8,569.4,247.2,188.6,230.6,193.2,72.6,25.2,0.0,0.0
판암역,4,수요일,합계,0.0,1.0,107.4,248.8,695.4,1035.6,475.6,373.6,376.2,461.6,448.6,434.6,527.8,615.6,630.0,915.2,393.0,286.8,288.0,227.4,86.4,25.8,0.0,0.0
판암역,4,월요일,승차,0.0,0.0,98.0,196.5,529.25,728.5,324.5,229.75,200.75,268.75,255.25,219.75,237.0,246.25,267.0,294.25,102.25,87.0,62.0,36.0,13.75,0.75,0.0,0.0
판암역,4,월요일,하차,0.0,0.0,9.25,58.25,156.25,309.5,135.25,153.5,167.25,181.0,201.25,186.75,277.25,332.5,359.75,564.5,269.25,186.0,176.75,144.25,53.75,21.5,0.0,0.0
판암역,4,월요일,합계,0.0,0.0,107.25,254.75,685.5,1038.0,459.75,383.25,368.0,449.75,456.5,406.5,514.25,578.75,626.75,858.75,371.5,273.0,238.75,180.25,67.5,22.25,0.0,0.0
판암역,4,일요일,승차,0.0,0.0,45.0,85.0,104.25,204.25,196.0,229.5,185.25,199.25,195.5,177.75,182.75,160.5,156.0,141.25,99.5,76.25,45.5,26.5,14.25,0.0,0.0,0.0
판암역,4,일요일,하차,0.0,0.0,8.25,32.75,55.0,87.0,99.25,124.0,134.25,120.25,152.0,172.75,178.0,186.0,219.0,160.25,157.5,147.25,139.5,93.25,46.5,16.25,0.0,0.0
판암역,4,일요일,합계,0.0,0.0,53.25,117.75,159.25,291.25,295.25,353.5,319.5,319.5,347.5,350.5,360.75,346.5,375.0,301.5,257.0,223.5,185.0,119.75,60.75,16.25,0.0,0.0
판암역,4,토요일,승차,0.0,0.0,74.25,123.5,184.25,303.5,320.5,282.25,286.75,272.5,245.25,211.25,204.5,207.75,219.75,165.5,112.75,93.5,69.75,39.0,19.5,1.0,0.0,0.0
판암역,4,토요일,하차,0.0,0.0,10.5,55.25,123.75,142.75,135.25,177.5,182.75,189.75,219.75,186.0,222.25,236.75,284.5,200.75,159.25,161.75,164.0,142.75,76.5,34.75,0.0,0.0
판암역,4,토요일,합계,0.0,0.0,84.75,178.75,308.0,446.25,455.75,459.75,469.5,462.25,465.0,397.25,426.75,444.5,504.25,366.25,272.0,255.25,233.75,181.75,96.0,35.75,0.0,0.0
판암역,4,화요일,승차,0.0,2.4,88.4,182.6,544.4,735.4,334.8,224.4,202.0,237.6,224.8,204.2,219.8,266.8,285.6,310.0,112.2,81.2,64.4,36.0,18.4,0.0,0.0,0.0
판암역,4,화요일,하차,0.0,0.6,10.0,55.4,156.6,321.2,123.6,152.4,151.4,184.6,185.0,198.6,251.0,339.2,354.6,573.0,260.4,191.0,191.8,168.8,72.4,22.8,0.0,0.0
판암역,4,화요일,합계,0.0,3.0,98.4,238.0,701.0,1056.6,458.4,376.8,353.4,422.2,409.8,402.8,470.8,606.0,640.2,883.0,372.6,272.2,256.2,204.8,90.8,22.8,0.0,0.0
판암역,5,금요일,승차,0.0,0.4,96.6,179.0,500.2,690.2,318.8,251.4,204.2,264.8,260.2,240.2,250.8,272.6,333.2,351.0,139.2,102.8,68.8,44.0,20.8,2.0,0.0,0.0
판암역,5,금요일,하차,0.0,0.4,10.0,56.2,150.8,305.6,126.0,152.8,162.0,193.0,190.8,207.0,298.4,360.2,366.0,561.2,243.0,200.2,222.4,208.6,82.8,39.4,0.0,0.0
판암역,5,금요일,합계,0.0,0.8,106.6,235.2,651.0,995.8,444.8,404.2,366.2,457.8,451.0,447.2,549.2,632.8,699.2,912.2,382.2,303.0,291.2,252.6,103.6,41.4,0.0,0.0
판암역,5,목요일,승차,0.0,0.6,97.6,172.6,486.4,663.4,336.8,237.4,215.0,242.0,213.8,189.6,187.2,246.6,273.8,286.4,102.0,80.4,67.4,35.8,16.8,0.2,0.0,0.0
판암역,5,목요일,하차,0.0,0.0,10.4,55.0,139.8,276.6,134.6,165.4,156.2,174.6,197.0,204.0,247.2,321.4,316.6,503.2,228.2,175.0,195.2,183.6,67.6,26.2,0.0,0.0
판암역,5,목요일,합계,0.0,0.6,108.0,227.6,626.2,940.0,471.4,402.8,371.2,416.6,410.8,393.6,434.4,568.0,590.4,789.6,330.2,255.4,262.6,219.4,84.4,26.4,0.0,0.0
판암역,5,수요일,승차,0.0,2.5,101.0,200.5,562.0,742.0,336.25,238.0,236.75,259.25,237.25,205.5,226.75,272.5,296.5,337.5,128.5,94.0,59.75,39.0,16.75,1.25,0.0,0.0
판암역,5,수요일,하차,0.0,0.0,8.75,65.0,150.25,302.25,135.5,139.0,151.5,176.0,196.75,224.75,295.25,342.5,374.75,584.5,263.0,193.5,248.25,207.5,73.25,26.75,0.0,0.0
판암역,5,수요일,합계,0.0,2.5,109.75,265.5,712.25,1044.25,471.75,377.0,388.25,435.25,434.0,430.25,522.0,615.0,671.25,922.0,391.5,287.5,308.0,246.5,90.0,28.0,0.0,0.0
판암역,5,월요일,승차,0.0,0.25,92.5,160.5,439.25,578.25,294.5,221.0,210.25,272.25,230.25,227.0,234.25,227.75,272.0,259.5,98.5,82.75,66.75,39.0,16.5,0.0,0.0,0.0
판암역,5,월요일,하차,0.0,0.0,11.5,54.75,136.0,250.25,112.5,142.75,157.5,169.25,180.0,193.75,245.25,316.25,335.25,480.75,233.5,173.75,181.75,139.75,57.75,27.0,0.0,0.0
판암역,5,월요일,합계,0.0,0.25,104.0,215.25,575.25,828.5,407.0,363.75,367.75,441.5,410.25,420.75,479.5,544.0,607.25,740.25,332.0,256.5,248.5,178.75,74.25,27.0,0.0,0.0
판암역,5,일요일,승차,0.0,0.5,53.25,99.5,108.5,192.5,206.75,230.25,206.25,194.75,214.5,196.0,188.25,170.5,162.5,145.25,96.0,74.75,57.5,31.25,15.75,0.75,0.0,0.0
판암역,5,일요일,하차,0.0,0.0,12.0,38.75,66.75,82.75,95.0,114.25,123.25,106.5,160.75,172.25,174.5,196.75,237.75,184.25,152.0,150.5,151.25,106.75,63.5,25.5,0.0,0.0
판암역,5,일요일,합계,0.0,0.5,65.25,138.25,175.25,275.25,301.75,344.5,329.5,301.25,375.25,368.25,362.75,367.25,400.25,329.5,248.0,225.25,208.75,138.0,79.25,26.25,0.0,0.0
판암역,5,토요일,승차,0.0,0.4,73.8,118.4,194.6,278.6,297.2,245.8,251.4,253.6,242.8,217.6,197.2,223.8,236.2,170.8,122.6,95.4,59.2,45.0,21.0,0.0,0.0,0.0
판암역,5,토요일,하차,0.0,0.0,12.0,45.0,90.8,123.4,135.4,149.2,163.2,164.8,193.8,181.6,215.2,246.4,291.0,219.2,177.2,179.2,186.6,172.4,77.4,32.4,0.0,0.0
판암역,5,토요일,합계,0.0,0.4,85.8,163.4,285.4,402.0,432.6,395.0,414.6,418.4,436.6,399.2,412.4,470.2,527.2,390.0,299.8,274.6,245.8,217.4,98.4,32.4,0.0,0.0
판암역,5,화요일,승차,0.0,0.0,93.25,164.5,446.25,611.75,317.5,217.5,210.5,246.75,232.25,215.5,204.5,235.25,265.5,260.5,114.0,94.5,57.75,39.25,22.75,0.0,0.0,0.0
판암역,5,화요일,하차,0.0,0.0,11.5,54.25,140.75,255.0,125.25,138.25,142.75,163.25,188.75,192.5,245.25,319.5,322.0,474.0,215.0,184.0,193.75,174.5,72.75,29.25,0.0,0.0
판암역,5,화요일,합계,0.0,0.0,104.75,218.75,587.0,866.75,442.75,355.75,353.25,410.0,421.0,408.0,449.75,554.75,587.5,734.5,329.0,278.5,251.5,213.75,95.5,29.25,0.0,0.0
판암역,6,금요일,승차,0.0,2.0,93.75,172.5,402.25,549.25,307.25,212.0,224.0,240.25,245.5,211.75,221.5,251.25,285.5,301.25,133.75,88.25,68.25,41.25,19.25,1.0,0.0,0.0
판암역,6,금요일,하차,0.0,0.0,11.25,64.5,134.5,247.0,128.0,150.25,159.75,165.25,172.75,171.0,263.0,294.5,322.0,416.25,216.75,186.25,204.5,207.25,80.5,32.0,0.0,0.0
판암역,6,금요일,합계,0.0,2.0,105.0,237.0,536.75,796.25,435.25,362.25,383.75,405.5,418.25,382.75,484.5,545.75,607.5,717.5,350.5,274.5,272.75,248.5,99.75,33.0,0.0,0.0
판암역,6,목요일,승차,0.0,1.25,111.75,180.5,502.0,707.75,340.25,226.0,202.25,234.75,243.25,201.25,222.75,269.75,289.5,331.75,114.5,103.25,71.5,40.75,22.0,1.0,0.0,0.0
판암역,6,목요일,하차,0.0,0.0,14.5,64.75,155.25,293.5,130.5,161.5,167.25,182.75,178.25,197.25,254.25,346.75,336.5,529.5,253.0,200.75,210.75,203.5,73.5,24.25,0.0,0.0
판암역,6,목요일,합계,0.0,1.25,126.25,245.25,657.25,1001.25,470.75,387.5,369.5,417.5,421.5,398.5,477.0,616.5,626.0,861.25,367.5,304.0,282.25,244.25,95.5,25.25,0.0,0.0
판암역,6,수요일,승차,0.0,0.0,112.25,193.25,547.25,721.0,334.25,212.0,225.5,255.75,232.25,193.0,212.0,256.0,282.0,324.75,122.75,93.75,59.5,31.5,17.25,0.0,0.0,0.0
판암역,6,수요일,하차,0.0,0.0,12.5,71.5,152.5,292.0,125.5,138.75,156.25,171.75,197.5,227.5,275.0,327.0,355.25,533.5,237.5,192.5,240.25,198.5,76.75,26.0,0.0,0.0
판암역,6,수요일,합계,0.0,0.0,124.75,264.75,699.75,1013.0,459.75,350.75,381.75,427.5,429.75,420.5,487.0,583.0,637.25,858.25,360.25,286.25,299.75,230.0,94.0,26.0,0.0,0.0
판암역,6,월요일,승차,0.0,0.0,103.4,192.8,526.2,705.4,327.6,226.4,204.6,249.4,226.6,202.4,243.0,265.8,283.2,299.2,105.0,85.6,62.2,42.4,21.8,0.0,0.0,0.0
판암역,6,월요일,하차,0.0,0.0,11.6,63.6,150.8,296.2,128.2,165.0,177.8,192.8,184.2,190.8,253.6,333.2,335.0,559.0,249.8,188.2,192.0,159.4,72.0,25.8,0.0,0.0
판암역,6,월요일,합계,0.0,0.0,115.0,256.4,677.0,1001.6,455.8,391.4,382.4,442.2,410.8,393.2,496.6,599.0,618.2,858.2,354.8,273.8,254.2,201.8,93.8,25.8,0.0,0.0
판암역,6,일요일,승차,0.0,0.8,56.4,83.8,96.2,190.6,214.4,198.4,196.8,181.8,178.6,173.6,175.4,152.6,135.0,129.6,85.8,79.2,44.4,28.2,13.2,0.6,0.0,0.0
판암역,6,일요일,하차,0.0,0.0,8.2,42.4,62.6,80.4,92.4,117.0,127.8,104.8,150.0,172.8,171.8,181.6,223.6,150.0,134.4,135.6,140.4,100.4,49.8,18.6,0.0,0.0
판암역,6,일요일,합계,0.0,0.8,64.6,126.2,158.8,271.0,306.8,315.4,324.6,286.6,328.6,346.4,347.2,334.2,358.6,279.6,220.2,214.8,184.8,128.6,63.0,19.2,0.0,0.0
판암역,6,토요일,승차,0.0,2.0,75.0,107.25,173.0,275.25,271.5,248.25,250.25,257.0,220.0,183.75,181.5,197.75,230.25,173.75,113.5,97.75,66.25,39.75,20.5,1.25,0.0,0.0
판암역,6,토요일,하차,0.0,2.0,11.0,45.75,79.5,108.25,122.75,137.25,163.5,156.0,184.0,173.75,201.75,222.25,284.25,212.0,161.25,173.5,164.5,144.25,73.75,31.0,0.0,0.0
판암역,6,토요일,합계,0.0,4.0,86.0,153.0,252.5,383.5,394.25,385.5,413.75,413.0,404.0,357.5,383.25,420.0,514.5,385.75,274.75,271.25,230.75,184.0,94.25,32.25,0.0,0.0
판암역,6,화요일,승차,0.0,1.25,92.75,164.5,442.5,602.75,334.25,229.5,208.25,238.0,222.75,197.75,212.0,232.25,251.5,265.0,95.5,83.5,65.25,38.5,17.5,0.0,0.0,0.0
판암역,6,화요일,하차,0.0,0.0,14.0,60.0,134.25,262.75,142.25,147.0,156.25,178.25,184.75,191.25,236.0,310.5,315.75,454.0,216.25,177.75,181.75,166.0,68.0,25.25,0.0,0.0
판암역,6,화요일,합계,0.0,1.25,106.75,224.5,576.75,865.5,476.5,376.5,364.5,416.25,407.5,389.0,448.0,542.75,567.25,719.0,311.75,261.25,247.0,204.5,85.5,25.25,0.0,0.0
판암역,7,금요일,승차,0.0,0.0,100.5,176.25,511.25,639.75,309.0,222.75,212.5,244.25,240.5,214.5,231.5,243.0,308.75,351.25,130.5,102.25,68.0,49.0,27.75,0.0,0.0,0.0
판암역,7,금요일,하차,0.0,0.0,10.5,66.0,151.75,289.0,127.75,153.0,186.75,168.5,180.0,192.25,250.5,322.25,343.25,529.25,243.0,196.75,212.0,228.25,86.75,27.0,0.0,0.0
판암역,7,금요일,합계,0.0,0.0,111.0,242.25,663.0,928.75,436.75,375.75,399.25,412.75,420.5,406.75,482.0,565.25,652.0,880.5,373.5,299.0,280.0,277.25,114.5,27.0,0.0,0.0
판암역,7,목요일,승차,0.0,1.8,106.6,176.8,496.6,656.4,296.2,201.2,175.0,219.2,221.0,183.8,206.8,219.8,252.8,296.2,99.4,90.2,54.8,38.0,17.2,0.0,0.0,0.0
판암역,7,목요일,하차,0.0,0.4,12.2,69.6,143.2,275.2,120.2,138.4,156.8,178.2,159.6,163.8,212.6,291.8,313.0,515.2,226.2,172.8,174.8,180.0,66.8,22.8,0.0,0.0
판암역,7,목요일,합계,0.0,2.2,118.8,246.4,639.8,931.6,416.4,339.6,331.8,397.4,380.6,347.6,419.4,511.6,565.8,811.4,325.6,263.0,229.6,218.0,84.0,22.8,0.0,0.0
판암역,7,수요일,승차,0.0,1.8,105.0,178.4,498.4,666.4,302.4,214.4,209.2,222.4,220.2,191.2,197.8,229.2,266.4,301.4,127.8,87.4,59.2,33.4,15.2,0.0,0.0,0.0
판암역,7,수요일,하차,0.0,0.0,10.8,65.8,148.4,278.4,123.2,149.4,157.2,164.6,177.6,207.8,239.2,299.0,320.0,544.4,236.8,163.8,223.4,196.6,60.8,22.4,0.0,0.0
판암역,7,수요일,합계,0.0,1.8,115.8,244.2,646.8,944.8,425.6,363.8,366.4,387.0,397.8,399.0,437.0,528.2,586.4,845.8,364.6,251.2,282.6,230.0,76.0,22.4,0.0,0.0
판암역,7,월요일,승차,0.0,0.0,114.5,178.25,484.75,670.25,311.25,212.0,193.5,226.0,234.5,189.25,216.25,223.75,250.75,287.5,97.0,83.5,55.75,39.25,16.75,0.0,0.0,0.0
판암역,7,월요일,하차,0.0,0.0,14.25,61.25,142.25,280.25,122.25,156.25,178.75,175.75,171.0,188.25,227.5,301.0,340.75,521.75,243.0,167.0,178.75,156.75,57.75,21.75,0.0,0.0
판암역,7,월요일,합계,0.0,0.0,128.75,239.5,627.0,950.5,433.5,368.25,372.25,401.75,405.5,377.5,443.75,524.75,591.5,809.25,340.0,250.5,234.5,196.0,74.5,21.75,0.0,0.0
판암역,7,일요일,승차,0.0,1.5,59.25,77.5,106.5,177.75,208.25,211.25,194.5,187.25,193.75,182.25,164.75,143.25,132.5,110.5,85.25,72.0,47.75,27.5,15.5,1.75,0.0,0.0
판암역,7,일요일,하차,0.0,1.5,9.5,43.25,62.75,78.75,96.25,110.5,121.75,111.0,139.0,161.75,175.5,177.5,211.5,151.0,127.5,139.25,152.0,97.5,47.5,18.25,0.0,0.0
판암역,7,일요일,합계,0.0,3.0,68.75,120.75,169.25,256.5,304.5,321.75,316.25,298.25,332.75,344.0,340.25,320.75,344.0,261.5,212.75,211.25,199.75,125.0,63.0,20.0,0.0,0.0
판암역,7,토요일,승차,0.0,0.5,78.0,120.75,167.5,269.5,304.75,248.75,265.25,250.25,247.75,194.25,168.5,196.0,220.25,171.75,115.75,91.0,66.0,39.25,21.0,0.0,0.0,0.0
판암역,7,토요일,하차,0.0,0.0,15.75,51.0,85.0,116.25,118.75,151.5,169.25,173.0,179.75,169.75,186.25,232.25,294.75,202.75,161.5,169.0,175.25,145.25,76.0,26.75,0.0,0.0
판암역,7,토요일,합계,0.0,0.5,93.75,171.75,252.5,385.75,423.5,400.25,434.5,423.25,427.5,364.0,354.75,428.25,515.0,374.5,277.25,260.0,241.25,184.5,97.0,26.75,0.0,0.0
판암역,7,화요일,승차,0.0,3.0,103.6,171.4,503.2,685.4,316.8,225.6,193.6,228.6,226.0,189.8,192.4,225.8,264.4,304.4,99.8,81.8,66.0,37.2,17.6,0.6,0.0,0.0
판암역,7,화요일,하차,0.0,0.8,13.6,64.8,145.4,279.2,125.6,160.2,175.2,180.4,167.0,190.6,226.2,294.0,325.4,540.4,243.2,181.4,186.2,166.6,56.8,18.4,0.0,0.0
판암역,7,화요일,합계,0.0,3.8,117.2,236.2,648.6,964.6,442.4,385.8,368.8,409.0,393.0,380.4,418.6,519.8,589.8,844.8,343.0,263.2,252.2,203.8,74.4,19.0,0.0,0.0
판암역,8,금요일,승차,0.0,0.4,95.6,160.0,390.4,536.0,278.4,227.6,224.4,255.0,258.8,233.2,240.6,268.6,359.4,350.0,158.0,128.4,85.8,53.2,21.0,1.6,1.4,0.0
판암역,8,금요일,하차,0.0,0.0,12.4,65.2,129.6,228.4,128.0,139.4,160.2,165.8,175.8,192.0,249.0,305.6,360.4,446.4,252.0,216.6,247.0,236.4,125.0,92.2,23.0,0.0
판암역,8,금요일,합계,0.0,0.4,108.0,225.2,520.0,764.4,406.4,367.0,384.6,420.8,434.6,425.2,489.6,574.2,719.8,796.4,410.0,345.0,332.8,289.6,146.0,93.8,24.4,0.0
판암역,8,목요일,승차,0.0,4.25,98.0,177.75,486.0,684.75,312.25,224.75,213.25,258.5,240.5,198.5,219.75,250.0,306.5,323.5,134.25,120.5,76.25,36.0,16.0,2.0,0.25,0.0
판암역,8,목요일,하차,0.0,3.25,9.75,68.25,141.0,254.0,122.0,147.25,173.75,188.0,169.75,177.75,263.25,334.0,357.0,549.5,253.75,206.5,224.5,223.0,93.0,66.5,3.25,0.0
판암역,8,목요일,합계,0.0,7.5,107.75,246.0,627.0,938.75,434.25,372.0,387.0,446.5,410.25,376.25,483.0,584.0,663.5,873.0,388.0,327.0,300.75,259.0,109.0,68.5,3.5,0.0
판암역,8,수요일,승차,0.0,0.75,100.25,183.0,478.75,684.25,304.5,240.5,231.5,261.75,250.5,203.25,217.0,231.5,278.25,329.25,135.5,91.75,65.75,35.0,15.75,2.0,0.0,0.0
판암역,8,수요일,하차,0.0,0.0,12.0,59.75,134.75,251.5,123.25,160.0,168.75,190.5,177.0,221.25,275.5,330.25,347.5,543.0,251.5,200.75,217.25,215.25,74.0,48.75,0.5,0.0
판암역,8,수요일,합계,0.0,0.75,112.25,242.75,613.5,935.75,427.75,400.5,400.25,452.25,427.5,424.5,492.5,561.75,625.75,872.25,387.0,292.5,283.0,250.25,89.75,50.75,0.5,0.0
판암역,8,월요일,승차,0.0,1.0,97.25,177.75,469.25,679.75,312.25,229.5,210.0,262.5,250.75,210.25,240.0,224.25,256.0,289.75,103.0,99.0,61.0,38.0,12.25,2.75,0.0,0.0
판암역,8,월요일,하차,0.0,0.0,10.5,67.75,133.0,241.75,119.25,162.75,186.75,187.25,190.75,208.25,254.0,330.25,335.0,535.0,250.0,168.0,179.5,167.75,68.75,50.25,0.25,0.0
판암역,8,월요일,합계,0.0,1.0,107.75,245.5,602.25,921.5,431.5,392.25,396.75,449.75,441.5,418.5,494.0,554.5,591.0,824.75,353.0,267.0,240.5,205.75,81.0,53.0,0.25,0.0
판암역,8,일요일,승차,0.0,0.0,52.6,86.4,108.0,201.8,197.8,199.0,200.2,200.8,190.4,209.4,185.4,182.2,171.8,141.0,106.0,91.2,50.6,30.2,13.6,2.2,0.0,0.0
판암역,8,일요일,하차,0.0,0.0,9.8,43.8,68.8,81.4,103.4,110.2,126.0,109.2,139.2,170.0,169.8,182.2,238.4,169.2,156.6,157.0,168.8,133.8,100.4,49.8,1.8,0.0
판암역,8,일요일,합계,0.0,0.0,62.4,130.2,176.8,283.2,301.2,309.2,326.2,310.0,329.6,379.4,355.2,364.4,410.2,310.2,262.6,248.2,219.4,164.0,114.0,52.0,1.8,0.0
판암역,8,토요일,승차,0.0,0.4,78.6,124.2,170.4,271.0,280.8,259.4,248.2,270.0,250.4,233.4,212.2,238.0,252.6,205.6,145.6,112.6,69.2,41.0,23.0,2.8,0.0,0.0
판암역,8,토요일,하차,0.0,0.4,14.0,60.0,98.0,122.8,129.8,138.6,171.8,170.6,192.8,175.2,207.2,250.6,304.8,214.0,195.6,205.8,222.6,166.8,138.0,77.4,4.6,0.0
판암역,8,토요일,합계,0.0,0.8,92.6,184.2,268.4,393.8,410.6,398.0,420.0,440.6,443.2,408.6,419.4,488.6,557.4,419.6,341.2,318.4,291.8,207.8,161.0,80.2,4.6,0.0
판암역,8,화요일,승차,0.0,2.0,98.25,164.5,481.25,673.0,309.5,223.25,206.0,242.0,236.25,201.25,216.75,238.0,269.25,313.0,103.75,81.0,69.75,37.5,16.5,1.75,0.75,0.0
판암역,8,화요일,하차,0.0,2.0,15.0,56.5,138.25,257.0,126.0,141.25,176.25,174.0,184.25,186.25,240.5,340.25,348.5,556.0,256.5,188.25,196.0,193.5,69.5,31.5,2.0,0.0
판암역,8,화요일,합계,0.0,4.0,113.25,221.0,619.5,930.0,435.5,364.5,382.25,416.0,420.5,387.5,457.25,578.25,617.75,869.0,360.25,269.25,265.75,231.0,86.0,33.25,2.75,0.0
현충원역,1,금요일,승차,0.0,0.0,10.0,30.8,121.0,245.8,105.4,96.6,89.4,119.6,167.6,123.4,121.6,154.2,188.0,205.8,76.2,45.6,31.0,15.2,5.0,0.8,0.0,0.0
현충원역,1,금요일,하차,0.0,0.0,4.4,30.4,50.6,130.0,76.4,83.6,90.0,79.6,70.0,74.8,83.6,95.2,120.4,181.4,84.8,68.4,70.8,71.0,34.0,6.2,0.0,0.0
현충원역,1,금요일,합계,0.0,0.0,14.4,61.2,171.6,375.8,181.8,180.2,179.4,199.2,237.6,198.2,205.2,249.4,308.4,387.2,161.0,114.0,101.8,86.2,39.0,7.0,0.0,0.0
현충원역,1,목요일,승차,0.0,0.0,12.0,22.4,106.6,234.2,85.2,93.4,84.6,116.8,144.4,115.4,116.2,132.6,136.0,167.0,48.2,43.2,33.0,12.6,4.6,0.8,0.0,0.0
현충원역,1,목요일,하차,0.0,0.0,3.2,25.4,45.4,119.6,103.8,87.6,91.4,71.8,69.6,65.2,70.6,86.0,102.8,155.0,65.2,60.4,59.4,65.6,25.4,4.6,0.0,0.0
현충원역,1,목요일,합계,0.0,0.0,15.2,47.8,152.0,353.8,189.0,181.0,176.0,188.6,214.0,180.6,186.8,218.6,238.8,322.0,113.4,103.6,92.4,78.2,30.0,5.4,0.0,0.0
현충원역,1,수요일,승차,0.0,0.0,10.0,20.0,82.6,188.4,75.8,85.0,103.8,114.8,135.2,122.8,115.8,118.8,128.6,128.2,55.4,35.8,33.0,11.4,5.6,0.0,0.0,0.0
현충원역,1,수요일,하차,0.0,0.0,6.6,24.0,42.6,109.4,93.2,82.4,96.6,76.2,62.4,63.4,71.0,74.2,93.2,128.4,58.2,51.6,51.0,58.2,23.8,2.4,0.0,0.0
현충원역,1,수요일,합계,0.0,0.0,16.6,44.0,125.2,297.8,169.0,167.4,200.4,191.0,197.6,186.2,186.8,193.0,221.8,256.6,113.6,87.4,84.0,69.6,29.4,2.4,0.0,0.0
현충원역,1,월요일,승차,0.0,0.0,12.25,24.0,101.25,246.5,97.25,106.75,88.0,105.0,132.0,121.5,99.75,119.75,131.0,139.25,44.0,35.5,34.5,13.0,3.75,0.25,0.0,0.0
현충원역,1,월요일,하차,0.0,0.0,4.5,18.25,46.25,126.75,83.5,89.75,103.75,70.0,72.0,72.0,70.5,91.25,99.25,150.0,59.25,61.25,53.75,55.75,26.25,3.5,0.0,0.0
현충원역,1,월요일,합계,0.0,0.0,16.75,42.25,147.5,373.25,180.75,196.5,191.75,175.0,204.0,193.5,170.25,211.0,230.25,289.25,103.25,96.75,88.25,68.75,30.0,3.75,0.0,0.0
현충원역,1,일요일,승차,0.0,0.0,5.5,15.0,27.0,71.75,60.75,97.75,94.5,118.75,132.5,123.0,123.0,96.75,84.0,64.75,50.75,36.0,28.0,9.25,5.0,0.0,0.0,0.0
현충원역,1,일요일,하차,0.0,0.0,2.25,11.0,17.75,39.5,79.5,81.75,91.25,56.5,56.75,58.25,65.0,72.75,79.75,63.75,55.75,68.25,62.0,43.25,21.75,4.0,0.0,0.0
현충원역,1,일요일,합계,0.0,0.0,7.75,26.0,44.75,111.25,140.25,179.5,185.75,175.25,189.25,181.25,188.0,169.5,163.75,128.5,106.5,104.25,90.0,52.5,26.75,4.0,0.0,0.0
현충원역,1,토요일,승차,0.0,0.0,8.5,12.75,48.25,145.25,92.75,126.25,128.5,131.75,157.5,131.25,136.5,134.0,112.75,83.25,47.25,34.75,35.0,14.75,2.5,0.25,0.0,0.0
현충원역,1,토요일,하차,0.0,0.0,4.25,11.75,31.0,58.75,98.75,108.5,119.5,97.0,79.75,81.5,84.75,85.0,95.75,76.75,55.0,62.25,55.5,51.75,27.75,2.75,0.0,0.0
현충원역,1,토요일,합계,0.0,0.0,12.75,24.5,79.25,204.0,191.5,234.75,248.0,228.75,237.25,212.75,221.25,219.0,208.5,160.0,102.25,97.0,90.5,66.5,30.25,3.0,0.0,0.0
현충원역,1,화요일,승차,0.0,0.0,12.5,22.0,100.25,230.0,94.75,99.0,103.0,104.75,122.75,124.25,116.5,118.25,135.25,156.0,47.75,33.25,40.0,15.75,3.75,0.0,0.0,0.0
현충원역,1,화요일,하차,0.0,0.0,3.25,17.75,51.0,134.0,91.0,82.25,96.0,78.5,77.0,54.0,80.25,74.75,106.0,155.0,63.75,49.5,57.0,55.75,23.5,2.5,0.0,0.0
현충원역,1,화요일,합계,0.0,0.0,15.75,39.75,151.25,364.0,185.75,181.25,199.0,183.25,199.75,178.25,196.75,193.0,241.25,311.0,111.5,82.75,97.0,71.5,27.25,2.5,0.0,0.0
현충원역,2,금요일,승차,0.0,0.0,11.75,30.0,118.5,260.5,130.0,129.75,115.75,129.75,154.0,153.75,135.25,206.75,238.25,205.5,91.25,58.0,51.0,29.5,6.0,0.5,0.0,0.0
현충원역,2,금요일,하차,0.0,0.0,5.0,33.5,61.25,193.75,115.75,99.75,98.25,87.0,82.0,69.75,80.75,110.0,131.75,181.5,91.5,81.0,77.25,74.0,38.0,5.0,0.0,0.0
현충원역,2,금요일,합계,0.0,0.0,16.75,63.5,179.75,454.25,245.75,229.5,214.0,216.75,236.0,223.5,216.0,316.75,370.0,387.0,182.75,139.0,128.25,103.5,44.0,5.5,0.0,0.0
현충원역,2,목요일,승차,0.0,0.0,10.5,31.5,113.0,261.5,108.25,114.0,107.0,123.75,143.0,138.0,123.5,159.0,175.25,175.0,66.25,49.5,44.75,23.5,5.5,0.0,0.0,0.0
현충원역,2,목요일,하차,0.0,0.0,5.5,37.25,72.5,183.75,105.0,83.5,94.5,82.25,78.75,81.0,81.0,93.75,120.75,183.25,82.0,68.75,63.5,71.25,32.0,5.0,0.25,0.0
현충원역,2,목요일,합계,0.0,0.0,16.0,68.75,185.5,445.25,213.25,197.5,201.5,206.0,221.75,219.0,204.5,252.75,296.0,358.25,148.25,118.25,108.25,94.75,37.5,5.0,0.25,0.0
현충원역,2,수요일,승차,0.0,0.0,9.75,30.0,130.5,265.25,116.5,103.0,92.0,110.0,145.25,118.75,100.75,119.25,154.5,181.0,64.0,44.5,35.75,19.0,6.5,0.0,0.0,0.0
현충원역,2,수요일,하차,0.0,0.0,5.75,38.5,57.75,151.25,104.5,79.75,83.0,72.25,66.25,69.75,78.25,98.25,116.0,185.25,77.75,59.25,63.75,66.5,33.5,3.25,0.0,0.0
현충원역,2,수요일,합계,0.0,0.0,15.5,68.5,188.25,416.5,221.0,182.75,175.0,182.25,211.5,188.5,179.0,217.5,270.5,366.25,141.75,103.75,99.5,85.5,40.0,3.25,0.0,0.0
현충원역,2,월요일,승차,0.0,0.0,13.75,33.25,116.0,274.75,117.25,117.25,96.75,119.75,150.75,121.75,97.5,123.0,137.75,177.0,56.75,42.25,39.0,15.0,3.5,0.75,0.0,0.0
현충원역,2,월요일,하차,0.0,0.0,4.25,24.5,66.75,150.75,87.75,82.0,99.25,72.5,77.0,68.75,88.5,87.5,117.0,181.5,70.75,55.75,52.5,53.75,28.75,3.0,0.0,0.0
현충원역,2,월요일,합계,0.0,0.0,18.0,57.75,182.75,425.5,205.0,199.25,196.0,192.25,227.75,190.5,186.0,210.5,254.75,358.5,127.5,98.0,91.5,68.75,32.25,3.75,0.0,0.0
현충원역,2,일요일,승차,0.0,0.0,6.25,19.0,28.0,85.75,66.5,101.75,106.25,121.5,144.5,124.0,123.0,117.0,85.0,63.25,63.75,35.25,32.5,11.25,2.25,0.0,0.0,0.0
현충원역,2,일요일,하차,0.0,0.0,2.25,11.5,15.75,45.75,81.0,83.5,84.75,63.25,71.0,74.25,67.0,72.75,81.75,75.75,65.5,67.75,55.25,57.25,19.0,3.75,0.0,0.0
현충원역,2,일요일,합계,0.0,0.0,8.5,30.5,43.75,131.5,147.5,185.25,191.0,184.75,215.5,198.25,190.0,189.75,166.75,139.0,129.25,103.0,87.75,68.5,21.25,3.75,0.0,0.0
현충원역,2,토요일,승차,0.0,0.25,13.75,16.5,45.0,149.25,103.75,130.25,148.75,169.5,211.25,170.75,157.25,127.75,110.25,83.25,52.25,36.75,37.25,10.5,2.5,0.5,0.0,0.0
현충원역,2,토요일,하차,0.0,0.0,2.5,15.25,26.75,58.25,84.25,97.5,126.0,86.75,78.75,74.5,97.0,135.25,133.0,102.75,77.5,79.5,62.0,51.75,22.0,1.25,0.0,0.0
현충원역,2,토요일,합계,0.0,0.25,16.25,31.75,71.75,207.5,188.0,227.75,274.75,256.25,290.0,245.25,254.25,263.0,243.25,186.0,129.75,116.25,99.25,62.25,24.5,1.75,0.0,0.0
현충원역,2,화요일,승차,0.0,0.0,11.25,27.0,120.5,261.5,98.0,109.5,102.75,104.5,131.5,101.75,105.0,107.75,154.0,177.75,54.75,42.25,38.75,18.5,7.5,0.0,0.0,0.0
현충원역,2,화요일,하차,0.0,0.0,3.5,25.25,66.25,146.5,93.0,69.25,88.25,68.5,78.5,63.25,71.0,90.0,108.75,179.5,68.5,60.75,58.5,59.5,28.0,2.25,0.0,0.0
현충원역,2,화요일,합계,0.0,0.0,14.75,52.25,186.75,408.0,191.0,178.75,191.0,173.0,210.0,165.0,176.0,197.75,262.75,357.25,123.25,103.0,97.25,78.0,35.5,2.25,0.0,0.0
현충원역,3,금요일,승차,0.0,0.0,10.0,33.25,136.75,263.0,127.0,118.25,138.25,171.5,199.75,205.25,218.75,308.5,294.25,274.75,129.5,77.75,75.25,36.25,10.25,1.0,0.0,0.0
현충원역,3,금요일,하차,0.0,0.0,4.0,39.25,110.0,227.0,208.75,127.75,129.0,133.5,140.0,78.75,113.0,113.75,165.5,216.25,97.0,85.25,83.25,101.0,36.75,5.5,0.0,0.0
현충원역,3,금요일,합계,0.0,0.0,14.0,72.5,246.75,490.0,335.75,246.0,267.25,305.0,339.75,284.0,331.75,422.25,459.75,491.0,226.5,163.0,158.5,137.25,47.0,6.5,0.0,0.0
현충원역,3,목요일,승차,0.0,0.0,11.25,34.75,130.0,256.0,118.5,102.25,121.0,174.25,162.75,171.25,197.25,275.5,314.0,248.5,95.25,88.5,78.5,44.25,10.25,0.75,0.0,0.0
현충원역,3,목요일,하차,0.0,0.0,4.75,37.0,134.5,303.75,326.75,120.75,135.0,123.5,193.5,74.0,83.75,104.5,138.75,183.25,76.5,63.0,72.0,73.75,36.0,5.0,0.0,0.0
현충원역,3,목요일,합계,0.0,0.0,16.0,71.75,264.5,559.75,445.25,223.0,256.0,297.75,356.25,245.25,281.0,380.0,452.75,431.75,171.75,151.5,150.5,118.0,46.25,5.75,0.0,0.0
현충원역,3,수요일,승차,0.0,0.0,11.25,34.5,139.5,257.75,114.25,100.0,121.75,158.0,153.75,146.75,215.0,269.25,290.25,249.25,101.25,72.5,85.25,42.25,13.75,0.75,0.0,0.0
현충원역,3,수요일,하차,0.0,0.0,4.75,37.75,124.0,312.25,350.0,96.0,114.5,106.75,155.0,64.75,80.5,102.75,155.25,189.75,70.25,62.0,63.5,64.0,25.75,2.75,0.0,0.0
현충원역,3,수요일,합계,0.0,0.0,16.0,72.25,263.5,570.0,464.25,196.0,236.25,264.75,308.75,211.5,295.5,372.0,445.5,439.0,171.5,134.5,148.75,106.25,39.5,3.5,0.0,0.0
현충원역,3,월요일,승차,0.0,0.0,13.8,30.0,117.0,229.4,112.2,100.6,110.8,144.6,147.8,143.8,167.0,244.4,246.8,211.0,80.2,77.0,70.8,29.4,5.8,0.0,0.0,0.0
현충원역,3,월요일,하차,0.0,0.0,6.4,24.8,116.8,288.2,217.2,99.8,121.4,121.4,145.0,77.8,89.0,103.2,125.2,172.0,61.2,70.2,63.8,49.4,26.2,2.8,0.0,0.0
현충원역,3,월요일,합계,0.0,0.0,20.2,54.8,233.8,517.6,329.4,200.4,232.2,266.0,292.8,221.6,256.0,347.6,372.0,383.0,141.4,147.2,134.6,78.8,32.0,2.8,0.0,0.0
현충원역,3,일요일,승차,0.0,0.0,4.4,16.4,34.8,72.8,71.4,104.6,102.6,109.0,136.8,130.6,131.4,127.0,102.6,77.8,63.8,46.4,36.8,12.2,2.8,0.2,0.0,0.0
현충원역,3,일요일,하차,0.0,0.0,2.6,15.2,21.0,57.0,88.6,86.0,93.4,73.4,64.6,76.6,71.0,92.8,100.8,71.6,79.4,70.8,71.6,54.4,20.6,1.8,0.0,0.0
현충원역,3,일요일,합계,0.0,0.0,7.0,31.6,55.8,129.8,160.0,190.6,196.0,182.4,201.4,207.2,202.4,219.8,203.4,149.4,143.2,117.2,108.4,66.6,23.4,2.0,0.0,0.0
현충원역,3,토요일,승차,0.0,0.0,13.4,23.2,52.0,149.4,122.2,148.8,153.4,177.8,207.4,162.4,155.8,154.2,135.8,100.4,66.6,46.2,39.2,18.8,6.2,0.0,0.0,0.0
현충원역,3,토요일,하차,0.0,0.0,3.8,20.4,38.8,97.2,149.2,138.6,149.2,107.4,91.6,83.2,88.8,90.6,101.2,90.8,76.4,74.6,62.6,58.2,25.4,3.2,0.0,0.0
현충원역,3,토요일,합계,0.0,0.0,17.2,43.6,90.8,246.6,271.4,287.4,302.6,285.2,299.0,245.6,244.6,244.8,237.0,191.2,143.0,120.8,101.8,77.0,31.6,3.2,0.0,0.0
현충원역,3,화요일,승차,0.0,0.0,11.75,32.5,137.0,260.75,105.25,98.5,110.0,149.5,160.5,138.0,190.75,267.5,321.0,245.5,97.5,70.25,75.25,44.75,8.0,0.0,0.0,0.0
현충원역,3,화요일,하차,0.0,0.0,5.0,29.5,170.25,380.25,288.25,117.25,108.75,141.75,162.0,57.75,79.0,101.0,136.5,202.75,55.75,55.75,57.0,66.0,21.5,2.5,0.0,0.0
현충원역,3,화요일,합계,0.0,0.0,16.75,62.0,307.25,641.0,393.5,215.75,218.75,291.25,322.5,195.75,269.75,368.5,457.5,448.25,153.25,126.0,132.25,110.75,29.5,2.5,0.0,0.0
현충원역,4,금요일,승차,0.0,0.0,10.5,38.0,145.0,264.5,113.25,110.5,138.25,163.5,189.5,193.75,240.75,334.75,292.0,319.25,132.0,85.75,78.25,39.5,5.5,0.0,0.0,0.0
현충원역,4,금요일,하차,0.0,0.0,3.75,39.0,113.25,229.0,207.75,138.5,127.75,132.75,137.0,89.0,117.0,114.75,169.0,212.5,91.0,79.0,84.25,95.75,43.25,6.75,0.0,0.0
현충원역,4,금요일,합계,0.0,0.0,14.25,77.0,258.25,493.5,321.0,249.0,266.0,296.25,326.5,282.75,357.75,449.5,461.0,531.75,223.0,164.75,162.5,135.25,48.75,6.75,0.0,0.0
현충원역,4,목요일,승차,0.0,0.0,10.75,34.25,137.75,261.5,125.25,105.75,132.0,186.5,160.75,171.75,207.5,335.0,333.25,269.75,104.0,80.5,65.0,37.75,10.25,1.0,0.0,0.0
현충원역,4,목요일,하차,0.0,0.0,5.0,39.5,135.25,290.25,318.5,123.0,133.0,144.25,190.0,79.75,80.5,100.5,137.5,192.5,77.0,72.25,62.0,72.0,33.5,4.5,0.0,0.0
현충원역,4,목요일,합계,0.0,0.0,15.75,73.75,273.0,551.75,443.75,228.75,265.0,330.75,350.75,251.5,288.0,435.5,470.75,462.25,181.0,152.75,127.0,109.75,43.75,5.5,0.0,0.0
현충원역,4,수요일,승차,0.0,0.0,12.4,37.0,150.4,277.8,100.2,115.0,146.4,170.6,176.8,172.8,233.0,299.0,278.2,281.4,107.2,82.0,66.0,41.0,11.2,0.0,0.0,0.0
현충원역,4,수요일,하차,0.0,0.0,6.0,43.8,137.8,307.4,326.0,134.6,129.4,132.4,186.6,79.0,85.2,110.2,138.4,204.6,66.2,68.0,63.0,74.8,31.2,5.2,0.0,0.0
현충원역,4,수요일,합계,0.0,0.0,18.4,80.8,288.2,585.2,426.2,249.6,275.8,303.0,363.4,251.8,318.2,409.2,416.6,486.0,173.4,150.0,129.0,115.8,42.4,5.2,0.0,0.0
현충원역,4,월요일,승차,0.0,0.0,16.25,37.5,137.75,282.75,113.5,111.5,128.75,155.5,168.5,161.25,205.0,275.75,269.5,240.5,97.75,78.0,66.5,38.0,5.5,0.0,0.0,0.0
현충원역,4,월요일,하차,0.0,0.0,4.5,34.5,147.25,314.25,257.5,135.25,157.25,137.25,170.75,90.0,93.0,117.0,145.75,198.5,71.75,61.5,60.25,53.0,22.75,3.75,0.0,0.0
현충원역,4,월요일,합계,0.0,0.0,20.75,72.0,285.0,597.0,371.0,246.75,286.0,292.75,339.25,251.25,298.0,392.75,415.25,439.0,169.5,139.5,126.75,91.0,28.25,3.75,0.0,0.0
현충원역,4,일요일,승차,0.0,0.0,5.25,19.5,38.5,90.75,71.75,114.25,126.0,145.5,173.25,144.75,152.0,143.75,110.0,97.75,81.5,55.5,40.5,18.25,3.75,0.0,0.0,0.0
현충원역,4,일요일,하차,0.0,0.0,3.75,16.25,35.5,69.5,101.75,114.5,110.5,86.5,72.75,84.5,83.25,99.25,82.5,84.0,81.25,74.0,69.25,61.0,23.0,2.25,0.0,0.0
현충원역,4,일요일,합계,0.0,0.0,9.0,35.75,74.0,160.25,173.5,228.75,236.5,232.0,246.0,229.25,235.25,243.0,192.5,181.75,162.75,129.5,109.75,79.25,26.75,2.25,0.0,0.0
현충원역,4,토요일,승차,0.0,0.0,15.0,27.25,58.0,181.0,131.5,171.0,137.0,161.0,195.0,190.0,195.0,176.75,144.5,110.5,80.5,60.5,40.75,19.0,5.0,0.25,0.0,0.0
현충원역,4,토요일,하차,0.0,0.0,4.25,18.75,52.75,116.0,155.0,170.25,162.25,110.75,96.5,92.0,92.25,108.5,108.0,82.0,69.5,68.25,65.25,63.0,28.75,2.5,0.0,0.0
현충원역,4,토요일,합계,0.0,0.0,19.25,46.0,110.75,297.0,286.5,341.25,299.25,271.75,291.5,282.0,287.25,285.25,252.5,192.5,150.0,128.75,106.0,82.0,33.75,2.75,0.0,0.0
현충원역,4,화요일,승차,0.0,0.0,12.0,33.0,142.6,276.2,106.0,88.8,127.8,149.0,167.4,167.6,216.4,306.4,314.0,266.2,99.6,89.2,82.4,41.0,7.0,0.0,0.0,0.0
현충원역,4,화요일,하차,0.0,0.0,4.8,36.2,167.4,352.8,290.0,144.2,132.8,139.6,174.6,72.8,77.4,105.0,130.4,195.6,73.6,62.8,56.4,62.8,26.4,2.2,0.0,0.0
현충원역,4,화요일,합계,0.0,0.0,16.8,69.2,310.0,629.0,396.0,233.0,260.6,288.6,342.0,240.4,293.8,411.4,444.4,461.8,173.2,152.0,138.8,103.8,33.4,2.2,0.0,0.0
현충원역,5,금요일,승차,0.0,0.0,14.6,45.4,142.6,265.6,116.6,107.4,146.0,187.2,182.0,193.6,215.8,298.0,285.2,268.0,124.8,87.4,60.0,45.8,9.4,0.6,0.0,0.0
현충원역,5,금요일,하차,0.0,0.0,5.4,39.2,113.2,230.6,203.4,129.8,119.6,129.8,134.0,87.6,104.0,121.4,160.8,216.8,91.6,83.8,71.2,88.4,37.6,7.2,0.0,0.0
현충원역,5,금요일,합계,0.0,0.0,20.0,84.6,255.8,496.2,320.0,237.2,265.6,317.0,316.0,281.2,319.8,419.4,446.0,484.8,216.4,171.2,131.2,134.2,47.0,7.8,0.0,0.0
현충원역,5,목요일,승차,0.0,0.0,13.4,38.6,117.2,238.4,113.2,125.2,134.6,202.4,182.4,161.8,195.6,313.8,300.6,266.0,97.4,87.6,64.2,49.2,25.8,0.0,0.0,0.0
현충원역,5,목요일,하차,0.0,0.0,5.4,42.4,134.6,270.6,292.2,136.2,153.8,132.4,189.2,79.4,89.8,98.8,138.0,199.8,57.6,61.0,65.2,77.0,33.0,4.2,0.0,0.0
현충원역,5,목요일,합계,0.0,0.0,18.8,81.0,251.8,509.0,405.4,261.4,288.4,334.8,371.6,241.2,285.4,412.6,438.6,465.8,155.0,148.6,129.4,126.2,58.8,4.2,0.0,0.0
현충원역,5,수요일,승차,0.0,0.0,14.25,46.75,157.5,279.0,104.75,108.5,141.0,189.0,163.75,181.75,194.25,304.0,297.0,290.75,93.25,84.5,88.75,60.5,10.5,0.0,0.0,0.0
현충원역,5,수요일,하차,0.0,0.0,5.75,47.5,126.0,331.75,329.25,124.0,137.0,136.25,176.75,78.0,90.0,103.0,142.25,217.5,73.5,66.5,57.75,87.5,41.5,5.5,0.0,0.0
현충원역,5,수요일,합계,0.0,0.0,20.0,94.25,283.5,610.75,434.0,232.5,278.0,325.25,340.5,259.75,284.25,407.0,439.25,508.25,166.75,151.0,146.5,148.0,52.0,5.5,0.0,0.0
현충원역,5,월요일,승차,0.0,0.0,16.25,34.0,126.75,223.25,106.75,108.75,129.25,202.25,198.25,184.75,184.5,258.25,275.0,195.25,85.75,85.0,62.75,28.0,4.75,0.0,0.0,0.0
현충원역,5,월요일,하차,0.0,0.0,7.25,29.5,128.75,291.0,246.5,149.0,144.25,142.0,140.5,86.25,85.25,98.5,126.75,178.75,73.0,58.5,74.75,57.25,21.5,4.5,0.0,0.0
현충원역,5,월요일,합계,0.0,0.0,23.5,63.5,255.5,514.25,353.25,257.75,273.5,344.25,338.75,271.0,269.75,356.75,401.75,374.0,158.75,143.5,137.5,85.25,26.25,4.5,0.0,0.0
현충원역,5,일요일,승차,0.0,0.0,7.0,30.0,42.75,80.0,95.75,127.5,138.75,160.25,185.0,153.5,163.0,135.5,118.0,93.75,73.25,62.0,38.5,16.0,5.75,0.75,0.0,0.0
현충원역,5,일요일,하차,0.0,0.0,4.25,18.5,34.5,61.5,114.0,131.0,136.25,86.5,81.25,85.75,81.0,94.25,110.5,82.5,91.0,82.25,80.0,60.0,26.25,5.5,0.0,0.0
현충원역,5,일요일,합계,0.0,0.0,11.25,48.5,77.25,141.5,209.75,258.5,275.0,246.75,266.25,239.25,244.0,229.75,228.5,176.25,164.25,144.25,118.5,76.0,32.0,6.25,0.0,0.0
현충원역,5,토요일,승차,0.0,0.2,13.0,33.4,64.6,160.0,124.6,166.8,163.0,166.2,198.6,188.0,177.6,171.2,156.4,110.2,78.2,57.4,62.0,20.8,4.8,0.0,0.0,0.0
현충원역,5,토요일,하차,0.0,0.0,6.4,24.2,46.6,101.8,133.8,151.6,183.0,118.8,101.4,112.0,104.0,97.4,123.4,89.2,80.0,76.2,78.8,58.0,29.8,2.8,0.0,0.0
현충원역,5,토요일,합계,0.0,0.2,19.4,57.6,111.2,261.8,258.4,318.4,346.0,285.0,300.0,300.0,281.6,268.6,279.8,199.4,158.2,133.6,140.8,78.8,34.6,2.8,0.0,0.0
현충원역,5,화요일,승차,0.0,0.0,11.75,39.5,124.75,229.0,117.25,99.5,135.25,157.5,176.75,165.0,174.5,228.0,274.25,240.0,85.0,83.0,63.0,29.0,8.5,0.5,0.0,0.0
현충원역,5,화요일,하차,0.0,0.0,7.0,32.5,136.0,254.0,213.75,135.25,135.25,112.5,133.75,71.25,83.75,101.25,124.0,173.75,76.75,67.5,76.25,75.75,36.25,3.75,0.0,0.0
현충원역,5,화요일,합계,0.0,0.0,18.75,72.0,260.75,483.0,331.0,234.75,270.5,270.0,310.5,236.25,258.25,329.25,398.25,413.75,161.75,150.5,139.25,104.75,44.75,4.25,0.0,0.0
현충원역,6,금요일,승차,0.0,0.25,15.75,40.25,127.25,215.25,100.75,107.5,124.5,126.5,133.75,190.25,215.0,220.0,218.25,208.75,107.25,73.25,59.0,29.75,3.75,0.0,0.0,0.0
현충원역,6,금요일,하차,0.0,0.0,8.75,44.5,72.0,157.5,108.75,108.75,90.5,90.0,106.25,88.25,108.0,112.75,139.25,181.0,72.25,62.25,71.0,70.25,37.0,4.0,0.0,0.0
현충원역,6,금요일,합계,0.0,0.25,24.5,84.75,199.25,372.75,209.5,216.25,215.0,216.5,240.0,278.5,323.0,332.75,357.5,389.75,179.5,135.5,130.0,100.0,40.75,4.0,0.0,0.0
현충원역,6,목요일,승차,0.0,0.0,13.25,46.5,146.0,274.75,117.75,115.75,137.25,170.0,148.75,188.25,219.0,248.5,272.5,245.25,105.5,78.0,70.25,30.25,6.0,1.25,0.0,0.0
현충원역,6,목요일,하차,0.0,0.0,10.0,52.75,117.5,236.5,221.0,149.5,134.5,122.0,139.0,87.5,94.75,116.0,139.75,209.75,77.75,62.75,72.0,91.0,41.25,6.5,0.0,0.0
현충원역,6,목요일,합계,0.0,0.0,23.25,99.25,263.5,511.25,338.75,265.25,271.75,292.0,287.75,275.75,313.75,364.5,412.25,455.0,183.25,140.75,142.25,121.25,47.25,7.75,0.0,0.0
현충원역,6,수요일,승차,0.0,0.0,17.5,50.0,148.5,258.0,116.75,111.0,141.25,163.0,180.75,212.5,220.75,209.75,235.5,233.75,87.5,78.5,59.75,25.5,7.75,2.0,0.0,0.0
현충원역,6,수요일,하차,0.0,0.0,9.0,52.5,114.5,242.75,220.0,133.75,136.75,127.5,130.5,80.0,94.5,100.75,133.75,206.0,76.5,63.75,57.25,76.25,27.5,6.0,0.0,0.0
현충원역,6,수요일,합계,0.0,0.0,26.5,102.5,263.0,500.75,336.75,244.75,278.0,290.5,311.25,292.5,315.25,310.5,369.25,439.75,164.0,142.25,117.0,101.75,35.25,8.0,0.0,0.0
현충원역,6,월요일,승차,0.0,0.0,18.2,49.8,141.6,279.0,116.2,117.0,129.6,141.6,155.2,144.8,181.8,207.4,223.8,217.6,88.6,73.6,60.2,26.0,4.0,0.0,0.0,0.0
현충원역,6,월요일,하차,0.0,0.0,8.2,37.6,119.0,235.2,191.0,128.6,129.2,125.8,144.8,75.6,83.6,97.0,130.4,203.0,76.6,71.8,64.0,58.0,25.0,4.6,0.0,0.0
현충원역,6,월요일,합계,0.0,0.0,26.4,87.4,260.6,514.2,307.2,245.6,258.8,267.4,300.0,220.4,265.4,304.4,354.2,420.6,165.2,145.4,124.2,84.0,29.0,4.6,0.0,0.0
현충원역,6,일요일,승차,0.0,0.0,7.0,16.2,40.8,84.6,83.2,106.2,115.2,127.6,159.6,157.8,144.0,126.2,92.4,88.6,68.2,52.2,40.0,11.8,3.2,0.8,0.0,0.0
현충원역,6,일요일,하차,0.0,0.0,6.4,21.8,32.0,69.8,90.4,124.4,124.0,74.8,63.0,68.2,73.4,80.0,75.4,71.0,66.4,66.4,82.6,57.2,18.4,4.6,0.0,0.0
현충원역,6,일요일,합계,0.0,0.0,13.4,38.0,72.8,154.4,173.6,230.6,239.2,202.4,222.6,226.0,217.4,206.2,167.8,159.6,134.6,118.6,122.6,69.0,21.6,5.4,0.0,0.0
현충원역,6,토요일,승차,0.0,0.25,12.25,26.0,61.25,162.25,117.5,148.5,138.75,143.25,178.5,172.75,158.5,138.5,136.75,97.0,67.0,63.75,47.25,22.75,4.25,1.0,0.0,0.0
현충원역,6,토요일,하차,0.0,0.0,5.75,21.0,40.0,76.75,108.0,142.5,146.75,114.0,99.0,89.75,96.0,94.0,102.75,81.75,65.75,71.5,65.25,65.0,31.25,3.0,0.0,0.0
현충원역,6,토요일,합계,0.0,0.25,18.0,47.0,101.25,239.0,225.5,291.0,285.5,257.25,277.5,262.5,254.5,232.5,239.5,178.75,132.75,135.25,112.5,87.75,35.5,4.0,0.0,0.0
현충원역,6,화요일,승차,0.0,0.0,16.25,37.75,120.0,235.25,105.5,114.75,131.75,157.25,169.75,177.0,201.25,198.25,206.0,193.0,79.0,70.75,60.0,30.25,4.25,1.0,0.0,0.0
현충원역,6,화요일,하차,0.0,0.0,8.25,39.0,104.25,213.5,192.5,161.75,152.75,121.5,116.75,76.0,84.25,89.75,110.0,166.5,69.5,65.75,63.75,62.0,25.75,4.5,0.0,0.0
현충원역,6,화요일,합계,0.0,0.0,24.5,76.75,224.25,448.75,298.0,276.5,284.5,278.75,286.5,253.0,285.5,288.0,316.0,359.5,148.5,136.5,123.75,92.25,30.0,5.5,0.0,0.0
현충원역,7,금요일,승차,0.0,0.0,12.25,46.25,129.0,245.25,123.75,98.75,103.75,118.5,157.0,125.25,135.75,184.25,199.25,232.0,93.25,60.0,50.0,28.75,5.75,0.0,0.0,0.0
현충원역,7,금요일,하차,0.0,0.0,9.5,49.5,67.5,153.0,88.0,81.0,84.75,80.0,69.75,69.0,84.75,90.5,139.5,202.0,78.25,72.25,76.25,76.75,42.75,3.5,0.0,0.0
현충원역,7,금요일,합계,0.0,0.0,21.75,95.75,196.5,398.25,211.75,179.75,188.5,198.5,226.75,194.25,220.5,274.75,338.75,434.0,171.5,132.25,126.25,105.5,48.5,3.5,0.0,0.0
현충원역,7,목요일,승차,0.0,0.0,13.6,44.8,130.0,257.4,110.4,85.8,104.6,116.2,114.6,120.6,119.2,152.2,158.6,210.6,64.8,49.6,37.8,22.2,4.6,1.0,0.0,0.0
현충원역,7,목요일,하차,0.0,0.0,11.2,54.6,71.8,158.0,98.4,81.8,79.2,79.6,73.0,62.0,67.2,83.4,112.0,184.0,59.0,65.6,66.4,64.0,33.8,7.2,0.0,0.0
현충원역,7,목요일,합계,0.0,0.0,24.8,99.4,201.8,415.4,208.8,167.6,183.8,195.8,187.6,182.6,186.4,235.6,270.6,394.6,123.8,115.2,104.2,86.2,38.4,8.2,0.0,0.0
현충원역,7,수요일,승차,0.0,0.0,15.6,44.2,128.2,259.4,119.0,93.2,105.4,114.4,126.6,108.4,115.2,142.8,162.4,200.0,68.8,53.8,42.8,29.0,3.8,0.0,0.0,0.0
현충원역,7,수요일,하차,0.0,0.0,8.8,52.4,76.4,159.0,113.4,81.6,72.4,75.4,69.0,61.0,76.6,83.2,116.6,191.8,76.2,53.8,55.6,66.8,35.4,4.2,0.0,0.0
현충원역,7,수요일,합계,0.0,0.0,24.4,96.6,204.6,418.4,232.4,174.8,177.8,189.8,195.6,169.4,191.8,226.0,279.0,391.8,145.0,107.6,98.4,95.8,39.2,4.2,0.0,0.0
현충원역,7,월요일,승차,0.0,0.0,17.5,44.0,143.25,277.75,127.25,97.75,98.5,116.5,124.75,113.5,104.0,110.5,137.0,189.0,63.0,54.75,38.25,27.0,3.5,0.0,0.0,0.0
현충원역,7,월요일,하차,0.0,0.0,10.0,39.0,91.5,168.75,108.75,87.5,95.75,77.25,64.5,71.25,72.75,96.75,109.75,191.75,65.75,57.5,54.75,51.25,27.0,4.0,0.0,0.0
현충원역,7,월요일,합계,0.0,0.0,27.5,83.0,234.75,446.5,236.0,185.25,194.25,193.75,189.25,184.75,176.75,207.25,246.75,380.75,128.75,112.25,93.0,78.25,30.5,4.0,0.0,0.0
현충원역,7,일요일,승차,0.0,0.0,6.0,21.5,36.25,86.25,76.0,104.0,109.0,125.25,124.0,117.5,119.0,102.25,105.25,82.0,68.25,51.75,46.25,17.0,3.5,0.25,0.0,0.0
현충원역,7,일요일,하차,0.0,0.0,6.5,22.75,29.25,61.5,77.25,67.25,67.5,58.75,56.5,69.0,63.0,81.75,77.5,59.5,58.75,69.0,72.0,64.25,22.75,4.25,0.0,0.0
현충원역,7,일요일,합계,0.0,0.0,12.5,44.25,65.5,147.75,153.25,171.25,176.5,184.0,180.5,186.5,182.0,184.0,182.75,141.5,127.0,120.75,118.25,81.25,26.25,4.5,0.0,0.0
현충원역,7,토요일,승차,0.0,0.0,11.25,22.25,64.0,168.0,110.0,137.0,132.0,118.5,158.5,133.25,133.75,137.75,116.0,91.5,75.5,62.25,50.0,23.5,5.5,1.0,0.0,0.0
현충원역,7,토요일,하차,0.0,0.0,9.75,24.5,36.5,72.75,90.75,107.5,112.5,75.75,71.75,73.0,85.5,90.25,106.25,79.25,69.75,65.25,74.0,63.75,26.0,4.5,0.0,0.0
현충원역,7,토요일,합계,0.0,0.0,21.0,46.75,100.5,240.75,200.75,244.5,244.5,194.25,230.25,206.25,219.25,228.0,222.25,170.75,145.25,127.5,124.0,87.25,31.5,5.5,0.0,0.0
현충원역,7,화요일,승차,0.0,0.0,18.0,39.2,136.4,267.4,109.8,94.6,93.4,106.0,117.2,110.6,113.8,128.4,165.2,203.0,61.2,53.0,49.2,25.8,4.6,0.0,0.0,0.0
현충원역,7,화요일,하차,0.0,0.0,9.0,45.0,82.4,170.0,97.0,92.4,92.6,77.8,75.8,57.8,68.6,90.6,117.2,195.6,67.8,65.4,55.8,68.4,35.6,3.6,0.0,0.0
현충원역,7,화요일,합계,0.0,0.0,27.0,84.2,218.8,437.4,206.8,187.0,186.0,183.8,193.0,168.4,182.4,219.0,282.4,398.6,129.0,118.4,105.0,94.2,40.2,3.6,0.0,0.0
현충원역,8,금요일,승차,0.0,0.0,12.6,34.2,121.6,216.0,109.0,105.4,113.4,129.6,155.2,134.6,137.4,183.0,183.8,235.2,102.4,69.6,51.2,22.2,6.6,1.4,0.2,0.0
현충원역,8,금요일,하차,0.0,0.0,9.4,37.8,70.8,122.2,90.4,99.0,103.6,79.4,62.2,66.6,79.8,91.0,122.4,168.2,87.2,77.8,97.0,89.2,50.8,16.0,22.6,0.0
현충원역,8,금요일,합계,0.0,0.0,22.0,72.0,192.4,338.2,199.4,204.4,217.0,209.0,217.4,201.2,217.2,274.0,306.2,403.4,189.6,147.4,148.2,111.4,57.4,17.4,22.8,0.0
현충원역,8,목요일,승차,0.0,0.0,15.0,41.5,129.75,257.0,116.25,108.75,97.5,105.0,119.5,113.0,124.75,144.0,185.0,219.75,88.0,57.0,46.25,26.5,6.0,0.75,0.0,0.0
현충원역,8,목요일,하차,0.0,0.0,8.5,43.25,79.5,145.75,77.75,84.0,81.75,71.0,68.0,69.25,69.25,91.25,122.25,184.0,86.0,70.5,87.75,89.5,43.0,16.0,3.75,0.0
현충원역,8,목요일,합계,0.0,0.0,23.5,84.75,209.25,402.75,194.0,192.75,179.25,176.0,187.5,182.25,194.0,235.25,307.25,403.75,174.0,127.5,134.0,116.0,49.0,16.75,3.75,0.0
현충원역,8,수요일,승차,0.0,0.0,13.25,39.25,135.75,257.75,121.0,107.5,104.25,105.75,134.0,126.75,124.0,130.5,157.75,209.0,69.75,54.25,46.0,26.5,5.0,0.0,0.0,0.0
현충원역,8,수요일,하차,0.0,0.0,7.25,39.75,74.75,151.5,86.25,72.0,89.75,82.75,68.75,61.75,82.0,91.5,112.25,190.25,78.5,54.5,69.5,74.5,41.0,7.75,1.0,0.0
현충원역,8,수요일,합계,0.0,0.0,20.5,79.0,210.5,409.25,207.25,179.5,194.0,188.5,202.75,188.5,206.0,222.0,270.0,399.25,148.25,108.75,115.5,101.0,46.0,7.75,1.0,0.0
현충원역,8,월요일,승차,0.0,0.0,19.25,43.75,128.5,270.5,125.5,98.5,104.0,108.75,122.5,112.5,116.25,115.75,143.25,199.25,55.75,53.25,45.5,23.75,5.0,0.0,0.0,0.0
현충원역,8,월요일,하차,0.0,0.0,9.25,35.0,73.5,147.25,68.5,85.5,89.0,74.5,60.25,61.25,79.5,97.25,122.25,190.0,72.5,61.25,67.25,47.5,29.25,10.5,0.25,0.0
현충원역,8,월요일,합계,0.0,0.0,28.5,78.75,202.0,417.75,194.0,184.0,193.0,183.25,182.75,173.75,195.75,213.0,265.5,389.25,128.25,114.5,112.75,71.25,34.25,10.5,0.25,0.0
현충원역,8,일요일,승차,0.0,0.0,8.0,17.8,34.2,93.6,80.2,105.2,104.8,129.6,120.8,127.8,134.6,118.0,92.6,95.6,73.2,57.8,38.4,17.2,3.0,0.2,0.0,0.0
현충원역,8,일요일,하차,0.0,0.0,10.0,20.0,28.4,65.6,83.2,71.8,66.8,65.6,54.2,70.2,74.0,80.4,86.6,73.6,74.4,72.0,86.6,60.6,32.2,12.0,2.0,0.0
현충원역,8,일요일,합계,0.0,0.0,18.0,37.8,62.6,159.2,163.4,177.0,171.6,195.2,175.0,198.0,208.6,198.4,179.2,169.2,147.6,129.8,125.0,77.8,35.2,12.2,2.0,0.0
현충원역,8,토요일,승차,0.0,0.0,13.6,20.6,59.2,162.0,127.0,141.6,147.0,140.0,181.0,151.0,146.0,144.6,130.4,105.8,68.8,66.0,47.2,19.2,6.4,1.8,0.0,0.0
현충원역,8,토요일,하차,0.0,0.0,9.6,23.6,46.6,84.6,104.0,121.4,113.2,90.2,74.8,72.8,78.0,88.8,109.0,94.8,71.4,77.4,84.4,78.2,35.8,22.0,1.8,0.0
현충원역,8,토요일,합계,0.0,0.0,23.2,44.2,105.8,246.6,231.0,263.0,260.2,230.2,255.8,223.8,224.0,233.4,239.4,200.6,140.2,143.4,131.6,97.4,42.2,23.8,1.8,0.0
현충원역,8,화요일,승차,0.0,0.0,16.5,41.25,130.5,253.75,113.5,92.25,110.25,106.5,124.0,114.75,120.0,128.75,152.0,204.0,65.75,49.25,51.75,27.0,4.25,0.25,0.0,0.0
현충원역,8,화요일,하차,0.0,0.0,6.75,32.5,87.75,146.75,87.25,80.25,74.0,64.0,59.25,55.75,69.0,94.0,111.75,198.0,66.5,68.75,66.75,82.0,32.5,5.0,0.25,0.0
현충원역,8,화요일,합계,0.0,0.0,23.25,73.75,218.25,400.5,200.75,172.5,184.25,170.5,183.25,170.5,189.0,222.75,263.75,402.0,132.25,118.0,118.5,109.0,36.75,5.25,0.25,0.0
